--------------+------------------------------------------------
 Host IP      | 100.10.19.223
 PyTorch      | 2.4.0a0+git4451b0e
 Torch-SDAA   | 20250616.14.30.dev0+git35328dc
--------------+------------------------------------------------
 SDAA Driver  | 2.1.0 (N/A)
 SDAA Runtime | 2.1.0 (/opt/tecoai/lib64/libsdaart.so)
 SDPTI        | 1.4.0b0 (/opt/tecoai/lib64/libsdpti.so)
 TecoDNN      | 2.2.0b0 (/opt/tecoai/lib64/libtecodnn.so)
 TecoBLAS     | 2.2.0b0 (/opt/tecoai/lib64/libtecoblas.so)
 CustomDNN    | 1.20.0a0 (/opt/tecoai/lib64/libtecodnn_ext.so)
 TecoRAND     | 2.0.1 (/opt/tecoai/lib64/libtecorand.so)
 TCCL         | 1.23.0 (/opt/tecoai/lib64/libtccl.so)
--------------+------------------------------------------------
/data/bigc-data/lcs/envs/mmseg/lib/python3.10/site-packages/torch/distributed/launch.py:208: FutureWarning: The module torch.distributed.launch is deprecated
and will be removed in future. Use torchrun.
Note that --use-env is set by default in torchrun.
If your script expects `--local-rank` argument to be set, please
change it to read from `os.environ['LOCAL_RANK']` instead. See 
https://pytorch.org/docs/stable/distributed.html#launch-utility for 
further instructions

  main()
W1106 06:04:24.532000 140197744797504 torch/distributed/run.py:779] 
W1106 06:04:24.532000 140197744797504 torch/distributed/run.py:779] *****************************************
W1106 06:04:24.532000 140197744797504 torch/distributed/run.py:779] Setting OMP_NUM_THREADS environment variable for each process to be 1 in default, to avoid your system being overloaded, please further tune the variable for optimal performance in your application as needed. 
W1106 06:04:24.532000 140197744797504 torch/distributed/run.py:779] *****************************************
--------------+------------------------------------------------
 Host IP      | 100.10.19.223
 PyTorch      | 2.4.0a0+git4451b0e
 Torch-SDAA   | 20250616.14.30.dev0+git35328dc
--------------+------------------------------------------------
 SDAA Driver  | 2.1.0 (N/A)
 SDAA Runtime | 2.1.0 (/opt/tecoai/lib64/libsdaart.so)
 SDPTI        | 1.4.0b0 (/opt/tecoai/lib64/libsdpti.so)
 TecoDNN      | 2.2.0b0 (/opt/tecoai/lib64/libtecodnn.so)
 TecoBLAS     | 2.2.0b0 (/opt/tecoai/lib64/libtecoblas.so)
 CustomDNN    | 1.20.0a0 (/opt/tecoai/lib64/libtecodnn_ext.so)
 TecoRAND     | 2.0.1 (/opt/tecoai/lib64/libtecorand.so)
 TCCL         | 1.23.0 (/opt/tecoai/lib64/libtccl.so)
--------------+------------------------------------------------
--------------+------------------------------------------------
 Host IP      | 100.10.19.223
 PyTorch      | 2.4.0a0+git4451b0e
 Torch-SDAA   | 20250616.14.30.dev0+git35328dc
--------------+------------------------------------------------
 SDAA Driver  | 2.1.0 (N/A)
 SDAA Runtime | 2.1.0 (/opt/tecoai/lib64/libsdaart.so)
 SDPTI        | 1.4.0b0 (/opt/tecoai/lib64/libsdpti.so)
 TecoDNN      | 2.2.0b0 (/opt/tecoai/lib64/libtecodnn.so)
 TecoBLAS     | 2.2.0b0 (/opt/tecoai/lib64/libtecoblas.so)
 CustomDNN    | 1.20.0a0 (/opt/tecoai/lib64/libtecodnn_ext.so)
 TecoRAND     | 2.0.1 (/opt/tecoai/lib64/libtecorand.so)
 TCCL         | 1.23.0 (/opt/tecoai/lib64/libtccl.so)
--------------+--------------------------------------------------------------+------------------------------------------------
 Host IP      | 100.10.19.223
 PyTorch      | 2.4.0a0+git4451b0e
 Torch-SDAA   | 20250616.14.30.dev0+git35328dc
--------------+------------------------------------------------
 SDAA Driver  | 2.1.0 (N/A)
 SDAA Runtime | 2.1.0 (/opt/tecoai/lib64/libsdaart.so)
 SDPTI        | 1.4.0b0 (/opt/tecoai/lib64/libsdpti.so)
 TecoDNN      | 2.2.0b0 (/opt/tecoai/lib64/libtecodnn.so)
 TecoBLAS     | 2.2.0b0 (/opt/tecoai/lib64/libtecoblas.so)
 CustomDNN    | 1.20.0a0 (/opt/tecoai/lib64/libtecodnn_ext.so)
 TecoRAND     | 2.0.1 (/opt/tecoai/lib64/libtecorand.so)
 TCCL         | 1.23.0 (/opt/tecoai/lib64/libtccl.so)
--------------+------------------------------------------------

--------------+------------------------------------------------
 Host IP      | 100.10.19.223
 PyTorch      | 2.4.0a0+git4451b0e
 Torch-SDAA   | 20250616.14.30.dev0+git35328dc
--------------+------------------------------------------------
 SDAA Driver  | 2.1.0 (N/A)
 SDAA Runtime | 2.1.0 (/opt/tecoai/lib64/libsdaart.so)
 SDPTI        | 1.4.0b0 (/opt/tecoai/lib64/libsdpti.so)
 TecoDNN      | 2.2.0b0 (/opt/tecoai/lib64/libtecodnn.so)
 TecoBLAS     | 2.2.0b0 (/opt/tecoai/lib64/libtecoblas.so)
 CustomDNN    | 1.20.0a0 (/opt/tecoai/lib64/libtecodnn_ext.so)
 TecoRAND     | 2.0.1 (/opt/tecoai/lib64/libtecorand.so)
 TCCL         | 1.23.0 (/opt/tecoai/lib64/libtccl.so)
--------------+------------------------------------------------
/data/bigc-data/lcs/envs/mmseg/lib/python3.10/site-packages/torch_sdaa/utils/cuda_migrate.py:441: UserWarning: The cuda_migrate tool does not support torch.jit.script and use eager mode instead.
  warnings.warn(
/data/bigc-data/lcs/envs/mmseg/lib/python3.10/site-packages/torch_sdaa/utils/cuda_migrate.py:441: UserWarning: The cuda_migrate tool does not support torch.jit.script and use eager mode instead.
  warnings.warn(
/data/bigc-data/lcs/envs/mmseg/lib/python3.10/site-packages/torch_sdaa/utils/cuda_migrate.py:441: UserWarning: The cuda_migrate tool does not support torch.jit.script and use eager mode instead.
  warnings.warn(
/data/bigc-data/lcs/envs/mmseg/lib/python3.10/site-packages/torch_sdaa/utils/cuda_migrate.py:441: UserWarning: The cuda_migrate tool does not support torch.jit.script and use eager mode instead.
  warnings.warn(
/data/bigc-data/lcs/envs/mmseg/lib/python3.10/site-packages/mmengine/optim/optimizer/zero_optimizer.py:11: DeprecationWarning: `TorchScript` support for functional optimizers is deprecated and will be removed in a future PyTorch release. Consider using the `torch.compile` optimizer instead.
  from torch.distributed.optim import \
/data/bigc-data/lcs/envs/mmseg/lib/python3.10/site-packages/mmengine/optim/optimizer/zero_optimizer.py:11: DeprecationWarning: `TorchScript` support for functional optimizers is deprecated and will be removed in a future PyTorch release. Consider using the `torch.compile` optimizer instead.
  from torch.distributed.optim import \
/data/bigc-data/lcs/envs/mmseg/lib/python3.10/site-packages/mmengine/optim/optimizer/zero_optimizer.py:11: DeprecationWarning: `TorchScript` support for functional optimizers is deprecated and will be removed in a future PyTorch release. Consider using the `torch.compile` optimizer instead.
  from torch.distributed.optim import \
/data/bigc-data/lcs/envs/mmseg/lib/python3.10/site-packages/mmengine/optim/optimizer/zero_optimizer.py:11: DeprecationWarning: `TorchScript` support for functional optimizers is deprecated and will be removed in a future PyTorch release. Consider using the `torch.compile` optimizer instead.
  from torch.distributed.optim import \
/data/bigc-data/lcs/envs/mmseg/lib/python3.10/site-packages/torch_sdaa/utils/cuda_migrate.py:441: UserWarning: The cuda_migrate tool does not support torch.jit.script and use eager mode instead.
  warnings.warn(
/data/bigc-data/lcs/envs/mmseg/lib/python3.10/site-packages/torch_sdaa/utils/cuda_migrate.py:441: UserWarning: The cuda_migrate tool does not support torch.jit.script and use eager mode instead.
  warnings.warn(
/data/bigc-data/lcs/envs/mmseg/lib/python3.10/site-packages/torch_sdaa/utils/cuda_migrate.py:441: UserWarning: The cuda_migrate tool does not support torch.jit.script and use eager mode instead.
  warnings.warn(
/data/bigc-data/lcs/envs/mmseg/lib/python3.10/site-packages/torch_sdaa/utils/cuda_migrate.py:441: UserWarning: The cuda_migrate tool does not support torch.jit.script and use eager mode instead.
  warnings.warn(
/data/bigc-data/lcs/envs/mmseg/lib/python3.10/site-packages/mmengine/utils/dl_utils/setup_env.py:56: UserWarning: Setting MKL_NUM_THREADS environment variable for each process to be 1 in default, to avoid your system being overloaded, please further tune the variable for optimal performance in your application as needed.
  warnings.warn(
/data/bigc-data/lcs/envs/mmseg/lib/python3.10/site-packages/mmengine/utils/dl_utils/setup_env.py:56: UserWarning: Setting MKL_NUM_THREADS environment variable for each process to be 1 in default, to avoid your system being overloaded, please further tune the variable for optimal performance in your application as needed.
  warnings.warn(
/data/bigc-data/lcs/envs/mmseg/lib/python3.10/site-packages/mmengine/utils/dl_utils/setup_env.py:56: UserWarning: Setting MKL_NUM_THREADS environment variable for each process to be 1 in default, to avoid your system being overloaded, please further tune the variable for optimal performance in your application as needed.
  warnings.warn(
/data/bigc-data/lcs/envs/mmseg/lib/python3.10/site-packages/mmengine/utils/dl_utils/setup_env.py:56: UserWarning: Setting MKL_NUM_THREADS environment variable for each process to be 1 in default, to avoid your system being overloaded, please further tune the variable for optimal performance in your application as needed.
  warnings.warn(
11/06 06:05:19 - mmengine - INFO - 
------------------------------------------------------------
System environment:
    sys.platform: linux
    Python: 3.10.16 (main, Dec 11 2024, 16:24:50) [GCC 11.2.0]
    CUDA available: True
    MUSA available: False
    numpy_random_seed: 235225252
    GPU 0: /dev/tcaicard4
    GPU 1: /dev/tcaicard5
    GPU 2: /dev/tcaicard6
    GPU 3: /dev/tcaicard7
    CUDA_HOME: None
    GCC: gcc (Ubuntu 11.4.0-1ubuntu1~22.04) 11.4.0
    PyTorch: 2.4.0a0+git4451b0e
    PyTorch compiling details: PyTorch built with:
  - GCC 11.5
  - C++ Version: 201703
  - Intel(R) oneAPI Math Kernel Library Version 2025.0-Product Build 20241009 for Intel(R) 64 architecture applications
  - Intel(R) MKL-DNN v3.4.2 (Git Hash 1137e04ec0b5251ca2b4400a4fd3c667ce843d67)
  - OpenMP 201511 (a.k.a. OpenMP 4.5)
  - LAPACK is enabled (usually provided by MKL)
  - NNPACK is enabled
  - CPU capability usage: AVX512
  - Build settings: BLAS_INFO=mkl, BUILD_TYPE=Release, CXX_COMPILER=/usr/bin/g++, CXX_FLAGS= -D_GLIBCXX_USE_CXX11_ABI=1 -fvisibility-inlines-hidden -DUSE_PTHREADPOOL -DNDEBUG -DUSE_KINETO -DLIBKINETO_NOCUPTI -DLIBKINETO_NOROCTRACER -DUSE_FBGEMM -DUSE_PYTORCH_QNNPACK -DUSE_XNNPACK -DSYMBOLICATE_MOBILE_DEBUG_HANDLE -O2 -fPIC -Wall -Wextra -Werror=return-type -Werror=non-virtual-dtor -Werror=range-loop-construct -Werror=bool-operation -Wnarrowing -Wno-missing-field-initializers -Wno-type-limits -Wno-array-bounds -Wno-unknown-pragmas -Wno-unused-parameter -Wno-unused-function -Wno-unused-result -Wno-strict-overflow -Wno-strict-aliasing -Wno-stringop-overflow -Wsuggest-override -Wno-psabi -Wno-error=pedantic -Wno-error=old-style-cast -Wno-missing-braces -fdiagnostics-color=always -faligned-new -Wno-unused-but-set-variable -Wno-maybe-uninitialized -fno-math-errno -fno-trapping-math -Werror=format -Wno-stringop-overflow, FORCE_FALLBACK_CUDA_MPI=1, LAPACK_INFO=mkl, PERF_WITH_AVX=1, PERF_WITH_AVX2=1, PERF_WITH_AVX512=1, TORCH_VERSION=2.4.0, USE_CUDA=OFF, USE_CUDNN=OFF, USE_CUSPARSELT=OFF, USE_EXCEPTION_PTR=1, USE_GFLAGS=OFF, USE_GLOG=OFF, USE_GLOO=ON, USE_MKL=ON, USE_MKLDNN=1, USE_MPI=ON, USE_NCCL=OFF, USE_NNPACK=ON, USE_OPENMP=ON, USE_ROCM=OFF, USE_ROCM_KERNEL_ASSERT=OFF, 

    TorchVision: 0.15.1a0+42759b1
    OpenCV: 4.11.0
    MMEngine: 0.10.4

Runtime environment:
    cudnn_benchmark: False
    mp_cfg: {'mp_start_method': 'fork', 'opencv_num_threads': 0}
    dist_cfg: {'backend': 'nccl'}
    seed: 235225252
    deterministic: False
    Distributed launcher: pytorch
    Distributed training: True
    GPU number: 4
------------------------------------------------------------

11/06 06:05:19 - mmengine - INFO - Config:
auto_scale_lr = dict(base_batch_size=1024)
data_preprocessor = dict(
    mean=[
        122.7709383,
        116.7460125,
        104.09373615000001,
    ],
    num_classes=1000,
    std=[
        68.5005327,
        66.6321579,
        70.32316304999999,
    ],
    to_rgb=True)
dataset_type = 'ImageNet'
default_hooks = dict(
    checkpoint=dict(interval=1, type='CheckpointHook'),
    logger=dict(interval=100, type='LoggerHook'),
    param_scheduler=dict(type='ParamSchedulerHook'),
    sampler_seed=dict(type='DistSamplerSeedHook'),
    timer=dict(type='IterTimerHook'),
    visualization=dict(enable=False, type='VisualizationHook'))
default_scope = 'mmpretrain'
env_cfg = dict(
    cudnn_benchmark=False,
    dist_cfg=dict(backend='nccl'),
    mp_cfg=dict(mp_start_method='fork', opencv_num_threads=0))
launcher = 'pytorch'
load_from = None
log_level = 'INFO'
model = dict(
    backbone=dict(
        arch='l',
        img_size=196,
        layer_cfgs=dict(bias=True),
        layer_scale_init_value=0.0,
        out_type='avg_featmap',
        patch_size=14,
        type='BEiTViT',
        use_abs_pos_emb=True,
        use_rel_pos_bias=False,
        use_shared_rel_pos_bias=False),
    head=dict(
        in_channels=1024,
        loss=dict(
            label_smooth_val=0.1, mode='original', type='LabelSmoothLoss'),
        num_classes=1000,
        type='LinearClsHead'),
    init_cfg=[
        dict(layer='Linear', std=0.02, type='TruncNormal'),
        dict(bias=0.0, layer='LayerNorm', type='Constant', val=1.0),
    ],
    neck=None,
    train_cfg=dict(augments=[
        dict(alpha=0.8, type='Mixup'),
        dict(alpha=1.0, type='CutMix'),
    ]),
    type='ImageClassifier')
optim_wrapper = dict(
    loss_scale='dynamic',
    optimizer=dict(
        betas=(
            0.9,
            0.999,
        ),
        eps=1e-08,
        lr=0.001,
        type='AdamW',
        weight_decay=0.05),
    paramwise_cfg=dict(
        bias_decay_mult=0.0,
        custom_keys=dict({
            '.absolute_pos_embed': dict(decay_mult=0.0),
            '.relative_position_bias_table': dict(decay_mult=0.0)
        }),
        flat_decay_mult=0.0,
        norm_decay_mult=0.0),
    type='AmpOptimWrapper')
param_scheduler = [
    dict(
        by_epoch=True,
        convert_to_iter_based=True,
        end=20,
        start_factor=0.001,
        type='LinearLR'),
    dict(begin=20, by_epoch=True, eta_min=1e-05, type='CosineAnnealingLR'),
]
randomness = dict(deterministic=False, seed=None)
resume = False
test_cfg = dict()
test_dataloader = dict(
    batch_size=16,
    collate_fn=dict(type='default_collate'),
    dataset=dict(
        data_prefix='val',
        data_root='/data/teco-data/imagenet',
        pipeline=[
            dict(type='LoadImageFromFile'),
            dict(
                backend='pillow',
                edge='short',
                interpolation='bicubic',
                scale=196,
                type='ResizeEdge'),
            dict(crop_size=196, type='CenterCrop'),
            dict(type='PackInputs'),
        ],
        split='',
        type='ImageNet'),
    num_workers=5,
    persistent_workers=True,
    pin_memory=True,
    sampler=dict(shuffle=False, type='DefaultSampler'))
test_evaluator = dict(
    topk=(
        1,
        5,
    ), type='Accuracy')
test_pipeline = [
    dict(type='LoadImageFromFile'),
    dict(
        backend='pillow',
        edge='short',
        interpolation='bicubic',
        scale=196,
        type='ResizeEdge'),
    dict(crop_size=196, type='CenterCrop'),
    dict(type='PackInputs'),
]
train_cfg = dict(by_epoch=True, max_epochs=300, val_interval=1)
train_dataloader = dict(
    batch_size=16,
    collate_fn=dict(type='default_collate'),
    dataset=dict(
        data_prefix='train',
        data_root='/data/teco-data/imagenet',
        pipeline=[
            dict(type='LoadImageFromFile'),
            dict(
                backend='pillow',
                interpolation='bicubic',
                scale=196,
                type='RandomResizedCrop'),
            dict(direction='horizontal', prob=0.5, type='RandomFlip'),
            dict(type='PackInputs'),
        ],
        split='',
        type='ImageNet'),
    num_workers=5,
    persistent_workers=True,
    pin_memory=True,
    sampler=dict(shuffle=True, type='DefaultSampler'))
train_pipeline = [
    dict(type='LoadImageFromFile'),
    dict(
        backend='pillow',
        interpolation='bicubic',
        scale=196,
        type='RandomResizedCrop'),
    dict(direction='horizontal', prob=0.5, type='RandomFlip'),
    dict(type='PackInputs'),
]
val_cfg = dict()
val_dataloader = dict(
    batch_size=16,
    collate_fn=dict(type='default_collate'),
    dataset=dict(
        data_prefix='val',
        data_root='/data/teco-data/imagenet',
        pipeline=[
            dict(type='LoadImageFromFile'),
            dict(
                backend='pillow',
                edge='short',
                interpolation='bicubic',
                scale=196,
                type='ResizeEdge'),
            dict(crop_size=196, type='CenterCrop'),
            dict(type='PackInputs'),
        ],
        split='',
        type='ImageNet'),
    num_workers=5,
    persistent_workers=True,
    pin_memory=True,
    sampler=dict(shuffle=False, type='DefaultSampler'))
val_evaluator = dict(
    topk=(
        1,
        5,
    ), type='Accuracy')
vis_backends = [
    dict(type='LocalVisBackend'),
]
visualizer = dict(
    type='UniversalVisualizer', vis_backends=[
        dict(type='LocalVisBackend'),
    ])
work_dir = './work_dirs/eva-l-p14_8xb16_in1k-196px'

11/06 06:05:58 - mmengine - INFO - Because batch augmentations are enabled, the data preprocessor automatically enables the `to_onehot` option to generate one-hot format labels.
11/06 06:06:04 - mmengine - INFO - Hooks will be executed in the following order:
before_run:
(VERY_HIGH   ) RuntimeInfoHook                    
(BELOW_NORMAL) LoggerHook                         
 -------------------- 
before_train:
(VERY_HIGH   ) RuntimeInfoHook                    
(NORMAL      ) IterTimerHook                      
(VERY_LOW    ) CheckpointHook                     
 -------------------- 
before_train_epoch:
(VERY_HIGH   ) RuntimeInfoHook                    
(NORMAL      ) IterTimerHook                      
(NORMAL      ) DistSamplerSeedHook                
 -------------------- 
before_train_iter:
(VERY_HIGH   ) RuntimeInfoHook                    
(NORMAL      ) IterTimerHook                      
 -------------------- 
after_train_iter:
(VERY_HIGH   ) RuntimeInfoHook                    
(NORMAL      ) IterTimerHook                      
(BELOW_NORMAL) LoggerHook                         
(LOW         ) ParamSchedulerHook                 
(VERY_LOW    ) CheckpointHook                     
 -------------------- 
after_train_epoch:
(NORMAL      ) IterTimerHook                      
(LOW         ) ParamSchedulerHook                 
(VERY_LOW    ) CheckpointHook                     
 -------------------- 
before_val:
(VERY_HIGH   ) RuntimeInfoHook                    
 -------------------- 
before_val_epoch:
(NORMAL      ) IterTimerHook                      
 -------------------- 
before_val_iter:
(NORMAL      ) IterTimerHook                      
 -------------------- 
after_val_iter:
(NORMAL      ) IterTimerHook                      
(NORMAL      ) VisualizationHook                  
(BELOW_NORMAL) LoggerHook                         
 -------------------- 
after_val_epoch:
(VERY_HIGH   ) RuntimeInfoHook                    
(NORMAL      ) IterTimerHook                      
(BELOW_NORMAL) LoggerHook                         
(LOW         ) ParamSchedulerHook                 
(VERY_LOW    ) CheckpointHook                     
 -------------------- 
after_val:
(VERY_HIGH   ) RuntimeInfoHook                    
 -------------------- 
after_train:
(VERY_HIGH   ) RuntimeInfoHook                    
(VERY_LOW    ) CheckpointHook                     
 -------------------- 
before_test:
(VERY_HIGH   ) RuntimeInfoHook                    
 -------------------- 
before_test_epoch:
(NORMAL      ) IterTimerHook                      
 -------------------- 
before_test_iter:
(NORMAL      ) IterTimerHook                      
 -------------------- 
after_test_iter:
(NORMAL      ) IterTimerHook                      
(NORMAL      ) VisualizationHook                  
(BELOW_NORMAL) LoggerHook                         
 -------------------- 
after_test_epoch:
(VERY_HIGH   ) RuntimeInfoHook                    
(NORMAL      ) IterTimerHook                      
(BELOW_NORMAL) LoggerHook                         
 -------------------- 
after_test:
(VERY_HIGH   ) RuntimeInfoHook                    
 -------------------- 
after_run:
(BELOW_NORMAL) LoggerHook                         
 -------------------- 
11/06 06:06:33 - mmengine - INFO - paramwise_options -- backbone.patch_embed.projection.bias:weight_decay=0.0
11/06 06:06:33 - mmengine - INFO - paramwise_options -- backbone.layers.0.ln1.weight:weight_decay=0.0
11/06 06:06:33 - mmengine - INFO - paramwise_options -- backbone.layers.0.ln1.bias:weight_decay=0.0
11/06 06:06:33 - mmengine - INFO - paramwise_options -- backbone.layers.0.attn.qkv.bias:weight_decay=0.0
11/06 06:06:33 - mmengine - INFO - paramwise_options -- backbone.layers.0.attn.proj.bias:weight_decay=0.0
11/06 06:06:33 - mmengine - INFO - paramwise_options -- backbone.layers.0.ln2.weight:weight_decay=0.0
11/06 06:06:33 - mmengine - INFO - paramwise_options -- backbone.layers.0.ln2.bias:weight_decay=0.0
11/06 06:06:33 - mmengine - INFO - paramwise_options -- backbone.layers.0.ffn.layers.0.0.bias:weight_decay=0.0
11/06 06:06:33 - mmengine - INFO - paramwise_options -- backbone.layers.0.ffn.layers.1.bias:weight_decay=0.0
11/06 06:06:33 - mmengine - INFO - paramwise_options -- backbone.layers.1.ln1.weight:weight_decay=0.0
11/06 06:06:33 - mmengine - INFO - paramwise_options -- backbone.layers.1.ln1.bias:weight_decay=0.0
11/06 06:06:33 - mmengine - INFO - paramwise_options -- backbone.layers.1.attn.qkv.bias:weight_decay=0.0
11/06 06:06:33 - mmengine - INFO - paramwise_options -- backbone.layers.1.attn.proj.bias:weight_decay=0.0
11/06 06:06:33 - mmengine - INFO - paramwise_options -- backbone.layers.1.ln2.weight:weight_decay=0.0
11/06 06:06:33 - mmengine - INFO - paramwise_options -- backbone.layers.1.ln2.bias:weight_decay=0.0
11/06 06:06:33 - mmengine - INFO - paramwise_options -- backbone.layers.1.ffn.layers.0.0.bias:weight_decay=0.0
11/06 06:06:33 - mmengine - INFO - paramwise_options -- backbone.layers.1.ffn.layers.1.bias:weight_decay=0.0
11/06 06:06:33 - mmengine - INFO - paramwise_options -- backbone.layers.2.ln1.weight:weight_decay=0.0
11/06 06:06:33 - mmengine - INFO - paramwise_options -- backbone.layers.2.ln1.bias:weight_decay=0.0
11/06 06:06:33 - mmengine - INFO - paramwise_options -- backbone.layers.2.attn.qkv.bias:weight_decay=0.0
11/06 06:06:33 - mmengine - INFO - paramwise_options -- backbone.layers.2.attn.proj.bias:weight_decay=0.0
11/06 06:06:33 - mmengine - INFO - paramwise_options -- backbone.layers.2.ln2.weight:weight_decay=0.0
11/06 06:06:33 - mmengine - INFO - paramwise_options -- backbone.layers.2.ln2.bias:weight_decay=0.0
11/06 06:06:33 - mmengine - INFO - paramwise_options -- backbone.layers.2.ffn.layers.0.0.bias:weight_decay=0.0
11/06 06:06:33 - mmengine - INFO - paramwise_options -- backbone.layers.2.ffn.layers.1.bias:weight_decay=0.0
11/06 06:06:33 - mmengine - INFO - paramwise_options -- backbone.layers.3.ln1.weight:weight_decay=0.0
11/06 06:06:33 - mmengine - INFO - paramwise_options -- backbone.layers.3.ln1.bias:weight_decay=0.0
11/06 06:06:33 - mmengine - INFO - paramwise_options -- backbone.layers.3.attn.qkv.bias:weight_decay=0.0
11/06 06:06:33 - mmengine - INFO - paramwise_options -- backbone.layers.3.attn.proj.bias:weight_decay=0.0
11/06 06:06:33 - mmengine - INFO - paramwise_options -- backbone.layers.3.ln2.weight:weight_decay=0.0
11/06 06:06:33 - mmengine - INFO - paramwise_options -- backbone.layers.3.ln2.bias:weight_decay=0.0
11/06 06:06:33 - mmengine - INFO - paramwise_options -- backbone.layers.3.ffn.layers.0.0.bias:weight_decay=0.0
11/06 06:06:33 - mmengine - INFO - paramwise_options -- backbone.layers.3.ffn.layers.1.bias:weight_decay=0.0
11/06 06:06:33 - mmengine - INFO - paramwise_options -- backbone.layers.4.ln1.weight:weight_decay=0.0
11/06 06:06:33 - mmengine - INFO - paramwise_options -- backbone.layers.4.ln1.bias:weight_decay=0.0
11/06 06:06:33 - mmengine - INFO - paramwise_options -- backbone.layers.4.attn.qkv.bias:weight_decay=0.0
11/06 06:06:33 - mmengine - INFO - paramwise_options -- backbone.layers.4.attn.proj.bias:weight_decay=0.0
11/06 06:06:33 - mmengine - INFO - paramwise_options -- backbone.layers.4.ln2.weight:weight_decay=0.0
11/06 06:06:33 - mmengine - INFO - paramwise_options -- backbone.layers.4.ln2.bias:weight_decay=0.0
11/06 06:06:33 - mmengine - INFO - paramwise_options -- backbone.layers.4.ffn.layers.0.0.bias:weight_decay=0.0
11/06 06:06:33 - mmengine - INFO - paramwise_options -- backbone.layers.4.ffn.layers.1.bias:weight_decay=0.0
11/06 06:06:33 - mmengine - INFO - paramwise_options -- backbone.layers.5.ln1.weight:weight_decay=0.0
11/06 06:06:33 - mmengine - INFO - paramwise_options -- backbone.layers.5.ln1.bias:weight_decay=0.0
11/06 06:06:33 - mmengine - INFO - paramwise_options -- backbone.layers.5.attn.qkv.bias:weight_decay=0.0
11/06 06:06:33 - mmengine - INFO - paramwise_options -- backbone.layers.5.attn.proj.bias:weight_decay=0.0
11/06 06:06:33 - mmengine - INFO - paramwise_options -- backbone.layers.5.ln2.weight:weight_decay=0.0
11/06 06:06:33 - mmengine - INFO - paramwise_options -- backbone.layers.5.ln2.bias:weight_decay=0.0
11/06 06:06:33 - mmengine - INFO - paramwise_options -- backbone.layers.5.ffn.layers.0.0.bias:weight_decay=0.0
11/06 06:06:33 - mmengine - INFO - paramwise_options -- backbone.layers.5.ffn.layers.1.bias:weight_decay=0.0
11/06 06:06:33 - mmengine - INFO - paramwise_options -- backbone.layers.6.ln1.weight:weight_decay=0.0
11/06 06:06:33 - mmengine - INFO - paramwise_options -- backbone.layers.6.ln1.bias:weight_decay=0.0
11/06 06:06:33 - mmengine - INFO - paramwise_options -- backbone.layers.6.attn.qkv.bias:weight_decay=0.0
11/06 06:06:33 - mmengine - INFO - paramwise_options -- backbone.layers.6.attn.proj.bias:weight_decay=0.0
11/06 06:06:33 - mmengine - INFO - paramwise_options -- backbone.layers.6.ln2.weight:weight_decay=0.0
11/06 06:06:33 - mmengine - INFO - paramwise_options -- backbone.layers.6.ln2.bias:weight_decay=0.0
11/06 06:06:33 - mmengine - INFO - paramwise_options -- backbone.layers.6.ffn.layers.0.0.bias:weight_decay=0.0
11/06 06:06:33 - mmengine - INFO - paramwise_options -- backbone.layers.6.ffn.layers.1.bias:weight_decay=0.0
11/06 06:06:33 - mmengine - INFO - paramwise_options -- backbone.layers.7.ln1.weight:weight_decay=0.0
11/06 06:06:33 - mmengine - INFO - paramwise_options -- backbone.layers.7.ln1.bias:weight_decay=0.0
11/06 06:06:33 - mmengine - INFO - paramwise_options -- backbone.layers.7.attn.qkv.bias:weight_decay=0.0
11/06 06:06:33 - mmengine - INFO - paramwise_options -- backbone.layers.7.attn.proj.bias:weight_decay=0.0
11/06 06:06:33 - mmengine - INFO - paramwise_options -- backbone.layers.7.ln2.weight:weight_decay=0.0
11/06 06:06:33 - mmengine - INFO - paramwise_options -- backbone.layers.7.ln2.bias:weight_decay=0.0
11/06 06:06:33 - mmengine - INFO - paramwise_options -- backbone.layers.7.ffn.layers.0.0.bias:weight_decay=0.0
11/06 06:06:33 - mmengine - INFO - paramwise_options -- backbone.layers.7.ffn.layers.1.bias:weight_decay=0.0
11/06 06:06:33 - mmengine - INFO - paramwise_options -- backbone.layers.8.ln1.weight:weight_decay=0.0
11/06 06:06:33 - mmengine - INFO - paramwise_options -- backbone.layers.8.ln1.bias:weight_decay=0.0
11/06 06:06:33 - mmengine - INFO - paramwise_options -- backbone.layers.8.attn.qkv.bias:weight_decay=0.0
11/06 06:06:33 - mmengine - INFO - paramwise_options -- backbone.layers.8.attn.proj.bias:weight_decay=0.0
11/06 06:06:33 - mmengine - INFO - paramwise_options -- backbone.layers.8.ln2.weight:weight_decay=0.0
11/06 06:06:33 - mmengine - INFO - paramwise_options -- backbone.layers.8.ln2.bias:weight_decay=0.0
11/06 06:06:33 - mmengine - INFO - paramwise_options -- backbone.layers.8.ffn.layers.0.0.bias:weight_decay=0.0
11/06 06:06:33 - mmengine - INFO - paramwise_options -- backbone.layers.8.ffn.layers.1.bias:weight_decay=0.0
11/06 06:06:33 - mmengine - INFO - paramwise_options -- backbone.layers.9.ln1.weight:weight_decay=0.0
11/06 06:06:33 - mmengine - INFO - paramwise_options -- backbone.layers.9.ln1.bias:weight_decay=0.0
11/06 06:06:33 - mmengine - INFO - paramwise_options -- backbone.layers.9.attn.qkv.bias:weight_decay=0.0
11/06 06:06:33 - mmengine - INFO - paramwise_options -- backbone.layers.9.attn.proj.bias:weight_decay=0.0
11/06 06:06:33 - mmengine - INFO - paramwise_options -- backbone.layers.9.ln2.weight:weight_decay=0.0
11/06 06:06:33 - mmengine - INFO - paramwise_options -- backbone.layers.9.ln2.bias:weight_decay=0.0
11/06 06:06:33 - mmengine - INFO - paramwise_options -- backbone.layers.9.ffn.layers.0.0.bias:weight_decay=0.0
11/06 06:06:33 - mmengine - INFO - paramwise_options -- backbone.layers.9.ffn.layers.1.bias:weight_decay=0.0
11/06 06:06:33 - mmengine - INFO - paramwise_options -- backbone.layers.10.ln1.weight:weight_decay=0.0
11/06 06:06:33 - mmengine - INFO - paramwise_options -- backbone.layers.10.ln1.bias:weight_decay=0.0
11/06 06:06:33 - mmengine - INFO - paramwise_options -- backbone.layers.10.attn.qkv.bias:weight_decay=0.0
11/06 06:06:33 - mmengine - INFO - paramwise_options -- backbone.layers.10.attn.proj.bias:weight_decay=0.0
11/06 06:06:33 - mmengine - INFO - paramwise_options -- backbone.layers.10.ln2.weight:weight_decay=0.0
11/06 06:06:33 - mmengine - INFO - paramwise_options -- backbone.layers.10.ln2.bias:weight_decay=0.0
11/06 06:06:33 - mmengine - INFO - paramwise_options -- backbone.layers.10.ffn.layers.0.0.bias:weight_decay=0.0
11/06 06:06:33 - mmengine - INFO - paramwise_options -- backbone.layers.10.ffn.layers.1.bias:weight_decay=0.0
11/06 06:06:33 - mmengine - INFO - paramwise_options -- backbone.layers.11.ln1.weight:weight_decay=0.0
11/06 06:06:33 - mmengine - INFO - paramwise_options -- backbone.layers.11.ln1.bias:weight_decay=0.0
11/06 06:06:33 - mmengine - INFO - paramwise_options -- backbone.layers.11.attn.qkv.bias:weight_decay=0.0
11/06 06:06:33 - mmengine - INFO - paramwise_options -- backbone.layers.11.attn.proj.bias:weight_decay=0.0
11/06 06:06:33 - mmengine - INFO - paramwise_options -- backbone.layers.11.ln2.weight:weight_decay=0.0
11/06 06:06:33 - mmengine - INFO - paramwise_options -- backbone.layers.11.ln2.bias:weight_decay=0.0
11/06 06:06:33 - mmengine - INFO - paramwise_options -- backbone.layers.11.ffn.layers.0.0.bias:weight_decay=0.0
11/06 06:06:33 - mmengine - INFO - paramwise_options -- backbone.layers.11.ffn.layers.1.bias:weight_decay=0.0
11/06 06:06:33 - mmengine - INFO - paramwise_options -- backbone.layers.12.ln1.weight:weight_decay=0.0
11/06 06:06:33 - mmengine - INFO - paramwise_options -- backbone.layers.12.ln1.bias:weight_decay=0.0
11/06 06:06:33 - mmengine - INFO - paramwise_options -- backbone.layers.12.attn.qkv.bias:weight_decay=0.0
11/06 06:06:33 - mmengine - INFO - paramwise_options -- backbone.layers.12.attn.proj.bias:weight_decay=0.0
11/06 06:06:33 - mmengine - INFO - paramwise_options -- backbone.layers.12.ln2.weight:weight_decay=0.0
11/06 06:06:33 - mmengine - INFO - paramwise_options -- backbone.layers.12.ln2.bias:weight_decay=0.0
11/06 06:06:33 - mmengine - INFO - paramwise_options -- backbone.layers.12.ffn.layers.0.0.bias:weight_decay=0.0
11/06 06:06:33 - mmengine - INFO - paramwise_options -- backbone.layers.12.ffn.layers.1.bias:weight_decay=0.0
11/06 06:06:33 - mmengine - INFO - paramwise_options -- backbone.layers.13.ln1.weight:weight_decay=0.0
11/06 06:06:33 - mmengine - INFO - paramwise_options -- backbone.layers.13.ln1.bias:weight_decay=0.0
11/06 06:06:33 - mmengine - INFO - paramwise_options -- backbone.layers.13.attn.qkv.bias:weight_decay=0.0
11/06 06:06:33 - mmengine - INFO - paramwise_options -- backbone.layers.13.attn.proj.bias:weight_decay=0.0
11/06 06:06:33 - mmengine - INFO - paramwise_options -- backbone.layers.13.ln2.weight:weight_decay=0.0
11/06 06:06:33 - mmengine - INFO - paramwise_options -- backbone.layers.13.ln2.bias:weight_decay=0.0
11/06 06:06:33 - mmengine - INFO - paramwise_options -- backbone.layers.13.ffn.layers.0.0.bias:weight_decay=0.0
11/06 06:06:33 - mmengine - INFO - paramwise_options -- backbone.layers.13.ffn.layers.1.bias:weight_decay=0.0
11/06 06:06:33 - mmengine - INFO - paramwise_options -- backbone.layers.14.ln1.weight:weight_decay=0.0
11/06 06:06:33 - mmengine - INFO - paramwise_options -- backbone.layers.14.ln1.bias:weight_decay=0.0
11/06 06:06:33 - mmengine - INFO - paramwise_options -- backbone.layers.14.attn.qkv.bias:weight_decay=0.0
11/06 06:06:33 - mmengine - INFO - paramwise_options -- backbone.layers.14.attn.proj.bias:weight_decay=0.0
11/06 06:06:33 - mmengine - INFO - paramwise_options -- backbone.layers.14.ln2.weight:weight_decay=0.0
11/06 06:06:33 - mmengine - INFO - paramwise_options -- backbone.layers.14.ln2.bias:weight_decay=0.0
11/06 06:06:33 - mmengine - INFO - paramwise_options -- backbone.layers.14.ffn.layers.0.0.bias:weight_decay=0.0
11/06 06:06:33 - mmengine - INFO - paramwise_options -- backbone.layers.14.ffn.layers.1.bias:weight_decay=0.0
11/06 06:06:33 - mmengine - INFO - paramwise_options -- backbone.layers.15.ln1.weight:weight_decay=0.0
11/06 06:06:33 - mmengine - INFO - paramwise_options -- backbone.layers.15.ln1.bias:weight_decay=0.0
11/06 06:06:33 - mmengine - INFO - paramwise_options -- backbone.layers.15.attn.qkv.bias:weight_decay=0.0
11/06 06:06:33 - mmengine - INFO - paramwise_options -- backbone.layers.15.attn.proj.bias:weight_decay=0.0
11/06 06:06:33 - mmengine - INFO - paramwise_options -- backbone.layers.15.ln2.weight:weight_decay=0.0
11/06 06:06:33 - mmengine - INFO - paramwise_options -- backbone.layers.15.ln2.bias:weight_decay=0.0
11/06 06:06:33 - mmengine - INFO - paramwise_options -- backbone.layers.15.ffn.layers.0.0.bias:weight_decay=0.0
11/06 06:06:33 - mmengine - INFO - paramwise_options -- backbone.layers.15.ffn.layers.1.bias:weight_decay=0.0
11/06 06:06:33 - mmengine - INFO - paramwise_options -- backbone.layers.16.ln1.weight:weight_decay=0.0
11/06 06:06:33 - mmengine - INFO - paramwise_options -- backbone.layers.16.ln1.bias:weight_decay=0.0
11/06 06:06:33 - mmengine - INFO - paramwise_options -- backbone.layers.16.attn.qkv.bias:weight_decay=0.0
11/06 06:06:33 - mmengine - INFO - paramwise_options -- backbone.layers.16.attn.proj.bias:weight_decay=0.0
11/06 06:06:33 - mmengine - INFO - paramwise_options -- backbone.layers.16.ln2.weight:weight_decay=0.0
11/06 06:06:33 - mmengine - INFO - paramwise_options -- backbone.layers.16.ln2.bias:weight_decay=0.0
11/06 06:06:33 - mmengine - INFO - paramwise_options -- backbone.layers.16.ffn.layers.0.0.bias:weight_decay=0.0
11/06 06:06:33 - mmengine - INFO - paramwise_options -- backbone.layers.16.ffn.layers.1.bias:weight_decay=0.0
11/06 06:06:33 - mmengine - INFO - paramwise_options -- backbone.layers.17.ln1.weight:weight_decay=0.0
11/06 06:06:33 - mmengine - INFO - paramwise_options -- backbone.layers.17.ln1.bias:weight_decay=0.0
11/06 06:06:33 - mmengine - INFO - paramwise_options -- backbone.layers.17.attn.qkv.bias:weight_decay=0.0
11/06 06:06:33 - mmengine - INFO - paramwise_options -- backbone.layers.17.attn.proj.bias:weight_decay=0.0
11/06 06:06:33 - mmengine - INFO - paramwise_options -- backbone.layers.17.ln2.weight:weight_decay=0.0
11/06 06:06:33 - mmengine - INFO - paramwise_options -- backbone.layers.17.ln2.bias:weight_decay=0.0
11/06 06:06:33 - mmengine - INFO - paramwise_options -- backbone.layers.17.ffn.layers.0.0.bias:weight_decay=0.0
11/06 06:06:33 - mmengine - INFO - paramwise_options -- backbone.layers.17.ffn.layers.1.bias:weight_decay=0.0
11/06 06:06:33 - mmengine - INFO - paramwise_options -- backbone.layers.18.ln1.weight:weight_decay=0.0
11/06 06:06:33 - mmengine - INFO - paramwise_options -- backbone.layers.18.ln1.bias:weight_decay=0.0
11/06 06:06:33 - mmengine - INFO - paramwise_options -- backbone.layers.18.attn.qkv.bias:weight_decay=0.0
11/06 06:06:33 - mmengine - INFO - paramwise_options -- backbone.layers.18.attn.proj.bias:weight_decay=0.0
11/06 06:06:33 - mmengine - INFO - paramwise_options -- backbone.layers.18.ln2.weight:weight_decay=0.0
11/06 06:06:33 - mmengine - INFO - paramwise_options -- backbone.layers.18.ln2.bias:weight_decay=0.0
11/06 06:06:33 - mmengine - INFO - paramwise_options -- backbone.layers.18.ffn.layers.0.0.bias:weight_decay=0.0
11/06 06:06:33 - mmengine - INFO - paramwise_options -- backbone.layers.18.ffn.layers.1.bias:weight_decay=0.0
11/06 06:06:33 - mmengine - INFO - paramwise_options -- backbone.layers.19.ln1.weight:weight_decay=0.0
11/06 06:06:33 - mmengine - INFO - paramwise_options -- backbone.layers.19.ln1.bias:weight_decay=0.0
11/06 06:06:33 - mmengine - INFO - paramwise_options -- backbone.layers.19.attn.qkv.bias:weight_decay=0.0
11/06 06:06:33 - mmengine - INFO - paramwise_options -- backbone.layers.19.attn.proj.bias:weight_decay=0.0
11/06 06:06:33 - mmengine - INFO - paramwise_options -- backbone.layers.19.ln2.weight:weight_decay=0.0
11/06 06:06:33 - mmengine - INFO - paramwise_options -- backbone.layers.19.ln2.bias:weight_decay=0.0
11/06 06:06:33 - mmengine - INFO - paramwise_options -- backbone.layers.19.ffn.layers.0.0.bias:weight_decay=0.0
11/06 06:06:33 - mmengine - INFO - paramwise_options -- backbone.layers.19.ffn.layers.1.bias:weight_decay=0.0
11/06 06:06:33 - mmengine - INFO - paramwise_options -- backbone.layers.20.ln1.weight:weight_decay=0.0
11/06 06:06:33 - mmengine - INFO - paramwise_options -- backbone.layers.20.ln1.bias:weight_decay=0.0
11/06 06:06:33 - mmengine - INFO - paramwise_options -- backbone.layers.20.attn.qkv.bias:weight_decay=0.0
11/06 06:06:33 - mmengine - INFO - paramwise_options -- backbone.layers.20.attn.proj.bias:weight_decay=0.0
11/06 06:06:33 - mmengine - INFO - paramwise_options -- backbone.layers.20.ln2.weight:weight_decay=0.0
11/06 06:06:33 - mmengine - INFO - paramwise_options -- backbone.layers.20.ln2.bias:weight_decay=0.0
11/06 06:06:33 - mmengine - INFO - paramwise_options -- backbone.layers.20.ffn.layers.0.0.bias:weight_decay=0.0
11/06 06:06:33 - mmengine - INFO - paramwise_options -- backbone.layers.20.ffn.layers.1.bias:weight_decay=0.0
11/06 06:06:33 - mmengine - INFO - paramwise_options -- backbone.layers.21.ln1.weight:weight_decay=0.0
11/06 06:06:33 - mmengine - INFO - paramwise_options -- backbone.layers.21.ln1.bias:weight_decay=0.0
11/06 06:06:33 - mmengine - INFO - paramwise_options -- backbone.layers.21.attn.qkv.bias:weight_decay=0.0
11/06 06:06:33 - mmengine - INFO - paramwise_options -- backbone.layers.21.attn.proj.bias:weight_decay=0.0
11/06 06:06:33 - mmengine - INFO - paramwise_options -- backbone.layers.21.ln2.weight:weight_decay=0.0
11/06 06:06:33 - mmengine - INFO - paramwise_options -- backbone.layers.21.ln2.bias:weight_decay=0.0
11/06 06:06:33 - mmengine - INFO - paramwise_options -- backbone.layers.21.ffn.layers.0.0.bias:weight_decay=0.0
11/06 06:06:33 - mmengine - INFO - paramwise_options -- backbone.layers.21.ffn.layers.1.bias:weight_decay=0.0
11/06 06:06:33 - mmengine - INFO - paramwise_options -- backbone.layers.22.ln1.weight:weight_decay=0.0
11/06 06:06:33 - mmengine - INFO - paramwise_options -- backbone.layers.22.ln1.bias:weight_decay=0.0
11/06 06:06:33 - mmengine - INFO - paramwise_options -- backbone.layers.22.attn.qkv.bias:weight_decay=0.0
11/06 06:06:33 - mmengine - INFO - paramwise_options -- backbone.layers.22.attn.proj.bias:weight_decay=0.0
11/06 06:06:33 - mmengine - INFO - paramwise_options -- backbone.layers.22.ln2.weight:weight_decay=0.0
11/06 06:06:33 - mmengine - INFO - paramwise_options -- backbone.layers.22.ln2.bias:weight_decay=0.0
11/06 06:06:33 - mmengine - INFO - paramwise_options -- backbone.layers.22.ffn.layers.0.0.bias:weight_decay=0.0
11/06 06:06:33 - mmengine - INFO - paramwise_options -- backbone.layers.22.ffn.layers.1.bias:weight_decay=0.0
11/06 06:06:33 - mmengine - INFO - paramwise_options -- backbone.layers.23.ln1.weight:weight_decay=0.0
11/06 06:06:33 - mmengine - INFO - paramwise_options -- backbone.layers.23.ln1.bias:weight_decay=0.0
11/06 06:06:33 - mmengine - INFO - paramwise_options -- backbone.layers.23.attn.qkv.bias:weight_decay=0.0
11/06 06:06:33 - mmengine - INFO - paramwise_options -- backbone.layers.23.attn.proj.bias:weight_decay=0.0
11/06 06:06:33 - mmengine - INFO - paramwise_options -- backbone.layers.23.ln2.weight:weight_decay=0.0
11/06 06:06:33 - mmengine - INFO - paramwise_options -- backbone.layers.23.ln2.bias:weight_decay=0.0
11/06 06:06:33 - mmengine - INFO - paramwise_options -- backbone.layers.23.ffn.layers.0.0.bias:weight_decay=0.0
11/06 06:06:33 - mmengine - INFO - paramwise_options -- backbone.layers.23.ffn.layers.1.bias:weight_decay=0.0
11/06 06:06:33 - mmengine - INFO - paramwise_options -- backbone.ln2.weight:weight_decay=0.0
11/06 06:06:33 - mmengine - INFO - paramwise_options -- backbone.ln2.bias:weight_decay=0.0
11/06 06:06:33 - mmengine - INFO - paramwise_options -- head.fc.bias:weight_decay=0.0
11/06 06:06:44 - mmengine - WARNING - "FileClient" will be deprecated in future. Please use io functions in https://mmengine.readthedocs.io/en/latest/api/fileio.html#file-io
11/06 06:06:44 - mmengine - WARNING - "HardDiskBackend" is the alias of "LocalBackend" and the former will be deprecated in future.
11/06 06:06:44 - mmengine - INFO - Checkpoints will be saved to /data/bigc-data/lcs/EVA/run_scripts/work_dirs/eva-l-p14_8xb16_in1k-196px.
TCAPPDLL 2025-11-06 06:06:48.736666 - Epoch: 0 Iteration: 0  rank : 0  train.loss : 6.893303871154785  train.ips : 4.039528214123299 imgs/s train.total_time : 3.9608585834503174 
TCAPPDLL 2025-11-06 06:06:48.744464 - Epoch: 0 Iteration: 0  rank : 2  train.loss : 7.011296272277832  train.ips : 4.030095734259721 imgs/s train.total_time : 3.9701290130615234 
TCAPPDLL 2025-11-06 06:06:48.751175 - Epoch: 0 Iteration: 0  rank : 1  train.loss : 6.983241081237793  train.ips : 4.023287862996066 imgs/s train.total_time : 3.976846933364868 
TCAPPDLL 2025-11-06 06:06:48.760866 - Epoch: 0 Iteration: 0  rank : 3  train.loss : 7.004240989685059  train.ips : 4.0138877724059 imgs/s train.total_time : 3.9861602783203125 
TCAPPDLL 2025-11-06 06:06:49.784488 - Epoch: 0 Iteration: 1  rank : 0  train.loss : 6.9393696784973145  train.ips : 15.274707901261488 imgs/s train.total_time : 1.047483205795288 
TCAPPDLL 2025-11-06 06:06:49.789286 - Epoch: 0 Iteration: 1  rank : 3  train.loss : 7.022383689880371  train.ips : 15.561897911201301 imgs/s train.total_time : 1.0281522274017334 
TCAPPDLL 2025-11-06 06:06:49.789549 - Epoch: 0 Iteration: 1  rank : 1  train.loss : 6.896310329437256  train.ips : 15.412447616656932 imgs/s train.total_time : 1.0381219387054443 
TCAPPDLL 2025-11-06 06:06:49.790862 - Epoch: 0 Iteration: 1  rank : 2  train.loss : 7.050094127655029  train.ips : 15.29482964015404 imgs/s train.total_time : 1.046105146408081 
TCAPPDLL 2025-11-06 06:06:50.810223 - Epoch: 0 Iteration: 2  rank : 0  train.loss : 6.958920955657959  train.ips : 15.601669227854252 imgs/s train.total_time : 1.02553129196167 
TCAPPDLL 2025-11-06 06:06:50.818018 - Epoch: 0 Iteration: 2  rank : 2  train.loss : 6.9425177574157715  train.ips : 15.579962125494761 imgs/s train.total_time : 1.0269601345062256 
TCAPPDLL 2025-11-06 06:06:50.818125 - Epoch: 0 Iteration: 2  rank : 3  train.loss : 6.8988261222839355  train.ips : 15.55409991088284 imgs/s train.total_time : 1.028667688369751 
TCAPPDLL 2025-11-06 06:06:50.819158 - Epoch: 0 Iteration: 2  rank : 1  train.loss : 6.912067413330078  train.ips : 15.542683929505289 imgs/s train.total_time : 1.0294232368469238 
TCAPPDLL 2025-11-06 06:06:51.838709 - Epoch: 0 Iteration: 3  rank : 0  train.loss : 6.8162360191345215  train.ips : 15.560645809035112 imgs/s train.total_time : 1.0282349586486816 
TCAPPDLL 2025-11-06 06:06:51.845262 - Epoch: 0 Iteration: 3  rank : 2  train.loss : 6.899499416351318  train.ips : 15.57849013067025 imgs/s train.total_time : 1.02705717086792 
TCAPPDLL 2025-11-06 06:06:51.845428 - Epoch: 0 Iteration: 3  rank : 1  train.loss : 6.954493522644043  train.ips : 15.592943626290925 imgs/s train.total_time : 1.0261051654815674 
TCAPPDLL 2025-11-06 06:06:51.847139 - Epoch: 0 Iteration: 3  rank : 3  train.loss : 7.024448394775391  train.ips : 15.551800236513724 imgs/s train.total_time : 1.0288197994232178 
TCAPPDLL 2025-11-06 06:06:52.865564 - Epoch: 0 Iteration: 4  rank : 0  train.loss : 7.084914207458496  train.ips : 15.584665692695658 imgs/s train.total_time : 1.0266501903533936 
TCAPPDLL 2025-11-06 06:06:52.871304 - Epoch: 0 Iteration: 4  rank : 2  train.loss : 7.056081771850586  train.ips : 15.5966581543247 imgs/s train.total_time : 1.0258607864379883 
TCAPPDLL 2025-11-06 06:06:52.872145 - Epoch: 0 Iteration: 4  rank : 3  train.loss : 7.035964488983154  train.ips : 15.612184084049922 imgs/s train.total_time : 1.0248405933380127 
TCAPPDLL 2025-11-06 06:06:52.872565 - Epoch: 0 Iteration: 4  rank : 1  train.loss : 6.9519195556640625  train.ips : 15.579665534136668 imgs/s train.total_time : 1.026979684829712 
TCAPPDLL 2025-11-06 06:06:53.900636 - Epoch: 0 Iteration: 5  rank : 2  train.loss : 6.93838357925415  train.ips : 15.546698685701406 imgs/s train.total_time : 1.0291574001312256 
TCAPPDLL 2025-11-06 06:06:53.901299 - Epoch: 0 Iteration: 5  rank : 1  train.loss : 7.111947059631348  train.ips : 15.555570905606382 imgs/s train.total_time : 1.0285704135894775 
TCAPPDLL 2025-11-06 06:06:53.901577 - Epoch: 0 Iteration: 5  rank : 0  train.loss : 6.94251823425293  train.ips : 15.44655335319714 imgs/s train.total_time : 1.035829782485962 
TCAPPDLL 2025-11-06 06:06:53.902193 - Epoch: 0 Iteration: 5  rank : 3  train.loss : 6.832794666290283  train.ips : 15.536699852779694 imgs/s train.total_time : 1.0298197269439697 
TCAPPDLL 2025-11-06 06:06:54.921764 - Epoch: 0 Iteration: 6  rank : 2  train.loss : 6.97596549987793  train.ips : 15.671995531152092 imgs/s train.total_time : 1.0209293365478516 
TCAPPDLL 2025-11-06 06:06:54.931026 - Epoch: 0 Iteration: 6  rank : 1  train.loss : 6.900972366333008  train.ips : 15.540657535401273 imgs/s train.total_time : 1.029557466506958 
TCAPPDLL 2025-11-06 06:06:54.933387 - Epoch: 0 Iteration: 6  rank : 0  train.loss : 6.907602310180664  train.ips : 15.509306897194042 imgs/s train.total_time : 1.0316386222839355 
TCAPPDLL 2025-11-06 06:06:54.939426 - Epoch: 0 Iteration: 6  rank : 3  train.loss : 7.031734466552734  train.ips : 15.428956625298307 imgs/s train.total_time : 1.0370111465454102 
TCAPPDLL 2025-11-06 06:06:55.968065 - Epoch: 0 Iteration: 7  rank : 2  train.loss : 6.920615196228027  train.ips : 15.294739008443814 imgs/s train.total_time : 1.0461113452911377 
TCAPPDLL 2025-11-06 06:06:55.968366 - Epoch: 0 Iteration: 7  rank : 1  train.loss : 6.852590084075928  train.ips : 15.426786006557931 imgs/s train.total_time : 1.0371570587158203 
TCAPPDLL 2025-11-06 06:06:55.968505 - Epoch: 0 Iteration: 7  rank : 3  train.loss : 6.90683650970459  train.ips : 15.550448864318357 imgs/s train.total_time : 1.0289092063903809 
TCAPPDLL 2025-11-06 06:06:55.968926 - Epoch: 0 Iteration: 7  rank : 0  train.loss : 7.016275405883789  train.ips : 15.453784779088425 imgs/s train.total_time : 1.0353450775146484 
TCAPPDLL 2025-11-06 06:06:56.997192 - Epoch: 0 Iteration: 8  rank : 2  train.loss : 6.841202735900879  train.ips : 15.550066919018718 imgs/s train.total_time : 1.0289344787597656 TCAPPDLL 2025-11-06 06:06:56.997197 - Epoch: 0 Iteration: 8  rank : 1  train.loss : 6.843808174133301  train.ips : 15.554236903544252 imgs/s train.total_time : 1.0286586284637451 

TCAPPDLL 2025-11-06 06:06:56.998005 - Epoch: 0 Iteration: 8  rank : 3  train.loss : 6.916932106018066  train.ips : 15.544815272767368 imgs/s train.total_time : 1.0292820930480957 
TCAPPDLL 2025-11-06 06:06:56.998396 - Epoch: 0 Iteration: 8  rank : 0  train.loss : 7.00400447845459  train.ips : 15.54460283226485 imgs/s train.total_time : 1.0292961597442627 
TCAPPDLL 2025-11-06 06:06:58.027165 - Epoch: 0 Iteration: 9  rank : 3  train.loss : 6.843672275543213  train.ips : 15.549641756696701 imgs/s train.total_time : 1.0289626121520996 
TCAPPDLL 2025-11-06 06:06:58.029066 - Epoch: 0 Iteration: 9  rank : 1  train.loss : 6.977206230163574  train.ips : 15.508532726076915 imgs/s train.total_time : 1.0316901206970215 
TCAPPDLL 2025-11-06 06:06:58.029051 - Epoch: 0 Iteration: 9  rank : 0  train.loss : 6.893833637237549  train.ips : 15.527428784559584 imgs/s train.total_time : 1.0304346084594727 
TCAPPDLL 2025-11-06 06:06:58.030184 - Epoch: 0 Iteration: 9  rank : 2  train.loss : 6.942973613739014  train.ips : 15.491960365211083 imgs/s train.total_time : 1.0327937602996826 
TCAPPDLL 2025-11-06 06:06:59.055096 - Epoch: 0 Iteration: 10  rank : 2  train.loss : 7.015035629272461  train.ips : 15.61399303628785 imgs/s train.total_time : 1.0247218608856201 
TCAPPDLL 2025-11-06 06:06:59.056242 - Epoch: 0 Iteration: 10  rank : 1  train.loss : 6.912176132202148  train.ips : 15.579752340194561 imgs/s train.total_time : 1.0269739627838135 
TCAPPDLL 2025-11-06 06:06:59.058667 - Epoch: 0 Iteration: 10  rank : 0  train.loss : 6.97779655456543  train.ips : 15.542716327308142 imgs/s train.total_time : 1.029421091079712 
TCAPPDLL 2025-11-06 06:06:59.061083 - Epoch: 0 Iteration: 10  rank : 3  train.loss : 6.968620300292969  train.ips : 15.478236000158683 imgs/s train.total_time : 1.0337095260620117 
TCAPPDLL 2025-11-06 06:07:00.088323 - Epoch: 0 Iteration: 11  rank : 2  train.loss : 6.953440189361572  train.ips : 15.488452817926012 imgs/s train.total_time : 1.0330276489257812 TCAPPDLL 2025-11-06 06:07:00.088338 - Epoch: 0 Iteration: 11  rank : 3  train.loss : 6.9391632080078125  train.ips : 15.57794046437951 imgs/s train.total_time : 1.0270934104919434 

TCAPPDLL 2025-11-06 06:07:00.088573 - Epoch: 0 Iteration: 11  rank : 1  train.loss : 7.019866943359375  train.ips : 15.501826479166311 imgs/s train.total_time : 1.0321364402770996 
TCAPPDLL 2025-11-06 06:07:00.090384 - Epoch: 0 Iteration: 11  rank : 0  train.loss : 6.906859874725342  train.ips : 15.510927172063495 imgs/s train.total_time : 1.0315308570861816 
TCAPPDLL 2025-11-06 06:07:01.119959 - Epoch: 0 Iteration: 12  rank : 2  train.loss : 6.911573886871338  train.ips : 15.512239412619147 imgs/s train.total_time : 1.0314435958862305 
TCAPPDLL 2025-11-06 06:07:01.120118 - Epoch: 0 Iteration: 12  rank : 1  train.loss : 7.033634662628174  train.ips : 15.513204015146838 imgs/s train.total_time : 1.0313794612884521 
TCAPPDLL 2025-11-06 06:07:01.123047 - Epoch: 0 Iteration: 12  rank : 0  train.loss : 7.001712799072266  train.ips : 15.496900798296721 imgs/s train.total_time : 1.0324645042419434 
TCAPPDLL 2025-11-06 06:07:01.124578 - Epoch: 0 Iteration: 12  rank : 3  train.loss : 7.0405473709106445  train.ips : 15.443937053211949 imgs/s train.total_time : 1.0360052585601807 
TCAPPDLL 2025-11-06 06:07:02.150230 - Epoch: 0 Iteration: 13  rank : 3  train.loss : 6.962777137756348  train.ips : 15.602902547052464 imgs/s train.total_time : 1.0254502296447754 TCAPPDLL 2025-11-06 06:07:02.150269 - Epoch: 0 Iteration: 13  rank : 1  train.loss : 6.965318202972412  train.ips : 15.534541966311394 imgs/s train.total_time : 1.0299627780914307 

TCAPPDLL 2025-11-06 06:07:02.150585 - Epoch: 0 Iteration: 13  rank : 2  train.loss : 7.014802932739258  train.ips : 15.527443155315005 imgs/s train.total_time : 1.0304336547851562 
TCAPPDLL 2025-11-06 06:07:02.151794 - Epoch: 0 Iteration: 13  rank : 0  train.loss : 6.893640518188477  train.ips : 15.555917062447946 imgs/s train.total_time : 1.0285475254058838 
TCAPPDLL 2025-11-06 06:07:03.179069 - Epoch: 0 Iteration: 14  rank : 1  train.loss : 6.905567169189453  train.ips : 15.554683949014262 imgs/s train.total_time : 1.0286290645599365 
TCAPPDLL 2025-11-06 06:07:03.179718 - Epoch: 0 Iteration: 14  rank : 3  train.loss : 6.940483093261719  train.ips : 15.544919694803887 imgs/s train.total_time : 1.0292751789093018 
TCAPPDLL 2025-11-06 06:07:03.179910 - Epoch: 0 Iteration: 14  rank : 0  train.loss : 7.058403491973877  train.ips : 15.565626543889964 imgs/s train.total_time : 1.0279059410095215 
TCAPPDLL 2025-11-06 06:07:03.192699 - Epoch: 0 Iteration: 14  rank : 2  train.loss : 6.989982604980469  train.ips : 15.355999089287574 imgs/s train.total_time : 1.041938066482544 
TCAPPDLL 2025-11-06 06:07:04.219494 - Epoch: 0 Iteration: 15  rank : 3  train.loss : 6.931134223937988  train.ips : 15.390709321662097 imgs/s train.total_time : 1.039588212966919 
TCAPPDLL 2025-11-06 06:07:04.219740 - Epoch: 0 Iteration: 15  rank : 0  train.loss : 6.863868713378906  train.ips : 15.390186944286397 imgs/s train.total_time : 1.039623498916626 
TCAPPDLL 2025-11-06 06:07:04.220192 - Epoch: 0 Iteration: 15  rank : 1  train.loss : 6.994874477386475  train.ips : 15.370873316756665 imgs/s train.total_time : 1.0409297943115234 
TCAPPDLL 2025-11-06 06:07:04.227649 - Epoch: 0 Iteration: 15  rank : 2  train.loss : 6.979673385620117  train.ips : 15.463124857572554 imgs/s train.total_time : 1.034719705581665 
TCAPPDLL 2025-11-06 06:07:05.256544 - Epoch: 0 Iteration: 16  rank : 1  train.loss : 6.91893196105957  train.ips : 15.44111557103298 imgs/s train.total_time : 1.0361945629119873 
TCAPPDLL 2025-11-06 06:07:05.257015 - Epoch: 0 Iteration: 16  rank : 2  train.loss : 6.885344982147217  train.ips : 15.547184918025495 imgs/s train.total_time : 1.0291252136230469 
TCAPPDLL 2025-11-06 06:07:05.257641 - Epoch: 0 Iteration: 16  rank : 3  train.loss : 6.938185214996338  train.ips : 15.41595977402407 imgs/s train.total_time : 1.0378854274749756 
TCAPPDLL 2025-11-06 06:07:05.263977 - Epoch: 0 Iteration: 16  rank : 0  train.loss : 7.005962371826172  train.ips : 15.325129344362924 imgs/s train.total_time : 1.044036865234375 
TCAPPDLL 2025-11-06 06:07:06.291175 - Epoch: 0 Iteration: 17  rank : 1  train.loss : 6.902405738830566  train.ips : 15.467248336626124 imgs/s train.total_time : 1.0344438552856445 
TCAPPDLL 2025-11-06 06:07:06.291326 - Epoch: 0 Iteration: 17  rank : 2  train.loss : 7.016474723815918  train.ips : 15.471802042423104 imgs/s train.total_time : 1.0341393947601318 
TCAPPDLL 2025-11-06 06:07:06.292690 - Epoch: 0 Iteration: 17  rank : 3  train.loss : 6.897152423858643  train.ips : 15.461607172685184 imgs/s train.total_time : 1.0348212718963623 
TCAPPDLL 2025-11-06 06:07:06.293058 - Epoch: 0 Iteration: 17  rank : 0  train.loss : 6.865422248840332  train.ips : 15.550834431905264 imgs/s train.total_time : 1.028883695602417 
TCAPPDLL 2025-11-06 06:07:07.321328 - Epoch: 0 Iteration: 18  rank : 1  train.loss : 6.894199848175049  train.ips : 15.534390936706528 imgs/s train.total_time : 1.029972791671753 
TCAPPDLL 2025-11-06 06:07:07.321561 - Epoch: 0 Iteration: 18  rank : 2  train.loss : 6.854026794433594  train.ips : 15.532913159106847 imgs/s train.total_time : 1.0300707817077637 
TCAPPDLL 2025-11-06 06:07:07.322574 - Epoch: 0 Iteration: 18  rank : 0  train.loss : 6.952446937561035  train.ips : 15.54381073242907 imgs/s train.total_time : 1.029348611831665 
TCAPPDLL 2025-11-06 06:07:07.322616 - Epoch: 0 Iteration: 18  rank : 3  train.loss : 6.9145307540893555  train.ips : 15.537966091884163 imgs/s train.total_time : 1.029735803604126 
TCAPPDLL 2025-11-06 06:07:08.351798 - Epoch: 0 Iteration: 19  rank : 3  train.loss : 6.951327323913574  train.ips : 15.549140959716361 imgs/s train.total_time : 1.0289957523345947 
TCAPPDLL 2025-11-06 06:07:08.352077 - Epoch: 0 Iteration: 19  rank : 0  train.loss : 6.799715995788574  train.ips : 15.544062755438487 imgs/s train.total_time : 1.029331922531128 
TCAPPDLL 2025-11-06 06:07:08.354873 - Epoch: 0 Iteration: 19  rank : 2  train.loss : 7.05505895614624  train.ips : 15.486705000621924 imgs/s train.total_time : 1.033144235610962 
TCAPPDLL 2025-11-06 06:07:08.355103 - Epoch: 0 Iteration: 19  rank : 1  train.loss : 6.949086666107178  train.ips : 15.480260430783426 imgs/s train.total_time : 1.0335743427276611 
TCAPPDLL 2025-11-06 06:07:09.383033 - Epoch: 0 Iteration: 20  rank : 1  train.loss : 6.959759712219238  train.ips : 15.567753350278524 imgs/s train.total_time : 1.0277655124664307 
TCAPPDLL 2025-11-06 06:07:09.383528 - Epoch: 0 Iteration: 20  rank : 2  train.loss : 7.00477933883667  train.ips : 15.55687267952717 imgs/s train.total_time : 1.0284843444824219 
TCAPPDLL 2025-11-06 06:07:09.383897 - Epoch: 0 Iteration: 20  rank : 3  train.loss : 7.030108451843262  train.ips : 15.505254108176336 imgs/s train.total_time : 1.0319082736968994 
TCAPPDLL 2025-11-06 06:07:09.384462 - Epoch: 0 Iteration: 20  rank : 0  train.loss : 6.78288459777832  train.ips : 15.500673531949806 imgs/s train.total_time : 1.0322132110595703 
TCAPPDLL 2025-11-06 06:07:10.408464 - Epoch: 0 Iteration: 21  rank : 1  train.loss : 7.021880626678467  train.ips : 15.606603674858082 imgs/s train.total_time : 1.0252070426940918 
TCAPPDLL 2025-11-06 06:07:10.413161 - Epoch: 0 Iteration: 21  rank : 0  train.loss : 7.0392231941223145  train.ips : 15.556140630262687 imgs/s train.total_time : 1.0285327434539795 
TCAPPDLL 2025-11-06 06:07:10.413430 - Epoch: 0 Iteration: 21  rank : 2  train.loss : 7.004420757293701  train.ips : 15.538070421922132 imgs/s train.total_time : 1.029728889465332 
TCAPPDLL 2025-11-06 06:07:10.415691 - Epoch: 0 Iteration: 21  rank : 3  train.loss : 7.0769476890563965  train.ips : 15.510177932093807 imgs/s train.total_time : 1.0315806865692139 
TCAPPDLL 2025-11-06 06:07:11.443715 - Epoch: 0 Iteration: 22  rank : 1  train.loss : 6.9436726570129395  train.ips : 15.4579673684179 imgs/s train.total_time : 1.035064935684204 
TCAPPDLL 2025-11-06 06:07:11.443875 - Epoch: 0 Iteration: 22  rank : 2  train.loss : 6.951779842376709  train.ips : 15.529757193886665 imgs/s train.total_time : 1.0302801132202148 
TCAPPDLL 2025-11-06 06:07:11.445475 - Epoch: 0 Iteration: 22  rank : 3  train.loss : 7.048858642578125  train.ips : 15.540452405951 imgs/s train.total_time : 1.0295710563659668 
TCAPPDLL 2025-11-06 06:07:11.445660 - Epoch: 0 Iteration: 22  rank : 0  train.loss : 6.961350917816162  train.ips : 15.498933694111322 imgs/s train.total_time : 1.0323290824890137 
TCAPPDLL 2025-11-06 06:07:12.468898 - Epoch: 0 Iteration: 23  rank : 1  train.loss : 6.985438823699951  train.ips : 15.609805477736518 imgs/s train.total_time : 1.0249967575073242 
TCAPPDLL 2025-11-06 06:07:12.468984 - Epoch: 0 Iteration: 23  rank : 2  train.loss : 6.842266082763672  train.ips : 15.610651524861506 imgs/s train.total_time : 1.0249412059783936 
TCAPPDLL 2025-11-06 06:07:12.469267 - Epoch: 0 Iteration: 23  rank : 3  train.loss : 7.009203910827637  train.ips : 15.63109706956806 imgs/s train.total_time : 1.0236005783081055 
TCAPPDLL 2025-11-06 06:07:12.472722 - Epoch: 0 Iteration: 23  rank : 0  train.loss : 7.072952747344971  train.ips : 15.58168764305513 imgs/s train.total_time : 1.0268464088439941 
TCAPPDLL 2025-11-06 06:07:13.499693 - Epoch: 0 Iteration: 24  rank : 1  train.loss : 7.064079284667969  train.ips : 15.524792201152524 imgs/s train.total_time : 1.0306096076965332 
TCAPPDLL 2025-11-06 06:07:13.501109 - Epoch: 0 Iteration: 24  rank : 2  train.loss : 6.946055889129639  train.ips : 15.50448750574988 imgs/s train.total_time : 1.0319592952728271 
TCAPPDLL 2025-11-06 06:07:13.501397 - Epoch: 0 Iteration: 24  rank : 3  train.loss : 6.85410213470459  train.ips : 15.504494669907626 imgs/s train.total_time : 1.031958818435669 
TCAPPDLL 2025-11-06 06:07:13.502607 - Epoch: 0 Iteration: 24  rank : 0  train.loss : 6.86834192276001  train.ips : 15.538825957109243 imgs/s train.total_time : 1.0296788215637207 
TCAPPDLL 2025-11-06 06:07:14.529362 - Epoch: 0 Iteration: 25  rank : 1  train.loss : 6.863329887390137  train.ips : 15.541769647204426 imgs/s train.total_time : 1.0294837951660156 
TCAPPDLL 2025-11-06 06:07:14.529521 - Epoch: 0 Iteration: 25  rank : 2  train.loss : 6.963599681854248  train.ips : 15.560458191487536 imgs/s train.total_time : 1.028247356414795 
TCAPPDLL 2025-11-06 06:07:14.530170 - Epoch: 0 Iteration: 25  rank : 3  train.loss : 6.9253926277160645  train.ips : 15.555112992621686 imgs/s train.total_time : 1.0286006927490234 
TCAPPDLL 2025-11-06 06:07:14.530530 - Epoch: 0 Iteration: 25  rank : 0  train.loss : 6.952033996582031  train.ips : 15.567915863629151 imgs/s train.total_time : 1.027754783630371 
TCAPPDLL 2025-11-06 06:07:15.555775 - Epoch: 0 Iteration: 26  rank : 2  train.loss : 6.835590362548828  train.ips : 15.59312840488263 imgs/s train.total_time : 1.0260930061340332 
TCAPPDLL 2025-11-06 06:07:15.556070 - Epoch: 0 Iteration: 26  rank : 1  train.loss : 6.994265079498291  train.ips : 15.586504473850763 imgs/s train.total_time : 1.02652907371521 
TCAPPDLL 2025-11-06 06:07:15.556352 - Epoch: 0 Iteration: 26  rank : 3  train.loss : 6.875312328338623  train.ips : 15.59425166308968 imgs/s train.total_time : 1.0260190963745117 
TCAPPDLL 2025-11-06 06:07:15.557181 - Epoch: 0 Iteration: 26  rank : 0  train.loss : 6.986554145812988  train.ips : 15.587098188767577 imgs/s train.total_time : 1.0264899730682373 
TCAPPDLL 2025-11-06 06:07:16.582400 - Epoch: 0 Iteration: 27  rank : 2  train.loss : 6.924471378326416  train.ips : 15.58777884444081 imgs/s train.total_time : 1.0264451503753662 
TCAPPDLL 2025-11-06 06:07:16.582434 - Epoch: 0 Iteration: 27  rank : 1  train.loss : 6.907841682434082  train.ips : 15.59155249279712 imgs/s train.total_time : 1.0261967182159424 
TCAPPDLL 2025-11-06 06:07:16.582689 - Epoch: 0 Iteration: 27  rank : 3  train.loss : 6.857507705688477  train.ips : 15.591936478802065 imgs/s train.total_time : 1.0261714458465576 
TCAPPDLL 2025-11-06 06:07:16.583629 - Epoch: 0 Iteration: 27  rank : 0  train.loss : 6.9629411697387695  train.ips : 15.590339076449013 imgs/s train.total_time : 1.0262765884399414 
TCAPPDLL 2025-11-06 06:07:17.609325 - Epoch: 0 Iteration: 28  rank : 1  train.loss : 6.964391231536865  train.ips : 15.583576383341569 imgs/s train.total_time : 1.0267219543457031 
TCAPPDLL 2025-11-06 06:07:17.609453 - Epoch: 0 Iteration: 28  rank : 2  train.loss : 6.9399733543396  train.ips : 15.581405456811542 imgs/s train.total_time : 1.026865005493164 
TCAPPDLL 2025-11-06 06:07:17.610390 - Epoch: 0 Iteration: 28  rank : 3  train.loss : 6.961787700653076  train.ips : 15.572073747582413 imgs/s train.total_time : 1.0274803638458252 
TCAPPDLL 2025-11-06 06:07:17.610580 - Epoch: 0 Iteration: 28  rank : 0  train.loss : 6.897563934326172  train.ips : 15.58268261199996 imgs/s train.total_time : 1.0267808437347412 
TCAPPDLL 2025-11-06 06:07:18.637846 - Epoch: 0 Iteration: 29  rank : 2  train.loss : 7.035508632659912  train.ips : 15.560818998479368 imgs/s train.total_time : 1.0282235145568848 
TCAPPDLL 2025-11-06 06:07:18.638281 - Epoch: 0 Iteration: 29  rank : 1  train.loss : 6.986339569091797  train.ips : 15.552456187148044 imgs/s train.total_time : 1.0287764072418213 
TCAPPDLL 2025-11-06 06:07:18.638586 - Epoch: 0 Iteration: 29  rank : 3  train.loss : 6.875064849853516  train.ips : 15.564215011987038 imgs/s train.total_time : 1.0279991626739502 
TCAPPDLL 2025-11-06 06:07:18.639362 - Epoch: 0 Iteration: 29  rank : 0  train.loss : 6.822042942047119  train.ips : 15.554853400384207 imgs/s train.total_time : 1.0286178588867188 
TCAPPDLL 2025-11-06 06:07:19.665072 - Epoch: 0 Iteration: 30  rank : 2  train.loss : 6.90141487121582  train.ips : 15.578790293768819 imgs/s train.total_time : 1.0270373821258545 
TCAPPDLL 2025-11-06 06:07:19.667032 - Epoch: 0 Iteration: 30  rank : 1  train.loss : 6.9576096534729  train.ips : 15.55537980478375 imgs/s train.total_time : 1.02858304977417 
TCAPPDLL 2025-11-06 06:07:19.667043 - Epoch: 0 Iteration: 30  rank : 3  train.loss : 6.956762790679932  train.ips : 15.559999990725517 imgs/s train.total_time : 1.0282776355743408 
TCAPPDLL 2025-11-06 06:07:19.668334 - Epoch: 0 Iteration: 30  rank : 0  train.loss : 6.897180557250977  train.ips : 15.552128204914286 imgs/s train.total_time : 1.0287981033325195 
TCAPPDLL 2025-11-06 06:07:20.694359 - Epoch: 0 Iteration: 31  rank : 2  train.loss : 7.010959148406982  train.ips : 15.547696395217965 imgs/s train.total_time : 1.0290913581848145 
TCAPPDLL 2025-11-06 06:07:20.694695 - Epoch: 0 Iteration: 31  rank : 3  train.loss : 6.948554515838623  train.ips : 15.572239964599298 imgs/s train.total_time : 1.0274693965911865 
TCAPPDLL 2025-11-06 06:07:20.694935 - Epoch: 0 Iteration: 31  rank : 1  train.loss : 7.025806427001953  train.ips : 15.568439540840412 imgs/s train.total_time : 1.0277202129364014 
TCAPPDLL 2025-11-06 06:07:20.695972 - Epoch: 0 Iteration: 31  rank : 0  train.loss : 6.88760232925415  train.ips : 15.572250804962785 imgs/s train.total_time : 1.0274686813354492 
TCAPPDLL 2025-11-06 06:07:21.721751 - Epoch: 0 Iteration: 32  rank : 1  train.loss : 6.941753387451172  train.ips : 15.58448111461464 imgs/s train.total_time : 1.0266623497009277 
TCAPPDLL 2025-11-06 06:07:21.722512 - Epoch: 0 Iteration: 32  rank : 2  train.loss : 6.903364658355713  train.ips : 15.564702340612756 imgs/s train.total_time : 1.0279669761657715 
TCAPPDLL 2025-11-06 06:07:21.722767 - Epoch: 0 Iteration: 32  rank : 3  train.loss : 6.948381423950195  train.ips : 15.565854001368965 imgs/s train.total_time : 1.027890920639038 
TCAPPDLL 2025-11-06 06:07:21.724183 - Epoch: 0 Iteration: 32  rank : 0  train.loss : 6.954625129699707  train.ips : 15.564063404860589 imgs/s train.total_time : 1.0280091762542725 
TCAPPDLL 2025-11-06 06:07:22.749179 - Epoch: 0 Iteration: 33  rank : 1  train.loss : 7.092651844024658  train.ips : 15.57563012045033 imgs/s train.total_time : 1.0272457599639893 
TCAPPDLL 2025-11-06 06:07:22.749255 - Epoch: 0 Iteration: 33  rank : 2  train.loss : 6.785584449768066  train.ips : 15.58588908539637 imgs/s train.total_time : 1.0265696048736572 
TCAPPDLL 2025-11-06 06:07:22.749488 - Epoch: 0 Iteration: 33  rank : 3  train.loss : 7.012978553771973  train.ips : 15.586160574312476 imgs/s train.total_time : 1.0265517234802246 
TCAPPDLL 2025-11-06 06:07:22.751104 - Epoch: 0 Iteration: 33  rank : 0  train.loss : 6.891417026519775  train.ips : 15.583670470499666 imgs/s train.total_time : 1.0267157554626465 
TCAPPDLL 2025-11-06 06:07:23.774814 - Epoch: 0 Iteration: 34  rank : 1  train.loss : 6.804046630859375  train.ips : 15.602775578720253 imgs/s train.total_time : 1.025458574295044 
TCAPPDLL 2025-11-06 06:07:23.775284 - Epoch: 0 Iteration: 34  rank : 3  train.loss : 7.031970024108887  train.ips : 15.600222140137511 imgs/s train.total_time : 1.0256264209747314 
TCAPPDLL 2025-11-06 06:07:23.775428 - Epoch: 0 Iteration: 34  rank : 2  train.loss : 6.990355491638184  train.ips : 15.594429225166131 imgs/s train.total_time : 1.0260074138641357 
TCAPPDLL 2025-11-06 06:07:23.776128 - Epoch: 0 Iteration: 34  rank : 0  train.loss : 6.921218395233154  train.ips : 15.612176820026544 imgs/s train.total_time : 1.024841070175171 
TCAPPDLL 2025-11-06 06:07:24.802063 - Epoch: 0 Iteration: 35  rank : 2  train.loss : 6.990861415863037  train.ips : 15.587340756046439 imgs/s train.total_time : 1.0264739990234375 
TCAPPDLL 2025-11-06 06:07:24.804090 - Epoch: 0 Iteration: 35  rank : 0  train.loss : 6.971094131469727  train.ips : 15.567486113479175 imgs/s train.total_time : 1.0277831554412842 TCAPPDLL 2025-11-06 06:07:24.804097 - Epoch: 0 Iteration: 35  rank : 3  train.loss : 6.8825178146362305  train.ips : 15.554637080138216 imgs/s train.total_time : 1.0286321640014648 

TCAPPDLL 2025-11-06 06:07:24.806706 - Epoch: 0 Iteration: 35  rank : 1  train.loss : 6.900637626647949  train.ips : 15.508604405340911 imgs/s train.total_time : 1.0316853523254395 
TCAPPDLL 2025-11-06 06:07:25.837855 - Epoch: 0 Iteration: 36  rank : 2  train.loss : 6.88452672958374  train.ips : 15.449885441914262 imgs/s train.total_time : 1.0356063842773438 
TCAPPDLL 2025-11-06 06:07:25.838405 - Epoch: 0 Iteration: 36  rank : 3  train.loss : 7.016977787017822  train.ips : 15.471762805630702 imgs/s train.total_time : 1.034142017364502 
TCAPPDLL 2025-11-06 06:07:25.839067 - Epoch: 0 Iteration: 36  rank : 1  train.loss : 7.083765983581543  train.ips : 15.501264306458554 imgs/s train.total_time : 1.0321738719940186 
TCAPPDLL 2025-11-06 06:07:25.840015 - Epoch: 0 Iteration: 36  rank : 0  train.loss : 6.870421409606934  train.ips : 15.447648480978538 imgs/s train.total_time : 1.0357563495635986 
TCAPPDLL 2025-11-06 06:07:26.865210 - Epoch: 0 Iteration: 37  rank : 1  train.loss : 6.944797039031982  train.ips : 15.594976431690013 imgs/s train.total_time : 1.0259714126586914 
TCAPPDLL 2025-11-06 06:07:26.865897 - Epoch: 0 Iteration: 37  rank : 3  train.loss : 6.951105117797852  train.ips : 15.574730031122138 imgs/s train.total_time : 1.0273051261901855 
TCAPPDLL 2025-11-06 06:07:26.866095 - Epoch: 0 Iteration: 37  rank : 2  train.loss : 6.8892436027526855  train.ips : 15.563742151900612 imgs/s train.total_time : 1.0280303955078125 
TCAPPDLL 2025-11-06 06:07:26.866425 - Epoch: 0 Iteration: 37  rank : 0  train.loss : 7.035525798797607  train.ips : 15.590817176162721 imgs/s train.total_time : 1.0262451171875 
TCAPPDLL 2025-11-06 06:07:27.890010 - Epoch: 0 Iteration: 38  rank : 2  train.loss : 7.113314628601074  train.ips : 15.62873817519574 imgs/s train.total_time : 1.0237550735473633 
TCAPPDLL 2025-11-06 06:07:27.890367 - Epoch: 0 Iteration: 38  rank : 1  train.loss : 6.861917018890381  train.ips : 15.610081431527549 imgs/s train.total_time : 1.0249786376953125 
TCAPPDLL 2025-11-06 06:07:27.892332 - Epoch: 0 Iteration: 38  rank : 3  train.loss : 6.9400105476379395  train.ips : 15.590563634783877 imgs/s train.total_time : 1.026261806488037 
TCAPPDLL 2025-11-06 06:07:27.893356 - Epoch: 0 Iteration: 38  rank : 0  train.loss : 7.118578910827637  train.ips : 15.582957607646948 imgs/s train.total_time : 1.0267627239227295 
TCAPPDLL 2025-11-06 06:07:28.919263 - Epoch: 0 Iteration: 39  rank : 1  train.loss : 6.887988567352295  train.ips : 15.553180680448689 imgs/s train.total_time : 1.0287284851074219 
TCAPPDLL 2025-11-06 06:07:28.919534 - Epoch: 0 Iteration: 39  rank : 3  train.loss : 6.960105895996094  train.ips : 15.578891556218558 imgs/s train.total_time : 1.0270307064056396 
TCAPPDLL 2025-11-06 06:07:28.919577 - Epoch: 0 Iteration: 39  rank : 2  train.loss : 6.910171031951904  train.ips : 15.54329231079236 imgs/s train.total_time : 1.0293829441070557 
TCAPPDLL 2025-11-06 06:07:28.920167 - Epoch: 0 Iteration: 39  rank : 0  train.loss : 6.964427947998047  train.ips : 15.584788747178678 imgs/s train.total_time : 1.026642084121704 
TCAPPDLL 2025-11-06 06:07:29.947061 - Epoch: 0 Iteration: 40  rank : 2  train.loss : 6.9370527267456055  train.ips : 15.57471557270482 imgs/s train.total_time : 1.027306079864502 
TCAPPDLL 2025-11-06 06:07:29.947209 - Epoch: 0 Iteration: 40  rank : 3  train.loss : 6.906673431396484  train.ips : 15.571806362435462 imgs/s train.total_time : 1.0274980068206787 
TCAPPDLL 2025-11-06 06:07:29.948977 - Epoch: 0 Iteration: 40  rank : 0  train.loss : 6.830856800079346  train.ips : 15.554449607458475 imgs/s train.total_time : 1.0286445617675781 
TCAPPDLL 2025-11-06 06:07:29.951897 - Epoch: 0 Iteration: 40  rank : 1  train.loss : 7.01057243347168  train.ips : 15.497179931978444 imgs/s train.total_time : 1.0324459075927734 
TCAPPDLL 2025-11-06 06:07:30.975858 - Epoch: 0 Iteration: 41  rank : 1  train.loss : 6.961271286010742  train.ips : 15.628148562842709 imgs/s train.total_time : 1.0237936973571777 
TCAPPDLL 2025-11-06 06:07:30.978701 - Epoch: 0 Iteration: 41  rank : 2  train.loss : 7.053339958190918  train.ips : 15.512411526210432 imgs/s train.total_time : 1.0314321517944336 
TCAPPDLL 2025-11-06 06:07:30.980217 - Epoch: 0 Iteration: 41  rank : 0  train.loss : 6.950262069702148  train.ips : 15.51835537334752 imgs/s train.total_time : 1.0310370922088623 
TCAPPDLL 2025-11-06 06:07:30.982628 - Epoch: 0 Iteration: 41  rank : 3  train.loss : 7.107901096343994  train.ips : 15.456059114956933 imgs/s train.total_time : 1.0351927280426025 
TCAPPDLL 2025-11-06 06:07:32.008789 - Epoch: 0 Iteration: 42  rank : 1  train.loss : 6.919793128967285  train.ips : 15.492922447272152 imgs/s train.total_time : 1.0327296257019043 
TCAPPDLL 2025-11-06 06:07:32.009307 - Epoch: 0 Iteration: 42  rank : 2  train.loss : 6.962610721588135  train.ips : 15.528089866841656 imgs/s train.total_time : 1.030390739440918 
TCAPPDLL 2025-11-06 06:07:32.009498 - Epoch: 0 Iteration: 42  rank : 3  train.loss : 6.900528907775879  train.ips : 15.584372541315194 imgs/s train.total_time : 1.0266695022583008 
TCAPPDLL 2025-11-06 06:07:32.010447 - Epoch: 0 Iteration: 42  rank : 0  train.loss : 6.896671772003174  train.ips : 15.533380552276462 imgs/s train.total_time : 1.0300397872924805 
TCAPPDLL 2025-11-06 06:07:33.037426 - Epoch: 0 Iteration: 43  rank : 3  train.loss : 6.937051773071289  train.ips : 15.567995315835455 imgs/s train.total_time : 1.0277495384216309 
TCAPPDLL 2025-11-06 06:07:33.037511 - Epoch: 0 Iteration: 43  rank : 2  train.loss : 6.9572577476501465  train.ips : 15.564106720881048 imgs/s train.total_time : 1.0280063152313232 
TCAPPDLL 2025-11-06 06:07:33.037827 - Epoch: 0 Iteration: 43  rank : 1  train.loss : 6.940831184387207  train.ips : 15.551699325942579 imgs/s train.total_time : 1.0288264751434326 
TCAPPDLL 2025-11-06 06:07:33.038381 - Epoch: 0 Iteration: 43  rank : 0  train.loss : 6.903235912322998  train.ips : 15.567984481395932 imgs/s train.total_time : 1.0277502536773682 
TCAPPDLL 2025-11-06 06:07:34.062892 - Epoch: 0 Iteration: 44  rank : 1  train.loss : 6.876960754394531  train.ips : 15.611414135187225 imgs/s train.total_time : 1.0248911380767822 
TCAPPDLL 2025-11-06 06:07:34.063287 - Epoch: 0 Iteration: 44  rank : 2  train.loss : 6.977489471435547  train.ips : 15.60080239369783 imgs/s train.total_time : 1.0255882740020752 
TCAPPDLL 2025-11-06 06:07:34.063468 - Epoch: 0 Iteration: 44  rank : 3  train.loss : 6.900312900543213  train.ips : 15.596864770267146 imgs/s train.total_time : 1.0258471965789795 
TCAPPDLL 2025-11-06 06:07:34.064305 - Epoch: 0 Iteration: 44  rank : 0  train.loss : 6.919276714324951  train.ips : 15.598412751540575 imgs/s train.total_time : 1.0257453918457031 
TCAPPDLL 2025-11-06 06:07:35.090581 - Epoch: 0 Iteration: 45  rank : 1  train.loss : 6.966034412384033  train.ips : 15.571820815451888 imgs/s train.total_time : 1.0274970531463623 
TCAPPDLL 2025-11-06 06:07:35.091538 - Epoch: 0 Iteration: 45  rank : 3  train.loss : 7.020322322845459  train.ips : 15.565597660876225 imgs/s train.total_time : 1.0279078483581543 
TCAPPDLL 2025-11-06 06:07:35.091662 - Epoch: 0 Iteration: 45  rank : 0  train.loss : 7.134281635284424  train.ips : 15.576555621964452 imgs/s train.total_time : 1.0271847248077393 
TCAPPDLL 2025-11-06 06:07:35.092123 - Epoch: 0 Iteration: 45  rank : 2  train.loss : 6.927767276763916  train.ips : 15.55449286998347 imgs/s train.total_time : 1.028641700744629 
TCAPPDLL 2025-11-06 06:07:36.116238 - Epoch: 0 Iteration: 46  rank : 3  train.loss : 7.002501964569092  train.ips : 15.617070671059038 imgs/s train.total_time : 1.024519920349121 
TCAPPDLL 2025-11-06 06:07:36.116418 - Epoch: 0 Iteration: 46  rank : 2  train.loss : 7.003506660461426  train.ips : 15.623338697181 imgs/s train.total_time : 1.02410888671875 
TCAPPDLL 2025-11-06 06:07:36.116417 - Epoch: 0 Iteration: 46  rank : 1  train.loss : 6.793974876403809  train.ips : 15.600301922442569 imgs/s train.total_time : 1.0256211757659912 
TCAPPDLL 2025-11-06 06:07:36.119378 - Epoch: 0 Iteration: 46  rank : 0  train.loss : 6.866158485412598  train.ips : 15.571040390955512 imgs/s train.total_time : 1.0275485515594482 
TCAPPDLL 2025-11-06 06:07:37.144934 - Epoch: 0 Iteration: 47  rank : 3  train.loss : 6.930233478546143  train.ips : 15.55699890188122 imgs/s train.total_time : 1.0284759998321533 
TCAPPDLL 2025-11-06 06:07:37.145844 - Epoch: 0 Iteration: 47  rank : 0  train.loss : 7.09377384185791  train.ips : 15.59027388330537 imgs/s train.total_time : 1.0262808799743652 
TCAPPDLL 2025-11-06 06:07:37.150828 - Epoch: 0 Iteration: 47  rank : 2  train.loss : 6.866892337799072  train.ips : 15.47026838868814 imgs/s train.total_time : 1.0342419147491455 
TCAPPDLL 2025-11-06 06:07:37.150940 - Epoch: 0 Iteration: 47  rank : 1  train.loss : 7.07187032699585  train.ips : 15.468920451153366 imgs/s train.total_time : 1.034332036972046 
TCAPPDLL 2025-11-06 06:07:38.177457 - Epoch: 0 Iteration: 48  rank : 2  train.loss : 7.0372090339660645  train.ips : 15.587478334873294 imgs/s train.total_time : 1.0264649391174316 
TCAPPDLL 2025-11-06 06:07:38.177973 - Epoch: 0 Iteration: 48  rank : 3  train.loss : 7.039268970489502  train.ips : 15.49121295642258 imgs/s train.total_time : 1.0328435897827148 
TCAPPDLL 2025-11-06 06:07:38.178229 - Epoch: 0 Iteration: 48  rank : 1  train.loss : 6.905964374542236  train.ips : 15.57734744688269 imgs/s train.total_time : 1.027132511138916 
TCAPPDLL 2025-11-06 06:07:38.178607 - Epoch: 0 Iteration: 48  rank : 0  train.loss : 6.908977031707764  train.ips : 15.4950473194569 imgs/s train.total_time : 1.032588005065918 
TCAPPDLL 2025-11-06 06:07:39.203228 - Epoch: 0 Iteration: 49  rank : 1  train.loss : 6.896684646606445  train.ips : 15.612416536367125 imgs/s train.total_time : 1.0248253345489502 
TCAPPDLL 2025-11-06 06:07:39.203293 - Epoch: 0 Iteration: 49  rank : 3  train.loss : 6.99192476272583  train.ips : 15.607558270017886 imgs/s train.total_time : 1.025144338607788 
TCAPPDLL 2025-11-06 06:07:39.204089 - Epoch: 0 Iteration: 49  rank : 0  train.loss : 6.963836193084717  train.ips : 15.60493795007963 imgs/s train.total_time : 1.0253164768218994 
TCAPPDLL 2025-11-06 06:07:39.204823 - Epoch: 0 Iteration: 49  rank : 2  train.loss : 6.963794231414795  train.ips : 15.576721934675076 imgs/s train.total_time : 1.0271737575531006 
TCAPPDLL 2025-11-06 06:07:40.229937 - Epoch: 0 Iteration: 50  rank : 0  train.loss : 6.904949188232422  train.ips : 15.599471501135751 imgs/s train.total_time : 1.0256757736206055 
TCAPPDLL 2025-11-06 06:07:40.229983 - Epoch: 0 Iteration: 50  rank : 3  train.loss : 6.864218711853027  train.ips : 15.586732541913713 imgs/s train.total_time : 1.0265140533447266 
TCAPPDLL 2025-11-06 06:07:40.230320 - Epoch: 0 Iteration: 50  rank : 1  train.loss : 7.025308132171631  train.ips : 15.580714505447306 imgs/s train.total_time : 1.0269105434417725 
TCAPPDLL 2025-11-06 06:07:40.230633 - Epoch: 0 Iteration: 50  rank : 2  train.loss : 6.857685089111328  train.ips : 15.60005532522749 imgs/s train.total_time : 1.0256373882293701 
TCAPPDLL 2025-11-06 06:07:41.257882 - Epoch: 0 Iteration: 51  rank : 1  train.loss : 7.107929229736328  train.ips : 15.573371057220285 imgs/s train.total_time : 1.0273947715759277 
TCAPPDLL 2025-11-06 06:07:41.257961 - Epoch: 0 Iteration: 51  rank : 2  train.loss : 7.038083553314209  train.ips : 15.576971410400143 imgs/s train.total_time : 1.0271573066711426 
TCAPPDLL 2025-11-06 06:07:41.258339 - Epoch: 0 Iteration: 51  rank : 3  train.loss : 6.914005279541016  train.ips : 15.561515403285666 imgs/s train.total_time : 1.0281774997711182 
TCAPPDLL 2025-11-06 06:07:41.262019 - Epoch: 0 Iteration: 51  rank : 0  train.loss : 6.9154953956604  train.ips : 15.505719838253496 imgs/s train.total_time : 1.0318772792816162 
TCAPPDLL 2025-11-06 06:07:42.286446 - Epoch: 0 Iteration: 52  rank : 1  train.loss : 6.814772605895996  train.ips : 15.558578657701535 imgs/s train.total_time : 1.0283715724945068 
TCAPPDLL 2025-11-06 06:07:42.286866 - Epoch: 0 Iteration: 52  rank : 2  train.loss : 6.912390232086182  train.ips : 15.553108588539036 imgs/s train.total_time : 1.028733253479004 
TCAPPDLL 2025-11-06 06:07:42.287197 - Epoch: 0 Iteration: 52  rank : 3  train.loss : 6.934416770935059  train.ips : 15.553800698461142 imgs/s train.total_time : 1.0286874771118164 
TCAPPDLL 2025-11-06 06:07:42.287959 - Epoch: 0 Iteration: 52  rank : 0  train.loss : 6.899672031402588  train.ips : 15.598061075426768 imgs/s train.total_time : 1.025768518447876 
TCAPPDLL 2025-11-06 06:07:43.314627 - Epoch: 0 Iteration: 53  rank : 1  train.loss : 6.991228103637695  train.ips : 15.564243889869804 imgs/s train.total_time : 1.0279972553253174 
TCAPPDLL 2025-11-06 06:07:43.314836 - Epoch: 0 Iteration: 53  rank : 2  train.loss : 6.96897029876709  train.ips : 15.567341664975208 imgs/s train.total_time : 1.0277926921844482 
TCAPPDLL 2025-11-06 06:07:43.315306 - Epoch: 0 Iteration: 53  rank : 3  train.loss : 6.881523609161377  train.ips : 15.565319667349733 imgs/s train.total_time : 1.0279262065887451 
TCAPPDLL 2025-11-06 06:07:43.315525 - Epoch: 0 Iteration: 53  rank : 0  train.loss : 6.958221912384033  train.ips : 15.573389127125887 imgs/s train.total_time : 1.0273935794830322 
TCAPPDLL 2025-11-06 06:07:44.334097 - Epoch: 0 Iteration: 54  rank : 1  train.loss : 6.999131679534912  train.ips : 15.697392378296952 imgs/s train.total_time : 1.019277572631836 
TCAPPDLL 2025-11-06 06:07:44.343355 - Epoch: 0 Iteration: 54  rank : 3  train.loss : 6.992366313934326  train.ips : 15.56614645646717 imgs/s train.total_time : 1.0278716087341309 
TCAPPDLL 2025-11-06 06:07:44.344061 - Epoch: 0 Iteration: 54  rank : 2  train.loss : 6.917618274688721  train.ips : 15.548240326900856 imgs/s train.total_time : 1.0290553569793701 
TCAPPDLL 2025-11-06 06:07:44.344312 - Epoch: 0 Iteration: 54  rank : 0  train.loss : 6.878561496734619  train.ips : 15.556807765971207 imgs/s train.total_time : 1.0284886360168457 
TCAPPDLL 2025-11-06 06:07:45.368537 - Epoch: 0 Iteration: 55  rank : 1  train.loss : 6.962223052978516  train.ips : 15.469943863738632 imgs/s train.total_time : 1.0342636108398438 
TCAPPDLL 2025-11-06 06:07:45.372983 - Epoch: 0 Iteration: 55  rank : 2  train.loss : 6.95979118347168  train.ips : 15.552845458740228 imgs/s train.total_time : 1.0287506580352783 
TCAPPDLL 2025-11-06 06:07:45.374024 - Epoch: 0 Iteration: 55  rank : 0  train.loss : 6.9349493980407715  train.ips : 15.541467309796177 imgs/s train.total_time : 1.0295038223266602 
TCAPPDLL 2025-11-06 06:07:45.378730 - Epoch: 0 Iteration: 55  rank : 3  train.loss : 7.004971027374268  train.ips : 15.45585265309234 imgs/s train.total_time : 1.0352065563201904 
TCAPPDLL 2025-11-06 06:07:46.403664 - Epoch: 0 Iteration: 56  rank : 2  train.loss : 6.993053436279297  train.ips : 15.526369014663887 imgs/s train.total_time : 1.0305049419403076 TCAPPDLL 2025-11-06 06:07:46.403676 - Epoch: 0 Iteration: 56  rank : 1  train.loss : 6.925936222076416  train.ips : 15.459690897702385 imgs/s train.total_time : 1.034949541091919 

TCAPPDLL 2025-11-06 06:07:46.404742 - Epoch: 0 Iteration: 56  rank : 3  train.loss : 6.93577241897583  train.ips : 15.597673162437024 imgs/s train.total_time : 1.0257940292358398 
TCAPPDLL 2025-11-06 06:07:46.406768 - Epoch: 0 Iteration: 56  rank : 0  train.loss : 6.926441192626953  train.ips : 15.495351431329679 imgs/s train.total_time : 1.0325677394866943 
TCAPPDLL 2025-11-06 06:07:47.424544 - Epoch: 0 Iteration: 57  rank : 1  train.loss : 6.920429229736328  train.ips : 15.67557206528866 imgs/s train.total_time : 1.0206964015960693 
TCAPPDLL 2025-11-06 06:07:47.425895 - Epoch: 0 Iteration: 57  rank : 0  train.loss : 6.932840347290039  train.ips : 15.702567603961953 imgs/s train.total_time : 1.0189416408538818 
TCAPPDLL 2025-11-06 06:07:47.432420 - Epoch: 0 Iteration: 57  rank : 3  train.loss : 6.828986167907715  train.ips : 15.571864174662146 imgs/s train.total_time : 1.027494192123413 
TCAPPDLL 2025-11-06 06:07:47.432488 - Epoch: 0 Iteration: 57  rank : 2  train.loss : 6.949466228485107  train.ips : 15.55464789600762 imgs/s train.total_time : 1.0286314487457275 
TCAPPDLL 2025-11-06 06:07:48.450412 - Epoch: 0 Iteration: 58  rank : 0  train.loss : 6.902749538421631  train.ips : 15.620025905801107 imgs/s train.total_time : 1.0243260860443115 
TCAPPDLL 2025-11-06 06:07:48.456668 - Epoch: 0 Iteration: 58  rank : 2  train.loss : 6.972334384918213  train.ips : 15.624895576154204 imgs/s train.total_time : 1.0240068435668945 
TCAPPDLL 2025-11-06 06:07:48.457984 - Epoch: 0 Iteration: 58  rank : 3  train.loss : 6.842936038970947  train.ips : 15.603834920676256 imgs/s train.total_time : 1.0253889560699463 
TCAPPDLL 2025-11-06 06:07:48.461793 - Epoch: 0 Iteration: 58  rank : 1  train.loss : 6.951779842376709  train.ips : 15.42809468886149 imgs/s train.total_time : 1.0370690822601318 
TCAPPDLL 2025-11-06 06:07:49.480532 - Epoch: 0 Iteration: 59  rank : 0  train.loss : 6.937022686004639  train.ips : 15.53500945751088 imgs/s train.total_time : 1.0299317836761475 
TCAPPDLL 2025-11-06 06:07:49.482723 - Epoch: 0 Iteration: 59  rank : 1  train.loss : 6.975043773651123  train.ips : 15.674510282965786 imgs/s train.total_time : 1.0207655429840088 
TCAPPDLL 2025-11-06 06:07:49.487610 - Epoch: 0 Iteration: 59  rank : 3  train.loss : 6.932052135467529  train.ips : 15.542413953067184 imgs/s train.total_time : 1.0294411182403564 
TCAPPDLL 2025-11-06 06:07:49.488727 - Epoch: 0 Iteration: 59  rank : 2  train.loss : 6.9279279708862305  train.ips : 15.505594446634298 imgs/s train.total_time : 1.0318856239318848 
TCAPPDLL 2025-11-06 06:07:50.511613 - Epoch: 0 Iteration: 60  rank : 3  train.loss : 6.938901901245117  train.ips : 15.627733677113588 imgs/s train.total_time : 1.0238208770751953 
TCAPPDLL 2025-11-06 06:07:50.511734 - Epoch: 0 Iteration: 60  rank : 1  train.loss : 6.923642158508301  train.ips : 15.551378583180776 imgs/s train.total_time : 1.0288476943969727 
TCAPPDLL 2025-11-06 06:07:50.511989 - Epoch: 0 Iteration: 60  rank : 2  train.loss : 6.857538223266602  train.ips : 15.6387793296161 imgs/s train.total_time : 1.0230977535247803 
TCAPPDLL 2025-11-06 06:07:50.513170 - Epoch: 0 Iteration: 60  rank : 0  train.loss : 6.809988021850586  train.ips : 15.49729087251617 imgs/s train.total_time : 1.0324385166168213 
TCAPPDLL 2025-11-06 06:07:51.538138 - Epoch: 0 Iteration: 61  rank : 3  train.loss : 6.968491077423096  train.ips : 15.589723385166769 imgs/s train.total_time : 1.0263171195983887 
TCAPPDLL 2025-11-06 06:07:51.538315 - Epoch: 0 Iteration: 61  rank : 1  train.loss : 6.851531505584717  train.ips : 15.588289375208184 imgs/s train.total_time : 1.026411533355713 
TCAPPDLL 2025-11-06 06:07:51.538394 - Epoch: 0 Iteration: 61  rank : 2  train.loss : 6.938763618469238  train.ips : 15.59091135077519 imgs/s train.total_time : 1.0262389183044434 
TCAPPDLL 2025-11-06 06:07:51.539619 - Epoch: 0 Iteration: 61  rank : 0  train.loss : 6.891265869140625  train.ips : 15.590320967187754 imgs/s train.total_time : 1.026277780532837 
TCAPPDLL 2025-11-06 06:07:52.564083 - Epoch: 0 Iteration: 62  rank : 1  train.loss : 6.901264190673828  train.ips : 15.600581166936715 imgs/s train.total_time : 1.0256028175354004 
TCAPPDLL 2025-11-06 06:07:52.565107 - Epoch: 0 Iteration: 62  rank : 0  train.loss : 6.915676116943359  train.ips : 15.605050438813727 imgs/s train.total_time : 1.0253090858459473 
TCAPPDLL 2025-11-06 06:07:52.566395 - Epoch: 0 Iteration: 62  rank : 2  train.loss : 6.846582412719727  train.ips : 15.566601408463772 imgs/s train.total_time : 1.027841567993164 
TCAPPDLL 2025-11-06 06:07:52.567633 - Epoch: 0 Iteration: 62  rank : 3  train.loss : 6.974344253540039  train.ips : 15.54440119919291 imgs/s train.total_time : 1.0293095111846924 
TCAPPDLL 2025-11-06 06:07:53.593022 - Epoch: 0 Iteration: 63  rank : 2  train.loss : 7.038055419921875  train.ips : 15.587424027151517 imgs/s train.total_time : 1.0264685153961182 
TCAPPDLL 2025-11-06 06:07:53.595110 - Epoch: 0 Iteration: 63  rank : 1  train.loss : 6.877894401550293  train.ips : 15.52133080029068 imgs/s train.total_time : 1.030839443206787 
TCAPPDLL 2025-11-06 06:07:53.595837 - Epoch: 0 Iteration: 63  rank : 0  train.loss : 6.98455286026001  train.ips : 15.525629057732674 imgs/s train.total_time : 1.0305540561676025 
TCAPPDLL 2025-11-06 06:07:53.595927 - Epoch: 0 Iteration: 63  rank : 3  train.loss : 6.952460765838623  train.ips : 15.562399530267768 imgs/s train.total_time : 1.0281190872192383 
TCAPPDLL 2025-11-06 06:07:54.621905 - Epoch: 0 Iteration: 64  rank : 2  train.loss : 6.999996185302734  train.ips : 15.553825932799196 imgs/s train.total_time : 1.0286858081817627 
TCAPPDLL 2025-11-06 06:07:54.622670 - Epoch: 0 Iteration: 64  rank : 3  train.loss : 6.9046735763549805  train.ips : 15.585773253004046 imgs/s train.total_time : 1.0265772342681885 
TCAPPDLL 2025-11-06 06:07:54.623147 - Epoch: 0 Iteration: 64  rank : 1  train.loss : 6.93817138671875  train.ips : 15.566446144078933 imgs/s train.total_time : 1.0278518199920654 
TCAPPDLL 2025-11-06 06:07:54.623896 - Epoch: 0 Iteration: 64  rank : 0  train.loss : 6.937017440795898  train.ips : 15.565864832843301 imgs/s train.total_time : 1.0278902053833008 
TCAPPDLL 2025-11-06 06:07:55.649623 - Epoch: 0 Iteration: 65  rank : 1  train.loss : 6.832746505737305  train.ips : 15.58982478979747 imgs/s train.total_time : 1.0263104438781738 
TCAPPDLL 2025-11-06 06:07:55.650447 - Epoch: 0 Iteration: 65  rank : 2  train.loss : 6.969753265380859  train.ips : 15.55896823584373 imgs/s train.total_time : 1.0283458232879639 
TCAPPDLL 2025-11-06 06:07:55.650704 - Epoch: 0 Iteration: 65  rank : 3  train.loss : 6.967407703399658  train.ips : 15.566453365609547 imgs/s train.total_time : 1.0278513431549072 
TCAPPDLL 2025-11-06 06:07:55.653724 - Epoch: 0 Iteration: 65  rank : 0  train.loss : 6.994874000549316  train.ips : 15.539185761595078 imgs/s train.total_time : 1.0296549797058105 
TCAPPDLL 2025-11-06 06:07:56.679790 - Epoch: 0 Iteration: 66  rank : 3  train.loss : 7.007379055023193  train.ips : 15.550423640936934 imgs/s train.total_time : 1.0289108753204346 
TCAPPDLL 2025-11-06 06:07:56.680566 - Epoch: 0 Iteration: 66  rank : 1  train.loss : 6.945139408111572  train.ips : 15.522616078103374 imgs/s train.total_time : 1.0307540893554688 
TCAPPDLL 2025-11-06 06:07:56.680579 - Epoch: 0 Iteration: 66  rank : 2  train.loss : 6.9903483390808105  train.ips : 15.53464265434615 imgs/s train.total_time : 1.0299561023712158 
TCAPPDLL 2025-11-06 06:07:56.681905 - Epoch: 0 Iteration: 66  rank : 0  train.loss : 6.961205959320068  train.ips : 15.56404896624068 imgs/s train.total_time : 1.0280101299285889 
TCAPPDLL 2025-11-06 06:07:57.707535 - Epoch: 0 Iteration: 67  rank : 2  train.loss : 6.98319149017334  train.ips : 15.582545117816112 imgs/s train.total_time : 1.026789903640747 
TCAPPDLL 2025-11-06 06:07:57.708307 - Epoch: 0 Iteration: 67  rank : 1  train.loss : 6.965388298034668  train.ips : 15.570639369906278 imgs/s train.total_time : 1.0275750160217285 
TCAPPDLL 2025-11-06 06:07:57.708596 - Epoch: 0 Iteration: 67  rank : 3  train.loss : 7.0026350021362305  train.ips : 15.554954351891427 imgs/s train.total_time : 1.028611183166504 
TCAPPDLL 2025-11-06 06:07:57.708855 - Epoch: 0 Iteration: 67  rank : 0  train.loss : 7.02061653137207  train.ips : 15.58272603172001 imgs/s train.total_time : 1.026777982711792 
TCAPPDLL 2025-11-06 06:07:58.735488 - Epoch: 0 Iteration: 68  rank : 1  train.loss : 6.841367721557617  train.ips : 15.579170034743228 imgs/s train.total_time : 1.0270123481750488 
TCAPPDLL 2025-11-06 06:07:58.735640 - Epoch: 0 Iteration: 68  rank : 3  train.loss : 6.908495903015137  train.ips : 15.581387368298364 imgs/s train.total_time : 1.0268661975860596 
TCAPPDLL 2025-11-06 06:07:58.735850 - Epoch: 0 Iteration: 68  rank : 2  train.loss : 6.890947341918945  train.ips : 15.56224795850739 imgs/s train.total_time : 1.0281291007995605 
TCAPPDLL 2025-11-06 06:07:58.737246 - Epoch: 0 Iteration: 68  rank : 0  train.loss : 6.965729236602783  train.ips : 15.560898378263067 imgs/s train.total_time : 1.0282182693481445 
TCAPPDLL 2025-11-06 06:07:59.756544 - Epoch: 0 Iteration: 69  rank : 0  train.loss : 6.923352241516113  train.ips : 15.699779389918376 imgs/s train.total_time : 1.01912260055542 
TCAPPDLL 2025-11-06 06:07:59.761263 - Epoch: 0 Iteration: 69  rank : 3  train.loss : 6.968959808349609  train.ips : 15.603029517451112 imgs/s train.total_time : 1.0254418849945068 
TCAPPDLL 2025-11-06 06:07:59.762133 - Epoch: 0 Iteration: 69  rank : 2  train.loss : 6.9695329666137695  train.ips : 15.592661032209346 imgs/s train.total_time : 1.0261237621307373 
TCAPPDLL 2025-11-06 06:07:59.762593 - Epoch: 0 Iteration: 69  rank : 1  train.loss : 6.840436935424805  train.ips : 15.580497465311273 imgs/s train.total_time : 1.0269248485565186 
TCAPPDLL 2025-11-06 06:08:00.780767 - Epoch: 0 Iteration: 70  rank : 0  train.loss : 6.973540306091309  train.ips : 15.625022904748146 imgs/s train.total_time : 1.023998498916626 
TCAPPDLL 2025-11-06 06:08:00.786266 - Epoch: 0 Iteration: 70  rank : 1  train.loss : 6.841473579406738  train.ips : 15.632560815674289 imgs/s train.total_time : 1.0235047340393066 
TCAPPDLL 2025-11-06 06:08:00.788104 - Epoch: 0 Iteration: 70  rank : 3  train.loss : 6.974117755889893  train.ips : 15.584437685113324 imgs/s train.total_time : 1.026665210723877 
TCAPPDLL 2025-11-06 06:08:00.788656 - Epoch: 0 Iteration: 70  rank : 2  train.loss : 6.906489849090576  train.ips : 15.589067908485907 imgs/s train.total_time : 1.026360273361206 
TCAPPDLL 2025-11-06 06:08:01.806199 - Epoch: 0 Iteration: 71  rank : 0  train.loss : 6.95310640335083  train.ips : 15.6063423611812 imgs/s train.total_time : 1.025224208831787 
TCAPPDLL 2025-11-06 06:08:01.816326 - Epoch: 0 Iteration: 71  rank : 2  train.loss : 6.960178375244141  train.ips : 15.571690739269888 imgs/s train.total_time : 1.02750563621521 TCAPPDLL 2025-11-06 06:08:01.816338 - Epoch: 0 Iteration: 71  rank : 1  train.loss : 6.860657215118408  train.ips : 15.535351103489274 imgs/s train.total_time : 1.0299091339111328 

TCAPPDLL 2025-11-06 06:08:01.817186 - Epoch: 0 Iteration: 71  rank : 3  train.loss : 7.091546535491943  train.ips : 15.550470484424704 imgs/s train.total_time : 1.0289077758789062 
TCAPPDLL 2025-11-06 06:08:02.842426 - Epoch: 0 Iteration: 72  rank : 3  train.loss : 6.890984535217285  train.ips : 15.608640043689116 imgs/s train.total_time : 1.0250732898712158 
TCAPPDLL 2025-11-06 06:08:02.842829 - Epoch: 0 Iteration: 72  rank : 1  train.loss : 6.871637344360352  train.ips : 15.58950247250303 imgs/s train.total_time : 1.0263316631317139 
TCAPPDLL 2025-11-06 06:08:02.843166 - Epoch: 0 Iteration: 72  rank : 2  train.loss : 6.883963584899902  train.ips : 15.584488352888393 imgs/s train.total_time : 1.0266618728637695 
TCAPPDLL 2025-11-06 06:08:02.844506 - Epoch: 0 Iteration: 72  rank : 0  train.loss : 6.9432692527771  train.ips : 15.412752034685365 imgs/s train.total_time : 1.0381014347076416 
TCAPPDLL 2025-11-06 06:08:03.868130 - Epoch: 0 Iteration: 73  rank : 2  train.loss : 6.892353534698486  train.ips : 15.613012227026486 imgs/s train.total_time : 1.0247862339019775 
TCAPPDLL 2025-11-06 06:08:03.870867 - Epoch: 0 Iteration: 73  rank : 1  train.loss : 6.9287872314453125  train.ips : 15.566142845843403 imgs/s train.total_time : 1.02787184715271 
TCAPPDLL 2025-11-06 06:08:03.870970 - Epoch: 0 Iteration: 73  rank : 3  train.loss : 6.941848278045654  train.ips : 15.558849196008186 imgs/s train.total_time : 1.0283536911010742 
TCAPPDLL 2025-11-06 06:08:03.876097 - Epoch: 0 Iteration: 73  rank : 0  train.loss : 6.931155204772949  train.ips : 15.512752178953294 imgs/s train.total_time : 1.031409502029419 
TCAPPDLL 2025-11-06 06:08:04.897324 - Epoch: 0 Iteration: 74  rank : 2  train.loss : 6.90739107131958  train.ips : 15.54883113025535 imgs/s train.total_time : 1.0290162563323975 
TCAPPDLL 2025-11-06 06:08:04.902501 - Epoch: 0 Iteration: 74  rank : 3  train.loss : 7.004443645477295  train.ips : 15.51338332251855 imgs/s train.total_time : 1.031367540359497 
TCAPPDLL 2025-11-06 06:08:04.902624 - Epoch: 0 Iteration: 74  rank : 1  train.loss : 7.009440898895264  train.ips : 15.510099068939178 imgs/s train.total_time : 1.031585931777954 
TCAPPDLL 2025-11-06 06:08:04.903406 - Epoch: 0 Iteration: 74  rank : 0  train.loss : 6.8739705085754395  train.ips : 15.577300441329498 imgs/s train.total_time : 1.0271356105804443 
TCAPPDLL 2025-11-06 06:08:05.927103 - Epoch: 0 Iteration: 75  rank : 2  train.loss : 6.935158729553223  train.ips : 15.540394826727802 imgs/s train.total_time : 1.0295748710632324 
TCAPPDLL 2025-11-06 06:08:05.927323 - Epoch: 0 Iteration: 75  rank : 3  train.loss : 6.997145652770996  train.ips : 15.615097502356498 imgs/s train.total_time : 1.0246493816375732 
TCAPPDLL 2025-11-06 06:08:05.928871 - Epoch: 0 Iteration: 75  rank : 1  train.loss : 6.9077982902526855  train.ips : 15.593284201999998 imgs/s train.total_time : 1.0260827541351318 
TCAPPDLL 2025-11-06 06:08:05.934504 - Epoch: 0 Iteration: 75  rank : 0  train.loss : 6.809067726135254  train.ips : 15.520128288948007 imgs/s train.total_time : 1.0309193134307861 
TCAPPDLL 2025-11-06 06:08:06.958367 - Epoch: 0 Iteration: 76  rank : 1  train.loss : 6.931407928466797  train.ips : 15.54403035202231 imgs/s train.total_time : 1.0293340682983398 
TCAPPDLL 2025-11-06 06:08:06.960395 - Epoch: 0 Iteration: 76  rank : 2  train.loss : 7.032658100128174  train.ips : 15.487230376624618 imgs/s train.total_time : 1.033109188079834 
TCAPPDLL 2025-11-06 06:08:06.961207 - Epoch: 0 Iteration: 76  rank : 3  train.loss : 6.975062847137451  train.ips : 15.478310969628462 imgs/s train.total_time : 1.0337045192718506 
TCAPPDLL 2025-11-06 06:08:06.961671 - Epoch: 0 Iteration: 76  rank : 0  train.loss : 6.9274187088012695  train.ips : 15.579441289630918 imgs/s train.total_time : 1.0269944667816162 
TCAPPDLL 2025-11-06 06:08:07.985463 - Epoch: 0 Iteration: 77  rank : 3  train.loss : 6.890247821807861  train.ips : 15.624244413789892 imgs/s train.total_time : 1.0240495204925537 
TCAPPDLL 2025-11-06 06:08:07.986351 - Epoch: 0 Iteration: 77  rank : 2  train.loss : 6.87404203414917  train.ips : 15.59787617991296 imgs/s train.total_time : 1.0257806777954102 
TCAPPDLL 2025-11-06 06:08:07.987012 - Epoch: 0 Iteration: 77  rank : 1  train.loss : 6.891655445098877  train.ips : 15.557190042488006 imgs/s train.total_time : 1.028463363647461 
TCAPPDLL 2025-11-06 06:08:07.989289 - Epoch: 0 Iteration: 77  rank : 0  train.loss : 6.966068744659424  train.ips : 15.572987985089036 imgs/s train.total_time : 1.0274200439453125 
TCAPPDLL 2025-11-06 06:08:09.013615 - Epoch: 0 Iteration: 78  rank : 3  train.loss : 6.953440189361572  train.ips : 15.56499114234728 imgs/s train.total_time : 1.0279479026794434 
TCAPPDLL 2025-11-06 06:08:09.013705 - Epoch: 0 Iteration: 78  rank : 2  train.loss : 6.8540825843811035  train.ips : 15.576627931402257 imgs/s train.total_time : 1.0271799564361572 
TCAPPDLL 2025-11-06 06:08:09.013986 - Epoch: 0 Iteration: 78  rank : 1  train.loss : 6.86437463760376  train.ips : 15.58240400788723 imgs/s train.total_time : 1.026799201965332 
TCAPPDLL 2025-11-06 06:08:09.014893 - Epoch: 0 Iteration: 78  rank : 0  train.loss : 6.838083267211914  train.ips : 15.603461232264161 imgs/s train.total_time : 1.0254135131835938 
TCAPPDLL 2025-11-06 06:08:10.041064 - Epoch: 0 Iteration: 79  rank : 3  train.loss : 6.896862030029297  train.ips : 15.575709651417098 imgs/s train.total_time : 1.027240514755249 
TCAPPDLL 2025-11-06 06:08:10.041943 - Epoch: 0 Iteration: 79  rank : 1  train.loss : 6.865808963775635  train.ips : 15.56747889099031 imgs/s train.total_time : 1.0277836322784424 
TCAPPDLL 2025-11-06 06:08:10.042265 - Epoch: 0 Iteration: 79  rank : 0  train.loss : 6.989397048950195  train.ips : 15.576345928391232 imgs/s train.total_time : 1.0271985530853271 
TCAPPDLL 2025-11-06 06:08:10.044167 - Epoch: 0 Iteration: 79  rank : 2  train.loss : 6.872379779815674  train.ips : 15.52966735032917 imgs/s train.total_time : 1.0302860736846924 
TCAPPDLL 2025-11-06 06:08:11.069937 - Epoch: 0 Iteration: 80  rank : 1  train.loss : 7.042922019958496  train.ips : 15.566828894434886 imgs/s train.total_time : 1.0278265476226807 
TCAPPDLL 2025-11-06 06:08:11.070641 - Epoch: 0 Iteration: 80  rank : 3  train.loss : 6.969244956970215  train.ips : 15.543789130837098 imgs/s train.total_time : 1.0293500423431396 
TCAPPDLL 2025-11-06 06:08:11.070766 - Epoch: 0 Iteration: 80  rank : 0  train.loss : 7.019295692443848  train.ips : 15.559206320979502 imgs/s train.total_time : 1.0283300876617432 
TCAPPDLL 2025-11-06 06:08:11.073935 - Epoch: 0 Iteration: 80  rank : 2  train.loss : 6.902629852294922  train.ips : 15.540153718364854 imgs/s train.total_time : 1.0295908451080322 
TCAPPDLL 2025-11-06 06:08:12.097945 - Epoch: 0 Iteration: 81  rank : 3  train.loss : 6.935378074645996  train.ips : 15.577455922318919 imgs/s train.total_time : 1.027125358581543 
TCAPPDLL 2025-11-06 06:08:12.099510 - Epoch: 0 Iteration: 81  rank : 2  train.loss : 6.951435565948486  train.ips : 15.603620863959048 imgs/s train.total_time : 1.0254030227661133 
TCAPPDLL 2025-11-06 06:08:12.099730 - Epoch: 0 Iteration: 81  rank : 1  train.loss : 6.96544885635376  train.ips : 15.539819057962122 imgs/s train.total_time : 1.0296130180358887 
TCAPPDLL 2025-11-06 06:08:12.100849 - Epoch: 0 Iteration: 81  rank : 0  train.loss : 6.76255464553833  train.ips : 15.535257598885869 imgs/s train.total_time : 1.0299153327941895 
TCAPPDLL 2025-11-06 06:08:13.127187 - Epoch: 0 Iteration: 82  rank : 2  train.loss : 7.030098915100098  train.ips : 15.571716031690638 imgs/s train.total_time : 1.0275039672851562 
TCAPPDLL 2025-11-06 06:08:13.127300 - Epoch: 0 Iteration: 82  rank : 3  train.loss : 6.992799282073975  train.ips : 15.546702287310517 imgs/s train.total_time : 1.0291571617126465 
TCAPPDLL 2025-11-06 06:08:13.127672 - Epoch: 0 Iteration: 82  rank : 1  train.loss : 6.898133277893066  train.ips : 15.567583617734773 imgs/s train.total_time : 1.0277767181396484 
TCAPPDLL 2025-11-06 06:08:13.128490 - Epoch: 0 Iteration: 82  rank : 0  train.loss : 7.031771659851074  train.ips : 15.572250804962785 imgs/s train.total_time : 1.0274686813354492 
TCAPPDLL 2025-11-06 06:08:14.153414 - Epoch: 0 Iteration: 83  rank : 1  train.loss : 7.012855529785156  train.ips : 15.600922076364215 imgs/s train.total_time : 1.0255804061889648 
TCAPPDLL 2025-11-06 06:08:14.154109 - Epoch: 0 Iteration: 83  rank : 3  train.loss : 6.861228942871094  train.ips : 15.58485751376558 imgs/s train.total_time : 1.0266375541687012 
TCAPPDLL 2025-11-06 06:08:14.154241 - Epoch: 0 Iteration: 83  rank : 2  train.loss : 6.928949356079102  train.ips : 15.581438016241098 imgs/s train.total_time : 1.0268628597259521 
TCAPPDLL 2025-11-06 06:08:14.155486 - Epoch: 0 Iteration: 83  rank : 0  train.loss : 6.995145320892334  train.ips : 15.582147122013923 imgs/s train.total_time : 1.0268161296844482 
TCAPPDLL 2025-11-06 06:08:15.181104 - Epoch: 0 Iteration: 84  rank : 3  train.loss : 6.872572898864746  train.ips : 15.582100087489714 imgs/s train.total_time : 1.0268192291259766 
TCAPPDLL 2025-11-06 06:08:15.181915 - Epoch: 0 Iteration: 84  rank : 2  train.loss : 6.952891826629639  train.ips : 15.571614862500615 imgs/s train.total_time : 1.027510643005371 
TCAPPDLL 2025-11-06 06:08:15.182444 - Epoch: 0 Iteration: 84  rank : 1  train.loss : 6.987208843231201  train.ips : 15.551432640022618 imgs/s train.total_time : 1.0288441181182861 
TCAPPDLL 2025-11-06 06:08:15.187596 - Epoch: 0 Iteration: 84  rank : 0  train.loss : 7.000591278076172  train.ips : 15.50484213950574 imgs/s train.total_time : 1.031935691833496 
TCAPPDLL 2025-11-06 06:08:16.211681 - Epoch: 0 Iteration: 85  rank : 2  train.loss : 7.0058913230896  train.ips : 15.540160915521088 imgs/s train.total_time : 1.029590368270874 
TCAPPDLL 2025-11-06 06:08:16.212792 - Epoch: 0 Iteration: 85  rank : 1  train.loss : 6.994555473327637  train.ips : 15.531187643343648 imgs/s train.total_time : 1.0301852226257324 
TCAPPDLL 2025-11-06 06:08:16.213436 - Epoch: 0 Iteration: 85  rank : 3  train.loss : 6.914474010467529  train.ips : 15.501758443357796 imgs/s train.total_time : 1.0321409702301025 
TCAPPDLL 2025-11-06 06:08:16.214336 - Epoch: 0 Iteration: 85  rank : 0  train.loss : 7.045306205749512  train.ips : 15.585925283372061 imgs/s train.total_time : 1.0265672206878662 
TCAPPDLL 2025-11-06 06:08:17.241426 - Epoch: 0 Iteration: 86  rank : 2  train.loss : 6.950193405151367  train.ips : 15.54065033778503 imgs/s train.total_time : 1.0295579433441162 
TCAPPDLL 2025-11-06 06:08:17.241806 - Epoch: 0 Iteration: 86  rank : 3  train.loss : 6.995492935180664  train.ips : 15.56116178062031 imgs/s train.total_time : 1.0282008647918701 
TCAPPDLL 2025-11-06 06:08:17.243232 - Epoch: 0 Iteration: 86  rank : 1  train.loss : 6.883846282958984  train.ips : 15.530378939792438 imgs/s train.total_time : 1.0302388668060303 
TCAPPDLL 2025-11-06 06:08:17.248929 - Epoch: 0 Iteration: 86  rank : 0  train.loss : 6.881924152374268  train.ips : 15.468039782876767 imgs/s train.total_time : 1.034390926361084 
TCAPPDLL 2025-11-06 06:08:18.275195 - Epoch: 0 Iteration: 87  rank : 2  train.loss : 7.028574466705322  train.ips : 15.480210438465756 imgs/s train.total_time : 1.0335776805877686 
TCAPPDLL 2025-11-06 06:08:18.275371 - Epoch: 0 Iteration: 87  rank : 1  train.loss : 7.001274585723877  train.ips : 15.504559147625262 imgs/s train.total_time : 1.0319545269012451 
TCAPPDLL 2025-11-06 06:08:18.275627 - Epoch: 0 Iteration: 87  rank : 3  train.loss : 6.842658042907715  train.ips : 15.479307061506779 imgs/s train.total_time : 1.0336380004882812 
TCAPPDLL 2025-11-06 06:08:18.276511 - Epoch: 0 Iteration: 87  rank : 0  train.loss : 6.987297534942627  train.ips : 15.573251796894997 imgs/s train.total_time : 1.027402639389038 
TCAPPDLL 2025-11-06 06:08:19.302981 - Epoch: 0 Iteration: 88  rank : 3  train.loss : 6.86051607131958  train.ips : 15.576812323507388 imgs/s train.total_time : 1.027167797088623 
TCAPPDLL 2025-11-06 06:08:19.303101 - Epoch: 0 Iteration: 88  rank : 1  train.loss : 6.918653964996338  train.ips : 15.571072907081048 imgs/s train.total_time : 1.0275464057922363 
TCAPPDLL 2025-11-06 06:08:19.303420 - Epoch: 0 Iteration: 88  rank : 2  train.loss : 6.981595039367676  train.ips : 15.56375658995127 imgs/s train.total_time : 1.028029441833496 
TCAPPDLL 2025-11-06 06:08:19.304443 - Epoch: 0 Iteration: 88  rank : 0  train.loss : 6.9160051345825195  train.ips : 15.568277016556335 imgs/s train.total_time : 1.027730941772461 
TCAPPDLL 2025-11-06 06:08:20.331191 - Epoch: 0 Iteration: 89  rank : 1  train.loss : 6.954692840576172  train.ips : 15.565568777969673 imgs/s train.total_time : 1.027909755706787 
TCAPPDLL 2025-11-06 06:08:20.331430 - Epoch: 0 Iteration: 89  rank : 2  train.loss : 6.889919281005859  train.ips : 15.566648349468936 imgs/s train.total_time : 1.0278384685516357 
TCAPPDLL 2025-11-06 06:08:20.332301 - Epoch: 0 Iteration: 89  rank : 3  train.loss : 6.977959632873535  train.ips : 15.547519895764289 imgs/s train.total_time : 1.0291030406951904 
TCAPPDLL 2025-11-06 06:08:20.332656 - Epoch: 0 Iteration: 89  rank : 0  train.loss : 6.978424072265625  train.ips : 15.564027308361046 imgs/s train.total_time : 1.0280115604400635 
TCAPPDLL 2025-11-06 06:08:21.359190 - Epoch: 0 Iteration: 90  rank : 2  train.loss : 6.77885103225708  train.ips : 15.570729688160174 imgs/s train.total_time : 1.027569055557251 
TCAPPDLL 2025-11-06 06:08:21.359693 - Epoch: 0 Iteration: 90  rank : 1  train.loss : 7.052708625793457  train.ips : 15.559458843479767 imgs/s train.total_time : 1.028313398361206 
TCAPPDLL 2025-11-06 06:08:21.360250 - Epoch: 0 Iteration: 90  rank : 0  train.loss : 6.946349620819092  train.ips : 15.573306005907328 imgs/s train.total_time : 1.0273990631103516 
TCAPPDLL 2025-11-06 06:08:21.363743 - Epoch: 0 Iteration: 90  rank : 3  train.loss : 6.845394611358643  train.ips : 15.514914776339621 imgs/s train.total_time : 1.0312657356262207 
TCAPPDLL 2025-11-06 06:08:22.388569 - Epoch: 0 Iteration: 91  rank : 2  train.loss : 6.998694896697998  train.ips : 15.54625209910388 imgs/s train.total_time : 1.0291869640350342 
TCAPPDLL 2025-11-06 06:08:22.389365 - Epoch: 0 Iteration: 91  rank : 3  train.loss : 6.993028163909912  train.ips : 15.603399557256797 imgs/s train.total_time : 1.0254175662994385 
TCAPPDLL 2025-11-06 06:08:22.390240 - Epoch: 0 Iteration: 91  rank : 1  train.loss : 6.8754072189331055  train.ips : 15.52817609911545 imgs/s train.total_time : 1.0303850173950195 
TCAPPDLL 2025-11-06 06:08:22.391167 - Epoch: 0 Iteration: 91  rank : 0  train.loss : 7.062713146209717  train.ips : 15.522781240964552 imgs/s train.total_time : 1.03074312210083 
TCAPPDLL 2025-11-06 06:08:23.414751 - Epoch: 0 Iteration: 92  rank : 1  train.loss : 6.991632461547852  train.ips : 15.619582367518166 imgs/s train.total_time : 1.024355173110962 
TCAPPDLL 2025-11-06 06:08:23.415315 - Epoch: 0 Iteration: 92  rank : 3  train.loss : 7.0577311515808105  train.ips : 15.598100955426004 imgs/s train.total_time : 1.0257658958435059 
TCAPPDLL 2025-11-06 06:08:23.415700 - Epoch: 0 Iteration: 92  rank : 2  train.loss : 6.883171081542969  train.ips : 15.580877289517614 imgs/s train.total_time : 1.026899814605713 
TCAPPDLL 2025-11-06 06:08:23.416045 - Epoch: 0 Iteration: 92  rank : 0  train.loss : 6.925448417663574  train.ips : 15.61428730309634 imgs/s train.total_time : 1.024702548980713 
TCAPPDLL 2025-11-06 06:08:24.441522 - Epoch: 0 Iteration: 93  rank : 2  train.loss : 7.019759178161621  train.ips : 15.600098841816598 imgs/s train.total_time : 1.025634527206421 
TCAPPDLL 2025-11-06 06:08:24.441763 - Epoch: 0 Iteration: 93  rank : 3  train.loss : 6.782488822937012  train.ips : 15.590313723495031 imgs/s train.total_time : 1.0262782573699951 
TCAPPDLL 2025-11-06 06:08:24.442529 - Epoch: 0 Iteration: 93  rank : 1  train.loss : 6.973753929138184  train.ips : 15.570624919082888 imgs/s train.total_time : 1.027575969696045 
TCAPPDLL 2025-11-06 06:08:24.442646 - Epoch: 0 Iteration: 93  rank : 0  train.loss : 6.963464260101318  train.ips : 15.588064882382564 imgs/s train.total_time : 1.0264263153076172 
TCAPPDLL 2025-11-06 06:08:25.468790 - Epoch: 0 Iteration: 94  rank : 3  train.loss : 6.921052932739258  train.ips : 15.581571873103352 imgs/s train.total_time : 1.0268540382385254 
TCAPPDLL 2025-11-06 06:08:25.469162 - Epoch: 0 Iteration: 94  rank : 2  train.loss : 6.902778148651123  train.ips : 15.572442320539706 imgs/s train.total_time : 1.0274560451507568 
TCAPPDLL 2025-11-06 06:08:25.469729 - Epoch: 0 Iteration: 94  rank : 0  train.loss : 6.889806747436523  train.ips : 15.580530020946195 imgs/s train.total_time : 1.0269227027893066 
TCAPPDLL 2025-11-06 06:08:25.474085 - Epoch: 0 Iteration: 94  rank : 1  train.loss : 7.018562316894531  train.ips : 15.51341559828566 imgs/s train.total_time : 1.0313653945922852 
TCAPPDLL 2025-11-06 06:08:26.500373 - Epoch: 0 Iteration: 95  rank : 3  train.loss : 6.944595813751221  train.ips : 15.513071330360273 imgs/s train.total_time : 1.031388282775879 TCAPPDLL 2025-11-06 06:08:26.500405 - Epoch: 0 Iteration: 95  rank : 2  train.loss : 6.960612773895264  train.ips : 15.517838648281112 imgs/s train.total_time : 1.031071424484253 

TCAPPDLL 2025-11-06 06:08:26.501729 - Epoch: 0 Iteration: 95  rank : 0  train.loss : 6.858175277709961  train.ips : 15.506396988043397 imgs/s train.total_time : 1.031832218170166 
TCAPPDLL 2025-11-06 06:08:26.507949 - Epoch: 0 Iteration: 95  rank : 1  train.loss : 6.834402561187744  train.ips : 15.478400219944156 imgs/s train.total_time : 1.033698558807373 
TCAPPDLL 2025-11-06 06:08:27.531730 - Epoch: 0 Iteration: 96  rank : 2  train.loss : 6.827597141265869  train.ips : 15.516658204152828 imgs/s train.total_time : 1.0311498641967773 
TCAPPDLL 2025-11-06 06:08:27.532359 - Epoch: 0 Iteration: 96  rank : 1  train.loss : 6.975045204162598  train.ips : 15.621360308084231 imgs/s train.total_time : 1.0242385864257812 
TCAPPDLL 2025-11-06 06:08:27.533243 - Epoch: 0 Iteration: 96  rank : 0  train.loss : 6.96907901763916  train.ips : 15.513691740894076 imgs/s train.total_time : 1.0313470363616943 
TCAPPDLL 2025-11-06 06:08:27.534883 - Epoch: 0 Iteration: 96  rank : 3  train.loss : 6.92756462097168  train.ips : 15.469334078959713 imgs/s train.total_time : 1.0343043804168701 
TCAPPDLL 2025-11-06 06:08:28.560324 - Epoch: 0 Iteration: 97  rank : 1  train.loss : 6.895683765411377  train.ips : 15.567572783868279 imgs/s train.total_time : 1.0277774333953857 
TCAPPDLL 2025-11-06 06:08:28.561033 - Epoch: 0 Iteration: 97  rank : 2  train.loss : 7.012794494628906  train.ips : 15.547314585115284 imgs/s train.total_time : 1.0291166305541992 
TCAPPDLL 2025-11-06 06:08:28.561862 - Epoch: 0 Iteration: 97  rank : 3  train.loss : 7.055245876312256  train.ips : 15.582342499230855 imgs/s train.total_time : 1.0268032550811768 
TCAPPDLL 2025-11-06 06:08:28.562400 - Epoch: 0 Iteration: 97  rank : 0  train.loss : 7.0390944480896  train.ips : 15.549184192715833 imgs/s train.total_time : 1.0289928913116455 
TCAPPDLL 2025-11-06 06:08:29.587011 - Epoch: 0 Iteration: 98  rank : 1  train.loss : 6.987932205200195  train.ips : 15.58690993279933 imgs/s train.total_time : 1.0265023708343506 
TCAPPDLL 2025-11-06 06:08:29.587217 - Epoch: 0 Iteration: 98  rank : 0  train.loss : 6.917888641357422  train.ips : 15.615122935981333 imgs/s train.total_time : 1.0246477127075195 
TCAPPDLL 2025-11-06 06:08:29.587786 - Epoch: 0 Iteration: 98  rank : 3  train.loss : 6.929604530334473  train.ips : 15.598434505223041 imgs/s train.total_time : 1.0257439613342285 
TCAPPDLL 2025-11-06 06:08:29.587871 - Epoch: 0 Iteration: 98  rank : 2  train.loss : 6.885581016540527  train.ips : 15.584571593519811 imgs/s train.total_time : 1.0266563892364502 
TCAPPDLL 2025-11-06 06:08:30.613812 - Epoch: 0 Iteration: 99  rank : 2  train.loss : 7.001453399658203  train.ips : 15.598068326320552 imgs/s train.total_time : 1.0257680416107178 
TCAPPDLL 2025-11-06 06:08:30.614835 - Epoch: 0 Iteration: 99  rank : 1  train.loss : 6.913064002990723  train.ips : 15.569913249220505 imgs/s train.total_time : 1.027622938156128 
TCAPPDLL 2025-11-06 06:08:30.615449 - Epoch: 0 Iteration: 99  rank : 0  train.loss : 6.886545181274414  train.ips : 15.563370381321784 imgs/s train.total_time : 1.02805495262146 
TCAPPDLL 2025-11-06 06:08:30.615789 - Epoch: 0 Iteration: 99  rank : 3  train.loss : 6.89470911026001  train.ips : 15.566659182048793 imgs/s train.total_time : 1.0278377532958984 
11/06 06:08:30 - mmengine - INFO - Epoch(train)   [1][  100/20019]  base_lr: 1.2470e-06 lr: 1.2470e-06  eta: 73 days, 13:16:47  time: 1.0281  data_time: 0.0029  memory: 9371  loss: 6.9459
TCAPPDLL 2025-11-06 06:08:31.688405 - Epoch: 0 Iteration: 100  rank : 3  train.loss : 6.881209373474121  train.ips : 14.919141375652154 imgs/s train.total_time : 1.0724477767944336 
TCAPPDLL 2025-11-06 06:08:31.688662 - Epoch: 0 Iteration: 100  rank : 2  train.loss : 6.860527515411377  train.ips : 14.888534658082596 imgs/s train.total_time : 1.0746524333953857 
TCAPPDLL 2025-11-06 06:08:31.689547 - Epoch: 0 Iteration: 100  rank : 1  train.loss : 6.954904079437256  train.ips : 14.890083981406494 imgs/s train.total_time : 1.074540615081787 
TCAPPDLL 2025-11-06 06:08:31.689834 - Epoch: 0 Iteration: 100  rank : 0  train.loss : 6.966398239135742  train.ips : 14.894578512470066 imgs/s train.total_time : 1.074216365814209 
TCAPPDLL 2025-11-06 06:08:32.715584 - Epoch: 0 Iteration: 101  rank : 3  train.loss : 7.025733470916748  train.ips : 15.57966191723858 imgs/s train.total_time : 1.026979923248291 
TCAPPDLL 2025-11-06 06:08:32.716127 - Epoch: 0 Iteration: 101  rank : 1  train.loss : 6.985042095184326  train.ips : 15.588242303596088 imgs/s train.total_time : 1.0264146327972412 
TCAPPDLL 2025-11-06 06:08:32.716346 - Epoch: 0 Iteration: 101  rank : 2  train.loss : 6.889822959899902  train.ips : 15.57161124933957 imgs/s train.total_time : 1.0275108814239502 
TCAPPDLL 2025-11-06 06:08:32.717272 - Epoch: 0 Iteration: 101  rank : 0  train.loss : 6.974612236022949  train.ips : 15.575279470872504 imgs/s train.total_time : 1.027268886566162 
TCAPPDLL 2025-11-06 06:08:33.742556 - Epoch: 0 Iteration: 102  rank : 1  train.loss : 6.94339656829834  train.ips : 15.590607098434594 imgs/s train.total_time : 1.026258945465088 
TCAPPDLL 2025-11-06 06:08:33.743410 - Epoch: 0 Iteration: 102  rank : 2  train.loss : 6.823773384094238  train.ips : 15.580891759377367 imgs/s train.total_time : 1.0268988609313965 
TCAPPDLL 2025-11-06 06:08:33.743742 - Epoch: 0 Iteration: 102  rank : 3  train.loss : 6.895296096801758  train.ips : 15.565279954799388 imgs/s train.total_time : 1.0279288291931152 
TCAPPDLL 2025-11-06 06:08:33.746013 - Epoch: 0 Iteration: 102  rank : 0  train.loss : 6.939599990844727  train.ips : 15.555567299887022 imgs/s train.total_time : 1.0285706520080566 
TCAPPDLL 2025-11-06 06:08:34.772370 - Epoch: 0 Iteration: 103  rank : 2  train.loss : 6.827937126159668  train.ips : 15.55230480901349 imgs/s train.total_time : 1.0287864208221436 
TCAPPDLL 2025-11-06 06:08:34.772731 - Epoch: 0 Iteration: 103  rank : 1  train.loss : 6.918365478515625  train.ips : 15.534092482075655 imgs/s train.total_time : 1.0299925804138184 
TCAPPDLL 2025-11-06 06:08:34.773021 - Epoch: 0 Iteration: 103  rank : 0  train.loss : 6.949024677276611  train.ips : 15.581778089526969 imgs/s train.total_time : 1.0268404483795166 
TCAPPDLL 2025-11-06 06:08:34.773241 - Epoch: 0 Iteration: 103  rank : 3  train.loss : 6.8897624015808105  train.ips : 15.544509216259494 imgs/s train.total_time : 1.0293023586273193 
TCAPPDLL 2025-11-06 06:08:35.798515 - Epoch: 0 Iteration: 104  rank : 2  train.loss : 7.013270854949951  train.ips : 15.595248237284173 imgs/s train.total_time : 1.0259535312652588 
TCAPPDLL 2025-11-06 06:08:35.798606 - Epoch: 0 Iteration: 104  rank : 1  train.loss : 6.910289764404297  train.ips : 15.598992870505015 imgs/s train.total_time : 1.0257072448730469 
TCAPPDLL 2025-11-06 06:08:35.799120 - Epoch: 0 Iteration: 104  rank : 3  train.loss : 6.912317276000977  train.ips : 15.599406231592924 imgs/s train.total_time : 1.0256800651550293 
TCAPPDLL 2025-11-06 06:08:35.800646 - Epoch: 0 Iteration: 104  rank : 0  train.loss : 6.878970146179199  train.ips : 15.572883185619332 imgs/s train.total_time : 1.0274269580841064 
TCAPPDLL 2025-11-06 06:08:36.826026 - Epoch: 0 Iteration: 105  rank : 1  train.loss : 6.965909004211426  train.ips : 15.575442141393802 imgs/s train.total_time : 1.0272581577301025 
TCAPPDLL 2025-11-06 06:08:36.826135 - Epoch: 0 Iteration: 105  rank : 2  train.loss : 6.930304527282715  train.ips : 15.572912095676987 imgs/s train.total_time : 1.0274250507354736 
TCAPPDLL 2025-11-06 06:08:36.826998 - Epoch: 0 Iteration: 105  rank : 3  train.loss : 6.839371681213379  train.ips : 15.568645409804956 imgs/s train.total_time : 1.0277066230773926 
TCAPPDLL 2025-11-06 06:08:36.827032 - Epoch: 0 Iteration: 105  rank : 0  train.loss : 6.934067249298096  train.ips : 15.591472799958552 imgs/s train.total_time : 1.0262019634246826 
TCAPPDLL 2025-11-06 06:08:37.852773 - Epoch: 0 Iteration: 106  rank : 2  train.loss : 7.046112537384033  train.ips : 15.58747109382186 imgs/s train.total_time : 1.0264654159545898 
TCAPPDLL 2025-11-06 06:08:37.854948 - Epoch: 0 Iteration: 106  rank : 3  train.loss : 6.871372699737549  train.ips : 15.5680783803728 imgs/s train.total_time : 1.0277440547943115 
TCAPPDLL 2025-11-06 06:08:37.855694 - Epoch: 0 Iteration: 106  rank : 0  train.loss : 6.909027576446533  train.ips : 15.557741852100424 imgs/s train.total_time : 1.0284268856048584 
TCAPPDLL 2025-11-06 06:08:37.857844 - Epoch: 0 Iteration: 106  rank : 1  train.loss : 6.941568374633789  train.ips : 15.509256717093981 imgs/s train.total_time : 1.031641960144043 
TCAPPDLL 2025-11-06 06:08:38.882212 - Epoch: 0 Iteration: 107  rank : 0  train.loss : 6.884773254394531  train.ips : 15.589545930237286 imgs/s train.total_time : 1.0263288021087646 
TCAPPDLL 2025-11-06 06:08:38.882384 - Epoch: 0 Iteration: 107  rank : 3  train.loss : 6.88991641998291  train.ips : 15.575796413398058 imgs/s train.total_time : 1.0272347927093506 
TCAPPDLL 2025-11-06 06:08:38.882671 - Epoch: 0 Iteration: 107  rank : 1  train.loss : 6.936131954193115  train.ips : 15.614843170664912 imgs/s train.total_time : 1.0246660709381104 
TCAPPDLL 2025-11-06 06:08:38.884472 - Epoch: 0 Iteration: 107  rank : 2  train.loss : 6.986156463623047  train.ips : 15.511346634655723 imgs/s train.total_time : 1.0315029621124268 
TCAPPDLL 2025-11-06 06:08:39.908534 - Epoch: 0 Iteration: 108  rank : 3  train.loss : 6.954015254974365  train.ips : 15.595164882561377 imgs/s train.total_time : 1.0259590148925781 
TCAPPDLL 2025-11-06 06:08:39.909339 - Epoch: 0 Iteration: 108  rank : 0  train.loss : 6.874075889587402  train.ips : 15.580620453979279 imgs/s train.total_time : 1.026916742324829 
TCAPPDLL 2025-11-06 06:08:39.910546 - Epoch: 0 Iteration: 108  rank : 2  train.loss : 6.8856201171875  train.ips : 15.596049212863763 imgs/s train.total_time : 1.0259008407592773 
TCAPPDLL 2025-11-06 06:08:39.911161 - Epoch: 0 Iteration: 108  rank : 1  train.loss : 7.007628917694092  train.ips : 15.559267647118832 imgs/s train.total_time : 1.0283260345458984 
TCAPPDLL 2025-11-06 06:08:40.937952 - Epoch: 0 Iteration: 109  rank : 2  train.loss : 6.968050003051758  train.ips : 15.575875946063062 imgs/s train.total_time : 1.0272295475006104 
TCAPPDLL 2025-11-06 06:08:40.938110 - Epoch: 0 Iteration: 109  rank : 1  train.loss : 6.860827922821045  train.ips : 15.582555972531884 imgs/s train.total_time : 1.0267891883850098 
TCAPPDLL 2025-11-06 06:08:40.938218 - Epoch: 0 Iteration: 109  rank : 3  train.loss : 7.048623085021973  train.ips : 15.541604080023825 imgs/s train.total_time : 1.0294947624206543 
TCAPPDLL 2025-11-06 06:08:40.939070 - Epoch: 0 Iteration: 109  rank : 0  train.loss : 6.8610100746154785  train.ips : 15.540931049758916 imgs/s train.total_time : 1.0295393466949463 
