--------------+------------------------------------------------
 Host IP      | 100.10.19.121
 PyTorch      | 2.4.0a0+git4451b0e
 Torch-SDAA   | 20250616.14.30.dev0+git35328dc
--------------+------------------------------------------------
 SDAA Driver  | 2.1.0 (N/A)
 SDAA Runtime | 2.1.0 (/opt/tecoai/lib64/libsdaart.so)
 SDPTI        | 1.4.0b0 (/opt/tecoai/lib64/libsdpti.so)
 TecoDNN      | 2.2.0b0 (/opt/tecoai/lib64/libtecodnn.so)
 TecoBLAS     | 2.2.0b0 (/opt/tecoai/lib64/libtecoblas.so)
 CustomDNN    | 1.20.0a0 (/opt/tecoai/lib64/libtecodnn_ext.so)
 TecoRAND     | 2.0.1 (/opt/tecoai/lib64/libtecorand.so)
 TCCL         | 1.23.0 (/opt/tecoai/lib64/libtccl.so)
--------------+------------------------------------------------
W1127 13:16:30.763000 139943114213184 torch/distributed/run.py:779] 
W1127 13:16:30.763000 139943114213184 torch/distributed/run.py:779] *****************************************
W1127 13:16:30.763000 139943114213184 torch/distributed/run.py:779] Setting OMP_NUM_THREADS environment variable for each process to be 1 in default, to avoid your system being overloaded, please further tune the variable for optimal performance in your application as needed. 
W1127 13:16:30.763000 139943114213184 torch/distributed/run.py:779] *****************************************
--------------+------------------------------------------------
 Host IP      | 100.10.19.121
 PyTorch      | 2.4.0a0+git4451b0e
 Torch-SDAA   | 20250616.14.30.dev0+git35328dc
--------------+------------------------------------------------
 SDAA Driver  | 2.1.0 (N/A)
 SDAA Runtime | 2.1.0 (/opt/tecoai/lib64/libsdaart.so)
 SDPTI        | 1.4.0b0 (/opt/tecoai/lib64/libsdpti.so)
 TecoDNN      | 2.2.0b0 (/opt/tecoai/lib64/libtecodnn.so)
 TecoBLAS     | 2.2.0b0 (/opt/tecoai/lib64/libtecoblas.so)
 CustomDNN    | 1.20.0a0 (/opt/tecoai/lib64/libtecodnn_ext.so)
 TecoRAND     | 2.0.1 (/opt/tecoai/lib64/libtecorand.so)
 TCCL         | 1.23.0 (/opt/tecoai/lib64/libtccl.so)
--------------+--------------------------------------------------------------+------------------------------------------------
 Host IP      | 100.10.19.121
 PyTorch      | 2.4.0a0+git4451b0e
 Torch-SDAA   | 20250616.14.30.dev0+git35328dc
--------------+------------------------------------------------
 SDAA Driver  | 2.1.0 (N/A)
 SDAA Runtime | 2.1.0 (/opt/tecoai/lib64/libsdaart.so)
 SDPTI        | 1.4.0b0 (/opt/tecoai/lib64/libsdpti.so)
 TecoDNN      | 2.2.0b0 (/opt/tecoai/lib64/libtecodnn.so)
 TecoBLAS     | 2.2.0b0 (/opt/tecoai/lib64/libtecoblas.so)
 CustomDNN    | 1.20.0a0 (/opt/tecoai/lib64/libtecodnn_ext.so)
 TecoRAND     | 2.0.1 (/opt/tecoai/lib64/libtecorand.so)
 TCCL         | 1.23.0 (/opt/tecoai/lib64/libtccl.so)
--------------+------------------------------------------------

--------------+------------------------------------------------
 Host IP      | 100.10.19.121
 PyTorch      | 2.4.0a0+git4451b0e
 Torch-SDAA   | 20250616.14.30.dev0+git35328dc
--------------+------------------------------------------------
 SDAA Driver  | 2.1.0 (N/A)
 SDAA Runtime | 2.1.0 (/opt/tecoai/lib64/libsdaart.so)
 SDPTI        | 1.4.0b0 (/opt/tecoai/lib64/libsdpti.so)
 TecoDNN      | 2.2.0b0 (/opt/tecoai/lib64/libtecodnn.so)
 TecoBLAS     | 2.2.0b0 (/opt/tecoai/lib64/libtecoblas.so)
 CustomDNN    | 1.20.0a0 (/opt/tecoai/lib64/libtecodnn_ext.so)
 TecoRAND     | 2.0.1 (/opt/tecoai/lib64/libtecorand.so)
 TCCL         | 1.23.0 (/opt/tecoai/lib64/libtccl.so)
--------------+--------------------------------------------------------------+------------------------------------------------
 Host IP      | 100.10.19.121
 PyTorch      | 2.4.0a0+git4451b0e
 Torch-SDAA   | 20250616.14.30.dev0+git35328dc
--------------+------------------------------------------------
 SDAA Driver  | 2.1.0 (N/A)
 SDAA Runtime | 2.1.0 (/opt/tecoai/lib64/libsdaart.so)
 SDPTI        | 1.4.0b0 (/opt/tecoai/lib64/libsdpti.so)
 TecoDNN      | 2.2.0b0 (/opt/tecoai/lib64/libtecodnn.so)
 TecoBLAS     | 2.2.0b0 (/opt/tecoai/lib64/libtecoblas.so)
 CustomDNN    | 1.20.0a0 (/opt/tecoai/lib64/libtecodnn_ext.so)
 TecoRAND     | 2.0.1 (/opt/tecoai/lib64/libtecorand.so)
 TCCL         | 1.23.0 (/opt/tecoai/lib64/libtccl.so)
--------------+------------------------------------------------

Training in distributed mode with multiple processes, 1 device per process.Process 0, total 4, device cuda:0.
Training in distributed mode with multiple processes, 1 device per process.Process 2, total 4, device cuda:2.
Training in distributed mode with multiple processes, 1 device per process.Process 3, total 4, device cuda:3.
Training in distributed mode with multiple processes, 1 device per process.Process 1, total 4, device cuda:1.
Model beit_base_patch16_224 created, param count:86530984
Data processing configuration for current model + dataset:
	input_size: (3, 224, 224)
	interpolation: bicubic
	mean: (0.5, 0.5, 0.5)
	std: (0.5, 0.5, 0.5)
	crop_pct: 0.9
	crop_mode: center
Created SGD (sgd) optimizer: lr: 0.4, momentum: 0.9, dampening: 0, weight_decay: 2e-05, nesterov: True, maximize: False, foreach: None, differentiable: False
Using native Torch AMP. Training in mixed precision.
Using native Torch DistributedDataParallel.
Scheduled epochs: 1 (epochs + cooldown_epochs). Warmup within epochs when warmup_prefix=False. LR stepped per epoch.
TCAPPDLL 2025-11-27 13:18:15.535585 - Epoch: 0 Iteration: 0  rank : 1  train.loss : 6.907773494720459  train.ips : 24.08281456107287 imgs/sTCAPPDLL 2025-11-27 13:18:15.535585 - Epoch: 0 Iteration: 0  rank : 0  train.loss : 6.907773494720459  train.ips : 24.454996723973444 imgs/s

TCAPPDLL 2025-11-27 13:18:15.535578 - Epoch: 0 Iteration: 0  rank : 2  train.loss : 6.907773494720459  train.ips : 23.611161115478247 imgs/s
TCAPPDLL 2025-11-27 13:18:15.536130 - Epoch: 0 Iteration: 0  rank : 3  train.loss : 6.907773494720459  train.ips : 23.812170563457794 imgs/sTrain: 0 [   0/20018 (  0%)]  Loss: 6.91 (6.91)  Time: 2.617s,   24.45/s  (2.617s,   24.45/s)  LR: 1.000e-05  Data: 2.085 (2.085)

TCAPPDLL 2025-11-27 13:18:16.022060 - Epoch: 0 Iteration: 1  rank : 1  train.loss : 6.90777063369751  train.ips : 40.426645984130424 imgs/sTCAPPDLL 2025-11-27 13:18:16.022067 - Epoch: 0 Iteration: 1  rank : 2  train.loss : 6.90777063369751  train.ips : 40.05249944420323 imgs/sTCAPPDLL 2025-11-27 13:18:16.022068 - Epoch: 0 Iteration: 1  rank : 3  train.loss : 6.90777063369751  train.ips : 40.05220362840851 imgs/s


TCAPPDLL 2025-11-27 13:18:16.022318 - Epoch: 0 Iteration: 1  rank : 0  train.loss : 6.90777063369751  train.ips : 40.93284925907452 imgs/s
Train: 0 [   1/20018 (  0%)]  Loss: 6.91 (6.91)  Time: 0.510s,  125.49/s  (1.564s,   40.93/s)  LR: 1.000e-05  Data: 0.006 (1.046)
TCAPPDLL 2025-11-27 13:18:16.462246 - Epoch: 0 Iteration: 2  rank : 0  train.loss : 6.907744407653809  train.ips : 53.877025674511216 imgs/sTCAPPDLL 2025-11-27 13:18:16.462245 - Epoch: 0 Iteration: 2  rank : 3  train.loss : 6.907744407653809  train.ips : 52.84050875040567 imgs/s

TCAPPDLL 2025-11-27 13:18:16.462328 - Epoch: 0 Iteration: 2  rank : 1  train.loss : 6.907744407653809  train.ips : 53.26802102499218 imgs/s
TCAPPDLL 2025-11-27 13:18:16.462556 - Epoch: 0 Iteration: 2  rank : 2  train.loss : 6.907744407653809  train.ips : 52.78171587131614 imgs/s
Train: 0 [   2/20018 (  0%)]  Loss: 6.91 (6.91)  Time: 0.437s,  146.59/s  (1.188s,   53.88/s)  LR: 1.000e-05  Data: 0.006 (0.699)
TCAPPDLL 2025-11-27 13:18:16.916248 - Epoch: 0 Iteration: 3  rank : 1  train.loss : 6.907748222351074  train.ips : 63.02895262487723 imgs/sTCAPPDLL 2025-11-27 13:18:16.916241 - Epoch: 0 Iteration: 3  rank : 2  train.loss : 6.907748222351074  train.ips : 62.57466833424935 imgs/sTCAPPDLL 2025-11-27 13:18:16.916240 - Epoch: 0 Iteration: 3  rank : 3  train.loss : 6.907748222351074  train.ips : 62.58090112521171 imgs/s


TCAPPDLL 2025-11-27 13:18:16.916485 - Epoch: 0 Iteration: 3  rank : 0  train.loss : 6.907748222351074  train.ips : 63.66269866915339 imgs/s
Train: 0 [   3/20018 (  0%)]  Loss: 6.91 (6.91)  Time: 0.458s,  139.88/s  (1.005s,   63.66/s)  LR: 1.000e-05  Data: 0.019 (0.529)
TCAPPDLL 2025-11-27 13:18:17.354239 - Epoch: 0 Iteration: 4  rank : 2  train.loss : 6.907770156860352  train.ips : 70.66537457020647 imgs/sTCAPPDLL 2025-11-27 13:18:17.354235 - Epoch: 0 Iteration: 4  rank : 1  train.loss : 6.907770156860352  train.ips : 71.12794874376652 imgs/sTCAPPDLL 2025-11-27 13:18:17.354245 - Epoch: 0 Iteration: 4  rank : 3  train.loss : 6.907770156860352  train.ips : 70.6671976712179 imgs/s


TCAPPDLL 2025-11-27 13:18:17.354514 - Epoch: 0 Iteration: 4  rank : 0  train.loss : 6.907770156860352  train.ips : 71.76134196729602 imgs/s
Train: 0 [   4/20018 (  0%)]  Loss: 6.91 (6.91)  Time: 0.438s,  146.11/s  (0.892s,   71.76/s)  LR: 1.000e-05  Data: 0.008 (0.425)
TCAPPDLL 2025-11-27 13:18:17.777893 - Epoch: 0 Iteration: 5  rank : 2  train.loss : 6.907753944396973  train.ips : 77.56422781126085 imgs/sTCAPPDLL 2025-11-27 13:18:17.777899 - Epoch: 0 Iteration: 5  rank : 3  train.loss : 6.907753944396973  train.ips : 77.55223917680293 imgs/s

TCAPPDLL 2025-11-27 13:18:17.778058 - Epoch: 0 Iteration: 5  rank : 0  train.loss : 6.907753944396973  train.ips : 78.64293504089268 imgs/s
TCAPPDLL 2025-11-27 13:18:17.778406 - Epoch: 0 Iteration: 5  rank : 1  train.loss : 6.907753944396973  train.ips : 78.03012250913356 imgs/sTrain: 0 [   5/20018 (  0%)]  Loss: 6.91 (6.91)  Time: 0.424s,  151.08/s  (0.814s,   78.64/s)  LR: 1.000e-05  Data: 0.016 (0.357)

TCAPPDLL 2025-11-27 13:18:18.206618 - Epoch: 0 Iteration: 6  rank : 1  train.loss : 6.907740592956543  train.ips : 83.71487187520201 imgs/sTCAPPDLL 2025-11-27 13:18:18.206612 - Epoch: 0 Iteration: 6  rank : 2  train.loss : 6.907740592956543  train.ips : 83.25879559648035 imgs/sTCAPPDLL 2025-11-27 13:18:18.206611 - Epoch: 0 Iteration: 6  rank : 3  train.loss : 6.907740592956543  train.ips : 83.25796924266301 imgs/s


TCAPPDLL 2025-11-27 13:18:18.206894 - Epoch: 0 Iteration: 6  rank : 0  train.loss : 6.907740592956543  train.ips : 84.3449049869363 imgs/s
Train: 0 [   6/20018 (  0%)]  Loss: 6.91 (6.91)  Time: 0.429s,  149.29/s  (0.759s,   84.34/s)  LR: 1.000e-05  Data: 0.013 (0.308)
TCAPPDLL 2025-11-27 13:18:18.680489 - Epoch: 0 Iteration: 7  rank : 1  train.loss : 6.907758712768555  train.ips : 87.96219304954528 imgs/sTCAPPDLL 2025-11-27 13:18:18.680495 - Epoch: 0 Iteration: 7  rank : 3  train.loss : 6.907758712768555  train.ips : 87.5216578729316 imgs/sTCAPPDLL 2025-11-27 13:18:18.680503 - Epoch: 0 Iteration: 7  rank : 2  train.loss : 6.907758712768555  train.ips : 87.52176131560046 imgs/s


TCAPPDLL 2025-11-27 13:18:18.680841 - Epoch: 0 Iteration: 7  rank : 0  train.loss : 6.907758712768555  train.ips : 88.50029525736596 imgs/s
Train: 0 [   7/20018 (  0%)]  Loss: 6.91 (6.91)  Time: 0.474s,  135.09/s  (0.723s,   88.50/s)  LR: 1.000e-05  Data: 0.019 (0.272)
TCAPPDLL 2025-11-27 13:18:19.100116 - Epoch: 0 Iteration: 8  rank : 2  train.loss : 6.907752990722656  train.ips : 91.80806395162587 imgs/sTCAPPDLL 2025-11-27 13:18:19.100123 - Epoch: 0 Iteration: 8  rank : 1  train.loss : 6.907752990722656  train.ips : 92.24844652003611 imgs/sTCAPPDLL 2025-11-27 13:18:19.100129 - Epoch: 0 Iteration: 8  rank : 3  train.loss : 6.907752990722656  train.ips : 91.79620347674563 imgs/s


TCAPPDLL 2025-11-27 13:18:19.100378 - Epoch: 0 Iteration: 8  rank : 0  train.loss : 6.907752990722656  train.ips : 92.82942114921754 imgs/s
Train: 0 [   8/20018 (  0%)]  Loss: 6.91 (6.91)  Time: 0.420s,  152.51/s  (0.689s,   92.83/s)  LR: 1.000e-05  Data: 0.007 (0.242)
TCAPPDLL 2025-11-27 13:18:19.529061 - Epoch: 0 Iteration: 9  rank : 2  train.loss : 6.907762050628662  train.ips : 95.48467509761342 imgs/sTCAPPDLL 2025-11-27 13:18:19.529053 - Epoch: 0 Iteration: 9  rank : 1  train.loss : 6.907762050628662  train.ips : 95.9053146570375 imgs/sTCAPPDLL 2025-11-27 13:18:19.529058 - Epoch: 0 Iteration: 9  rank : 3  train.loss : 6.907762050628662  train.ips : 95.48790864422803 imgs/s


TCAPPDLL 2025-11-27 13:18:19.529335 - Epoch: 0 Iteration: 9  rank : 0  train.loss : 6.907762050628662  train.ips : 96.47263911797415 imgs/s
Train: 0 [   9/20018 (  0%)]  Loss: 6.91 (6.91)  Time: 0.429s,  149.16/s  (0.663s,   96.47/s)  LR: 1.000e-05  Data: 0.014 (0.219)
TCAPPDLL 2025-11-27 13:18:19.960943 - Epoch: 0 Iteration: 10  rank : 1  train.loss : 6.907736301422119  train.ips : 99.08647105702515 imgs/sTCAPPDLL 2025-11-27 13:18:19.960942 - Epoch: 0 Iteration: 10  rank : 3  train.loss : 6.907736301422119  train.ips : 98.67925537681447 imgs/s

TCAPPDLL 2025-11-27 13:18:19.961112 - Epoch: 0 Iteration: 10  rank : 0  train.loss : 6.907736301422119  train.ips : 99.63758144677713 imgs/s
TCAPPDLL 2025-11-27 13:18:19.961225 - Epoch: 0 Iteration: 10  rank : 2  train.loss : 6.907736301422119  train.ips : 98.64975583367878 imgs/s
Train: 0 [  10/20018 (  0%)]  Loss: 6.91 (6.91)  Time: 0.432s,  148.28/s  (0.642s,   99.64/s)  LR: 1.000e-05  Data: 0.011 (0.200)
TCAPPDLL 2025-11-27 13:18:20.394582 - Epoch: 0 Iteration: 11  rank : 3  train.loss : 6.907765865325928  train.ips : 101.46931752374991 imgs/sTCAPPDLL 2025-11-27 13:18:20.394591 - Epoch: 0 Iteration: 11  rank : 1  train.loss : 6.907765865325928  train.ips : 101.91834719185566 imgs/sTCAPPDLL 2025-11-27 13:18:20.394585 - Epoch: 0 Iteration: 11  rank : 0  train.loss : 6.907765865325928  train.ips : 102.42753995682256 imgs/s


TCAPPDLL 2025-11-27 13:18:20.394871 - Epoch: 0 Iteration: 11  rank : 2  train.loss : 6.907765865325928  train.ips : 101.4563293987453 imgs/s
Train: 0 [  11/20018 (  0%)]  Loss: 6.91 (6.91)  Time: 0.432s,  148.02/s  (0.625s,  102.43/s)  LR: 1.000e-05  Data: 0.011 (0.185)
TCAPPDLL 2025-11-27 13:18:20.827300 - Epoch: 0 Iteration: 12  rank : 3  train.loss : 6.907746315002441  train.ips : 103.99312899211121 imgs/sTCAPPDLL 2025-11-27 13:18:20.827315 - Epoch: 0 Iteration: 12  rank : 1  train.loss : 6.907746315002441  train.ips : 104.37058639627213 imgs/s

TCAPPDLL 2025-11-27 13:18:20.827332 - Epoch: 0 Iteration: 12  rank : 2  train.loss : 6.907746315002441  train.ips : 103.98252518595685 imgs/s
TCAPPDLL 2025-11-27 13:18:20.827696 - Epoch: 0 Iteration: 12  rank : 0  train.loss : 6.907746315002441  train.ips : 104.890794406451 imgs/s
Train: 0 [  12/20018 (  0%)]  Loss: 6.91 (6.91)  Time: 0.434s,  147.44/s  (0.610s,  104.89/s)  LR: 1.000e-05  Data: 0.013 (0.171)
TCAPPDLL 2025-11-27 13:18:21.282788 - Epoch: 0 Iteration: 13  rank : 1  train.loss : 6.907752513885498  train.ips : 106.32622505012172 imgs/sTCAPPDLL 2025-11-27 13:18:21.282789 - Epoch: 0 Iteration: 13  rank : 3  train.loss : 6.907752513885498  train.ips : 105.95630539444169 imgs/s

TCAPPDLL 2025-11-27 13:18:21.282855 - Epoch: 0 Iteration: 13  rank : 2  train.loss : 6.907752513885498  train.ips : 105.9533569648181 imgs/s
TCAPPDLL 2025-11-27 13:18:21.283115 - Epoch: 0 Iteration: 13  rank : 0  train.loss : 6.907752513885498  train.ips : 106.82491007736421 imgs/s
Train: 0 [  13/20018 (  0%)]  Loss: 6.91 (6.91)  Time: 0.455s,  140.51/s  (0.599s,  106.82/s)  LR: 1.000e-05  Data: 0.016 (0.160)
TCAPPDLL 2025-11-27 13:18:21.738186 - Epoch: 0 Iteration: 14  rank : 2  train.loss : 6.907761096954346  train.ips : 107.75461077169354 imgs/s
TCAPPDLL 2025-11-27 13:18:21.738204 - Epoch: 0 Iteration: 14  rank : 1  train.loss : 6.907761096954346  train.ips : 108.09571118321492 imgs/sTCAPPDLL 2025-11-27 13:18:21.738204 - Epoch: 0 Iteration: 14  rank : 3  train.loss : 6.907761096954346  train.ips : 107.74037325369127 imgs/s

TCAPPDLL 2025-11-27 13:18:21.738614 - Epoch: 0 Iteration: 14  rank : 0  train.loss : 6.907761096954346  train.ips : 108.5626715227441 imgs/s
Train: 0 [  14/20018 (  0%)]  Loss: 6.91 (6.91)  Time: 0.455s,  140.58/s  (0.590s,  108.56/s)  LR: 1.000e-05  Data: 0.013 (0.151)
TCAPPDLL 2025-11-27 13:18:22.176001 - Epoch: 0 Iteration: 15  rank : 3  train.loss : 6.907754898071289  train.ips : 109.53159333443027 imgs/sTCAPPDLL 2025-11-27 13:18:22.176017 - Epoch: 0 Iteration: 15  rank : 1  train.loss : 6.907754898071289  train.ips : 109.87678270041735 imgs/s

TCAPPDLL 2025-11-27 13:18:22.176050 - Epoch: 0 Iteration: 15  rank : 0  train.loss : 6.907754898071289  train.ips : 110.34217165015444 imgs/s
TCAPPDLL 2025-11-27 13:18:22.176571 - Epoch: 0 Iteration: 15  rank : 2  train.loss : 6.907754898071289  train.ips : 109.51164436364517 imgs/sTrain: 0 [  15/20018 (  0%)]  Loss: 6.91 (6.91)  Time: 0.437s,  146.32/s  (0.580s,  110.34/s)  LR: 1.000e-05  Data: 0.013 (0.142)

TCAPPDLL 2025-11-27 13:18:22.612960 - Epoch: 0 Iteration: 16  rank : 1  train.loss : 6.907740592956543  train.ips : 111.50670756400066 imgs/sTCAPPDLL 2025-11-27 13:18:22.612951 - Epoch: 0 Iteration: 16  rank : 3  train.loss : 6.907740592956543  train.ips : 111.17345274853382 imgs/sTCAPPDLL 2025-11-27 13:18:22.612958 - Epoch: 0 Iteration: 16  rank : 2  train.loss : 6.907740592956543  train.ips : 111.17017838498239 imgs/s


TCAPPDLL 2025-11-27 13:18:22.613258 - Epoch: 0 Iteration: 16  rank : 0  train.loss : 6.907740592956543  train.ips : 111.95996509944482 imgs/s
Train: 0 [  16/20018 (  0%)]  Loss: 6.91 (6.91)  Time: 0.438s,  146.27/s  (0.572s,  111.96/s)  LR: 1.000e-05  Data: 0.013 (0.134)
TCAPPDLL 2025-11-27 13:18:23.048470 - Epoch: 0 Iteration: 17  rank : 3  train.loss : 6.907757759094238  train.ips : 112.69887359395166 imgs/sTCAPPDLL 2025-11-27 13:18:23.048484 - Epoch: 0 Iteration: 17  rank : 1  train.loss : 6.907757759094238  train.ips : 113.02019938815477 imgs/s

TCAPPDLL 2025-11-27 13:18:23.048562 - Epoch: 0 Iteration: 17  rank : 2  train.loss : 6.907757759094238  train.ips : 112.69177415560377 imgs/sTCAPPDLL 2025-11-27 13:18:23.048725 - Epoch: 0 Iteration: 17  rank : 0  train.loss : 6.907757759094238  train.ips : 113.45850037733494 imgs/s

Train: 0 [  17/20018 (  0%)]  Loss: 6.91 (6.91)  Time: 0.436s,  146.88/s  (0.564s,  113.46/s)  LR: 1.000e-05  Data: 0.016 (0.128)
TCAPPDLL 2025-11-27 13:18:23.484935 - Epoch: 0 Iteration: 18  rank : 1  train.loss : 6.9077534675598145  train.ips : 114.41178369167724 imgs/sTCAPPDLL 2025-11-27 13:18:23.484934 - Epoch: 0 Iteration: 18  rank : 3  train.loss : 6.9077534675598145  train.ips : 114.09834879689411 imgs/sTCAPPDLL 2025-11-27 13:18:23.484950 - Epoch: 0 Iteration: 18  rank : 2  train.loss : 6.9077534675598145  train.ips : 114.09568149989025 imgs/s


TCAPPDLL 2025-11-27 13:18:23.485302 - Epoch: 0 Iteration: 18  rank : 0  train.loss : 6.9077534675598145  train.ips : 114.82853156687597 imgs/s
Train: 0 [  18/20018 (  0%)]  Loss: 6.91 (6.91)  Time: 0.436s,  146.72/s  (0.557s,  114.83/s)  LR: 1.000e-05  Data: 0.021 (0.122)
TCAPPDLL 2025-11-27 13:18:23.926251 - Epoch: 0 Iteration: 19  rank : 1  train.loss : 6.907749176025391  train.ips : 115.62156332139718 imgs/sTCAPPDLL 2025-11-27 13:18:23.926250 - Epoch: 0 Iteration: 19  rank : 3  train.loss : 6.907749176025391  train.ips : 115.31686437381235 imgs/sTCAPPDLL 2025-11-27 13:18:23.926261 - Epoch: 0 Iteration: 19  rank : 2  train.loss : 6.907749176025391  train.ips : 115.31602221980269 imgs/s


TCAPPDLL 2025-11-27 13:18:23.926496 - Epoch: 0 Iteration: 19  rank : 0  train.loss : 6.907749176025391  train.ips : 116.03364072927539 imgs/s
Train: 0 [  19/20018 (  0%)]  Loss: 6.91 (6.91)  Time: 0.442s,  144.93/s  (0.552s,  116.03/s)  LR: 1.000e-05  Data: 0.012 (0.117)
TCAPPDLL 2025-11-27 13:18:24.363168 - Epoch: 0 Iteration: 20  rank : 1  train.loss : 6.907765865325928  train.ips : 116.82330527241947 imgs/sTCAPPDLL 2025-11-27 13:18:24.363168 - Epoch: 0 Iteration: 20  rank : 2  train.loss : 6.907765865325928  train.ips : 116.52822707624843 imgs/sTCAPPDLL 2025-11-27 13:18:24.363169 - Epoch: 0 Iteration: 20  rank : 3  train.loss : 6.907765865325928  train.ips : 116.5297012885163 imgs/s


TCAPPDLL 2025-11-27 13:18:24.363537 - Epoch: 0 Iteration: 20  rank : 0  train.loss : 6.907765865325928  train.ips : 117.19404316106201 imgs/s
Train: 0 [  20/20018 (  0%)]  Loss: 6.91 (6.91)  Time: 0.437s,  146.49/s  (0.546s,  117.19/s)  LR: 1.000e-05  Data: 0.011 (0.112)
TCAPPDLL 2025-11-27 13:18:24.814486 - Epoch: 0 Iteration: 21  rank : 3  train.loss : 6.907768249511719  train.ips : 117.45936990162286 imgs/sTCAPPDLL 2025-11-27 13:18:24.814486 - Epoch: 0 Iteration: 21  rank : 2  train.loss : 6.907768249511719  train.ips : 117.46125525724234 imgs/sTCAPPDLL 2025-11-27 13:18:24.814477 - Epoch: 0 Iteration: 21  rank : 1  train.loss : 6.907768249511719  train.ips : 117.7487648859299 imgs/s


TCAPPDLL 2025-11-27 13:18:24.814848 - Epoch: 0 Iteration: 21  rank : 0  train.loss : 6.907768249511719  train.ips : 118.12802043484044 imgs/s
Train: 0 [  21/20018 (  0%)]  Loss: 6.91 (6.91)  Time: 0.451s,  141.87/s  (0.542s,  118.13/s)  LR: 1.000e-05  Data: 0.016 (0.107)
TCAPPDLL 2025-11-27 13:18:25.248089 - Epoch: 0 Iteration: 22  rank : 1  train.loss : 6.907782077789307  train.ips : 118.78400362500011 imgs/sTCAPPDLL 2025-11-27 13:18:25.248089 - Epoch: 0 Iteration: 22  rank : 3  train.loss : 6.907782077789307  train.ips : 118.49547755870373 imgs/s

TCAPPDLL 2025-11-27 13:18:25.248361 - Epoch: 0 Iteration: 22  rank : 2  train.loss : 6.907782077789307  train.ips : 118.4898854723474 imgs/sTCAPPDLL 2025-11-27 13:18:25.248356 - Epoch: 0 Iteration: 22  rank : 0  train.loss : 6.907782077789307  train.ips : 119.16093326902184 imgs/s

Train: 0 [  22/20018 (  0%)]  Loss: 6.91 (6.91)  Time: 0.434s,  147.54/s  (0.537s,  119.16/s)  LR: 1.000e-05  Data: 0.014 (0.103)
TCAPPDLL 2025-11-27 13:18:25.687743 - Epoch: 0 Iteration: 23  rank : 3  train.loss : 6.907744407653809  train.ips : 119.43407162164971 imgs/sTCAPPDLL 2025-11-27 13:18:25.687735 - Epoch: 0 Iteration: 23  rank : 0  train.loss : 6.907744407653809  train.ips : 120.07410868268502 imgs/s

TCAPPDLL 2025-11-27 13:18:25.687766 - Epoch: 0 Iteration: 23  rank : 1  train.loss : 6.907744407653809  train.ips : 119.70611704309424 imgs/s
TCAPPDLL 2025-11-27 13:18:25.688015 - Epoch: 0 Iteration: 23  rank : 2  train.loss : 6.907744407653809  train.ips : 119.41346816237537 imgs/s
Train: 0 [  23/20018 (  0%)]  Loss: 6.91 (6.91)  Time: 0.439s,  145.77/s  (0.533s,  120.07/s)  LR: 1.000e-05  Data: 0.014 (0.099)
TCAPPDLL 2025-11-27 13:18:26.129674 - Epoch: 0 Iteration: 24  rank : 2  train.loss : 6.907756805419922  train.ips : 120.28163118561358 imgs/sTCAPPDLL 2025-11-27 13:18:26.129686 - Epoch: 0 Iteration: 24  rank : 1  train.loss : 6.907756805419922  train.ips : 120.54939624316025 imgs/sTCAPPDLL 2025-11-27 13:18:26.129686 - Epoch: 0 Iteration: 24  rank : 3  train.loss : 6.907756805419922  train.ips : 120.28112456277493 imgs/s


TCAPPDLL 2025-11-27 13:18:26.130063 - Epoch: 0 Iteration: 24  rank : 0  train.loss : 6.907756805419922  train.ips : 120.89604092181378 imgs/s
Train: 0 [  24/20018 (  0%)]  Loss: 6.91 (6.91)  Time: 0.442s,  144.66/s  (0.529s,  120.90/s)  LR: 1.000e-05  Data: 0.012 (0.096)
TCAPPDLL 2025-11-27 13:18:26.566565 - Epoch: 0 Iteration: 25  rank : 0  train.loss : 6.90776252746582  train.ips : 121.71827047900916 imgs/s
TCAPPDLL 2025-11-27 13:18:26.566685 - Epoch: 0 Iteration: 25  rank : 1  train.loss : 6.90776252746582  train.ips : 121.34887786152764 imgs/s
TCAPPDLL 2025-11-27 13:18:26.566795 - Epoch: 0 Iteration: 25  rank : 2  train.loss : 6.90776252746582  train.ips : 121.08847491614112 imgs/s
TCAPPDLL 2025-11-27 13:18:26.566879 - Epoch: 0 Iteration: 25  rank : 3  train.loss : 6.90776252746582  train.ips : 121.09017661816092 imgs/s
Train: 0 [  25/20018 (  0%)]  Loss: 6.91 (6.91)  Time: 0.436s,  146.65/s  (0.526s,  121.72/s)  LR: 1.000e-05  Data: 0.017 (0.093)
TCAPPDLL 2025-11-27 13:18:26.990107 - Epoch: 0 Iteration: 26  rank : 1  train.loss : 6.907764434814453  train.ips : 122.27245624539121 imgs/sTCAPPDLL 2025-11-27 13:18:26.990106 - Epoch: 0 Iteration: 26  rank : 3  train.loss : 6.907764434814453  train.ips : 122.01747005913751 imgs/s

TCAPPDLL 2025-11-27 13:18:26.990186 - Epoch: 0 Iteration: 26  rank : 2  train.loss : 6.907764434814453  train.ips : 122.01439706985947 imgs/s
TCAPPDLL 2025-11-27 13:18:26.990486 - Epoch: 0 Iteration: 26  rank : 0  train.loss : 6.907764434814453  train.ips : 122.59786179327908 imgs/s
Train: 0 [  26/20018 (  0%)]  Loss: 6.91 (6.91)  Time: 0.424s,  150.96/s  (0.522s,  122.60/s)  LR: 1.000e-05  Data: 0.012 (0.090)
TCAPPDLL 2025-11-27 13:18:27.422334 - Epoch: 0 Iteration: 27  rank : 1  train.loss : 6.907745838165283  train.ips : 123.02399845958786 imgs/sTCAPPDLL 2025-11-27 13:18:27.422322 - Epoch: 0 Iteration: 27  rank : 3  train.loss : 6.907745838165283  train.ips : 122.77891224659489 imgs/sTCAPPDLL 2025-11-27 13:18:27.422343 - Epoch: 0 Iteration: 27  rank : 2  train.loss : 6.907745838165283  train.ips : 122.76934616252075 imgs/s


TCAPPDLL 2025-11-27 13:18:27.422597 - Epoch: 0 Iteration: 27  rank : 0  train.loss : 6.907745838165283  train.ips : 123.3537313858561 imgs/s
Train: 0 [  27/20018 (  0%)]  Loss: 6.91 (6.91)  Time: 0.432s,  147.99/s  (0.519s,  123.35/s)  LR: 1.000e-05  Data: 0.013 (0.087)
TCAPPDLL 2025-11-27 13:18:27.872778 - Epoch: 0 Iteration: 28  rank : 3  train.loss : 6.9077582359313965  train.ips : 123.36391939027644 imgs/sTCAPPDLL 2025-11-27 13:18:27.872773 - Epoch: 0 Iteration: 28  rank : 1  train.loss : 6.9077582359313965  train.ips : 123.60394072310187 imgs/sTCAPPDLL 2025-11-27 13:18:27.872780 - Epoch: 0 Iteration: 28  rank : 2  train.loss : 6.9077582359313965  train.ips : 123.36321365283497 imgs/s


TCAPPDLL 2025-11-27 13:18:27.873015 - Epoch: 0 Iteration: 28  rank : 0  train.loss : 6.9077582359313965  train.ips : 123.91644102370978 imgs/s
Train: 0 [  28/20018 (  0%)]  Loss: 6.91 (6.91)  Time: 0.451s,  142.06/s  (0.516s,  123.92/s)  LR: 1.000e-05  Data: 0.014 (0.085)
TCAPPDLL 2025-11-27 13:18:28.293988 - Epoch: 0 Iteration: 29  rank : 2  train.loss : 6.90775728225708  train.ips : 124.12813208152292 imgs/s
TCAPPDLL 2025-11-27 13:18:28.294001 - Epoch: 0 Iteration: 29  rank : 3  train.loss : 6.90775728225708  train.ips : 124.12407031374919 imgs/sTCAPPDLL 2025-11-27 13:18:28.294081 - Epoch: 0 Iteration: 29  rank : 1  train.loss : 6.90775728225708  train.ips : 124.35979157445215 imgs/s

TCAPPDLL 2025-11-27 13:18:28.294367 - Epoch: 0 Iteration: 29  rank : 0  train.loss : 6.90775728225708  train.ips : 124.68487714146673 imgs/s
Train: 0 [  29/20018 (  0%)]  Loss: 6.91 (6.91)  Time: 0.421s,  152.02/s  (0.513s,  124.68/s)  LR: 1.000e-05  Data: 0.016 (0.082)
TCAPPDLL 2025-11-27 13:18:28.729574 - Epoch: 0 Iteration: 30  rank : 1  train.loss : 6.907751083374023  train.ips : 124.975747298427 imgs/sTCAPPDLL 2025-11-27 13:18:28.729571 - Epoch: 0 Iteration: 30  rank : 3  train.loss : 6.907751083374023  train.ips : 124.74609689637406 imgs/sTCAPPDLL 2025-11-27 13:18:28.729569 - Epoch: 0 Iteration: 30  rank : 2  train.loss : 6.907751083374023  train.ips : 124.76034640666175 imgs/s


TCAPPDLL 2025-11-27 13:18:28.729839 - Epoch: 0 Iteration: 30  rank : 0  train.loss : 6.907751083374023  train.ips : 125.2958321405773 imgs/s
Train: 0 [  30/20018 (  0%)]  Loss: 6.91 (6.91)  Time: 0.436s,  146.89/s  (0.511s,  125.30/s)  LR: 1.000e-05  Data: 0.018 (0.080)
TCAPPDLL 2025-11-27 13:18:29.166955 - Epoch: 0 Iteration: 31  rank : 1  train.loss : 6.907746315002441  train.ips : 125.54809089739302 imgs/sTCAPPDLL 2025-11-27 13:18:29.166961 - Epoch: 0 Iteration: 31  rank : 3  train.loss : 6.907746315002441  train.ips : 125.32229656155602 imgs/sTCAPPDLL 2025-11-27 13:18:29.166966 - Epoch: 0 Iteration: 31  rank : 0  train.loss : 6.907746315002441  train.ips : 125.86813174575533 imgs/s


TCAPPDLL 2025-11-27 13:18:29.167292 - Epoch: 0 Iteration: 31  rank : 2  train.loss : 6.907746315002441  train.ips : 125.320135451819 imgs/s
Train: 0 [  31/20018 (  0%)]  Loss: 6.91 (6.91)  Time: 0.436s,  146.63/s  (0.508s,  125.87/s)  LR: 1.000e-05  Data: 0.014 (0.078)
TCAPPDLL 2025-11-27 13:18:29.609884 - Epoch: 0 Iteration: 32  rank : 1  train.loss : 6.907750129699707  train.ips : 126.10044193810477 imgs/sTCAPPDLL 2025-11-27 13:18:29.609873 - Epoch: 0 Iteration: 32  rank : 3  train.loss : 6.907750129699707  train.ips : 125.88202800179752 imgs/sTCAPPDLL 2025-11-27 13:18:29.609886 - Epoch: 0 Iteration: 32  rank : 2  train.loss : 6.907750129699707  train.ips : 125.88042521364567 imgs/s


TCAPPDLL 2025-11-27 13:18:29.610863 - Epoch: 0 Iteration: 32  rank : 0  train.loss : 6.907750129699707  train.ips : 126.3644781894293 imgs/s
Train: 0 [  32/20018 (  0%)]  Loss: 6.91 (6.91)  Time: 0.443s,  144.61/s  (0.506s,  126.36/s)  LR: 1.000e-05  Data: 0.016 (0.076)
TCAPPDLL 2025-11-27 13:18:30.050155 - Epoch: 0 Iteration: 33  rank : 1  train.loss : 6.907761096954346  train.ips : 126.54845784030853 imgs/sTCAPPDLL 2025-11-27 13:18:30.050155 - Epoch: 0 Iteration: 33  rank : 2  train.loss : 6.907761096954346  train.ips : 126.33078908470972 imgs/s

TCAPPDLL 2025-11-27 13:18:30.050205 - Epoch: 0 Iteration: 33  rank : 0  train.loss : 6.907761096954346  train.ips : 126.85043388303859 imgs/s
TCAPPDLL 2025-11-27 13:18:30.050441 - Epoch: 0 Iteration: 33  rank : 3  train.loss : 6.907761096954346  train.ips : 126.32662396910185 imgs/s
Train: 0 [  33/20018 (  0%)]  Loss: 6.91 (6.91)  Time: 0.441s,  145.29/s  (0.505s,  126.85/s)  LR: 1.000e-05  Data: 0.020 (0.075)
TCAPPDLL 2025-11-27 13:18:30.485596 - Epoch: 0 Iteration: 34  rank : 1  train.loss : 6.9077582359313965  train.ips : 127.04664200064269 imgs/sTCAPPDLL 2025-11-27 13:18:30.485595 - Epoch: 0 Iteration: 34  rank : 2  train.loss : 6.9077582359313965  train.ips : 126.83579589391691 imgs/s

TCAPPDLL 2025-11-27 13:18:30.485735 - Epoch: 0 Iteration: 34  rank : 3  train.loss : 6.9077582359313965  train.ips : 126.8348404467404 imgs/s
TCAPPDLL 2025-11-27 13:18:30.485837 - Epoch: 0 Iteration: 34  rank : 0  train.loss : 6.9077582359313965  train.ips : 127.34033310861741 imgs/s
Train: 0 [  34/20018 (  0%)]  Loss: 6.91 (6.91)  Time: 0.437s,  146.59/s  (0.503s,  127.34/s)  LR: 1.000e-05  Data: 0.012 (0.073)
TCAPPDLL 2025-11-27 13:18:30.926836 - Epoch: 0 Iteration: 35  rank : 2  train.loss : 6.907767295837402  train.ips : 127.29648213007235 imgs/sTCAPPDLL 2025-11-27 13:18:30.926837 - Epoch: 0 Iteration: 35  rank : 1  train.loss : 6.907767295837402  train.ips : 127.49672739086337 imgs/s

TCAPPDLL 2025-11-27 13:18:30.926892 - Epoch: 0 Iteration: 35  rank : 3  train.loss : 6.907767295837402  train.ips : 127.28683099748336 imgs/s
TCAPPDLL 2025-11-27 13:18:30.927235 - Epoch: 0 Iteration: 35  rank : 0  train.loss : 6.907767295837402  train.ips : 127.77600370393573 imgs/s
Train: 0 [  35/20018 (  0%)]  Loss: 6.91 (6.91)  Time: 0.441s,  145.16/s  (0.501s,  127.78/s)  LR: 1.000e-05  Data: 0.012 (0.071)
TCAPPDLL 2025-11-27 13:18:31.367954 - Epoch: 0 Iteration: 36  rank : 1  train.loss : 6.907755374908447  train.ips : 127.92917903932607 imgs/sTCAPPDLL 2025-11-27 13:18:31.367986 - Epoch: 0 Iteration: 36  rank : 3  train.loss : 6.907755374908447  train.ips : 127.7263700903704 imgs/s

TCAPPDLL 2025-11-27 13:18:31.368118 - Epoch: 0 Iteration: 36  rank : 0  train.loss : 6.907755374908447  train.ips : 128.20610228356608 imgs/s
TCAPPDLL 2025-11-27 13:18:31.368209 - Epoch: 0 Iteration: 36  rank : 2  train.loss : 6.907755374908447  train.ips : 127.69942475734297 imgs/s
Train: 0 [  36/20018 (  0%)]  Loss: 6.91 (6.91)  Time: 0.439s,  145.88/s  (0.499s,  128.21/s)  LR: 1.000e-05  Data: 0.016 (0.070)
TCAPPDLL 2025-11-27 13:18:31.798623 - Epoch: 0 Iteration: 37  rank : 3  train.loss : 6.907754898071289  train.ips : 128.18331140071194 imgs/sTCAPPDLL 2025-11-27 13:18:31.798630 - Epoch: 0 Iteration: 37  rank : 1  train.loss : 6.907754898071289  train.ips : 128.37940593201097 imgs/s

TCAPPDLL 2025-11-27 13:18:31.798684 - Epoch: 0 Iteration: 37  rank : 2  train.loss : 6.907754898071289  train.ips : 128.18158626556226 imgs/s
TCAPPDLL 2025-11-27 13:18:31.798863 - Epoch: 0 Iteration: 37  rank : 0  train.loss : 6.907754898071289  train.ips : 128.65243525046498 imgs/s
Train: 0 [  37/20018 (  0%)]  Loss: 6.91 (6.91)  Time: 0.433s,  147.67/s  (0.497s,  128.65/s)  LR: 1.000e-05  Data: 0.013 (0.068)
TCAPPDLL 2025-11-27 13:18:32.227613 - Epoch: 0 Iteration: 38  rank : 3  train.loss : 6.907775402069092  train.ips : 128.65230673203396 imgs/sTCAPPDLL 2025-11-27 13:18:32.227618 - Epoch: 0 Iteration: 38  rank : 1  train.loss : 6.907775402069092  train.ips : 128.84638327767377 imgs/sTCAPPDLL 2025-11-27 13:18:32.227632 - Epoch: 0 Iteration: 38  rank : 2  train.loss : 6.907775402069092  train.ips : 128.65162058359022 imgs/s


TCAPPDLL 2025-11-27 13:18:32.227983 - Epoch: 0 Iteration: 38  rank : 0  train.loss : 6.907775402069092  train.ips : 129.1098175333295 imgs/s
Train: 0 [  38/20018 (  0%)]  Loss: 6.91 (6.91)  Time: 0.429s,  149.28/s  (0.496s,  129.11/s)  LR: 1.000e-05  Data: 0.015 (0.067)
TCAPPDLL 2025-11-27 13:18:32.678081 - Epoch: 0 Iteration: 39  rank : 1  train.loss : 6.907756805419922  train.ips : 129.15767109967237 imgs/s
TCAPPDLL 2025-11-27 13:18:32.678098 - Epoch: 0 Iteration: 39  rank : 3  train.loss : 6.907756805419922  train.ips : 128.96366603153805 imgs/sTCAPPDLL 2025-11-27 13:18:32.678104 - Epoch: 0 Iteration: 39  rank : 0  train.loss : 6.907756805419922  train.ips : 129.42349820921714 imgs/s

Train: 0 [  39/20018 (  0%)]  Loss: 6.91 (6.91)  Time: 0.448s,  142.97/s  (0.495s,  129.42/s)  LR: 1.000e-05  Data: 0.014 (0.066)
TCAPPDLL 2025-11-27 13:18:32.678526 - Epoch: 0 Iteration: 39  rank : 2  train.loss : 6.907756805419922  train.ips : 128.94729115795897 imgs/s
TCAPPDLL 2025-11-27 13:18:33.113106 - Epoch: 0 Iteration: 40  rank : 1  train.loss : 6.907757759094238  train.ips : 129.52258027190948 imgs/sTCAPPDLL 2025-11-27 13:18:33.113122 - Epoch: 0 Iteration: 40  rank : 3  train.loss : 6.907757759094238  train.ips : 129.33559174187732 imgs/sTCAPPDLL 2025-11-27 13:18:33.113163 - Epoch: 0 Iteration: 40  rank : 2  train.loss : 6.907757759094238  train.ips : 129.33540327569824 imgs/s


TCAPPDLL 2025-11-27 13:18:33.113358 - Epoch: 0 Iteration: 40  rank : 0  train.loss : 6.907757759094238  train.ips : 129.78450610649173 imgs/s
Train: 0 [  40/20018 (  0%)]  Loss: 6.91 (6.91)  Time: 0.438s,  146.08/s  (0.493s,  129.78/s)  LR: 1.000e-05  Data: 0.015 (0.064)
TCAPPDLL 2025-11-27 13:18:33.552439 - Epoch: 0 Iteration: 41  rank : 2  train.loss : 6.907763957977295  train.ips : 129.68697011696133 imgs/sTCAPPDLL 2025-11-27 13:18:33.552447 - Epoch: 0 Iteration: 41  rank : 1  train.loss : 6.907763957977295  train.ips : 129.87173878558247 imgs/sTCAPPDLL 2025-11-27 13:18:33.552447 - Epoch: 0 Iteration: 41  rank : 3  train.loss : 6.907763957977295  train.ips : 129.68714763850866 imgs/s


TCAPPDLL 2025-11-27 13:18:33.552799 - Epoch: 0 Iteration: 41  rank : 0  train.loss : 6.907763957977295  train.ips : 130.12379635545682 imgs/s
Train: 0 [  41/20018 (  0%)]  Loss: 6.91 (6.91)  Time: 0.439s,  145.75/s  (0.492s,  130.12/s)  LR: 1.000e-05  Data: 0.013 (0.063)
TCAPPDLL 2025-11-27 13:18:34.001988 - Epoch: 0 Iteration: 42  rank : 3  train.loss : 6.907719612121582  train.ips : 129.96810056552954 imgs/sTCAPPDLL 2025-11-27 13:18:34.002048 - Epoch: 0 Iteration: 42  rank : 2  train.loss : 6.907719612121582  train.ips : 129.9694849635579 imgs/s

TCAPPDLL 2025-11-27 13:18:34.002143 - Epoch: 0 Iteration: 42  rank : 0  train.loss : 6.907719612121582  train.ips : 130.40150962525738 imgs/sTCAPPDLL 2025-11-27 13:18:34.002210 - Epoch: 0 Iteration: 42  rank : 1  train.loss : 6.907719612121582  train.ips : 130.12839330732905 imgs/s

Train: 0 [  42/20018 (  0%)]  Loss: 6.91 (6.91)  Time: 0.447s,  143.24/s  (0.491s,  130.40/s)  LR: 1.000e-05  Data: 0.014 (0.062)
TCAPPDLL 2025-11-27 13:18:34.442411 - Epoch: 0 Iteration: 43  rank : 2  train.loss : 6.907754421234131  train.ips : 130.2697018783366 imgs/sTCAPPDLL 2025-11-27 13:18:34.442420 - Epoch: 0 Iteration: 43  rank : 1  train.loss : 6.907754421234131  train.ips : 130.44934728000672 imgs/sTCAPPDLL 2025-11-27 13:18:34.442420 - Epoch: 0 Iteration: 43  rank : 3  train.loss : 6.907754421234131  train.ips : 130.26893894558125 imgs/s


TCAPPDLL 2025-11-27 13:18:34.442735 - Epoch: 0 Iteration: 43  rank : 0  train.loss : 6.907754421234131  train.ips : 130.68900458297148 imgs/s
Train: 0 [  43/20018 (  0%)]  Loss: 6.91 (6.91)  Time: 0.443s,  144.38/s  (0.490s,  130.69/s)  LR: 1.000e-05  Data: 0.014 (0.061)
TCAPPDLL 2025-11-27 13:18:34.878759 - Epoch: 0 Iteration: 44  rank : 3  train.loss : 6.907744407653809  train.ips : 130.62889928966212 imgs/sTCAPPDLL 2025-11-27 13:18:34.878773 - Epoch: 0 Iteration: 44  rank : 1  train.loss : 6.907744407653809  train.ips : 130.80353482834363 imgs/sTCAPPDLL 2025-11-27 13:18:34.878766 - Epoch: 0 Iteration: 44  rank : 2  train.loss : 6.907744407653809  train.ips : 130.62836108267848 imgs/s


TCAPPDLL 2025-11-27 13:18:34.879216 - Epoch: 0 Iteration: 44  rank : 0  train.loss : 6.907744407653809  train.ips : 131.04309686382433 imgs/s
Train: 0 [  44/20018 (  0%)]  Loss: 6.91 (6.91)  Time: 0.430s,  148.78/s  (0.488s,  131.04/s)  LR: 1.000e-05  Data: 0.010 (0.060)
TCAPPDLL 2025-11-27 13:18:35.313791 - Epoch: 0 Iteration: 45  rank : 2  train.loss : 6.907732963562012  train.ips : 130.9111805172338 imgs/sTCAPPDLL 2025-11-27 13:18:35.313788 - Epoch: 0 Iteration: 45  rank : 1  train.loss : 6.907732963562012  train.ips : 131.0823855184858 imgs/sTCAPPDLL 2025-11-27 13:18:35.313792 - Epoch: 0 Iteration: 45  rank : 3  train.loss : 6.907732963562012  train.ips : 130.9122658580151 imgs/s


TCAPPDLL 2025-11-27 13:18:35.314046 - Epoch: 0 Iteration: 45  rank : 0  train.loss : 6.907732963562012  train.ips : 131.31835014710214 imgs/s
Train: 0 [  45/20018 (  0%)]  Loss: 6.91 (6.91)  Time: 0.441s,  145.03/s  (0.487s,  131.32/s)  LR: 1.000e-05  Data: 0.015 (0.059)
TCAPPDLL 2025-11-27 13:18:35.760648 - Epoch: 0 Iteration: 46  rank : 1  train.loss : 6.907751083374023  train.ips : 131.31599104852734 imgs/s
TCAPPDLL 2025-11-27 13:18:35.760745 - Epoch: 0 Iteration: 46  rank : 3  train.loss : 6.907751083374023  train.ips : 131.14778711467824 imgs/s
TCAPPDLL 2025-11-27 13:18:35.760895 - Epoch: 0 Iteration: 46  rank : 2  train.loss : 6.907751083374023  train.ips : 131.14778711467824 imgs/s
TCAPPDLL 2025-11-27 13:18:35.760953 - Epoch: 0 Iteration: 46  rank : 0  train.loss : 6.907751083374023  train.ips : 131.5507053853821 imgs/s
Train: 0 [  46/20018 (  0%)]  Loss: 6.91 (6.91)  Time: 0.447s,  143.21/s  (0.487s,  131.55/s)  LR: 1.000e-05  Data: 0.016 (0.058)
TCAPPDLL 2025-11-27 13:18:36.203104 - Epoch: 0 Iteration: 47  rank : 1  train.loss : 6.907744884490967  train.ips : 131.57747250709392 imgs/sTCAPPDLL 2025-11-27 13:18:36.203073 - Epoch: 0 Iteration: 47  rank : 3  train.loss : 6.907744884490967  train.ips : 131.41061788131609 imgs/sTCAPPDLL 2025-11-27 13:18:36.203104 - Epoch: 0 Iteration: 47  rank : 2  train.loss : 6.907744884490967  train.ips : 131.41078809092826 imgs/s


TCAPPDLL 2025-11-27 13:18:36.203344 - Epoch: 0 Iteration: 47  rank : 0  train.loss : 6.907744884490967  train.ips : 131.79927311917245 imgs/s
Train: 0 [  47/20018 (  0%)]  Loss: 6.91 (6.91)  Time: 0.442s,  144.64/s  (0.486s,  131.80/s)  LR: 1.000e-05  Data: 0.016 (0.057)
TCAPPDLL 2025-11-27 13:18:36.637601 - Epoch: 0 Iteration: 48  rank : 1  train.loss : 6.90773344039917  train.ips : 131.8571288413005 imgs/sTCAPPDLL 2025-11-27 13:18:36.637607 - Epoch: 0 Iteration: 48  rank : 2  train.loss : 6.90773344039917  train.ips : 131.69424718152953 imgs/s

TCAPPDLL 2025-11-27 13:18:36.637813 - Epoch: 0 Iteration: 48  rank : 3  train.loss : 6.90773344039917  train.ips : 131.69238145521666 imgs/s
TCAPPDLL 2025-11-27 13:18:36.637888 - Epoch: 0 Iteration: 48  rank : 0  train.loss : 6.90773344039917  train.ips : 132.08269214837588 imgs/s
Train: 0 [  48/20018 (  0%)]  Loss: 6.91 (6.91)  Time: 0.435s,  147.29/s  (0.485s,  132.08/s)  LR: 1.000e-05  Data: 0.011 (0.056)
TCAPPDLL 2025-11-27 13:18:37.063096 - Epoch: 0 Iteration: 49  rank : 3  train.loss : 6.907779216766357  train.ips : 132.03251592326112 imgs/sTCAPPDLL 2025-11-27 13:18:37.063103 - Epoch: 0 Iteration: 49  rank : 1  train.loss : 6.907779216766357  train.ips : 132.19301093313408 imgs/sTCAPPDLL 2025-11-27 13:18:37.063113 - Epoch: 0 Iteration: 49  rank : 2  train.loss : 6.907779216766357  train.ips : 132.03262892146472 imgs/s


TCAPPDLL 2025-11-27 13:18:37.063480 - Epoch: 0 Iteration: 49  rank : 0  train.loss : 6.907779216766357  train.ips : 132.40756824560614 imgs/s
Train: 0 [  49/20018 (  0%)]  Loss: 6.91 (6.91)  Time: 0.425s,  150.55/s  (0.483s,  132.41/s)  LR: 1.000e-05  Data: 0.018 (0.055)
TCAPPDLL 2025-11-27 13:18:37.507804 - Epoch: 0 Iteration: 50  rank : 1  train.loss : 6.907742977142334  train.ips : 132.39377017970946 imgs/s
TCAPPDLL 2025-11-27 13:18:37.507950 - Epoch: 0 Iteration: 50  rank : 0  train.loss : 6.907742977142334  train.ips : 132.61378378712178 imgs/sTCAPPDLL 2025-11-27 13:18:37.507967 - Epoch: 0 Iteration: 50  rank : 3  train.loss : 6.907742977142334  train.ips : 132.23569768806158 imgs/s

TCAPPDLL 2025-11-27 13:18:37.508059 - Epoch: 0 Iteration: 50  rank : 2  train.loss : 6.907742977142334  train.ips : 132.23543456814463 imgs/s
Train: 0 [  50/20018 (  0%)]  Loss: 6.91 (6.91)  Time: 0.445s,  143.81/s  (0.483s,  132.61/s)  LR: 1.000e-05  Data: 0.015 (0.054)
TCAPPDLL 2025-11-27 13:18:37.956377 - Epoch: 0 Iteration: 51  rank : 3  train.loss : 6.9077467918396  train.ips : 132.42837992411174 imgs/sTCAPPDLL 2025-11-27 13:18:37.956390 - Epoch: 0 Iteration: 51  rank : 1  train.loss : 6.9077467918396  train.ips : 132.58348610252332 imgs/s

TCAPPDLL 2025-11-27 13:18:37.956436 - Epoch: 0 Iteration: 51  rank : 2  train.loss : 6.9077467918396  train.ips : 132.42396391707314 imgs/s
TCAPPDLL 2025-11-27 13:18:37.956807 - Epoch: 0 Iteration: 51  rank : 0  train.loss : 6.9077467918396  train.ips : 132.79417950319421 imgs/s
Train: 0 [  51/20018 (  0%)]  Loss: 6.91 (6.91)  Time: 0.449s,  142.69/s  (0.482s,  132.79/s)  LR: 1.000e-05  Data: 0.013 (0.054)
TCAPPDLL 2025-11-27 13:18:38.403649 - Epoch: 0 Iteration: 52  rank : 1  train.loss : 6.907737731933594  train.ips : 132.76393163633412 imgs/sTCAPPDLL 2025-11-27 13:18:38.403643 - Epoch: 0 Iteration: 52  rank : 3  train.loss : 6.907737731933594  train.ips : 132.610168735737 imgs/sTCAPPDLL 2025-11-27 13:18:38.403676 - Epoch: 0 Iteration: 52  rank : 2  train.loss : 6.907737731933594  train.ips : 132.6084469330364 imgs/s


TCAPPDLL 2025-11-27 13:18:38.403922 - Epoch: 0 Iteration: 52  rank : 0  train.loss : 6.907737731933594  train.ips : 132.97492304307255 imgs/s
Train: 0 [  52/20018 (  0%)]  Loss: 6.91 (6.91)  Time: 0.447s,  143.10/s  (0.481s,  132.97/s)  LR: 1.000e-05  Data: 0.015 (0.053)
TCAPPDLL 2025-11-27 13:18:38.840366 - Epoch: 0 Iteration: 53  rank : 1  train.loss : 6.907756805419922  train.ips : 132.99925288177448 imgs/sTCAPPDLL 2025-11-27 13:18:38.840366 - Epoch: 0 Iteration: 53  rank : 3  train.loss : 6.907756805419922  train.ips : 132.8486208653572 imgs/sTCAPPDLL 2025-11-27 13:18:38.840366 - Epoch: 0 Iteration: 53  rank : 2  train.loss : 6.907756805419922  train.ips : 132.8479037427521 imgs/s


TCAPPDLL 2025-11-27 13:18:38.840804 - Epoch: 0 Iteration: 53  rank : 0  train.loss : 6.907756805419922  train.ips : 133.20470498521058 imgs/s
Train: 0 [  53/20018 (  0%)]  Loss: 6.91 (6.91)  Time: 0.436s,  146.63/s  (0.480s,  133.20/s)  LR: 1.000e-05  Data: 0.012 (0.052)
TCAPPDLL 2025-11-27 13:18:39.285613 - Epoch: 0 Iteration: 54  rank : 1  train.loss : 6.907743453979492  train.ips : 133.1784505894145 imgs/sTCAPPDLL 2025-11-27 13:18:39.285610 - Epoch: 0 Iteration: 54  rank : 3  train.loss : 6.907743453979492  train.ips : 133.03046855852 imgs/sTCAPPDLL 2025-11-27 13:18:39.285625 - Epoch: 0 Iteration: 54  rank : 2  train.loss : 6.907743453979492  train.ips : 133.03001786008815 imgs/s


TCAPPDLL 2025-11-27 13:18:39.285869 - Epoch: 0 Iteration: 54  rank : 0  train.loss : 6.907743453979492  train.ips : 133.38033473228975 imgs/s
Train: 0 [  54/20018 (  0%)]  Loss: 6.91 (6.91)  Time: 0.446s,  143.60/s  (0.480s,  133.38/s)  LR: 1.000e-05  Data: 0.015 (0.051)
TCAPPDLL 2025-11-27 13:18:39.719692 - Epoch: 0 Iteration: 55  rank : 1  train.loss : 6.907736778259277  train.ips : 133.4086426987869 imgs/sTCAPPDLL 2025-11-27 13:18:39.719692 - Epoch: 0 Iteration: 55  rank : 3  train.loss : 6.907736778259277  train.ips : 133.26279182058713 imgs/sTCAPPDLL 2025-11-27 13:18:39.719700 - Epoch: 0 Iteration: 55  rank : 2  train.loss : 6.907736778259277  train.ips : 133.2634545785133 imgs/s


TCAPPDLL 2025-11-27 13:18:39.720059 - Epoch: 0 Iteration: 55  rank : 0  train.loss : 6.907736778259277  train.ips : 133.60890324426842 imgs/s
Train: 0 [  55/20018 (  0%)]  Loss: 6.91 (6.91)  Time: 0.434s,  147.51/s  (0.479s,  133.61/s)  LR: 1.000e-05  Data: 0.014 (0.051)
TCAPPDLL 2025-11-27 13:18:40.184491 - Epoch: 0 Iteration: 56  rank : 2  train.loss : 6.907741546630859  train.ips : 133.33644544232075 imgs/sTCAPPDLL 2025-11-27 13:18:40.184485 - Epoch: 0 Iteration: 56  rank : 3  train.loss : 6.907741546630859  train.ips : 133.33807682344744 imgs/sTCAPPDLL 2025-11-27 13:18:40.184494 - Epoch: 0 Iteration: 56  rank : 1  train.loss : 6.907741546630859  train.ips : 133.4808970558608 imgs/s


TCAPPDLL 2025-11-27 13:18:40.184762 - Epoch: 0 Iteration: 56  rank : 0  train.loss : 6.907741546630859  train.ips : 133.6773840792051 imgs/s
Train: 0 [  56/20018 (  0%)]  Loss: 6.91 (6.91)  Time: 0.465s,  137.63/s  (0.479s,  133.68/s)  LR: 1.000e-05  Data: 0.014 (0.050)
TCAPPDLL 2025-11-27 13:18:40.644630 - Epoch: 0 Iteration: 57  rank : 2  train.loss : 6.907735824584961  train.ips : 133.42704851238105 imgs/sTCAPPDLL 2025-11-27 13:18:40.644618 - Epoch: 0 Iteration: 57  rank : 1  train.loss : 6.907735824584961  train.ips : 133.58126394605236 imgs/s
TCAPPDLL 2025-11-27 13:18:40.644654 - Epoch: 0 Iteration: 57  rank : 3  train.loss : 6.907735824584961  train.ips : 133.44431580590387 imgs/s

TCAPPDLL 2025-11-27 13:18:40.644842 - Epoch: 0 Iteration: 57  rank : 0  train.loss : 6.907735824584961  train.ips : 133.77346057134514 imgs/s
Train: 0 [  57/20018 (  0%)]  Loss: 6.91 (6.91)  Time: 0.459s,  139.49/s  (0.478s,  133.77/s)  LR: 1.000e-05  Data: 0.013 (0.050)
TCAPPDLL 2025-11-27 13:18:41.093382 - Epoch: 0 Iteration: 58  rank : 1  train.loss : 6.907745361328125  train.ips : 133.7235774510441 imgs/sTCAPPDLL 2025-11-27 13:18:41.093386 - Epoch: 0 Iteration: 58  rank : 3  train.loss : 6.907745361328125  train.ips : 133.58420040131878 imgs/s

TCAPPDLL 2025-11-27 13:18:41.093502 - Epoch: 0 Iteration: 58  rank : 2  train.loss : 6.907745361328125  train.ips : 133.58189741316298 imgs/s
TCAPPDLL 2025-11-27 13:18:41.093646 - Epoch: 0 Iteration: 58  rank : 0  train.loss : 6.907745361328125  train.ips : 133.90780066498465 imgs/s
Train: 0 [  58/20018 (  0%)]  Loss: 6.91 (6.91)  Time: 0.450s,  142.19/s  (0.478s,  133.91/s)  LR: 1.000e-05  Data: 0.014 (0.049)
TCAPPDLL 2025-11-27 13:18:41.530406 - Epoch: 0 Iteration: 59  rank : 1  train.loss : 6.90775728225708  train.ips : 133.9199447269048 imgs/sTCAPPDLL 2025-11-27 13:18:41.530405 - Epoch: 0 Iteration: 59  rank : 3  train.loss : 6.90775728225708  train.ips : 133.783862474533 imgs/s

TCAPPDLL 2025-11-27 13:18:41.530519 - Epoch: 0 Iteration: 59  rank : 2  train.loss : 6.90775728225708  train.ips : 133.78200113714632 imgs/sTCAPPDLL 2025-11-27 13:18:41.530664 - Epoch: 0 Iteration: 59  rank : 0  train.loss : 6.90775728225708  train.ips : 134.09936407880116 imgs/s

Train: 0 [  59/20018 (  0%)]  Loss: 6.91 (6.91)  Time: 0.437s,  146.46/s  (0.477s,  134.10/s)  LR: 1.000e-05  Data: 0.016 (0.048)
TCAPPDLL 2025-11-27 13:18:41.956308 - Epoch: 0 Iteration: 60  rank : 1  train.loss : 6.907752990722656  train.ips : 134.1543532635931 imgs/sTCAPPDLL 2025-11-27 13:18:41.956314 - Epoch: 0 Iteration: 60  rank : 3  train.loss : 6.907752990722656  train.ips : 134.02021735246637 imgs/s

TCAPPDLL 2025-11-27 13:18:41.956376 - Epoch: 0 Iteration: 60  rank : 2  train.loss : 6.907752990722656  train.ips : 134.01481967667038 imgs/s
TCAPPDLL 2025-11-27 13:18:41.956680 - Epoch: 0 Iteration: 60  rank : 0  train.loss : 6.907752990722656  train.ips : 134.337105237108 imgs/s
Train: 0 [  60/20018 (  0%)]  Loss: 6.91 (6.91)  Time: 0.426s,  150.33/s  (0.476s,  134.34/s)  LR: 1.000e-05  Data: 0.015 (0.048)
TCAPPDLL 2025-11-27 13:18:42.384898 - Epoch: 0 Iteration: 61  rank : 3  train.loss : 6.907744407653809  train.ips : 134.23710685846672 imgs/sTCAPPDLL 2025-11-27 13:18:42.384907 - Epoch: 0 Iteration: 61  rank : 2  train.loss : 6.907744407653809  train.ips : 134.24073621263489 imgs/s

TCAPPDLL 2025-11-27 13:18:42.384978 - Epoch: 0 Iteration: 61  rank : 0  train.loss : 6.907744407653809  train.ips : 134.5550379479526 imgs/s
TCAPPDLL 2025-11-27 13:18:42.385253 - Epoch: 0 Iteration: 61  rank : 1  train.loss : 6.907744407653809  train.ips : 134.36621024751278 imgs/s
Train: 0 [  61/20018 (  0%)]  Loss: 6.91 (6.91)  Time: 0.429s,  149.33/s  (0.476s,  134.56/s)  LR: 1.000e-05  Data: 0.015 (0.047)
TCAPPDLL 2025-11-27 13:18:42.819898 - Epoch: 0 Iteration: 62  rank : 1  train.loss : 6.907736778259277  train.ips : 134.55716018361684 imgs/sTCAPPDLL 2025-11-27 13:18:42.819903 - Epoch: 0 Iteration: 62  rank : 3  train.loss : 6.907736778259277  train.ips : 134.42527101664461 imgs/sTCAPPDLL 2025-11-27 13:18:42.819907 - Epoch: 0 Iteration: 62  rank : 2  train.loss : 6.907736778259277  train.ips : 134.42539389620552 imgs/s


TCAPPDLL 2025-11-27 13:18:42.820236 - Epoch: 0 Iteration: 62  rank : 0  train.loss : 6.907736778259277  train.ips : 134.73768607730588 imgs/s
Train: 0 [  62/20018 (  0%)]  Loss: 6.91 (6.91)  Time: 0.435s,  147.12/s  (0.475s,  134.74/s)  LR: 1.000e-05  Data: 0.014 (0.047)
TCAPPDLL 2025-11-27 13:18:43.276446 - Epoch: 0 Iteration: 63  rank : 1  train.loss : 6.907778263092041  train.ips : 134.63828963117246 imgs/sTCAPPDLL 2025-11-27 13:18:43.276438 - Epoch: 0 Iteration: 63  rank : 3  train.loss : 6.907778263092041  train.ips : 134.50875239770724 imgs/sTCAPPDLL 2025-11-27 13:18:43.276456 - Epoch: 0 Iteration: 63  rank : 2  train.loss : 6.907778263092041  train.ips : 134.50935689600274 imgs/s


TCAPPDLL 2025-11-27 13:18:43.276767 - Epoch: 0 Iteration: 63  rank : 0  train.loss : 6.907778263092041  train.ips : 134.81870766793753 imgs/s
Train: 0 [  63/20018 (  0%)]  Loss: 6.91 (6.91)  Time: 0.457s,  140.13/s  (0.475s,  134.82/s)  LR: 1.000e-05  Data: 0.015 (0.046)
TCAPPDLL 2025-11-27 13:18:43.719293 - Epoch: 0 Iteration: 64  rank : 3  train.loss : 6.907763481140137  train.ips : 134.6528774176196 imgs/sTCAPPDLL 2025-11-27 13:18:43.719298 - Epoch: 0 Iteration: 64  rank : 1  train.loss : 6.907763481140137  train.ips : 134.78310163965477 imgs/sTCAPPDLL 2025-11-27 13:18:43.719324 - Epoch: 0 Iteration: 64  rank : 2  train.loss : 6.907763481140137  train.ips : 134.65732824212805 imgs/s


TCAPPDLL 2025-11-27 13:18:43.719613 - Epoch: 0 Iteration: 64  rank : 0  train.loss : 6.907763481140137  train.ips : 134.9586969244434 imgs/s
Train: 0 [  64/20018 (  0%)]  Loss: 6.91 (6.91)  Time: 0.443s,  144.57/s  (0.474s,  134.96/s)  LR: 1.000e-05  Data: 0.012 (0.046)
TCAPPDLL 2025-11-27 13:18:44.152503 - Epoch: 0 Iteration: 65  rank : 2  train.loss : 6.9077372550964355  train.ips : 134.8369400885655 imgs/sTCAPPDLL 2025-11-27 13:18:44.152501 - Epoch: 0 Iteration: 65  rank : 3  train.loss : 6.9077372550964355  train.ips : 134.8365285817716 imgs/s
TCAPPDLL 2025-11-27 13:18:44.152550 - Epoch: 0 Iteration: 65  rank : 0  train.loss : 6.9077372550964355  train.ips : 135.1389023277169 imgs/s

TCAPPDLL 2025-11-27 13:18:44.152766 - Epoch: 0 Iteration: 65  rank : 1  train.loss : 6.9077372550964355  train.ips : 134.95766098130613 imgs/s
Train: 0 [  65/20018 (  0%)]  Loss: 6.91 (6.91)  Time: 0.432s,  147.98/s  (0.474s,  135.14/s)  LR: 1.000e-05  Data: 0.013 (0.045)
TCAPPDLL 2025-11-27 13:18:44.605338 - Epoch: 0 Iteration: 66  rank : 1  train.loss : 6.9077372550964355  train.ips : 135.05221158396805 imgs/sTCAPPDLL 2025-11-27 13:18:44.605333 - Epoch: 0 Iteration: 66  rank : 2  train.loss : 6.9077372550964355  train.ips : 134.9284383759291 imgs/sTCAPPDLL 2025-11-27 13:18:44.605338 - Epoch: 0 Iteration: 66  rank : 3  train.loss : 6.9077372550964355  train.ips : 134.9273836086938 imgs/s


TCAPPDLL 2025-11-27 13:18:44.605714 - Epoch: 0 Iteration: 66  rank : 0  train.loss : 6.9077372550964355  train.ips : 135.2242302011968 imgs/s
Train: 0 [  66/20018 (  0%)]  Loss: 6.91 (6.91)  Time: 0.454s,  141.10/s  (0.473s,  135.22/s)  LR: 1.000e-05  Data: 0.013 (0.045)
TCAPPDLL 2025-11-27 13:18:45.034366 - Epoch: 0 Iteration: 67  rank : 1  train.loss : 6.907740592956543  train.ips : 135.24035991446615 imgs/sTCAPPDLL 2025-11-27 13:18:45.034363 - Epoch: 0 Iteration: 67  rank : 3  train.loss : 6.907740592956543  train.ips : 135.1169401784498 imgs/s

TCAPPDLL 2025-11-27 13:18:45.034596 - Epoch: 0 Iteration: 67  rank : 0  train.loss : 6.907740592956543  train.ips : 135.40978715233135 imgs/sTCAPPDLL 2025-11-27 13:18:45.034631 - Epoch: 0 Iteration: 67  rank : 2  train.loss : 6.907740592956543  train.ips : 135.1141067759059 imgs/s

Train: 0 [  67/20018 (  0%)]  Loss: 6.91 (6.91)  Time: 0.429s,  149.12/s  (0.473s,  135.41/s)  LR: 1.000e-05  Data: 0.017 (0.044)
TCAPPDLL 2025-11-27 13:18:45.470119 - Epoch: 0 Iteration: 68  rank : 1  train.loss : 6.907764434814453  train.ips : 135.39346522981435 imgs/sTCAPPDLL 2025-11-27 13:18:45.470175 - Epoch: 0 Iteration: 68  rank : 0  train.loss : 6.907764434814453  train.ips : 135.56380784767708 imgs/s

TCAPPDLL 2025-11-27 13:18:45.470239 - Epoch: 0 Iteration: 68  rank : 3  train.loss : 6.907764434814453  train.ips : 135.27148008691154 imgs/sTCAPPDLL 2025-11-27 13:18:45.470285 - Epoch: 0 Iteration: 68  rank : 2  train.loss : 6.907764434814453  train.ips : 135.27211236119552 imgs/s

Train: 0 [  68/20018 (  0%)]  Loss: 6.91 (6.91)  Time: 0.436s,  146.93/s  (0.472s,  135.56/s)  LR: 1.000e-05  Data: 0.017 (0.044)
TCAPPDLL 2025-11-27 13:18:45.925449 - Epoch: 0 Iteration: 69  rank : 2  train.loss : 6.907724857330322  train.ips : 135.3447329571048 imgs/sTCAPPDLL 2025-11-27 13:18:45.925441 - Epoch: 0 Iteration: 69  rank : 1  train.loss : 6.907724857330322  train.ips : 135.46575073885697 imgs/sTCAPPDLL 2025-11-27 13:18:45.925441 - Epoch: 0 Iteration: 69  rank : 3  train.loss : 6.907724857330322  train.ips : 135.34554697487914 imgs/s


TCAPPDLL 2025-11-27 13:18:45.925745 - Epoch: 0 Iteration: 69  rank : 0  train.loss : 6.907724857330322  train.ips : 135.63246764263334 imgs/s
Train: 0 [  69/20018 (  0%)]  Loss: 6.91 (6.91)  Time: 0.455s,  140.54/s  (0.472s,  135.63/s)  LR: 1.000e-05  Data: 0.012 (0.044)
TCAPPDLL 2025-11-27 13:18:46.365214 - Epoch: 0 Iteration: 70  rank : 3  train.loss : 6.90772819519043  train.ips : 135.47994696163488 imgs/sTCAPPDLL 2025-11-27 13:18:46.365221 - Epoch: 0 Iteration: 70  rank : 1  train.loss : 6.90772819519043  train.ips : 135.59915778890553 imgs/s

TCAPPDLL 2025-11-27 13:18:46.365288 - Epoch: 0 Iteration: 70  rank : 0  train.loss : 6.90772819519043  train.ips : 135.76251129551625 imgs/s
TCAPPDLL 2025-11-27 13:18:46.365579 - Epoch: 0 Iteration: 70  rank : 2  train.loss : 6.90772819519043  train.ips : 135.47697118212704 imgs/sTrain: 0 [  70/20018 (  0%)]  Loss: 6.91 (6.91)  Time: 0.440s,  145.53/s  (0.471s,  135.76/s)  LR: 1.000e-05  Data: 0.012 (0.043)

TCAPPDLL 2025-11-27 13:18:46.808500 - Epoch: 0 Iteration: 71  rank : 2  train.loss : 6.907740592956543  train.ips : 135.61383475832733 imgs/s
TCAPPDLL 2025-11-27 13:18:46.808530 - Epoch: 0 Iteration: 71  rank : 1  train.loss : 6.907740592956543  train.ips : 135.7165933668597 imgs/sTCAPPDLL 2025-11-27 13:18:46.808531 - Epoch: 0 Iteration: 71  rank : 3  train.loss : 6.907740592956543  train.ips : 135.5990986174659 imgs/s

TCAPPDLL 2025-11-27 13:18:46.808942 - Epoch: 0 Iteration: 71  rank : 0  train.loss : 6.907740592956543  train.ips : 135.87622279601447 imgs/s
Train: 0 [  71/20018 (  0%)]  Loss: 6.91 (6.91)  Time: 0.443s,  144.47/s  (0.471s,  135.88/s)  LR: 1.000e-05  Data: 0.012 (0.043)
TCAPPDLL 2025-11-27 13:18:47.262280 - Epoch: 0 Iteration: 72  rank : 2  train.loss : 6.90776252746582  train.ips : 135.6825427919951 imgs/s
TCAPPDLL 2025-11-27 13:18:47.262309 - Epoch: 0 Iteration: 72  rank : 1  train.loss : 6.90776252746582  train.ips : 135.78713712997052 imgs/sTCAPPDLL 2025-11-27 13:18:47.262319 - Epoch: 0 Iteration: 72  rank : 0  train.loss : 6.90776252746582  train.ips : 135.94633782930038 imgs/s

TCAPPDLL 2025-11-27 13:18:47.262539 - Epoch: 0 Iteration: 72  rank : 3  train.loss : 6.90776252746582  train.ips : 135.66466881737227 imgs/s
Train: 0 [  72/20018 (  0%)]  Loss: 6.91 (6.91)  Time: 0.453s,  141.19/s  (0.471s,  135.95/s)  LR: 1.000e-05  Data: 0.016 (0.042)
TCAPPDLL 2025-11-27 13:18:47.680575 - Epoch: 0 Iteration: 73  rank : 1  train.loss : 6.907761573791504  train.ips : 135.98903014098138 imgs/sTCAPPDLL 2025-11-27 13:18:47.680582 - Epoch: 0 Iteration: 73  rank : 3  train.loss : 6.907761573791504  train.ips : 135.87408264309818 imgs/s
TCAPPDLL 2025-11-27 13:18:47.680631 - Epoch: 0 Iteration: 73  rank : 2  train.loss : 6.907761573791504  train.ips : 135.8731727687209 imgs/s

TCAPPDLL 2025-11-27 13:18:47.680847 - Epoch: 0 Iteration: 73  rank : 0  train.loss : 6.907761573791504  train.ips : 136.14816547896595 imgs/s
Train: 0 [  73/20018 (  0%)]  Loss: 6.91 (6.91)  Time: 0.419s,  152.70/s  (0.470s,  136.15/s)  LR: 1.000e-05  Data: 0.012 (0.042)
TCAPPDLL 2025-11-27 13:18:48.116159 - Epoch: 0 Iteration: 74  rank : 1  train.loss : 6.907754421234131  train.ips : 136.12364046469298 imgs/sTCAPPDLL 2025-11-27 13:18:48.116161 - Epoch: 0 Iteration: 74  rank : 2  train.loss : 6.907754421234131  train.ips : 136.01058323876453 imgs/s

TCAPPDLL 2025-11-27 13:18:48.116387 - Epoch: 0 Iteration: 74  rank : 3  train.loss : 6.907754421234131  train.ips : 136.0098049779053 imgs/s
TCAPPDLL 2025-11-27 13:18:48.116442 - Epoch: 0 Iteration: 74  rank : 0  train.loss : 6.907754421234131  train.ips : 136.28111308916382 imgs/s
Train: 0 [  74/20018 (  0%)]  Loss: 6.91 (6.91)  Time: 0.436s,  146.90/s  (0.470s,  136.28/s)  LR: 1.000e-05  Data: 0.014 (0.042)
TCAPPDLL 2025-11-27 13:18:48.560883 - Epoch: 0 Iteration: 75  rank : 2  train.loss : 6.907756805419922  train.ips : 136.11556765893104 imgs/sTCAPPDLL 2025-11-27 13:18:48.560892 - Epoch: 0 Iteration: 75  rank : 1  train.loss : 6.907756805419922  train.ips : 136.22657981584183 imgs/sTCAPPDLL 2025-11-27 13:18:48.560879 - Epoch: 0 Iteration: 75  rank : 3  train.loss : 6.907756805419922  train.ips : 136.1147321573269 imgs/s


TCAPPDLL 2025-11-27 13:18:48.561269 - Epoch: 0 Iteration: 75  rank : 0  train.loss : 6.907756805419922  train.ips : 136.37763298741243 imgs/s
Train: 0 [  75/20018 (  0%)]  Loss: 6.91 (6.91)  Time: 0.444s,  144.03/s  (0.469s,  136.38/s)  LR: 1.000e-05  Data: 0.016 (0.041)
TCAPPDLL 2025-11-27 13:18:49.016076 - Epoch: 0 Iteration: 76  rank : 3  train.loss : 6.907736301422119  train.ips : 136.16682972691316 imgs/sTCAPPDLL 2025-11-27 13:18:49.016082 - Epoch: 0 Iteration: 76  rank : 1  train.loss : 6.907736301422119  train.ips : 136.27649056970301 imgs/sTCAPPDLL 2025-11-27 13:18:49.016094 - Epoch: 0 Iteration: 76  rank : 0  train.loss : 6.907736301422119  train.ips : 136.43099487492282 imgs/s


TCAPPDLL 2025-11-27 13:18:49.016335 - Epoch: 0 Iteration: 76  rank : 2  train.loss : 6.907736301422119  train.ips : 136.16420324300702 imgs/s
Train: 0 [  76/20018 (  0%)]  Loss: 6.91 (6.91)  Time: 0.455s,  140.61/s  (0.469s,  136.43/s)  LR: 1.000e-05  Data: 0.015 (0.041)
TCAPPDLL 2025-11-27 13:18:49.454075 - Epoch: 0 Iteration: 77  rank : 2  train.loss : 6.9077653884887695  train.ips : 136.28534529759816 imgs/sTCAPPDLL 2025-11-27 13:18:49.454078 - Epoch: 0 Iteration: 77  rank : 1  train.loss : 6.9077653884887695  train.ips : 136.39348296040475 imgs/s

TCAPPDLL 2025-11-27 13:18:49.454144 - Epoch: 0 Iteration: 77  rank : 0  train.loss : 6.9077653884887695  train.ips : 136.54537766496495 imgs/s
TCAPPDLL 2025-11-27 13:18:49.454326 - Epoch: 0 Iteration: 77  rank : 3  train.loss : 6.9077653884887695  train.ips : 136.2833387473364 imgs/s
Train: 0 [  77/20018 (  0%)]  Loss: 6.91 (6.91)  Time: 0.438s,  145.97/s  (0.469s,  136.55/s)  LR: 1.000e-05  Data: 0.012 (0.040)
TCAPPDLL 2025-11-27 13:18:49.881576 - Epoch: 0 Iteration: 78  rank : 3  train.loss : 6.907732009887695  train.ips : 136.43894890697973 imgs/sTCAPPDLL 2025-11-27 13:18:49.881652 - Epoch: 0 Iteration: 78  rank : 1  train.loss : 6.907732009887695  train.ips : 136.54665653907904 imgs/s
TCAPPDLL 2025-11-27 13:18:49.881639 - Epoch: 0 Iteration: 78  rank : 2  train.loss : 6.907732009887695  train.ips : 136.43907443659484 imgs/s

TCAPPDLL 2025-11-27 13:18:49.881852 - Epoch: 0 Iteration: 78  rank : 0  train.loss : 6.907732009887695  train.ips : 136.6978007263643 imgs/s
Train: 0 [  78/20018 (  0%)]  Loss: 6.91 (6.91)  Time: 0.427s,  149.74/s  (0.468s,  136.70/s)  LR: 1.000e-05  Data: 0.011 (0.040)
TCAPPDLL 2025-11-27 13:18:50.322266 - Epoch: 0 Iteration: 79  rank : 2  train.loss : 6.907732963562012  train.ips : 136.55289603173753 imgs/s
TCAPPDLL 2025-11-27 13:18:50.322298 - Epoch: 0 Iteration: 79  rank : 1  train.loss : 6.907732963562012  train.ips : 136.64921284999804 imgs/s
TCAPPDLL 2025-11-27 13:18:50.322349 - Epoch: 0 Iteration: 79  rank : 3  train.loss : 6.907732963562012  train.ips : 136.54167846142482 imgs/s
TCAPPDLL 2025-11-27 13:18:50.322624 - Epoch: 0 Iteration: 79  rank : 0  train.loss : 6.907732963562012  train.ips : 136.79876327625385 imgs/s
Train: 0 [  79/20018 (  0%)]  Loss: 6.91 (6.91)  Time: 0.441s,  145.28/s  (0.468s,  136.80/s)  LR: 1.000e-05  Data: 0.013 (0.040)
TCAPPDLL 2025-11-27 13:18:50.752151 - Epoch: 0 Iteration: 80  rank : 3  train.loss : 6.9077348709106445  train.ips : 136.68356790682304 imgs/sTCAPPDLL 2025-11-27 13:18:50.752162 - Epoch: 0 Iteration: 80  rank : 2  train.loss : 6.9077348709106445  train.ips : 136.68416764962515 imgs/sTCAPPDLL 2025-11-27 13:18:50.752165 - Epoch: 0 Iteration: 80  rank : 0  train.loss : 6.9077348709106445  train.ips : 136.93743995915017 imgs/s


TCAPPDLL 2025-11-27 13:18:50.752413 - Epoch: 0 Iteration: 80  rank : 1  train.loss : 6.9077348709106445  train.ips : 136.78694053162894 imgs/s
Train: 0 [  80/20018 (  0%)]  Loss: 6.91 (6.91)  Time: 0.429s,  149.02/s  (0.467s,  136.94/s)  LR: 1.000e-05  Data: 0.016 (0.039)
TCAPPDLL 2025-11-27 13:18:51.183135 - Epoch: 0 Iteration: 81  rank : 3  train.loss : 6.907766342163086  train.ips : 136.81806715668472 imgs/sTCAPPDLL 2025-11-27 13:18:51.183142 - Epoch: 0 Iteration: 81  rank : 1  train.loss : 6.907766342163086  train.ips : 136.92048919880352 imgs/sTCAPPDLL 2025-11-27 13:18:51.183145 - Epoch: 0 Iteration: 81  rank : 2  train.loss : 6.907766342163086  train.ips : 136.82155226425274 imgs/s


TCAPPDLL 2025-11-27 13:18:51.183502 - Epoch: 0 Iteration: 81  rank : 0  train.loss : 6.907766342163086  train.ips : 137.06599276028874 imgs/s
Train: 0 [  81/20018 (  0%)]  Loss: 6.91 (6.91)  Time: 0.431s,  148.35/s  (0.467s,  137.07/s)  LR: 1.000e-05  Data: 0.013 (0.039)
TCAPPDLL 2025-11-27 13:18:51.600823 - Epoch: 0 Iteration: 82  rank : 0  train.loss : 6.907778739929199  train.ips : 137.24172033339963 imgs/sTCAPPDLL 2025-11-27 13:18:51.600829 - Epoch: 0 Iteration: 82  rank : 3  train.loss : 6.907778739929199  train.ips : 136.99229484153472 imgs/s

TCAPPDLL 2025-11-27 13:18:51.600871 - Epoch: 0 Iteration: 82  rank : 1  train.loss : 6.907778739929199  train.ips : 137.09509724431945 imgs/s
Train: 0 [  82/20018 (  0%)]  Loss: 6.91 (6.91)  Time: 0.417s,  153.36/s  (0.466s,  137.24/s)  LR: 1.000e-05  Data: 0.013 (0.039)
TCAPPDLL 2025-11-27 13:18:51.601229 - Epoch: 0 Iteration: 82  rank : 2  train.loss : 6.907778739929199  train.ips : 136.9946061916996 imgs/s
TCAPPDLL 2025-11-27 13:18:52.024336 - Epoch: 0 Iteration: 83  rank : 1  train.loss : 6.907759666442871  train.ips : 137.2469136168424 imgs/sTCAPPDLL 2025-11-27 13:18:52.024340 - Epoch: 0 Iteration: 83  rank : 3  train.loss : 6.907759666442871  train.ips : 137.14439844245476 imgs/sTCAPPDLL 2025-11-27 13:18:52.024340 - Epoch: 0 Iteration: 83  rank : 2  train.loss : 6.907759666442871  train.ips : 137.146632295655 imgs/s


TCAPPDLL 2025-11-27 13:18:52.024594 - Epoch: 0 Iteration: 83  rank : 0  train.loss : 6.907759666442871  train.ips : 137.38996664759475 imgs/s
Train: 0 [  83/20018 (  0%)]  Loss: 6.91 (6.91)  Time: 0.424s,  150.92/s  (0.466s,  137.39/s)  LR: 1.000e-05  Data: 0.015 (0.039)
TCAPPDLL 2025-11-27 13:18:52.465253 - Epoch: 0 Iteration: 84  rank : 2  train.loss : 6.907742977142334  train.ips : 137.2387863943605 imgs/sTCAPPDLL 2025-11-27 13:18:52.465252 - Epoch: 0 Iteration: 84  rank : 1  train.loss : 6.907742977142334  train.ips : 137.33860314704626 imgs/sTCAPPDLL 2025-11-27 13:18:52.465263 - Epoch: 0 Iteration: 84  rank : 0  train.loss : 6.907742977142334  train.ips : 137.4802102155923 imgs/s


Train: 0 [  84/20018 (  0%)]  Loss: 6.91 (6.91)  Time: 0.440s,  145.51/s  (0.466s,  137.48/s)  LR: 1.000e-05  Data: 0.016 (0.038)
TCAPPDLL 2025-11-27 13:18:52.465761 - Epoch: 0 Iteration: 84  rank : 3  train.loss : 6.907742977142334  train.ips : 137.23457008489544 imgs/s
TCAPPDLL 2025-11-27 13:18:52.896927 - Epoch: 0 Iteration: 85  rank : 2  train.loss : 6.907743453979492  train.ips : 137.3618382548911 imgs/s
TCAPPDLL 2025-11-27 13:18:52.897148 - Epoch: 0 Iteration: 85  rank : 1  train.loss : 6.907743453979492  train.ips : 137.45189763046233 imgs/sTCAPPDLL 2025-11-27 13:18:52.897178 - Epoch: 0 Iteration: 85  rank : 0  train.loss : 6.907743453979492  train.ips : 137.5925418700232 imgs/s

TCAPPDLL 2025-11-27 13:18:52.897222 - Epoch: 0 Iteration: 85  rank : 3  train.loss : 6.907743453979492  train.ips : 137.3514320662297 imgs/s
Train: 0 [  85/20018 (  0%)]  Loss: 6.91 (6.91)  Time: 0.433s,  147.86/s  (0.465s,  137.59/s)  LR: 1.000e-05  Data: 0.013 (0.038)
TCAPPDLL 2025-11-27 13:18:53.323176 - Epoch: 0 Iteration: 86  rank : 0  train.loss : 6.9077534675598145  train.ips : 137.72807792694783 imgs/sTCAPPDLL 2025-11-27 13:18:53.323169 - Epoch: 0 Iteration: 86  rank : 1  train.loss : 6.9077534675598145  train.ips : 137.58914682212483 imgs/sTCAPPDLL 2025-11-27 13:18:53.323167 - Epoch: 0 Iteration: 86  rank : 2  train.loss : 6.9077534675598145  train.ips : 137.49115130804014 imgs/s


TCAPPDLL 2025-11-27 13:18:53.323503 - Epoch: 0 Iteration: 86  rank : 3  train.loss : 6.9077534675598145  train.ips : 137.4858390888029 imgs/s
Train: 0 [  86/20018 (  0%)]  Loss: 6.91 (6.91)  Time: 0.425s,  150.48/s  (0.465s,  137.73/s)  LR: 1.000e-05  Data: 0.013 (0.038)
TCAPPDLL 2025-11-27 13:18:53.753120 - Epoch: 0 Iteration: 87  rank : 3  train.loss : 6.907711029052734  train.ips : 137.60799092789875 imgs/sTCAPPDLL 2025-11-27 13:18:53.753130 - Epoch: 0 Iteration: 87  rank : 2  train.loss : 6.907711029052734  train.ips : 137.60862821319395 imgs/sTCAPPDLL 2025-11-27 13:18:53.753128 - Epoch: 0 Iteration: 87  rank : 1  train.loss : 6.907711029052734  train.ips : 137.70639912882967 imgs/s


TCAPPDLL 2025-11-27 13:18:53.753470 - Epoch: 0 Iteration: 87  rank : 0  train.loss : 6.907711029052734  train.ips : 137.84256452084807 imgs/s
Train: 0 [  87/20018 (  0%)]  Loss: 6.91 (6.91)  Time: 0.431s,  148.59/s  (0.464s,  137.84/s)  LR: 1.000e-05  Data: 0.014 (0.037)
TCAPPDLL 2025-11-27 13:18:54.186166 - Epoch: 0 Iteration: 88  rank : 1  train.loss : 6.907742977142334  train.ips : 137.81085891111488 imgs/sTCAPPDLL 2025-11-27 13:18:54.186171 - Epoch: 0 Iteration: 88  rank : 2  train.loss : 6.907742977142334  train.ips : 137.71368981981757 imgs/sTCAPPDLL 2025-11-27 13:18:54.186172 - Epoch: 0 Iteration: 88  rank : 3  train.loss : 6.907742977142334  train.ips : 137.7136906136418 imgs/s


TCAPPDLL 2025-11-27 13:18:54.186433 - Epoch: 0 Iteration: 88  rank : 0  train.loss : 6.907742977142334  train.ips : 137.94642291120962 imgs/s
Train: 0 [  88/20018 (  0%)]  Loss: 6.91 (6.91)  Time: 0.433s,  147.74/s  (0.464s,  137.95/s)  LR: 1.000e-05  Data: 0.016 (0.037)
TCAPPDLL 2025-11-27 13:18:54.632273 - Epoch: 0 Iteration: 89  rank : 1  train.loss : 6.907753944396973  train.ips : 137.87118102159735 imgs/sTCAPPDLL 2025-11-27 13:18:54.632295 - Epoch: 0 Iteration: 89  rank : 2  train.loss : 6.907753944396973  train.ips : 137.77356654563764 imgs/sTCAPPDLL 2025-11-27 13:18:54.632292 - Epoch: 0 Iteration: 89  rank : 0  train.loss : 6.907753944396973  train.ips : 138.00779623919817 imgs/s


TCAPPDLL 2025-11-27 13:18:54.632486 - Epoch: 0 Iteration: 89  rank : 3  train.loss : 6.907753944396973  train.ips : 137.7731124202086 imgs/s
Train: 0 [  89/20018 (  0%)]  Loss: 6.91 (6.91)  Time: 0.445s,  143.70/s  (0.464s,  138.01/s)  LR: 1.000e-05  Data: 0.014 (0.037)
TCAPPDLL 2025-11-27 13:18:55.075830 - Epoch: 0 Iteration: 90  rank : 0  train.loss : 6.907742500305176  train.ips : 138.0724357793679 imgs/sTCAPPDLL 2025-11-27 13:18:55.075835 - Epoch: 0 Iteration: 90  rank : 3  train.loss : 6.907742500305176  train.ips : 137.84298020222215 imgs/sTCAPPDLL 2025-11-27 13:18:55.075834 - Epoch: 0 Iteration: 90  rank : 1  train.loss : 6.907742500305176  train.ips : 137.9394300779403 imgs/s


TCAPPDLL 2025-11-27 13:18:55.076076 - Epoch: 0 Iteration: 90  rank : 2  train.loss : 6.907742500305176  train.ips : 137.8416361147268 imgs/s
Train: 0 [  90/20018 (  0%)]  Loss: 6.91 (6.91)  Time: 0.444s,  144.15/s  (0.464s,  138.07/s)  LR: 1.000e-05  Data: 0.012 (0.037)
TCAPPDLL 2025-11-27 13:18:55.508624 - Epoch: 0 Iteration: 91  rank : 2  train.loss : 6.907740116119385  train.ips : 137.944219878826 imgs/s
TCAPPDLL 2025-11-27 13:18:55.508741 - Epoch: 0 Iteration: 91  rank : 1  train.loss : 6.907740116119385  train.ips : 138.03833040263459 imgs/s
TCAPPDLL 2025-11-27 13:18:55.508824 - Epoch: 0 Iteration: 91  rank : 3  train.loss : 6.907740116119385  train.ips : 137.94335074696198 imgs/s
TCAPPDLL 2025-11-27 13:18:55.508895 - Epoch: 0 Iteration: 91  rank : 0  train.loss : 6.907740116119385  train.ips : 138.17109127853905 imgs/s
Train: 0 [  91/20018 (  0%)]  Loss: 6.91 (6.91)  Time: 0.433s,  147.78/s  (0.463s,  138.17/s)  LR: 1.000e-05  Data: 0.014 (0.036)
TCAPPDLL 2025-11-27 13:18:55.945100 - Epoch: 0 Iteration: 92  rank : 0  train.loss : 6.9077558517456055  train.ips : 138.25816223340547 imgs/sTCAPPDLL 2025-11-27 13:18:55.945170 - Epoch: 0 Iteration: 92  rank : 1  train.loss : 6.9077558517456055  train.ips : 138.12582595954896 imgs/s

TCAPPDLL 2025-11-27 13:18:55.945283 - Epoch: 0 Iteration: 92  rank : 2  train.loss : 6.9077558517456055  train.ips : 138.03166078221952 imgs/s
TCAPPDLL 2025-11-27 13:18:55.945374 - Epoch: 0 Iteration: 92  rank : 3  train.loss : 6.9077558517456055  train.ips : 138.03148372158043 imgs/s
Train: 0 [  92/20018 (  0%)]  Loss: 6.91 (6.91)  Time: 0.436s,  146.77/s  (0.463s,  138.26/s)  LR: 1.000e-05  Data: 0.014 (0.036)
TCAPPDLL 2025-11-27 13:18:56.377217 - Epoch: 0 Iteration: 93  rank : 0  train.loss : 6.907773971557617  train.ips : 138.3563824687889 imgs/s
TCAPPDLL 2025-11-27 13:18:56.377350 - Epoch: 0 Iteration: 93  rank : 3  train.loss : 6.907773971557617  train.ips : 138.13139451439594 imgs/sTCAPPDLL 2025-11-27 13:18:56.377396 - Epoch: 0 Iteration: 93  rank : 1  train.loss : 6.907773971557617  train.ips : 138.22430127287373 imgs/s

TCAPPDLL 2025-11-27 13:18:56.377448 - Epoch: 0 Iteration: 93  rank : 2  train.loss : 6.907773971557617  train.ips : 138.1311911060816 imgs/s
Train: 0 [  93/20018 (  0%)]  Loss: 6.91 (6.91)  Time: 0.432s,  148.14/s  (0.463s,  138.36/s)  LR: 1.000e-05  Data: 0.011 (0.036)
TCAPPDLL 2025-11-27 13:18:56.793530 - Epoch: 0 Iteration: 94  rank : 1  train.loss : 6.907744407653809  train.ips : 138.37302403004045 imgs/sTCAPPDLL 2025-11-27 13:18:56.793536 - Epoch: 0 Iteration: 94  rank : 2  train.loss : 6.907744407653809  train.ips : 138.28138111286137 imgs/sTCAPPDLL 2025-11-27 13:18:56.793521 - Epoch: 0 Iteration: 94  rank : 3  train.loss : 6.907744407653809  train.ips : 138.27994519961578 imgs/s


TCAPPDLL 2025-11-27 13:18:56.793910 - Epoch: 0 Iteration: 94  rank : 0  train.loss : 6.907744407653809  train.ips : 138.5010794466476 imgs/s
Train: 0 [  94/20018 (  0%)]  Loss: 6.91 (6.91)  Time: 0.417s,  153.60/s  (0.462s,  138.50/s)  LR: 1.000e-05  Data: 0.010 (0.036)
TCAPPDLL 2025-11-27 13:18:57.253050 - Epoch: 0 Iteration: 95  rank : 2  train.loss : 6.907744407653809  train.ips : 138.2980914573155 imgs/sTCAPPDLL 2025-11-27 13:18:57.253053 - Epoch: 0 Iteration: 95  rank : 1  train.loss : 6.907744407653809  train.ips : 138.38732884822153 imgs/sTCAPPDLL 2025-11-27 13:18:57.253054 - Epoch: 0 Iteration: 95  rank : 3  train.loss : 6.907744407653809  train.ips : 138.29593985144467 imgs/s


TCAPPDLL 2025-11-27 13:18:57.253894 - Epoch: 0 Iteration: 95  rank : 0  train.loss : 6.907744407653809  train.ips : 138.51453099445064 imgs/s
Train: 0 [  95/20018 (  0%)]  Loss: 6.91 (6.91)  Time: 0.458s,  139.80/s  (0.462s,  138.51/s)  LR: 1.000e-05  Data: 0.017 (0.035)
TCAPPDLL 2025-11-27 13:18:57.678592 - Epoch: 0 Iteration: 96  rank : 1  train.loss : 6.907718181610107  train.ips : 138.498383935301 imgs/sTCAPPDLL 2025-11-27 13:18:57.678592 - Epoch: 0 Iteration: 96  rank : 3  train.loss : 6.907718181610107  train.ips : 138.4078862066933 imgs/s

TCAPPDLL 2025-11-27 13:18:57.678780 - Epoch: 0 Iteration: 96  rank : 2  train.loss : 6.907718181610107  train.ips : 138.404691802591 imgs/s
TCAPPDLL 2025-11-27 13:18:57.679017 - Epoch: 0 Iteration: 96  rank : 0  train.loss : 6.907718181610107  train.ips : 138.6227148571115 imgs/s
Train: 0 [  96/20018 (  0%)]  Loss: 6.91 (6.91)  Time: 0.427s,  149.86/s  (0.462s,  138.62/s)  LR: 1.000e-05  Data: 0.013 (0.035)
TCAPPDLL 2025-11-27 13:18:58.107309 - Epoch: 0 Iteration: 97  rank : 1  train.loss : 6.907732963562012  train.ips : 138.59953095699137 imgs/sTCAPPDLL 2025-11-27 13:18:58.107311 - Epoch: 0 Iteration: 97  rank : 2  train.loss : 6.907732963562012  train.ips : 138.51181912111414 imgs/s

TCAPPDLL 2025-11-27 13:18:58.107326 - Epoch: 0 Iteration: 97  rank : 3  train.loss : 6.907732963562012  train.ips : 138.50846878639598 imgs/s
TCAPPDLL 2025-11-27 13:18:58.107609 - Epoch: 0 Iteration: 97  rank : 0  train.loss : 6.907732963562012  train.ips : 138.72320721938692 imgs/s
Train: 0 [  97/20018 (  0%)]  Loss: 6.91 (6.91)  Time: 0.429s,  149.22/s  (0.461s,  138.72/s)  LR: 1.000e-05  Data: 0.011 (0.035)
TCAPPDLL 2025-11-27 13:18:58.532738 - Epoch: 0 Iteration: 98  rank : 1  train.loss : 6.907735824584961  train.ips : 138.71060078858906 imgs/sTCAPPDLL 2025-11-27 13:18:58.532729 - Epoch: 0 Iteration: 98  rank : 3  train.loss : 6.907735824584961  train.ips : 138.62129745418335 imgs/sTCAPPDLL 2025-11-27 13:18:58.532731 - Epoch: 0 Iteration: 98  rank : 2  train.loss : 6.907735824584961  train.ips : 138.62130179264847 imgs/s


TCAPPDLL 2025-11-27 13:18:58.532969 - Epoch: 0 Iteration: 98  rank : 0  train.loss : 6.907735824584961  train.ips : 138.83225772083472 imgs/s
Train: 0 [  98/20018 (  0%)]  Loss: 6.91 (6.91)  Time: 0.425s,  150.42/s  (0.461s,  138.83/s)  LR: 1.000e-05  Data: 0.014 (0.035)
TCAPPDLL 2025-11-27 13:18:58.967488 - Epoch: 0 Iteration: 99  rank : 3  train.loss : 6.907768726348877  train.ips : 138.70475325425596 imgs/sTCAPPDLL 2025-11-27 13:18:58.967504 - Epoch: 0 Iteration: 99  rank : 0  train.loss : 6.907768726348877  train.ips : 138.9167747489451 imgs/s

TCAPPDLL 2025-11-27 13:18:58.967568 - Epoch: 0 Iteration: 99  rank : 1  train.loss : 6.907768726348877  train.ips : 138.7916369291606 imgs/s
TCAPPDLL 2025-11-27 13:18:58.967818 - Epoch: 0 Iteration: 99  rank : 2  train.loss : 6.907768726348877  train.ips : 138.69944407780292 imgs/s
Train: 0 [  99/20018 (  0%)]  Loss: 6.91 (6.91)  Time: 0.433s,  147.83/s  (0.461s,  138.92/s)  LR: 1.000e-05  Data: 0.015 (0.035)
TCAPPDLL 2025-11-27 13:18:59.411410 - Epoch: 0 Iteration: 100  rank : 3  train.loss : 6.907735347747803  train.ips : 138.7545547665332 imgs/sTCAPPDLL 2025-11-27 13:18:59.411425 - Epoch: 0 Iteration: 100  rank : 2  train.loss : 6.907735347747803  train.ips : 138.7546627052299 imgs/s

TCAPPDLL 2025-11-27 13:18:59.411461 - Epoch: 0 Iteration: 100  rank : 0  train.loss : 6.907735347747803  train.ips : 138.96315889928593 imgs/s
TCAPPDLL 2025-11-27 13:18:59.411689 - Epoch: 0 Iteration: 100  rank : 1  train.loss : 6.907735347747803  train.ips : 138.8384816131265 imgs/s
Train: 0 [ 100/20018 (  1%)]  Loss: 6.91 (6.91)  Time: 0.445s,  143.76/s  (0.461s,  138.96/s)  LR: 1.000e-05  Data: 0.013 (0.034)
Distributing BatchNorm running means and vars
Test: [   0/781]  Time: 1.971 (1.971)  Loss:   6.906 ( 6.906)  Acc@1:   0.000 (  0.000)  Acc@5:   0.000 (  0.000)
Test: [   1/781]  Time: 0.146 (1.058)  Loss:   6.906 ( 6.906)  Acc@1:   0.000 (  0.000)  Acc@5:  17.188 (  8.594)
Test: [   2/781]  Time: 0.151 (0.756)  Loss:   6.906 ( 6.906)  Acc@1:   0.000 (  0.000)  Acc@5:   9.375 (  8.854)
Test: [   3/781]  Time: 0.180 (0.612)  Loss:   6.906 ( 6.906)  Acc@1:   0.000 (  0.000)  Acc@5:   0.000 (  6.641)
Test: [   4/781]  Time: 0.139 (0.517)  Loss:   6.906 ( 6.906)  Acc@1:   0.000 (  0.000)  Acc@5:   0.000 (  5.312)
Test: [   5/781]  Time: 0.142 (0.455)  Loss:   6.906 ( 6.906)  Acc@1:   0.000 (  0.000)  Acc@5:   0.000 (  4.427)
Test: [   6/781]  Time: 0.133 (0.409)  Loss:   6.906 ( 6.906)  Acc@1:   0.000 (  0.000)  Acc@5:   0.000 (  3.795)
Test: [   7/781]  Time: 0.169 (0.379)  Loss:   6.906 ( 6.906)  Acc@1:   0.000 (  0.000)  Acc@5:   0.000 (  3.320)
Test: [   8/781]  Time: 0.135 (0.352)  Loss:   6.906 ( 6.906)  Acc@1:   0.000 (  0.000)  Acc@5:   0.000 (  2.951)
Test: [   9/781]  Time: 0.140 (0.331)  Loss:   6.906 ( 6.906)  Acc@1:   0.000 (  0.000)  Acc@5:   0.000 (  2.656)
Test: [  10/781]  Time: 0.132 (0.313)  Loss:   6.906 ( 6.906)  Acc@1:   0.000 (  0.000)  Acc@5:   0.000 (  2.415)
Test: [  11/781]  Time: 0.156 (0.300)  Loss:   6.906 ( 6.906)  Acc@1:   0.000 (  0.000)  Acc@5:   0.000 (  2.214)
Test: [  12/781]  Time: 0.146 (0.288)  Loss:   6.906 ( 6.906)  Acc@1:   0.000 (  0.000)  Acc@5:   0.000 (  2.043)
Test: [  13/781]  Time: 0.142 (0.277)  Loss:   6.906 ( 6.906)  Acc@1:   0.000 (  0.000)  Acc@5:   0.000 (  1.897)
Test: [  14/781]  Time: 0.140 (0.268)  Loss:   6.906 ( 6.906)  Acc@1:   0.000 (  0.000)  Acc@5:   0.000 (  1.771)
Test: [  15/781]  Time: 0.151 (0.261)  Loss:   6.906 ( 6.906)  Acc@1:   0.000 (  0.000)  Acc@5:   0.000 (  1.660)
Test: [  16/781]  Time: 0.142 (0.254)  Loss:   6.906 ( 6.906)  Acc@1:   0.000 (  0.000)  Acc@5:   0.000 (  1.562)
Test: [  17/781]  Time: 0.137 (0.247)  Loss:   6.906 ( 6.906)  Acc@1:   0.000 (  0.000)  Acc@5:   0.000 (  1.476)
Test: [  18/781]  Time: 0.139 (0.242)  Loss:   6.906 ( 6.906)  Acc@1:   0.000 (  0.000)  Acc@5:   0.000 (  1.398)
Test: [  19/781]  Time: 0.151 (0.237)  Loss:   6.906 ( 6.906)  Acc@1:   0.000 (  0.000)  Acc@5:   0.000 (  1.328)
Test: [  20/781]  Time: 0.141 (0.233)  Loss:   6.906 ( 6.906)  Acc@1:   0.000 (  0.000)  Acc@5:   0.000 (  1.265)
Test: [  21/781]  Time: 0.137 (0.228)  Loss:   6.906 ( 6.906)  Acc@1:   0.000 (  0.000)  Acc@5:   0.000 (  1.207)
Test: [  22/781]  Time: 0.146 (0.225)  Loss:   6.906 ( 6.906)  Acc@1:   0.000 (  0.000)  Acc@5:   0.000 (  1.155)
Test: [  23/781]  Time: 0.152 (0.222)  Loss:   6.906 ( 6.906)  Acc@1:   0.000 (  0.000)  Acc@5:   0.000 (  1.107)
Test: [  24/781]  Time: 0.159 (0.219)  Loss:   6.906 ( 6.906)  Acc@1:   0.000 (  0.000)  Acc@5:   0.000 (  1.062)
Test: [  25/781]  Time: 0.141 (0.216)  Loss:   6.906 ( 6.906)  Acc@1:   0.000 (  0.000)  Acc@5:   0.000 (  1.022)
Test: [  26/781]  Time: 0.139 (0.213)  Loss:   6.906 ( 6.906)  Acc@1:   0.000 (  0.000)  Acc@5:   0.000 (  0.984)
Test: [  27/781]  Time: 0.141 (0.211)  Loss:   6.906 ( 6.906)  Acc@1:   0.000 (  0.000)  Acc@5:   0.000 (  0.949)
Test: [  28/781]  Time: 0.142 (0.208)  Loss:   6.906 ( 6.906)  Acc@1:   0.000 (  0.000)  Acc@5:   0.000 (  0.916)
Test: [  29/781]  Time: 0.139 (0.206)  Loss:   6.906 ( 6.906)  Acc@1:   0.000 (  0.000)  Acc@5:   0.000 (  0.885)
Test: [  30/781]  Time: 0.143 (0.204)  Loss:   6.906 ( 6.906)  Acc@1:   0.000 (  0.000)  Acc@5:   0.000 (  0.857)
Test: [  31/781]  Time: 0.136 (0.202)  Loss:   6.906 ( 6.906)  Acc@1:   0.000 (  0.000)  Acc@5:   0.000 (  0.830)
Test: [  32/781]  Time: 0.143 (0.200)  Loss:   6.906 ( 6.906)  Acc@1:   0.000 (  0.000)  Acc@5:   0.000 (  0.805)
Test: [  33/781]  Time: 0.137 (0.198)  Loss:   6.906 ( 6.906)  Acc@1:   0.000 (  0.000)  Acc@5:   0.000 (  0.781)
Test: [  34/781]  Time: 0.138 (0.196)  Loss:   6.906 ( 6.906)  Acc@1:   0.000 (  0.000)  Acc@5:   4.688 (  0.893)
Test: [  35/781]  Time: 0.136 (0.195)  Loss:   6.906 ( 6.906)  Acc@1:   0.000 (  0.000)  Acc@5:   0.000 (  0.868)
Test: [  36/781]  Time: 0.143 (0.193)  Loss:   6.906 ( 6.906)  Acc@1:   0.000 (  0.000)  Acc@5:   0.000 (  0.845)
Test: [  37/781]  Time: 0.138 (0.192)  Loss:   6.906 ( 6.906)  Acc@1:   0.000 (  0.000)  Acc@5:   0.000 (  0.822)
Test: [  38/781]  Time: 0.141 (0.191)  Loss:   6.906 ( 6.906)  Acc@1:   0.000 (  0.000)  Acc@5:   0.000 (  0.801)
Test: [  39/781]  Time: 0.135 (0.189)  Loss:   6.906 ( 6.906)  Acc@1:   0.000 (  0.000)  Acc@5:   0.000 (  0.781)
Test: [  40/781]  Time: 0.143 (0.188)  Loss:   6.906 ( 6.906)  Acc@1:   0.000 (  0.000)  Acc@5:   0.000 (  0.762)
Test: [  41/781]  Time: 0.140 (0.187)  Loss:   6.906 ( 6.906)  Acc@1:   0.000 (  0.000)  Acc@5:   0.000 (  0.744)
Test: [  42/781]  Time: 0.138 (0.186)  Loss:   6.906 ( 6.906)  Acc@1:   0.000 (  0.000)  Acc@5:   0.000 (  0.727)
Test: [  43/781]  Time: 0.137 (0.185)  Loss:   6.906 ( 6.906)  Acc@1:   0.000 (  0.000)  Acc@5:   0.000 (  0.710)
Test: [  44/781]  Time: 0.142 (0.184)  Loss:   6.906 ( 6.906)  Acc@1:   0.000 (  0.000)  Acc@5:   0.000 (  0.694)
Test: [  45/781]  Time: 0.139 (0.183)  Loss:   6.906 ( 6.906)  Acc@1:   0.000 (  0.000)  Acc@5:   0.000 (  0.679)
Test: [  46/781]  Time: 0.140 (0.182)  Loss:   6.906 ( 6.906)  Acc@1:   0.000 (  0.000)  Acc@5:   0.000 (  0.665)
Test: [  47/781]  Time: 0.140 (0.181)  Loss:   6.906 ( 6.906)  Acc@1:   0.000 (  0.000)  Acc@5:   0.000 (  0.651)
Test: [  48/781]  Time: 0.147 (0.180)  Loss:   6.906 ( 6.906)  Acc@1:   0.000 (  0.000)  Acc@5:   0.000 (  0.638)
Test: [  49/781]  Time: 0.144 (0.180)  Loss:   6.906 ( 6.906)  Acc@1:   0.000 (  0.000)  Acc@5:   0.000 (  0.625)
Test: [  50/781]  Time: 0.137 (0.179)  Loss:   6.906 ( 6.906)  Acc@1:   0.000 (  0.000)  Acc@5:   0.000 (  0.613)
Test: [  51/781]  Time: 0.142 (0.178)  Loss:   6.906 ( 6.906)  Acc@1:   0.000 (  0.000)  Acc@5:   0.000 (  0.601)
Test: [  52/781]  Time: 0.139 (0.177)  Loss:   6.906 ( 6.906)  Acc@1:   0.000 (  0.000)  Acc@5:   0.000 (  0.590)
Test: [  53/781]  Time: 0.148 (0.177)  Loss:   6.906 ( 6.906)  Acc@1:   0.000 (  0.000)  Acc@5:   0.000 (  0.579)
Test: [  54/781]  Time: 0.143 (0.176)  Loss:   6.906 ( 6.906)  Acc@1:   0.000 (  0.000)  Acc@5:   0.000 (  0.568)
Test: [  55/781]  Time: 0.147 (0.176)  Loss:   6.906 ( 6.906)  Acc@1:   0.000 (  0.000)  Acc@5:   0.000 (  0.558)
Test: [  56/781]  Time: 0.140 (0.175)  Loss:   6.906 ( 6.906)  Acc@1:   0.000 (  0.000)  Acc@5:   0.000 (  0.548)
Test: [  57/781]  Time: 0.143 (0.174)  Loss:   6.906 ( 6.906)  Acc@1:   0.000 (  0.000)  Acc@5:   0.000 (  0.539)
Test: [  58/781]  Time: 0.141 (0.174)  Loss:   6.906 ( 6.906)  Acc@1:   0.000 (  0.000)  Acc@5:   0.000 (  0.530)
Test: [  59/781]  Time: 0.146 (0.173)  Loss:   6.906 ( 6.906)  Acc@1:   0.000 (  0.000)  Acc@5:   0.000 (  0.521)
Test: [  60/781]  Time: 0.137 (0.173)  Loss:   6.906 ( 6.906)  Acc@1:   0.000 (  0.000)  Acc@5:   0.000 (  0.512)
Test: [  61/781]  Time: 0.141 (0.172)  Loss:   6.906 ( 6.906)  Acc@1:   0.000 (  0.000)  Acc@5:   0.000 (  0.504)
Test: [  62/781]  Time: 0.140 (0.172)  Loss:   6.906 ( 6.906)  Acc@1:   0.000 (  0.000)  Acc@5:   0.000 (  0.496)
Test: [  63/781]  Time: 0.143 (0.171)  Loss:   6.906 ( 6.906)  Acc@1:   0.000 (  0.000)  Acc@5:   0.000 (  0.488)
Test: [  64/781]  Time: 0.137 (0.171)  Loss:   6.906 ( 6.906)  Acc@1:   0.000 (  0.000)  Acc@5:   0.000 (  0.481)
Test: [  65/781]  Time: 0.142 (0.170)  Loss:   6.906 ( 6.906)  Acc@1:   0.000 (  0.000)  Acc@5:   0.000 (  0.473)
Test: [  66/781]  Time: 0.141 (0.170)  Loss:   6.906 ( 6.906)  Acc@1:   0.000 (  0.000)  Acc@5:   0.000 (  0.466)
Test: [  67/781]  Time: 0.141 (0.170)  Loss:   6.906 ( 6.906)  Acc@1:   0.000 (  0.000)  Acc@5:   0.000 (  0.460)
Test: [  68/781]  Time: 0.138 (0.169)  Loss:   6.906 ( 6.906)  Acc@1:   0.000 (  0.000)  Acc@5:   0.000 (  0.453)
Test: [  69/781]  Time: 0.141 (0.169)  Loss:   6.906 ( 6.906)  Acc@1:   0.000 (  0.000)  Acc@5:   0.000 (  0.446)
Test: [  70/781]  Time: 0.141 (0.168)  Loss:   6.906 ( 6.906)  Acc@1:   0.000 (  0.000)  Acc@5:   0.000 (  0.440)
Test: [  71/781]  Time: 0.143 (0.168)  Loss:   6.906 ( 6.906)  Acc@1:   0.000 (  0.000)  Acc@5:   0.000 (  0.434)
Test: [  72/781]  Time: 0.143 (0.168)  Loss:   6.906 ( 6.906)  Acc@1:   0.000 (  0.000)  Acc@5:   0.000 (  0.428)
Test: [  73/781]  Time: 0.137 (0.167)  Loss:   6.906 ( 6.906)  Acc@1:   0.000 (  0.000)  Acc@5:   0.000 (  0.422)
Test: [  74/781]  Time: 0.140 (0.167)  Loss:   6.906 ( 6.906)  Acc@1:   0.000 (  0.000)  Acc@5:   0.000 (  0.417)
Test: [  75/781]  Time: 0.137 (0.166)  Loss:   6.906 ( 6.906)  Acc@1:   0.000 (  0.000)  Acc@5:   0.000 (  0.411)
Test: [  76/781]  Time: 0.151 (0.166)  Loss:   6.906 ( 6.906)  Acc@1:   0.000 (  0.000)  Acc@5:   0.000 (  0.406)
Test: [  77/781]  Time: 0.142 (0.166)  Loss:   6.906 ( 6.906)  Acc@1:   0.000 (  0.000)  Acc@5:   0.000 (  0.401)
Test: [  78/781]  Time: 0.141 (0.166)  Loss:   6.906 ( 6.906)  Acc@1:   0.000 (  0.000)  Acc@5:   0.000 (  0.396)
Test: [  79/781]  Time: 0.146 (0.165)  Loss:   6.906 ( 6.906)  Acc@1:   0.000 (  0.000)  Acc@5:   0.000 (  0.391)
Test: [  80/781]  Time: 0.144 (0.165)  Loss:   6.906 ( 6.906)  Acc@1:   0.000 (  0.000)  Acc@5:   0.000 (  0.386)
Test: [  81/781]  Time: 0.148 (0.165)  Loss:   6.906 ( 6.906)  Acc@1:   0.000 (  0.000)  Acc@5:   0.000 (  0.381)
Test: [  82/781]  Time: 0.136 (0.165)  Loss:   6.906 ( 6.906)  Acc@1:   0.000 (  0.000)  Acc@5:   0.000 (  0.377)
Test: [  83/781]  Time: 0.142 (0.164)  Loss:   6.906 ( 6.906)  Acc@1:   0.000 (  0.000)  Acc@5:   0.000 (  0.372)
Test: [  84/781]  Time: 0.142 (0.164)  Loss:   6.906 ( 6.906)  Acc@1:   0.000 (  0.000)  Acc@5:   6.250 (  0.441)
Test: [  85/781]  Time: 0.140 (0.164)  Loss:   6.906 ( 6.906)  Acc@1:   0.000 (  0.000)  Acc@5:   1.562 (  0.454)
Test: [  86/781]  Time: 0.136 (0.163)  Loss:   6.906 ( 6.906)  Acc@1:   0.000 (  0.000)  Acc@5:   0.000 (  0.449)
Test: [  87/781]  Time: 0.147 (0.163)  Loss:   6.906 ( 6.906)  Acc@1:   0.000 (  0.000)  Acc@5:   0.000 (  0.444)
Test: [  88/781]  Time: 0.142 (0.163)  Loss:   6.906 ( 6.906)  Acc@1:   0.000 (  0.000)  Acc@5:   0.000 (  0.439)
Test: [  89/781]  Time: 0.139 (0.163)  Loss:   6.906 ( 6.906)  Acc@1:   0.000 (  0.000)  Acc@5:   0.000 (  0.434)
Test: [  90/781]  Time: 0.153 (0.163)  Loss:   6.906 ( 6.906)  Acc@1:   0.000 (  0.000)  Acc@5:   0.000 (  0.429)
Test: [  91/781]  Time: 0.137 (0.162)  Loss:   6.906 ( 6.906)  Acc@1:   0.000 (  0.000)  Acc@5:   0.000 (  0.425)
Test: [  92/781]  Time: 0.141 (0.162)  Loss:   6.906 ( 6.906)  Acc@1:   0.000 (  0.000)  Acc@5:   0.000 (  0.420)
Test: [  93/781]  Time: 0.139 (0.162)  Loss:   6.906 ( 6.906)  Acc@1:   0.000 (  0.000)  Acc@5:   0.000 (  0.416)
Test: [  94/781]  Time: 0.151 (0.162)  Loss:   6.906 ( 6.906)  Acc@1:   0.000 (  0.000)  Acc@5:   0.000 (  0.411)
Test: [  95/781]  Time: 0.142 (0.162)  Loss:   6.906 ( 6.906)  Acc@1:   0.000 (  0.000)  Acc@5:   0.000 (  0.407)
Test: [  96/781]  Time: 0.136 (0.161)  Loss:   6.906 ( 6.906)  Acc@1:   0.000 (  0.000)  Acc@5:   0.000 (  0.403)
Test: [  97/781]  Time: 0.140 (0.161)  Loss:   6.906 ( 6.906)  Acc@1:   0.000 (  0.000)  Acc@5:   0.000 (  0.399)
Test: [  98/781]  Time: 0.138 (0.161)  Loss:   6.906 ( 6.906)  Acc@1:   0.000 (  0.000)  Acc@5:   0.000 (  0.395)
Test: [  99/781]  Time: 0.142 (0.161)  Loss:   6.906 ( 6.906)  Acc@1:   0.000 (  0.000)  Acc@5:   0.000 (  0.391)
Test: [ 100/781]  Time: 0.140 (0.160)  Loss:   6.906 ( 6.906)  Acc@1:   0.000 (  0.000)  Acc@5:   0.000 (  0.387)
Test: [ 101/781]  Time: 0.139 (0.160)  Loss:   6.906 ( 6.906)  Acc@1:   0.000 (  0.000)  Acc@5:   0.000 (  0.383)
Test: [ 102/781]  Time: 0.142 (0.160)  Loss:   6.906 ( 6.906)  Acc@1:   0.000 (  0.000)  Acc@5:   0.000 (  0.379)
Test: [ 103/781]  Time: 0.143 (0.160)  Loss:   6.906 ( 6.906)  Acc@1:   0.000 (  0.000)  Acc@5:   0.000 (  0.376)
Test: [ 104/781]  Time: 0.143 (0.160)  Loss:   6.906 ( 6.906)  Acc@1:   0.000 (  0.000)  Acc@5:   0.000 (  0.372)
Test: [ 105/781]  Time: 0.137 (0.160)  Loss:   6.906 ( 6.906)  Acc@1:   0.000 (  0.000)  Acc@5:   0.000 (  0.369)
Test: [ 106/781]  Time: 0.136 (0.159)  Loss:   6.906 ( 6.906)  Acc@1:   0.000 (  0.000)  Acc@5:   0.000 (  0.365)
Test: [ 107/781]  Time: 0.136 (0.159)  Loss:   6.906 ( 6.906)  Acc@1:   0.000 (  0.000)  Acc@5:   0.000 (  0.362)
Test: [ 108/781]  Time: 0.142 (0.159)  Loss:   6.906 ( 6.906)  Acc@1:   0.000 (  0.000)  Acc@5:   0.000 (  0.358)
Test: [ 109/781]  Time: 0.143 (0.159)  Loss:   6.906 ( 6.906)  Acc@1:   0.000 (  0.000)  Acc@5:   0.000 (  0.355)
Test: [ 110/781]  Time: 0.138 (0.159)  Loss:   6.906 ( 6.906)  Acc@1:   1.562 (  0.014)  Acc@5:   1.562 (  0.366)
Test: [ 111/781]  Time: 0.140 (0.158)  Loss:   6.906 ( 6.906)  Acc@1:   0.000 (  0.014)  Acc@5:   0.000 (  0.363)
Test: [ 112/781]  Time: 0.157 (0.158)  Loss:   6.906 ( 6.906)  Acc@1:   0.000 (  0.014)  Acc@5:   3.125 (  0.387)
Test: [ 113/781]  Time: 0.140 (0.158)  Loss:   6.906 ( 6.906)  Acc@1:   0.000 (  0.014)  Acc@5:   0.000 (  0.384)
Test: [ 114/781]  Time: 0.141 (0.158)  Loss:   6.906 ( 6.906)  Acc@1:   0.000 (  0.014)  Acc@5:   0.000 (  0.380)
Test: [ 115/781]  Time: 0.134 (0.158)  Loss:   6.906 ( 6.906)  Acc@1:   0.000 (  0.013)  Acc@5:   0.000 (  0.377)
Test: [ 116/781]  Time: 0.142 (0.158)  Loss:   6.906 ( 6.906)  Acc@1:   0.000 (  0.013)  Acc@5:   0.000 (  0.374)
Test: [ 117/781]  Time: 0.138 (0.158)  Loss:   6.906 ( 6.906)  Acc@1:   0.000 (  0.013)  Acc@5:   0.000 (  0.371)
Test: [ 118/781]  Time: 0.136 (0.157)  Loss:   6.906 ( 6.906)  Acc@1:   0.000 (  0.013)  Acc@5:   0.000 (  0.368)
Test: [ 119/781]  Time: 0.138 (0.157)  Loss:   6.906 ( 6.906)  Acc@1:   0.000 (  0.013)  Acc@5:   0.000 (  0.365)
Test: [ 120/781]  Time: 0.140 (0.157)  Loss:   6.906 ( 6.906)  Acc@1:   0.000 (  0.013)  Acc@5:   0.000 (  0.362)
Test: [ 121/781]  Time: 0.142 (0.157)  Loss:   6.906 ( 6.906)  Acc@1:   0.000 (  0.013)  Acc@5:   0.000 (  0.359)
Test: [ 122/781]  Time: 0.142 (0.157)  Loss:   6.906 ( 6.906)  Acc@1:   0.000 (  0.013)  Acc@5:   0.000 (  0.356)
Test: [ 123/781]  Time: 0.140 (0.157)  Loss:   6.906 ( 6.906)  Acc@1:   0.000 (  0.013)  Acc@5:   0.000 (  0.353)
Test: [ 124/781]  Time: 0.144 (0.157)  Loss:   6.906 ( 6.906)  Acc@1:   0.000 (  0.013)  Acc@5:   0.000 (  0.350)
Test: [ 125/781]  Time: 0.138 (0.156)  Loss:   6.906 ( 6.906)  Acc@1:   0.000 (  0.012)  Acc@5:   0.000 (  0.347)
Test: [ 126/781]  Time: 0.136 (0.156)  Loss:   6.906 ( 6.906)  Acc@1:   0.000 (  0.012)  Acc@5:   0.000 (  0.344)
Test: [ 127/781]  Time: 0.137 (0.156)  Loss:   6.906 ( 6.906)  Acc@1:   0.000 (  0.012)  Acc@5:   0.000 (  0.342)
Test: [ 128/781]  Time: 0.142 (0.156)  Loss:   6.906 ( 6.906)  Acc@1:   0.000 (  0.012)  Acc@5:   0.000 (  0.339)
Test: [ 129/781]  Time: 0.140 (0.156)  Loss:   6.906 ( 6.906)  Acc@1:   0.000 (  0.012)  Acc@5:   0.000 (  0.337)
Test: [ 130/781]  Time: 0.145 (0.156)  Loss:   6.906 ( 6.906)  Acc@1:   0.000 (  0.012)  Acc@5:   0.000 (  0.334)
Test: [ 131/781]  Time: 0.138 (0.156)  Loss:   6.906 ( 6.906)  Acc@1:   0.000 (  0.012)  Acc@5:   0.000 (  0.331)
Test: [ 132/781]  Time: 0.149 (0.156)  Loss:   6.906 ( 6.906)  Acc@1:   0.000 (  0.012)  Acc@5:   0.000 (  0.329)
Test: [ 133/781]  Time: 0.139 (0.156)  Loss:   6.906 ( 6.906)  Acc@1:   0.000 (  0.012)  Acc@5:   0.000 (  0.326)
Test: [ 134/781]  Time: 0.138 (0.155)  Loss:   6.906 ( 6.906)  Acc@1:   0.000 (  0.012)  Acc@5:   0.000 (  0.324)
Test: [ 135/781]  Time: 0.140 (0.155)  Loss:   6.906 ( 6.906)  Acc@1:   0.000 (  0.011)  Acc@5:   0.000 (  0.322)
Test: [ 136/781]  Time: 0.142 (0.155)  Loss:   6.906 ( 6.906)  Acc@1:   0.000 (  0.011)  Acc@5:   0.000 (  0.319)
Test: [ 137/781]  Time: 0.136 (0.155)  Loss:   6.906 ( 6.906)  Acc@1:   0.000 (  0.011)  Acc@5:   0.000 (  0.317)
Test: [ 138/781]  Time: 0.142 (0.155)  Loss:   6.906 ( 6.906)  Acc@1:   0.000 (  0.011)  Acc@5:   0.000 (  0.315)
Test: [ 139/781]  Time: 0.149 (0.155)  Loss:   6.906 ( 6.906)  Acc@1:   0.000 (  0.011)  Acc@5:   0.000 (  0.312)
Test: [ 140/781]  Time: 0.141 (0.155)  Loss:   6.906 ( 6.906)  Acc@1:   0.000 (  0.011)  Acc@5:   0.000 (  0.310)
Test: [ 141/781]  Time: 0.138 (0.155)  Loss:   6.906 ( 6.906)  Acc@1:   0.000 (  0.011)  Acc@5:   0.000 (  0.308)
Test: [ 142/781]  Time: 0.139 (0.155)  Loss:   6.906 ( 6.906)  Acc@1:   0.000 (  0.011)  Acc@5:   0.000 (  0.306)
Test: [ 143/781]  Time: 0.139 (0.154)  Loss:   6.906 ( 6.906)  Acc@1:   0.000 (  0.011)  Acc@5:   0.000 (  0.304)
Test: [ 144/781]  Time: 0.143 (0.154)  Loss:   6.906 ( 6.906)  Acc@1:   0.000 (  0.011)  Acc@5:   0.000 (  0.302)
Test: [ 145/781]  Time: 0.140 (0.154)  Loss:   6.906 ( 6.906)  Acc@1:   0.000 (  0.011)  Acc@5:   0.000 (  0.300)
Test: [ 146/781]  Time: 0.136 (0.154)  Loss:   6.906 ( 6.906)  Acc@1:   0.000 (  0.011)  Acc@5:   0.000 (  0.298)
Test: [ 147/781]  Time: 0.141 (0.154)  Loss:   6.906 ( 6.906)  Acc@1:   0.000 (  0.011)  Acc@5:   0.000 (  0.296)
Test: [ 148/781]  Time: 0.143 (0.154)  Loss:   6.906 ( 6.906)  Acc@1:   0.000 (  0.010)  Acc@5:   0.000 (  0.294)
Test: [ 149/781]  Time: 0.140 (0.154)  Loss:   6.906 ( 6.906)  Acc@1:   0.000 (  0.010)  Acc@5:   0.000 (  0.292)
Test: [ 150/781]  Time: 0.139 (0.154)  Loss:   6.906 ( 6.906)  Acc@1:   0.000 (  0.010)  Acc@5:   0.000 (  0.290)
Test: [ 151/781]  Time: 0.140 (0.154)  Loss:   6.906 ( 6.906)  Acc@1:   0.000 (  0.010)  Acc@5:   0.000 (  0.288)
Test: [ 152/781]  Time: 0.139 (0.154)  Loss:   6.906 ( 6.906)  Acc@1:   0.000 (  0.010)  Acc@5:   0.000 (  0.286)
Test: [ 153/781]  Time: 0.141 (0.154)  Loss:   6.906 ( 6.906)  Acc@1:   0.000 (  0.010)  Acc@5:   0.000 (  0.284)
Test: [ 154/781]  Time: 0.136 (0.153)  Loss:   6.906 ( 6.906)  Acc@1:   0.000 (  0.010)  Acc@5:   0.000 (  0.282)
Test: [ 155/781]  Time: 0.146 (0.153)  Loss:   6.906 ( 6.906)  Acc@1:   0.000 (  0.010)  Acc@5:   0.000 (  0.280)
Test: [ 156/781]  Time: 0.146 (0.153)  Loss:   6.906 ( 6.906)  Acc@1:   0.000 (  0.010)  Acc@5:   0.000 (  0.279)
Test: [ 157/781]  Time: 0.137 (0.153)  Loss:   6.906 ( 6.906)  Acc@1:   0.000 (  0.010)  Acc@5:   0.000 (  0.277)
Test: [ 158/781]  Time: 0.137 (0.153)  Loss:   6.906 ( 6.906)  Acc@1:   0.000 (  0.010)  Acc@5:   0.000 (  0.275)
Test: [ 159/781]  Time: 0.143 (0.153)  Loss:   6.906 ( 6.906)  Acc@1:   0.000 (  0.010)  Acc@5:   0.000 (  0.273)
Test: [ 160/781]  Time: 0.142 (0.153)  Loss:   6.906 ( 6.906)  Acc@1:   0.000 (  0.010)  Acc@5:   0.000 (  0.272)
Test: [ 161/781]  Time: 0.139 (0.153)  Loss:   6.906 ( 6.906)  Acc@1:   0.000 (  0.010)  Acc@5:   0.000 (  0.270)
Test: [ 162/781]  Time: 0.143 (0.153)  Loss:   6.906 ( 6.906)  Acc@1:   0.000 (  0.010)  Acc@5:   0.000 (  0.268)
Test: [ 163/781]  Time: 0.198 (0.153)  Loss:   6.906 ( 6.906)  Acc@1:   0.000 (  0.010)  Acc@5:   0.000 (  0.267)
Test: [ 164/781]  Time: 0.143 (0.153)  Loss:   6.906 ( 6.906)  Acc@1:   0.000 (  0.009)  Acc@5:   0.000 (  0.265)
Test: [ 165/781]  Time: 0.142 (0.153)  Loss:   6.906 ( 6.906)  Acc@1:   0.000 (  0.009)  Acc@5:   1.562 (  0.273)
Test: [ 166/781]  Time: 0.137 (0.153)  Loss:   6.906 ( 6.906)  Acc@1:   0.000 (  0.009)  Acc@5:   0.000 (  0.271)
Test: [ 167/781]  Time: 0.144 (0.153)  Loss:   6.906 ( 6.906)  Acc@1:   0.000 (  0.009)  Acc@5:   0.000 (  0.270)
Test: [ 168/781]  Time: 0.142 (0.153)  Loss:   6.906 ( 6.906)  Acc@1:   0.000 (  0.009)  Acc@5:   0.000 (  0.268)
Test: [ 169/781]  Time: 0.151 (0.153)  Loss:   6.906 ( 6.906)  Acc@1:   0.000 (  0.009)  Acc@5:   0.000 (  0.267)
Test: [ 170/781]  Time: 0.142 (0.153)  Loss:   6.906 ( 6.906)  Acc@1:   0.000 (  0.009)  Acc@5:   0.000 (  0.265)
Test: [ 171/781]  Time: 0.141 (0.153)  Loss:   6.906 ( 6.906)  Acc@1:   0.000 (  0.009)  Acc@5:   0.000 (  0.263)
Test: [ 172/781]  Time: 0.141 (0.153)  Loss:   6.906 ( 6.906)  Acc@1:   0.000 (  0.009)  Acc@5:   0.000 (  0.262)
Test: [ 173/781]  Time: 0.137 (0.153)  Loss:   6.906 ( 6.906)  Acc@1:   0.000 (  0.009)  Acc@5:   0.000 (  0.260)
Test: [ 174/781]  Time: 0.155 (0.153)  Loss:   6.906 ( 6.906)  Acc@1:   0.000 (  0.009)  Acc@5:   0.000 (  0.259)
Test: [ 175/781]  Time: 0.136 (0.152)  Loss:   6.906 ( 6.906)  Acc@1:   0.000 (  0.009)  Acc@5:   0.000 (  0.257)
Test: [ 176/781]  Time: 0.149 (0.152)  Loss:   6.906 ( 6.906)  Acc@1:   0.000 (  0.009)  Acc@5:   0.000 (  0.256)
Test: [ 177/781]  Time: 0.143 (0.152)  Loss:   6.906 ( 6.906)  Acc@1:   0.000 (  0.009)  Acc@5:   0.000 (  0.255)
Test: [ 178/781]  Time: 0.140 (0.152)  Loss:   6.906 ( 6.906)  Acc@1:   0.000 (  0.009)  Acc@5:   0.000 (  0.253)
Test: [ 179/781]  Time: 0.145 (0.152)  Loss:   6.906 ( 6.906)  Acc@1:   0.000 (  0.009)  Acc@5:   0.000 (  0.252)
Test: [ 180/781]  Time: 0.142 (0.152)  Loss:   6.906 ( 6.906)  Acc@1:   0.000 (  0.009)  Acc@5:   0.000 (  0.250)
Test: [ 181/781]  Time: 0.136 (0.152)  Loss:   6.906 ( 6.906)  Acc@1:   0.000 (  0.009)  Acc@5:   0.000 (  0.249)
Test: [ 182/781]  Time: 0.139 (0.152)  Loss:   6.906 ( 6.906)  Acc@1:   0.000 (  0.009)  Acc@5:   0.000 (  0.248)
Test: [ 183/781]  Time: 0.140 (0.152)  Loss:   6.906 ( 6.906)  Acc@1:   0.000 (  0.008)  Acc@5:   0.000 (  0.246)
Test: [ 184/781]  Time: 0.143 (0.152)  Loss:   6.906 ( 6.906)  Acc@1:   0.000 (  0.008)  Acc@5:   0.000 (  0.245)
Test: [ 185/781]  Time: 0.139 (0.152)  Loss:   6.906 ( 6.906)  Acc@1:   0.000 (  0.008)  Acc@5:   0.000 (  0.244)
Test: [ 186/781]  Time: 0.144 (0.152)  Loss:   6.906 ( 6.906)  Acc@1:   0.000 (  0.008)  Acc@5:   0.000 (  0.242)
Test: [ 187/781]  Time: 0.137 (0.152)  Loss:   6.906 ( 6.906)  Acc@1:   0.000 (  0.008)  Acc@5:   0.000 (  0.241)
Test: [ 188/781]  Time: 0.140 (0.152)  Loss:   6.906 ( 6.906)  Acc@1:   0.000 (  0.008)  Acc@5:   0.000 (  0.240)
Test: [ 189/781]  Time: 0.139 (0.152)  Loss:   6.906 ( 6.906)  Acc@1:   0.000 (  0.008)  Acc@5:   0.000 (  0.238)
Test: [ 190/781]  Time: 0.136 (0.152)  Loss:   6.906 ( 6.906)  Acc@1:   0.000 (  0.008)  Acc@5:   0.000 (  0.237)
Test: [ 191/781]  Time: 0.136 (0.151)  Loss:   6.906 ( 6.906)  Acc@1:   0.000 (  0.008)  Acc@5:   0.000 (  0.236)
Test: [ 192/781]  Time: 0.143 (0.151)  Loss:   6.906 ( 6.906)  Acc@1:   0.000 (  0.008)  Acc@5:   0.000 (  0.235)
Test: [ 193/781]  Time: 0.136 (0.151)  Loss:   6.906 ( 6.906)  Acc@1:   0.000 (  0.008)  Acc@5:   0.000 (  0.234)
Test: [ 194/781]  Time: 0.136 (0.151)  Loss:   6.906 ( 6.906)  Acc@1:   0.000 (  0.008)  Acc@5:   0.000 (  0.232)
Test: [ 195/781]  Time: 0.140 (0.151)  Loss:   6.906 ( 6.906)  Acc@1:   0.000 (  0.008)  Acc@5:   0.000 (  0.231)
Test: [ 196/781]  Time: 0.154 (0.151)  Loss:   6.906 ( 6.906)  Acc@1:   0.000 (  0.008)  Acc@5:   0.000 (  0.230)
Test: [ 197/781]  Time: 0.145 (0.151)  Loss:   6.906 ( 6.906)  Acc@1:   0.000 (  0.008)  Acc@5:   0.000 (  0.229)
Test: [ 198/781]  Time: 0.178 (0.151)  Loss:   6.906 ( 6.906)  Acc@1:   0.000 (  0.008)  Acc@5:   0.000 (  0.228)
Test: [ 199/781]  Time: 0.169 (0.151)  Loss:   6.906 ( 6.906)  Acc@1:   0.000 (  0.008)  Acc@5:   0.000 (  0.227)
Test: [ 200/781]  Time: 0.142 (0.151)  Loss:   6.906 ( 6.906)  Acc@1:   0.000 (  0.008)  Acc@5:   0.000 (  0.225)
Test: [ 201/781]  Time: 0.137 (0.151)  Loss:   6.906 ( 6.906)  Acc@1:   0.000 (  0.008)  Acc@5:   0.000 (  0.224)
Test: [ 202/781]  Time: 0.142 (0.151)  Loss:   6.906 ( 6.906)  Acc@1:   0.000 (  0.008)  Acc@5:   0.000 (  0.223)
Test: [ 203/781]  Time: 0.142 (0.151)  Loss:   6.906 ( 6.906)  Acc@1:   0.000 (  0.008)  Acc@5:   0.000 (  0.222)
Test: [ 204/781]  Time: 0.144 (0.151)  Loss:   6.906 ( 6.906)  Acc@1:   0.000 (  0.008)  Acc@5:   0.000 (  0.221)
Test: [ 205/781]  Time: 0.144 (0.151)  Loss:   6.906 ( 6.906)  Acc@1:   0.000 (  0.008)  Acc@5:   0.000 (  0.220)
Test: [ 206/781]  Time: 0.143 (0.151)  Loss:   6.906 ( 6.906)  Acc@1:   0.000 (  0.008)  Acc@5:   0.000 (  0.219)
Test: [ 207/781]  Time: 0.141 (0.151)  Loss:   6.906 ( 6.906)  Acc@1:   0.000 (  0.008)  Acc@5:   0.000 (  0.218)
Test: [ 208/781]  Time: 0.138 (0.151)  Loss:   6.906 ( 6.906)  Acc@1:   0.000 (  0.007)  Acc@5:   0.000 (  0.217)
Test: [ 209/781]  Time: 0.147 (0.151)  Loss:   6.906 ( 6.906)  Acc@1:   0.000 (  0.007)  Acc@5:   0.000 (  0.216)
Test: [ 210/781]  Time: 0.141 (0.151)  Loss:   6.906 ( 6.906)  Acc@1:   0.000 (  0.007)  Acc@5:   0.000 (  0.215)
Test: [ 211/781]  Time: 0.146 (0.151)  Loss:   6.906 ( 6.906)  Acc@1:   0.000 (  0.007)  Acc@5:   0.000 (  0.214)
Test: [ 212/781]  Time: 0.146 (0.151)  Loss:   6.906 ( 6.906)  Acc@1:   0.000 (  0.007)  Acc@5:   0.000 (  0.213)
Test: [ 213/781]  Time: 0.143 (0.151)  Loss:   6.906 ( 6.906)  Acc@1:   0.000 (  0.007)  Acc@5:   0.000 (  0.212)
Test: [ 214/781]  Time: 0.136 (0.151)  Loss:   6.906 ( 6.906)  Acc@1:   0.000 (  0.007)  Acc@5:   0.000 (  0.211)
Test: [ 215/781]  Time: 0.142 (0.151)  Loss:   6.906 ( 6.906)  Acc@1:   0.000 (  0.007)  Acc@5:   0.000 (  0.210)
Test: [ 216/781]  Time: 0.152 (0.151)  Loss:   6.906 ( 6.906)  Acc@1:   0.000 (  0.007)  Acc@5:   0.000 (  0.209)
Test: [ 217/781]  Time: 0.145 (0.151)  Loss:   6.906 ( 6.906)  Acc@1:   0.000 (  0.007)  Acc@5:   0.000 (  0.208)
Test: [ 218/781]  Time: 0.141 (0.151)  Loss:   6.906 ( 6.906)  Acc@1:   0.000 (  0.007)  Acc@5:   0.000 (  0.207)
Test: [ 219/781]  Time: 0.141 (0.151)  Loss:   6.906 ( 6.906)  Acc@1:   0.000 (  0.007)  Acc@5:   0.000 (  0.206)
Test: [ 220/781]  Time: 0.143 (0.151)  Loss:   6.906 ( 6.906)  Acc@1:   0.000 (  0.007)  Acc@5:   0.000 (  0.205)
Test: [ 221/781]  Time: 0.150 (0.151)  Loss:   6.906 ( 6.906)  Acc@1:   0.000 (  0.007)  Acc@5:   0.000 (  0.204)
Test: [ 222/781]  Time: 0.147 (0.151)  Loss:   6.906 ( 6.906)  Acc@1:   0.000 (  0.007)  Acc@5:   0.000 (  0.203)
Test: [ 223/781]  Time: 0.144 (0.151)  Loss:   6.906 ( 6.906)  Acc@1:   0.000 (  0.007)  Acc@5:   0.000 (  0.202)
Test: [ 224/781]  Time: 0.147 (0.150)  Loss:   6.906 ( 6.906)  Acc@1:   0.000 (  0.007)  Acc@5:   0.000 (  0.201)
Test: [ 225/781]  Time: 0.140 (0.150)  Loss:   6.906 ( 6.906)  Acc@1:   0.000 (  0.007)  Acc@5:   0.000 (  0.200)
Test: [ 226/781]  Time: 0.145 (0.150)  Loss:   6.906 ( 6.906)  Acc@1:   0.000 (  0.007)  Acc@5:   0.000 (  0.200)
Test: [ 227/781]  Time: 0.150 (0.150)  Loss:   6.906 ( 6.906)  Acc@1:   0.000 (  0.007)  Acc@5:   0.000 (  0.199)
Test: [ 228/781]  Time: 0.146 (0.150)  Loss:   6.906 ( 6.906)  Acc@1:   0.000 (  0.007)  Acc@5:   0.000 (  0.198)
Test: [ 229/781]  Time: 0.137 (0.150)  Loss:   6.906 ( 6.906)  Acc@1:   0.000 (  0.007)  Acc@5:  20.312 (  0.285)
Test: [ 230/781]  Time: 0.142 (0.150)  Loss:   6.906 ( 6.906)  Acc@1:   0.000 (  0.007)  Acc@5:  29.688 (  0.413)
Test: [ 231/781]  Time: 0.141 (0.150)  Loss:   6.906 ( 6.906)  Acc@1:   0.000 (  0.007)  Acc@5:   0.000 (  0.411)
Test: [ 232/781]  Time: 0.148 (0.150)  Loss:   6.906 ( 6.906)  Acc@1:   0.000 (  0.007)  Acc@5:   0.000 (  0.409)
Test: [ 233/781]  Time: 0.140 (0.150)  Loss:   6.906 ( 6.906)  Acc@1:   0.000 (  0.007)  Acc@5:   0.000 (  0.407)
Test: [ 234/781]  Time: 0.138 (0.150)  Loss:   6.906 ( 6.906)  Acc@1:   0.000 (  0.007)  Acc@5:   0.000 (  0.406)
Test: [ 235/781]  Time: 0.139 (0.150)  Loss:   6.906 ( 6.906)  Acc@1:   0.000 (  0.007)  Acc@5:   0.000 (  0.404)
Test: [ 236/781]  Time: 0.145 (0.150)  Loss:   6.906 ( 6.906)  Acc@1:   0.000 (  0.007)  Acc@5:   0.000 (  0.402)
Test: [ 237/781]  Time: 0.139 (0.150)  Loss:   6.906 ( 6.906)  Acc@1:   0.000 (  0.007)  Acc@5:   0.000 (  0.400)
Test: [ 238/781]  Time: 0.141 (0.150)  Loss:   6.906 ( 6.906)  Acc@1:   0.000 (  0.007)  Acc@5:   0.000 (  0.399)
Test: [ 239/781]  Time: 0.145 (0.150)  Loss:   6.906 ( 6.906)  Acc@1:   0.000 (  0.007)  Acc@5:   0.000 (  0.397)
Test: [ 240/781]  Time: 0.140 (0.150)  Loss:   6.906 ( 6.906)  Acc@1:   0.000 (  0.006)  Acc@5:   0.000 (  0.395)
Test: [ 241/781]  Time: 0.137 (0.150)  Loss:   6.906 ( 6.906)  Acc@1:   0.000 (  0.006)  Acc@5:   0.000 (  0.394)
Test: [ 242/781]  Time: 0.141 (0.150)  Loss:   6.906 ( 6.906)  Acc@1:   0.000 (  0.006)  Acc@5:   0.000 (  0.392)
Test: [ 243/781]  Time: 0.140 (0.150)  Loss:   6.906 ( 6.906)  Acc@1:   0.000 (  0.006)  Acc@5:   0.000 (  0.391)
Test: [ 244/781]  Time: 0.142 (0.150)  Loss:   6.906 ( 6.906)  Acc@1:   0.000 (  0.006)  Acc@5:   0.000 (  0.389)
Test: [ 245/781]  Time: 0.141 (0.150)  Loss:   6.906 ( 6.906)  Acc@1:   0.000 (  0.006)  Acc@5:   0.000 (  0.387)
Test: [ 246/781]  Time: 0.141 (0.150)  Loss:   6.906 ( 6.906)  Acc@1:   0.000 (  0.006)  Acc@5:   0.000 (  0.386)
Test: [ 247/781]  Time: 0.139 (0.150)  Loss:   6.906 ( 6.906)  Acc@1:   0.000 (  0.006)  Acc@5:   0.000 (  0.384)
Test: [ 248/781]  Time: 0.142 (0.150)  Loss:   6.906 ( 6.906)  Acc@1:   0.000 (  0.006)  Acc@5:   0.000 (  0.383)
Test: [ 249/781]  Time: 0.140 (0.150)  Loss:   6.906 ( 6.906)  Acc@1:   0.000 (  0.006)  Acc@5:   0.000 (  0.381)
Test: [ 250/781]  Time: 0.149 (0.150)  Loss:   6.906 ( 6.906)  Acc@1:   1.562 (  0.012)  Acc@5:  15.625 (  0.442)
Test: [ 251/781]  Time: 0.143 (0.150)  Loss:   6.906 ( 6.906)  Acc@1:   0.000 (  0.012)  Acc@5:   0.000 (  0.440)
Test: [ 252/781]  Time: 0.141 (0.150)  Loss:   6.906 ( 6.906)  Acc@1:  10.938 (  0.056)  Acc@5:  59.375 (  0.673)
Test: [ 253/781]  Time: 0.136 (0.149)  Loss:   6.906 ( 6.906)  Acc@1:   0.000 (  0.055)  Acc@5:   7.812 (  0.701)
Test: [ 254/781]  Time: 0.142 (0.149)  Loss:   6.906 ( 6.906)  Acc@1:   0.000 (  0.055)  Acc@5:   0.000 (  0.699)
Test: [ 255/781]  Time: 0.152 (0.149)  Loss:   6.906 ( 6.906)  Acc@1:   0.000 (  0.055)  Acc@5:   0.000 (  0.696)
Test: [ 256/781]  Time: 0.142 (0.149)  Loss:   6.906 ( 6.906)  Acc@1:   0.000 (  0.055)  Acc@5:   0.000 (  0.693)
Test: [ 257/781]  Time: 0.141 (0.149)  Loss:   6.906 ( 6.906)  Acc@1:   0.000 (  0.055)  Acc@5:   0.000 (  0.690)
Test: [ 258/781]  Time: 0.140 (0.149)  Loss:   6.906 ( 6.906)  Acc@1:   0.000 (  0.054)  Acc@5:   0.000 (  0.688)
Test: [ 259/781]  Time: 0.155 (0.149)  Loss:   6.906 ( 6.906)  Acc@1:   0.000 (  0.054)  Acc@5:   0.000 (  0.685)
Test: [ 260/781]  Time: 0.141 (0.149)  Loss:   6.906 ( 6.906)  Acc@1:   0.000 (  0.054)  Acc@5:   0.000 (  0.682)
Test: [ 261/781]  Time: 0.140 (0.149)  Loss:   6.906 ( 6.906)  Acc@1:   0.000 (  0.054)  Acc@5:   0.000 (  0.680)
Test: [ 262/781]  Time: 0.137 (0.149)  Loss:   6.906 ( 6.906)  Acc@1:   0.000 (  0.053)  Acc@5:   0.000 (  0.677)
Test: [ 263/781]  Time: 0.141 (0.149)  Loss:   6.906 ( 6.906)  Acc@1:   0.000 (  0.053)  Acc@5:   0.000 (  0.675)
Test: [ 264/781]  Time: 0.140 (0.149)  Loss:   6.906 ( 6.906)  Acc@1:   0.000 (  0.053)  Acc@5:   0.000 (  0.672)
Test: [ 265/781]  Time: 0.141 (0.149)  Loss:   6.906 ( 6.906)  Acc@1:   0.000 (  0.053)  Acc@5:   0.000 (  0.670)
Test: [ 266/781]  Time: 0.145 (0.149)  Loss:   6.906 ( 6.906)  Acc@1:   0.000 (  0.053)  Acc@5:   0.000 (  0.667)
Test: [ 267/781]  Time: 0.136 (0.149)  Loss:   6.906 ( 6.906)  Acc@1:   0.000 (  0.052)  Acc@5:   0.000 (  0.665)
Test: [ 268/781]  Time: 0.141 (0.149)  Loss:   6.906 ( 6.906)  Acc@1:   0.000 (  0.052)  Acc@5:   0.000 (  0.662)
Test: [ 269/781]  Time: 0.143 (0.149)  Loss:   6.906 ( 6.906)  Acc@1:   0.000 (  0.052)  Acc@5:   0.000 (  0.660)
Test: [ 270/781]  Time: 0.142 (0.149)  Loss:   6.906 ( 6.906)  Acc@1:   0.000 (  0.052)  Acc@5:   0.000 (  0.657)
Test: [ 271/781]  Time: 0.142 (0.149)  Loss:   6.906 ( 6.906)  Acc@1:   0.000 (  0.052)  Acc@5:   0.000 (  0.655)
Test: [ 272/781]  Time: 0.146 (0.149)  Loss:   6.906 ( 6.906)  Acc@1:   0.000 (  0.052)  Acc@5:   0.000 (  0.652)
Test: [ 273/781]  Time: 0.142 (0.149)  Loss:   6.906 ( 6.906)  Acc@1:   0.000 (  0.051)  Acc@5:   0.000 (  0.650)
Test: [ 274/781]  Time: 0.141 (0.149)  Loss:   6.906 ( 6.906)  Acc@1:   0.000 (  0.051)  Acc@5:   0.000 (  0.648)
Test: [ 275/781]  Time: 0.141 (0.149)  Loss:   6.906 ( 6.906)  Acc@1:   0.000 (  0.051)  Acc@5:   0.000 (  0.645)
Test: [ 276/781]  Time: 0.140 (0.149)  Loss:   6.906 ( 6.906)  Acc@1:   0.000 (  0.051)  Acc@5:   0.000 (  0.643)
Test: [ 277/781]  Time: 0.135 (0.149)  Loss:   6.906 ( 6.906)  Acc@1:   0.000 (  0.051)  Acc@5:   0.000 (  0.641)
Test: [ 278/781]  Time: 0.137 (0.149)  Loss:   6.906 ( 6.906)  Acc@1:   0.000 (  0.050)  Acc@5:   0.000 (  0.638)
Test: [ 279/781]  Time: 0.141 (0.149)  Loss:   6.906 ( 6.906)  Acc@1:   0.000 (  0.050)  Acc@5:   0.000 (  0.636)
Test: [ 280/781]  Time: 0.146 (0.149)  Loss:   6.906 ( 6.906)  Acc@1:   0.000 (  0.050)  Acc@5:   0.000 (  0.634)
Test: [ 281/781]  Time: 0.136 (0.149)  Loss:   6.906 ( 6.906)  Acc@1:   0.000 (  0.050)  Acc@5:   0.000 (  0.632)
Test: [ 282/781]  Time: 0.142 (0.149)  Loss:   6.906 ( 6.906)  Acc@1:   0.000 (  0.050)  Acc@5:   0.000 (  0.629)
Test: [ 283/781]  Time: 0.153 (0.149)  Loss:   6.906 ( 6.906)  Acc@1:   0.000 (  0.050)  Acc@5:   0.000 (  0.627)
Test: [ 284/781]  Time: 0.168 (0.149)  Loss:   6.906 ( 6.906)  Acc@1:   0.000 (  0.049)  Acc@5:   0.000 (  0.625)
Test: [ 285/781]  Time: 0.137 (0.149)  Loss:   6.906 ( 6.906)  Acc@1:   0.000 (  0.049)  Acc@5:   0.000 (  0.623)
Test: [ 286/781]  Time: 0.141 (0.149)  Loss:   6.906 ( 6.906)  Acc@1:   0.000 (  0.049)  Acc@5:   0.000 (  0.621)
Test: [ 287/781]  Time: 0.138 (0.149)  Loss:   6.906 ( 6.906)  Acc@1:   0.000 (  0.049)  Acc@5:   0.000 (  0.618)
Test: [ 288/781]  Time: 0.141 (0.149)  Loss:   6.906 ( 6.906)  Acc@1:   0.000 (  0.049)  Acc@5:   0.000 (  0.616)
Test: [ 289/781]  Time: 0.140 (0.149)  Loss:   6.906 ( 6.906)  Acc@1:   0.000 (  0.048)  Acc@5:   0.000 (  0.614)
Test: [ 290/781]  Time: 0.139 (0.149)  Loss:   6.906 ( 6.906)  Acc@1:   0.000 (  0.048)  Acc@5:   0.000 (  0.612)
Test: [ 291/781]  Time: 0.142 (0.149)  Loss:   6.906 ( 6.906)  Acc@1:   0.000 (  0.048)  Acc@5:   0.000 (  0.610)
Test: [ 292/781]  Time: 0.140 (0.149)  Loss:   6.906 ( 6.906)  Acc@1:   0.000 (  0.048)  Acc@5:   0.000 (  0.608)
Test: [ 293/781]  Time: 0.141 (0.148)  Loss:   6.906 ( 6.906)  Acc@1:   0.000 (  0.048)  Acc@5:   0.000 (  0.606)
Test: [ 294/781]  Time: 0.136 (0.148)  Loss:   6.906 ( 6.906)  Acc@1:   0.000 (  0.048)  Acc@5:   0.000 (  0.604)
Test: [ 295/781]  Time: 0.159 (0.148)  Loss:   6.906 ( 6.906)  Acc@1:   0.000 (  0.048)  Acc@5:   0.000 (  0.602)
Test: [ 296/781]  Time: 0.149 (0.148)  Loss:   6.906 ( 6.906)  Acc@1:   0.000 (  0.047)  Acc@5:   0.000 (  0.600)
Test: [ 297/781]  Time: 0.139 (0.148)  Loss:   6.906 ( 6.906)  Acc@1:   0.000 (  0.047)  Acc@5:   1.562 (  0.603)
Test: [ 298/781]  Time: 0.136 (0.148)  Loss:   6.906 ( 6.906)  Acc@1:   0.000 (  0.047)  Acc@5:   0.000 (  0.601)
Test: [ 299/781]  Time: 0.142 (0.148)  Loss:   6.906 ( 6.906)  Acc@1:   0.000 (  0.047)  Acc@5:   0.000 (  0.599)
Test: [ 300/781]  Time: 0.162 (0.148)  Loss:   6.906 ( 6.906)  Acc@1:   0.000 (  0.047)  Acc@5:   0.000 (  0.597)
Test: [ 301/781]  Time: 0.138 (0.148)  Loss:   6.906 ( 6.906)  Acc@1:   0.000 (  0.047)  Acc@5:   0.000 (  0.595)
Test: [ 302/781]  Time: 0.137 (0.148)  Loss:   6.906 ( 6.906)  Acc@1:   0.000 (  0.046)  Acc@5:   0.000 (  0.593)
Test: [ 303/781]  Time: 0.156 (0.148)  Loss:   6.906 ( 6.906)  Acc@1:   0.000 (  0.046)  Acc@5:   0.000 (  0.591)
Test: [ 304/781]  Time: 0.163 (0.148)  Loss:   6.906 ( 6.906)  Acc@1:   0.000 (  0.046)  Acc@5:   0.000 (  0.589)
Test: [ 305/781]  Time: 0.146 (0.148)  Loss:   6.906 ( 6.906)  Acc@1:   0.000 (  0.046)  Acc@5:   0.000 (  0.587)
Test: [ 306/781]  Time: 0.147 (0.148)  Loss:   6.906 ( 6.906)  Acc@1:   0.000 (  0.046)  Acc@5:   0.000 (  0.585)
Test: [ 307/781]  Time: 0.143 (0.148)  Loss:   6.906 ( 6.906)  Acc@1:   0.000 (  0.046)  Acc@5:   1.562 (  0.588)
Test: [ 308/781]  Time: 0.137 (0.148)  Loss:   6.906 ( 6.906)  Acc@1:   0.000 (  0.046)  Acc@5:   6.250 (  0.607)
Test: [ 309/781]  Time: 0.196 (0.149)  Loss:   6.906 ( 6.906)  Acc@1:   0.000 (  0.045)  Acc@5:   0.000 (  0.605)
Test: [ 310/781]  Time: 0.141 (0.148)  Loss:   6.906 ( 6.906)  Acc@1:   0.000 (  0.045)  Acc@5:   0.000 (  0.603)
Test: [ 311/781]  Time: 0.137 (0.148)  Loss:   6.906 ( 6.906)  Acc@1:   0.000 (  0.045)  Acc@5:   0.000 (  0.601)
Test: [ 312/781]  Time: 0.143 (0.148)  Loss:   6.906 ( 6.906)  Acc@1:   0.000 (  0.045)  Acc@5:   0.000 (  0.599)
Test: [ 313/781]  Time: 0.138 (0.148)  Loss:   6.906 ( 6.906)  Acc@1:   0.000 (  0.045)  Acc@5:   0.000 (  0.597)
Test: [ 314/781]  Time: 0.137 (0.148)  Loss:   6.906 ( 6.906)  Acc@1:   0.000 (  0.045)  Acc@5:   0.000 (  0.595)
Test: [ 315/781]  Time: 0.142 (0.148)  Loss:   6.906 ( 6.906)  Acc@1:   0.000 (  0.045)  Acc@5:   0.000 (  0.593)
Test: [ 316/781]  Time: 0.142 (0.148)  Loss:   6.906 ( 6.906)  Acc@1:   0.000 (  0.044)  Acc@5:   0.000 (  0.591)
Test: [ 317/781]  Time: 0.140 (0.148)  Loss:   6.906 ( 6.906)  Acc@1:   0.000 (  0.044)  Acc@5:   0.000 (  0.590)
Test: [ 318/781]  Time: 0.142 (0.148)  Loss:   6.906 ( 6.906)  Acc@1:   0.000 (  0.044)  Acc@5:   0.000 (  0.588)
Test: [ 319/781]  Time: 0.142 (0.148)  Loss:   6.906 ( 6.906)  Acc@1:   0.000 (  0.044)  Acc@5:   0.000 (  0.586)
Test: [ 320/781]  Time: 0.138 (0.148)  Loss:   6.906 ( 6.906)  Acc@1:   0.000 (  0.044)  Acc@5:   0.000 (  0.584)
Test: [ 321/781]  Time: 0.137 (0.148)  Loss:   6.906 ( 6.906)  Acc@1:   0.000 (  0.044)  Acc@5:   0.000 (  0.582)
Test: [ 322/781]  Time: 0.139 (0.148)  Loss:   6.906 ( 6.906)  Acc@1:   0.000 (  0.044)  Acc@5:   0.000 (  0.580)
Test: [ 323/781]  Time: 0.141 (0.148)  Loss:   6.906 ( 6.906)  Acc@1:   0.000 (  0.043)  Acc@5:   0.000 (  0.579)
Test: [ 324/781]  Time: 0.138 (0.148)  Loss:   6.906 ( 6.906)  Acc@1:   0.000 (  0.043)  Acc@5:   0.000 (  0.577)
Test: [ 325/781]  Time: 0.136 (0.148)  Loss:   6.906 ( 6.906)  Acc@1:   0.000 (  0.043)  Acc@5:   0.000 (  0.575)
Test: [ 326/781]  Time: 0.142 (0.148)  Loss:   6.906 ( 6.906)  Acc@1:   0.000 (  0.043)  Acc@5:   0.000 (  0.573)
Test: [ 327/781]  Time: 0.140 (0.148)  Loss:   6.906 ( 6.906)  Acc@1:   0.000 (  0.043)  Acc@5:   0.000 (  0.572)
Test: [ 328/781]  Time: 0.147 (0.148)  Loss:   6.906 ( 6.906)  Acc@1:   0.000 (  0.043)  Acc@5:   0.000 (  0.570)
Test: [ 329/781]  Time: 0.136 (0.148)  Loss:   6.906 ( 6.906)  Acc@1:   0.000 (  0.043)  Acc@5:   0.000 (  0.568)
Test: [ 330/781]  Time: 0.142 (0.148)  Loss:   6.906 ( 6.906)  Acc@1:   0.000 (  0.042)  Acc@5:   0.000 (  0.566)
Test: [ 331/781]  Time: 0.144 (0.148)  Loss:   6.906 ( 6.906)  Acc@1:   0.000 (  0.042)  Acc@5:   0.000 (  0.565)
Test: [ 332/781]  Time: 0.142 (0.148)  Loss:   6.906 ( 6.906)  Acc@1:   0.000 (  0.042)  Acc@5:   0.000 (  0.563)
Test: [ 333/781]  Time: 0.142 (0.148)  Loss:   6.906 ( 6.906)  Acc@1:   0.000 (  0.042)  Acc@5:   0.000 (  0.561)
Test: [ 334/781]  Time: 0.138 (0.148)  Loss:   6.906 ( 6.906)  Acc@1:   0.000 (  0.042)  Acc@5:   0.000 (  0.560)
Test: [ 335/781]  Time: 0.140 (0.148)  Loss:   6.906 ( 6.906)  Acc@1:   0.000 (  0.042)  Acc@5:   0.000 (  0.558)
Test: [ 336/781]  Time: 0.136 (0.148)  Loss:   6.906 ( 6.906)  Acc@1:   0.000 (  0.042)  Acc@5:   7.812 (  0.580)
Test: [ 337/781]  Time: 0.135 (0.148)  Loss:   6.906 ( 6.906)  Acc@1:   0.000 (  0.042)  Acc@5:  15.625 (  0.624)
Test: [ 338/781]  Time: 0.143 (0.148)  Loss:   6.907 ( 6.906)  Acc@1:   0.000 (  0.041)  Acc@5:   0.000 (  0.622)
Test: [ 339/781]  Time: 0.145 (0.148)  Loss:   6.906 ( 6.906)  Acc@1:   0.000 (  0.041)  Acc@5:   0.000 (  0.620)
Test: [ 340/781]  Time: 0.156 (0.148)  Loss:   6.906 ( 6.906)  Acc@1:   0.000 (  0.041)  Acc@5:   0.000 (  0.619)
Test: [ 341/781]  Time: 0.136 (0.148)  Loss:   6.906 ( 6.906)  Acc@1:   0.000 (  0.041)  Acc@5:   0.000 (  0.617)
Test: [ 342/781]  Time: 0.140 (0.148)  Loss:   6.906 ( 6.906)  Acc@1:   0.000 (  0.041)  Acc@5:   0.000 (  0.615)
Test: [ 343/781]  Time: 0.140 (0.148)  Loss:   6.906 ( 6.906)  Acc@1:   0.000 (  0.041)  Acc@5:   0.000 (  0.613)
Test: [ 344/781]  Time: 0.144 (0.148)  Loss:   6.906 ( 6.906)  Acc@1:   0.000 (  0.041)  Acc@5:   0.000 (  0.611)
Test: [ 345/781]  Time: 0.136 (0.148)  Loss:   6.906 ( 6.906)  Acc@1:   0.000 (  0.041)  Acc@5:   0.000 (  0.610)
Test: [ 346/781]  Time: 0.142 (0.148)  Loss:   6.906 ( 6.906)  Acc@1:   0.000 (  0.041)  Acc@5:   0.000 (  0.608)
Test: [ 347/781]  Time: 0.140 (0.148)  Loss:   6.906 ( 6.906)  Acc@1:   0.000 (  0.040)  Acc@5:   0.000 (  0.606)
Test: [ 348/781]  Time: 0.146 (0.148)  Loss:   6.906 ( 6.906)  Acc@1:   0.000 (  0.040)  Acc@5:   0.000 (  0.604)
Test: [ 349/781]  Time: 0.137 (0.148)  Loss:   6.906 ( 6.906)  Acc@1:   0.000 (  0.040)  Acc@5:   0.000 (  0.603)
Test: [ 350/781]  Time: 0.142 (0.148)  Loss:   6.906 ( 6.906)  Acc@1:   0.000 (  0.040)  Acc@5:   0.000 (  0.601)
Test: [ 351/781]  Time: 0.141 (0.148)  Loss:   6.906 ( 6.906)  Acc@1:   0.000 (  0.040)  Acc@5:   1.562 (  0.604)
Test: [ 352/781]  Time: 0.143 (0.148)  Loss:   6.906 ( 6.906)  Acc@1:   0.000 (  0.040)  Acc@5:   0.000 (  0.602)
Test: [ 353/781]  Time: 0.148 (0.148)  Loss:   6.906 ( 6.906)  Acc@1:   0.000 (  0.040)  Acc@5:   0.000 (  0.600)
Test: [ 354/781]  Time: 0.137 (0.148)  Loss:   6.906 ( 6.906)  Acc@1:   0.000 (  0.040)  Acc@5:   0.000 (  0.599)
Test: [ 355/781]  Time: 0.140 (0.148)  Loss:   6.906 ( 6.906)  Acc@1:   0.000 (  0.040)  Acc@5:   0.000 (  0.597)
Test: [ 356/781]  Time: 0.140 (0.148)  Loss:   6.906 ( 6.906)  Acc@1:   0.000 (  0.039)  Acc@5:   0.000 (  0.595)
Test: [ 357/781]  Time: 0.144 (0.147)  Loss:   6.906 ( 6.906)  Acc@1:   0.000 (  0.039)  Acc@5:   0.000 (  0.594)
Test: [ 358/781]  Time: 0.139 (0.147)  Loss:   6.906 ( 6.906)  Acc@1:   0.000 (  0.039)  Acc@5:   0.000 (  0.592)
Test: [ 359/781]  Time: 0.137 (0.147)  Loss:   6.906 ( 6.906)  Acc@1:   0.000 (  0.039)  Acc@5:   0.000 (  0.590)
Test: [ 360/781]  Time: 0.140 (0.147)  Loss:   6.906 ( 6.906)  Acc@1:   0.000 (  0.039)  Acc@5:   0.000 (  0.589)
Test: [ 361/781]  Time: 0.144 (0.147)  Loss:   6.906 ( 6.906)  Acc@1:   0.000 (  0.039)  Acc@5:   0.000 (  0.587)
Test: [ 362/781]  Time: 0.139 (0.147)  Loss:   6.906 ( 6.906)  Acc@1:   0.000 (  0.039)  Acc@5:   0.000 (  0.585)
Test: [ 363/781]  Time: 0.146 (0.147)  Loss:   6.906 ( 6.906)  Acc@1:   0.000 (  0.039)  Acc@5:   0.000 (  0.584)
Test: [ 364/781]  Time: 0.142 (0.147)  Loss:   6.906 ( 6.906)  Acc@1:   0.000 (  0.039)  Acc@5:   0.000 (  0.582)
Test: [ 365/781]  Time: 0.136 (0.147)  Loss:   6.906 ( 6.906)  Acc@1:   0.000 (  0.038)  Acc@5:   0.000 (  0.581)
Test: [ 366/781]  Time: 0.144 (0.147)  Loss:   6.906 ( 6.906)  Acc@1:   0.000 (  0.038)  Acc@5:   0.000 (  0.579)
Test: [ 367/781]  Time: 0.142 (0.147)  Loss:   6.906 ( 6.906)  Acc@1:   0.000 (  0.038)  Acc@5:   0.000 (  0.577)
Test: [ 368/781]  Time: 0.140 (0.147)  Loss:   6.906 ( 6.906)  Acc@1:   0.000 (  0.038)  Acc@5:   0.000 (  0.576)
Test: [ 369/781]  Time: 0.137 (0.147)  Loss:   6.906 ( 6.906)  Acc@1:   0.000 (  0.038)  Acc@5:   0.000 (  0.574)
Test: [ 370/781]  Time: 0.142 (0.147)  Loss:   6.906 ( 6.906)  Acc@1:   0.000 (  0.038)  Acc@5:   0.000 (  0.573)
Test: [ 371/781]  Time: 0.141 (0.147)  Loss:   6.906 ( 6.906)  Acc@1:   0.000 (  0.038)  Acc@5:   0.000 (  0.571)
Test: [ 372/781]  Time: 0.144 (0.147)  Loss:   6.906 ( 6.906)  Acc@1:   0.000 (  0.038)  Acc@5:   0.000 (  0.570)
Test: [ 373/781]  Time: 0.153 (0.147)  Loss:   6.906 ( 6.906)  Acc@1:   0.000 (  0.038)  Acc@5:   0.000 (  0.568)
Test: [ 374/781]  Time: 0.139 (0.147)  Loss:   6.906 ( 6.906)  Acc@1:   0.000 (  0.037)  Acc@5:   0.000 (  0.567)
Test: [ 375/781]  Time: 0.136 (0.147)  Loss:   6.906 ( 6.906)  Acc@1:   0.000 (  0.037)  Acc@5:   0.000 (  0.565)
Test: [ 376/781]  Time: 0.141 (0.147)  Loss:   6.906 ( 6.906)  Acc@1:   0.000 (  0.037)  Acc@5:   0.000 (  0.564)
Test: [ 377/781]  Time: 0.139 (0.147)  Loss:   6.906 ( 6.906)  Acc@1:   0.000 (  0.037)  Acc@5:   0.000 (  0.562)
Test: [ 378/781]  Time: 0.138 (0.147)  Loss:   6.906 ( 6.906)  Acc@1:   0.000 (  0.037)  Acc@5:   0.000 (  0.561)
Test: [ 379/781]  Time: 0.136 (0.147)  Loss:   6.906 ( 6.906)  Acc@1:   0.000 (  0.037)  Acc@5:   0.000 (  0.559)
Test: [ 380/781]  Time: 0.138 (0.147)  Loss:   6.906 ( 6.906)  Acc@1:   0.000 (  0.037)  Acc@5:   0.000 (  0.558)
Test: [ 381/781]  Time: 0.136 (0.147)  Loss:   6.906 ( 6.906)  Acc@1:   0.000 (  0.037)  Acc@5:   0.000 (  0.556)
Test: [ 382/781]  Time: 0.141 (0.147)  Loss:   6.906 ( 6.906)  Acc@1:   0.000 (  0.037)  Acc@5:   0.000 (  0.555)
Test: [ 383/781]  Time: 0.142 (0.147)  Loss:   6.906 ( 6.906)  Acc@1:   0.000 (  0.037)  Acc@5:   0.000 (  0.553)
Test: [ 384/781]  Time: 0.142 (0.147)  Loss:   6.906 ( 6.906)  Acc@1:   0.000 (  0.037)  Acc@5:   0.000 (  0.552)
Test: [ 385/781]  Time: 0.141 (0.147)  Loss:   6.906 ( 6.906)  Acc@1:   0.000 (  0.036)  Acc@5:   0.000 (  0.551)
Test: [ 386/781]  Time: 0.143 (0.147)  Loss:   6.906 ( 6.906)  Acc@1:   0.000 (  0.036)  Acc@5:   0.000 (  0.549)
Test: [ 387/781]  Time: 0.143 (0.147)  Loss:   6.906 ( 6.906)  Acc@1:   0.000 (  0.036)  Acc@5:   0.000 (  0.548)
Test: [ 388/781]  Time: 0.142 (0.147)  Loss:   6.906 ( 6.906)  Acc@1:   0.000 (  0.036)  Acc@5:   0.000 (  0.546)
Test: [ 389/781]  Time: 0.137 (0.147)  Loss:   6.906 ( 6.906)  Acc@1:   0.000 (  0.036)  Acc@5:   1.562 (  0.549)
Test: [ 390/781]  Time: 0.145 (0.147)  Loss:   6.906 ( 6.906)  Acc@1:   0.000 (  0.036)  Acc@5:   0.000 (  0.547)
Test: [ 391/781]  Time: 0.137 (0.147)  Loss:   6.906 ( 6.906)  Acc@1:   0.000 (  0.036)  Acc@5:   0.000 (  0.546)
Test: [ 392/781]  Time: 0.146 (0.147)  Loss:   6.906 ( 6.906)  Acc@1:   0.000 (  0.036)  Acc@5:   0.000 (  0.545)
Test: [ 393/781]  Time: 0.143 (0.147)  Loss:   6.906 ( 6.906)  Acc@1:   0.000 (  0.036)  Acc@5:   0.000 (  0.543)
Test: [ 394/781]  Time: 0.142 (0.147)  Loss:   6.906 ( 6.906)  Acc@1:   0.000 (  0.036)  Acc@5:   0.000 (  0.542)
Test: [ 395/781]  Time: 0.137 (0.147)  Loss:   6.906 ( 6.906)  Acc@1:   0.000 (  0.036)  Acc@5:   0.000 (  0.541)
Test: [ 396/781]  Time: 0.143 (0.147)  Loss:   6.906 ( 6.906)  Acc@1:   0.000 (  0.035)  Acc@5:   0.000 (  0.539)
Test: [ 397/781]  Time: 0.136 (0.147)  Loss:   6.906 ( 6.906)  Acc@1:   0.000 (  0.035)  Acc@5:   0.000 (  0.538)
Test: [ 398/781]  Time: 0.140 (0.147)  Loss:   6.906 ( 6.906)  Acc@1:   0.000 (  0.035)  Acc@5:   0.000 (  0.536)
Test: [ 399/781]  Time: 0.138 (0.147)  Loss:   6.906 ( 6.906)  Acc@1:   0.000 (  0.035)  Acc@5:   0.000 (  0.535)
Test: [ 400/781]  Time: 0.135 (0.147)  Loss:   6.906 ( 6.906)  Acc@1:   0.000 (  0.035)  Acc@5:   0.000 (  0.534)
Test: [ 401/781]  Time: 0.136 (0.147)  Loss:   6.906 ( 6.906)  Acc@1:   0.000 (  0.035)  Acc@5:   0.000 (  0.532)
Test: [ 402/781]  Time: 0.142 (0.147)  Loss:   6.906 ( 6.906)  Acc@1:   0.000 (  0.035)  Acc@5:   0.000 (  0.531)
Test: [ 403/781]  Time: 0.136 (0.147)  Loss:   6.906 ( 6.906)  Acc@1:   0.000 (  0.035)  Acc@5:   0.000 (  0.530)
Test: [ 404/781]  Time: 0.143 (0.147)  Loss:   6.907 ( 6.906)  Acc@1:   0.000 (  0.035)  Acc@5:  10.938 (  0.556)
Test: [ 405/781]  Time: 0.138 (0.147)  Loss:   6.907 ( 6.906)  Acc@1:   0.000 (  0.035)  Acc@5:  20.312 (  0.604)
Test: [ 406/781]  Time: 0.146 (0.147)  Loss:   6.906 ( 6.906)  Acc@1:   0.000 (  0.035)  Acc@5:   0.000 (  0.603)
Test: [ 407/781]  Time: 0.137 (0.147)  Loss:   6.906 ( 6.906)  Acc@1:   0.000 (  0.034)  Acc@5:   0.000 (  0.601)
Test: [ 408/781]  Time: 0.142 (0.147)  Loss:   6.906 ( 6.906)  Acc@1:   0.000 (  0.034)  Acc@5:   0.000 (  0.600)
Test: [ 409/781]  Time: 0.141 (0.147)  Loss:   6.906 ( 6.906)  Acc@1:   0.000 (  0.034)  Acc@5:   0.000 (  0.598)
Test: [ 410/781]  Time: 0.144 (0.147)  Loss:   6.906 ( 6.906)  Acc@1:   0.000 (  0.034)  Acc@5:   0.000 (  0.597)
Test: [ 411/781]  Time: 0.142 (0.147)  Loss:   6.906 ( 6.906)  Acc@1:   0.000 (  0.034)  Acc@5:   0.000 (  0.595)
Test: [ 412/781]  Time: 0.137 (0.147)  Loss:   6.906 ( 6.906)  Acc@1:   0.000 (  0.034)  Acc@5:   0.000 (  0.594)
Test: [ 413/781]  Time: 0.136 (0.147)  Loss:   6.906 ( 6.906)  Acc@1:   0.000 (  0.034)  Acc@5:   0.000 (  0.593)
Test: [ 414/781]  Time: 0.142 (0.147)  Loss:   6.906 ( 6.906)  Acc@1:   0.000 (  0.034)  Acc@5:   0.000 (  0.591)
Test: [ 415/781]  Time: 0.136 (0.147)  Loss:   6.906 ( 6.906)  Acc@1:   0.000 (  0.034)  Acc@5:   1.562 (  0.593)
Test: [ 416/781]  Time: 0.146 (0.146)  Loss:   6.906 ( 6.906)  Acc@1:   0.000 (  0.034)  Acc@5:   0.000 (  0.592)
Test: [ 417/781]  Time: 0.137 (0.146)  Loss:   6.906 ( 6.906)  Acc@1:   0.000 (  0.034)  Acc@5:   0.000 (  0.591)
Test: [ 418/781]  Time: 0.139 (0.146)  Loss:   6.906 ( 6.906)  Acc@1:   0.000 (  0.034)  Acc@5:   0.000 (  0.589)
Test: [ 419/781]  Time: 0.143 (0.146)  Loss:   6.906 ( 6.906)  Acc@1:   0.000 (  0.033)  Acc@5:   0.000 (  0.588)
Test: [ 420/781]  Time: 0.142 (0.146)  Loss:   6.906 ( 6.906)  Acc@1:   0.000 (  0.033)  Acc@5:   0.000 (  0.586)
Test: [ 421/781]  Time: 0.137 (0.146)  Loss:   6.906 ( 6.906)  Acc@1:   0.000 (  0.033)  Acc@5:   0.000 (  0.585)
Test: [ 422/781]  Time: 0.144 (0.146)  Loss:   6.906 ( 6.906)  Acc@1:   0.000 (  0.033)  Acc@5:   0.000 (  0.584)
Test: [ 423/781]  Time: 0.139 (0.146)  Loss:   6.906 ( 6.906)  Acc@1:   0.000 (  0.033)  Acc@5:   0.000 (  0.582)
Test: [ 424/781]  Time: 0.141 (0.146)  Loss:   6.906 ( 6.906)  Acc@1:   0.000 (  0.033)  Acc@5:   0.000 (  0.581)
Test: [ 425/781]  Time: 0.136 (0.146)  Loss:   6.907 ( 6.906)  Acc@1:   0.000 (  0.033)  Acc@5:   0.000 (  0.580)
Test: [ 426/781]  Time: 0.141 (0.146)  Loss:   6.907 ( 6.906)  Acc@1:   0.000 (  0.033)  Acc@5:   0.000 (  0.578)
Test: [ 427/781]  Time: 0.138 (0.146)  Loss:   6.906 ( 6.906)  Acc@1:   0.000 (  0.033)  Acc@5:   0.000 (  0.577)
Test: [ 428/781]  Time: 0.142 (0.146)  Loss:   6.906 ( 6.906)  Acc@1:   0.000 (  0.033)  Acc@5:   0.000 (  0.575)
Test: [ 429/781]  Time: 0.137 (0.146)  Loss:   6.906 ( 6.906)  Acc@1:   0.000 (  0.033)  Acc@5:   0.000 (  0.574)
Test: [ 430/781]  Time: 0.142 (0.146)  Loss:   6.906 ( 6.906)  Acc@1:   0.000 (  0.033)  Acc@5:   0.000 (  0.573)
Test: [ 431/781]  Time: 0.138 (0.146)  Loss:   6.906 ( 6.906)  Acc@1:   0.000 (  0.033)  Acc@5:   0.000 (  0.571)
Test: [ 432/781]  Time: 0.148 (0.146)  Loss:   6.906 ( 6.906)  Acc@1:   0.000 (  0.032)  Acc@5:   0.000 (  0.570)
Test: [ 433/781]  Time: 0.139 (0.146)  Loss:   6.906 ( 6.906)  Acc@1:   0.000 (  0.032)  Acc@5:   0.000 (  0.569)
Test: [ 434/781]  Time: 0.142 (0.146)  Loss:   6.906 ( 6.906)  Acc@1:   0.000 (  0.032)  Acc@5:   0.000 (  0.568)
Test: [ 435/781]  Time: 0.139 (0.146)  Loss:   6.906 ( 6.906)  Acc@1:   0.000 (  0.032)  Acc@5:   0.000 (  0.566)
Test: [ 436/781]  Time: 0.143 (0.146)  Loss:   6.906 ( 6.906)  Acc@1:   0.000 (  0.032)  Acc@5:   0.000 (  0.565)
Test: [ 437/781]  Time: 0.137 (0.146)  Loss:   6.906 ( 6.906)  Acc@1:   0.000 (  0.032)  Acc@5:   0.000 (  0.564)
Test: [ 438/781]  Time: 0.141 (0.146)  Loss:   6.906 ( 6.906)  Acc@1:   0.000 (  0.032)  Acc@5:   0.000 (  0.562)
Test: [ 439/781]  Time: 0.140 (0.146)  Loss:   6.906 ( 6.906)  Acc@1:   0.000 (  0.032)  Acc@5:   0.000 (  0.561)
Test: [ 440/781]  Time: 0.144 (0.146)  Loss:   6.906 ( 6.906)  Acc@1:   0.000 (  0.032)  Acc@5:   0.000 (  0.560)
Test: [ 441/781]  Time: 0.138 (0.146)  Loss:   6.906 ( 6.906)  Acc@1:   0.000 (  0.032)  Acc@5:   0.000 (  0.559)
Test: [ 442/781]  Time: 0.145 (0.146)  Loss:   6.906 ( 6.906)  Acc@1:   0.000 (  0.032)  Acc@5:   0.000 (  0.557)
Test: [ 443/781]  Time: 0.194 (0.146)  Loss:   6.906 ( 6.906)  Acc@1:   0.000 (  0.032)  Acc@5:   0.000 (  0.556)
Test: [ 444/781]  Time: 0.140 (0.146)  Loss:   6.906 ( 6.906)  Acc@1:   0.000 (  0.032)  Acc@5:   0.000 (  0.555)
Test: [ 445/781]  Time: 0.137 (0.146)  Loss:   6.906 ( 6.906)  Acc@1:   0.000 (  0.032)  Acc@5:   0.000 (  0.554)
Test: [ 446/781]  Time: 0.139 (0.146)  Loss:   6.906 ( 6.906)  Acc@1:   0.000 (  0.031)  Acc@5:   0.000 (  0.552)
Test: [ 447/781]  Time: 0.136 (0.146)  Loss:   6.906 ( 6.906)  Acc@1:   0.000 (  0.031)  Acc@5:   0.000 (  0.551)
Test: [ 448/781]  Time: 0.141 (0.146)  Loss:   6.906 ( 6.906)  Acc@1:   0.000 (  0.031)  Acc@5:   0.000 (  0.550)
Test: [ 449/781]  Time: 0.142 (0.146)  Loss:   6.906 ( 6.906)  Acc@1:   0.000 (  0.031)  Acc@5:   0.000 (  0.549)
Test: [ 450/781]  Time: 0.143 (0.146)  Loss:   6.906 ( 6.906)  Acc@1:   0.000 (  0.031)  Acc@5:   0.000 (  0.547)
Test: [ 451/781]  Time: 0.139 (0.146)  Loss:   6.906 ( 6.906)  Acc@1:   0.000 (  0.031)  Acc@5:   0.000 (  0.546)
Test: [ 452/781]  Time: 0.154 (0.146)  Loss:   6.906 ( 6.906)  Acc@1:   0.000 (  0.031)  Acc@5:   0.000 (  0.545)
Test: [ 453/781]  Time: 0.141 (0.146)  Loss:   6.906 ( 6.906)  Acc@1:   0.000 (  0.031)  Acc@5:   0.000 (  0.544)
Test: [ 454/781]  Time: 0.140 (0.146)  Loss:   6.906 ( 6.906)  Acc@1:   0.000 (  0.031)  Acc@5:   0.000 (  0.543)
Test: [ 455/781]  Time: 0.138 (0.146)  Loss:   6.906 ( 6.906)  Acc@1:   0.000 (  0.031)  Acc@5:   0.000 (  0.541)
Test: [ 456/781]  Time: 0.142 (0.146)  Loss:   6.906 ( 6.906)  Acc@1:   0.000 (  0.031)  Acc@5:   0.000 (  0.540)
Test: [ 457/781]  Time: 0.186 (0.146)  Loss:   6.906 ( 6.906)  Acc@1:   0.000 (  0.031)  Acc@5:   0.000 (  0.539)
Test: [ 458/781]  Time: 0.137 (0.146)  Loss:   6.906 ( 6.906)  Acc@1:   0.000 (  0.031)  Acc@5:   1.562 (  0.541)
Test: [ 459/781]  Time: 0.137 (0.146)  Loss:   6.906 ( 6.906)  Acc@1:   0.000 (  0.031)  Acc@5:   0.000 (  0.540)
Test: [ 460/781]  Time: 0.141 (0.146)  Loss:   6.906 ( 6.906)  Acc@1:   0.000 (  0.031)  Acc@5:   0.000 (  0.539)
Test: [ 461/781]  Time: 0.148 (0.146)  Loss:   6.906 ( 6.906)  Acc@1:   0.000 (  0.030)  Acc@5:   0.000 (  0.538)
Test: [ 462/781]  Time: 0.137 (0.146)  Loss:   6.906 ( 6.906)  Acc@1:   0.000 (  0.030)  Acc@5:   0.000 (  0.537)
Test: [ 463/781]  Time: 0.142 (0.146)  Loss:   6.906 ( 6.906)  Acc@1:   0.000 (  0.030)  Acc@5:   0.000 (  0.535)
Test: [ 464/781]  Time: 0.144 (0.146)  Loss:   6.906 ( 6.906)  Acc@1:   0.000 (  0.030)  Acc@5:   0.000 (  0.534)
Test: [ 465/781]  Time: 0.144 (0.146)  Loss:   6.906 ( 6.906)  Acc@1:   0.000 (  0.030)  Acc@5:   0.000 (  0.533)
Test: [ 466/781]  Time: 0.139 (0.146)  Loss:   6.906 ( 6.906)  Acc@1:   0.000 (  0.030)  Acc@5:   0.000 (  0.532)
Test: [ 467/781]  Time: 0.137 (0.146)  Loss:   6.906 ( 6.906)  Acc@1:   0.000 (  0.030)  Acc@5:   3.125 (  0.538)
Test: [ 468/781]  Time: 0.142 (0.146)  Loss:   6.906 ( 6.906)  Acc@1:   1.562 (  0.033)  Acc@5:  39.062 (  0.620)
Test: [ 469/781]  Time: 0.149 (0.146)  Loss:   6.906 ( 6.906)  Acc@1:   0.000 (  0.033)  Acc@5:   0.000 (  0.618)
Test: [ 470/781]  Time: 0.141 (0.146)  Loss:   6.906 ( 6.906)  Acc@1:   0.000 (  0.033)  Acc@5:   0.000 (  0.617)
Test: [ 471/781]  Time: 0.142 (0.146)  Loss:   6.906 ( 6.906)  Acc@1:   0.000 (  0.033)  Acc@5:   0.000 (  0.616)
Test: [ 472/781]  Time: 0.137 (0.146)  Loss:   6.906 ( 6.906)  Acc@1:   0.000 (  0.033)  Acc@5:   0.000 (  0.614)
Test: [ 473/781]  Time: 0.141 (0.146)  Loss:   6.906 ( 6.906)  Acc@1:   0.000 (  0.033)  Acc@5:   0.000 (  0.613)
Test: [ 474/781]  Time: 0.139 (0.146)  Loss:   6.906 ( 6.906)  Acc@1:   0.000 (  0.033)  Acc@5:   0.000 (  0.612)
Test: [ 475/781]  Time: 0.137 (0.146)  Loss:   6.906 ( 6.906)  Acc@1:   0.000 (  0.033)  Acc@5:   0.000 (  0.611)
Test: [ 476/781]  Time: 0.136 (0.146)  Loss:   6.906 ( 6.906)  Acc@1:   0.000 (  0.033)  Acc@5:   0.000 (  0.609)
Test: [ 477/781]  Time: 0.137 (0.146)  Loss:   6.906 ( 6.906)  Acc@1:   0.000 (  0.033)  Acc@5:   0.000 (  0.608)
Test: [ 478/781]  Time: 0.150 (0.146)  Loss:   6.906 ( 6.906)  Acc@1:   0.000 (  0.033)  Acc@5:   0.000 (  0.607)
Test: [ 479/781]  Time: 0.143 (0.146)  Loss:   6.906 ( 6.906)  Acc@1:   0.000 (  0.033)  Acc@5:   0.000 (  0.605)
Test: [ 480/781]  Time: 0.149 (0.146)  Loss:   6.906 ( 6.906)  Acc@1:   0.000 (  0.032)  Acc@5:   0.000 (  0.604)
Test: [ 481/781]  Time: 0.137 (0.146)  Loss:   6.906 ( 6.906)  Acc@1:   0.000 (  0.032)  Acc@5:   0.000 (  0.603)
Test: [ 482/781]  Time: 0.162 (0.146)  Loss:   6.906 ( 6.906)  Acc@1:   0.000 (  0.032)  Acc@5:   0.000 (  0.602)
Test: [ 483/781]  Time: 0.140 (0.146)  Loss:   6.906 ( 6.906)  Acc@1:   0.000 (  0.032)  Acc@5:   0.000 (  0.600)
Test: [ 484/781]  Time: 0.141 (0.146)  Loss:   6.906 ( 6.906)  Acc@1:   0.000 (  0.032)  Acc@5:   0.000 (  0.599)
Test: [ 485/781]  Time: 0.137 (0.146)  Loss:   6.906 ( 6.906)  Acc@1:   0.000 (  0.032)  Acc@5:   0.000 (  0.598)
Test: [ 486/781]  Time: 0.139 (0.146)  Loss:   6.906 ( 6.906)  Acc@1:   0.000 (  0.032)  Acc@5:   0.000 (  0.597)
Test: [ 487/781]  Time: 0.136 (0.146)  Loss:   6.906 ( 6.906)  Acc@1:   0.000 (  0.032)  Acc@5:   0.000 (  0.596)
Test: [ 488/781]  Time: 0.140 (0.146)  Loss:   6.906 ( 6.906)  Acc@1:   0.000 (  0.032)  Acc@5:   0.000 (  0.594)
Test: [ 489/781]  Time: 0.137 (0.146)  Loss:   6.906 ( 6.906)  Acc@1:   0.000 (  0.032)  Acc@5:   1.562 (  0.596)
Test: [ 490/781]  Time: 0.139 (0.146)  Loss:   6.906 ( 6.906)  Acc@1:   0.000 (  0.032)  Acc@5:   3.125 (  0.601)
Test: [ 491/781]  Time: 0.136 (0.146)  Loss:   6.906 ( 6.906)  Acc@1:   0.000 (  0.032)  Acc@5:   1.562 (  0.603)
Test: [ 492/781]  Time: 0.144 (0.146)  Loss:   6.906 ( 6.906)  Acc@1:   0.000 (  0.032)  Acc@5:   0.000 (  0.602)
Test: [ 493/781]  Time: 0.141 (0.146)  Loss:   6.906 ( 6.906)  Acc@1:   0.000 (  0.032)  Acc@5:   0.000 (  0.601)
Test: [ 494/781]  Time: 0.139 (0.146)  Loss:   6.906 ( 6.906)  Acc@1:   0.000 (  0.032)  Acc@5:   0.000 (  0.600)
Test: [ 495/781]  Time: 0.137 (0.146)  Loss:   6.906 ( 6.906)  Acc@1:   0.000 (  0.032)  Acc@5:   0.000 (  0.599)
Test: [ 496/781]  Time: 0.143 (0.146)  Loss:   6.906 ( 6.906)  Acc@1:   0.000 (  0.031)  Acc@5:   0.000 (  0.597)
Test: [ 497/781]  Time: 0.136 (0.146)  Loss:   6.906 ( 6.906)  Acc@1:   0.000 (  0.031)  Acc@5:   0.000 (  0.596)
Test: [ 498/781]  Time: 0.136 (0.146)  Loss:   6.906 ( 6.906)  Acc@1:   0.000 (  0.031)  Acc@5:   0.000 (  0.595)
Test: [ 499/781]  Time: 0.136 (0.146)  Loss:   6.906 ( 6.906)  Acc@1:   0.000 (  0.031)  Acc@5:   0.000 (  0.594)
Test: [ 500/781]  Time: 0.144 (0.146)  Loss:   6.906 ( 6.906)  Acc@1:   0.000 (  0.031)  Acc@5:   0.000 (  0.593)
Test: [ 501/781]  Time: 0.142 (0.146)  Loss:   6.906 ( 6.906)  Acc@1:   0.000 (  0.031)  Acc@5:   0.000 (  0.591)
Test: [ 502/781]  Time: 0.185 (0.146)  Loss:   6.906 ( 6.906)  Acc@1:   0.000 (  0.031)  Acc@5:   0.000 (  0.590)
Test: [ 503/781]  Time: 0.138 (0.146)  Loss:   6.906 ( 6.906)  Acc@1:   0.000 (  0.031)  Acc@5:   0.000 (  0.589)
Test: [ 504/781]  Time: 0.138 (0.146)  Loss:   6.906 ( 6.906)  Acc@1:   0.000 (  0.031)  Acc@5:   0.000 (  0.588)
Test: [ 505/781]  Time: 0.136 (0.146)  Loss:   6.906 ( 6.906)  Acc@1:   0.000 (  0.031)  Acc@5:   0.000 (  0.587)
Test: [ 506/781]  Time: 0.145 (0.146)  Loss:   6.906 ( 6.906)  Acc@1:   0.000 (  0.031)  Acc@5:   0.000 (  0.586)
Test: [ 507/781]  Time: 0.133 (0.146)  Loss:   6.906 ( 6.906)  Acc@1:   0.000 (  0.031)  Acc@5:   0.000 (  0.584)
Test: [ 508/781]  Time: 0.148 (0.146)  Loss:   6.906 ( 6.906)  Acc@1:   0.000 (  0.031)  Acc@5:   0.000 (  0.583)
Test: [ 509/781]  Time: 0.138 (0.146)  Loss:   6.906 ( 6.906)  Acc@1:   0.000 (  0.031)  Acc@5:   0.000 (  0.582)
Test: [ 510/781]  Time: 0.143 (0.146)  Loss:   6.907 ( 6.906)  Acc@1:   0.000 (  0.031)  Acc@5:   4.688 (  0.590)
Test: [ 511/781]  Time: 0.137 (0.146)  Loss:   6.906 ( 6.906)  Acc@1:   0.000 (  0.031)  Acc@5:   0.000 (  0.589)
Test: [ 512/781]  Time: 0.137 (0.146)  Loss:   6.906 ( 6.906)  Acc@1:   0.000 (  0.030)  Acc@5:   0.000 (  0.588)
Test: [ 513/781]  Time: 0.144 (0.146)  Loss:   6.906 ( 6.906)  Acc@1:   0.000 (  0.030)  Acc@5:   0.000 (  0.587)
Test: [ 514/781]  Time: 0.136 (0.146)  Loss:   6.906 ( 6.906)  Acc@1:   0.000 (  0.030)  Acc@5:   1.562 (  0.589)
Test: [ 515/781]  Time: 0.137 (0.146)  Loss:   6.906 ( 6.906)  Acc@1:   0.000 (  0.030)  Acc@5:   0.000 (  0.587)
Test: [ 516/781]  Time: 0.139 (0.146)  Loss:   6.906 ( 6.906)  Acc@1:   0.000 (  0.030)  Acc@5:   0.000 (  0.586)
Test: [ 517/781]  Time: 0.136 (0.146)  Loss:   6.906 ( 6.906)  Acc@1:   0.000 (  0.030)  Acc@5:   0.000 (  0.585)
Test: [ 518/781]  Time: 0.142 (0.146)  Loss:   6.906 ( 6.906)  Acc@1:   0.000 (  0.030)  Acc@5:   0.000 (  0.584)
Test: [ 519/781]  Time: 0.140 (0.146)  Loss:   6.906 ( 6.906)  Acc@1:   0.000 (  0.030)  Acc@5:   0.000 (  0.583)
Test: [ 520/781]  Time: 0.136 (0.146)  Loss:   6.906 ( 6.906)  Acc@1:   0.000 (  0.030)  Acc@5:   0.000 (  0.582)
Test: [ 521/781]  Time: 0.136 (0.146)  Loss:   6.906 ( 6.906)  Acc@1:   0.000 (  0.030)  Acc@5:   0.000 (  0.581)
Test: [ 522/781]  Time: 0.142 (0.146)  Loss:   6.906 ( 6.906)  Acc@1:   0.000 (  0.030)  Acc@5:   0.000 (  0.580)
Test: [ 523/781]  Time: 0.136 (0.146)  Loss:   6.906 ( 6.906)  Acc@1:   0.000 (  0.030)  Acc@5:   0.000 (  0.578)
Test: [ 524/781]  Time: 0.149 (0.146)  Loss:   6.906 ( 6.906)  Acc@1:   0.000 (  0.030)  Acc@5:   0.000 (  0.577)
Test: [ 525/781]  Time: 0.140 (0.146)  Loss:   6.906 ( 6.906)  Acc@1:   0.000 (  0.030)  Acc@5:   0.000 (  0.576)
Test: [ 526/781]  Time: 0.139 (0.145)  Loss:   6.906 ( 6.906)  Acc@1:   0.000 (  0.030)  Acc@5:   0.000 (  0.575)
Test: [ 527/781]  Time: 0.136 (0.145)  Loss:   6.906 ( 6.906)  Acc@1:   0.000 (  0.030)  Acc@5:   0.000 (  0.574)
Test: [ 528/781]  Time: 0.144 (0.145)  Loss:   6.906 ( 6.906)  Acc@1:   0.000 (  0.030)  Acc@5:   0.000 (  0.573)
Test: [ 529/781]  Time: 0.136 (0.145)  Loss:   6.906 ( 6.906)  Acc@1:   0.000 (  0.029)  Acc@5:   0.000 (  0.572)
Test: [ 530/781]  Time: 0.144 (0.145)  Loss:   6.906 ( 6.906)  Acc@1:   0.000 (  0.029)  Acc@5:   0.000 (  0.571)
Test: [ 531/781]  Time: 0.138 (0.145)  Loss:   6.906 ( 6.906)  Acc@1:   0.000 (  0.029)  Acc@5:   0.000 (  0.570)
Test: [ 532/781]  Time: 0.143 (0.145)  Loss:   6.906 ( 6.906)  Acc@1:   0.000 (  0.029)  Acc@5:   3.125 (  0.575)
Test: [ 533/781]  Time: 0.137 (0.145)  Loss:   6.906 ( 6.906)  Acc@1:   9.375 (  0.047)  Acc@5:  23.438 (  0.617)
Test: [ 534/781]  Time: 0.138 (0.145)  Loss:   6.906 ( 6.906)  Acc@1:   0.000 (  0.047)  Acc@5:   0.000 (  0.616)
Test: [ 535/781]  Time: 0.137 (0.145)  Loss:   6.906 ( 6.906)  Acc@1:   0.000 (  0.047)  Acc@5:   0.000 (  0.615)
Test: [ 536/781]  Time: 0.144 (0.145)  Loss:   6.906 ( 6.906)  Acc@1:   0.000 (  0.047)  Acc@5:   0.000 (  0.614)
Test: [ 537/781]  Time: 0.138 (0.145)  Loss:   6.906 ( 6.906)  Acc@1:   0.000 (  0.046)  Acc@5:   0.000 (  0.613)
Test: [ 538/781]  Time: 0.141 (0.145)  Loss:   6.906 ( 6.906)  Acc@1:   0.000 (  0.046)  Acc@5:   0.000 (  0.612)
Test: [ 539/781]  Time: 0.155 (0.145)  Loss:   6.906 ( 6.906)  Acc@1:   0.000 (  0.046)  Acc@5:   0.000 (  0.611)
Test: [ 540/781]  Time: 0.140 (0.145)  Loss:   6.906 ( 6.906)  Acc@1:   0.000 (  0.046)  Acc@5:   0.000 (  0.609)
Test: [ 541/781]  Time: 0.140 (0.145)  Loss:   6.906 ( 6.906)  Acc@1:   0.000 (  0.046)  Acc@5:   0.000 (  0.608)
Test: [ 542/781]  Time: 0.137 (0.145)  Loss:   6.906 ( 6.906)  Acc@1:   0.000 (  0.046)  Acc@5:   0.000 (  0.607)
Test: [ 543/781]  Time: 0.138 (0.145)  Loss:   6.906 ( 6.906)  Acc@1:   0.000 (  0.046)  Acc@5:   0.000 (  0.606)
Test: [ 544/781]  Time: 0.141 (0.145)  Loss:   6.906 ( 6.906)  Acc@1:   0.000 (  0.046)  Acc@5:   0.000 (  0.605)
Test: [ 545/781]  Time: 0.140 (0.145)  Loss:   6.906 ( 6.906)  Acc@1:   0.000 (  0.046)  Acc@5:   0.000 (  0.604)
Test: [ 546/781]  Time: 0.141 (0.145)  Loss:   6.906 ( 6.906)  Acc@1:   0.000 (  0.046)  Acc@5:   0.000 (  0.603)
Test: [ 547/781]  Time: 0.139 (0.145)  Loss:   6.906 ( 6.906)  Acc@1:   0.000 (  0.046)  Acc@5:   0.000 (  0.602)
Test: [ 548/781]  Time: 0.140 (0.145)  Loss:   6.906 ( 6.906)  Acc@1:   0.000 (  0.046)  Acc@5:   0.000 (  0.601)
Test: [ 549/781]  Time: 0.137 (0.145)  Loss:   6.906 ( 6.906)  Acc@1:   0.000 (  0.045)  Acc@5:   0.000 (  0.599)
Test: [ 550/781]  Time: 0.137 (0.145)  Loss:   6.906 ( 6.906)  Acc@1:   0.000 (  0.045)  Acc@5:   0.000 (  0.598)
Test: [ 551/781]  Time: 0.141 (0.145)  Loss:   6.906 ( 6.906)  Acc@1:   0.000 (  0.045)  Acc@5:   0.000 (  0.597)
Test: [ 552/781]  Time: 0.142 (0.145)  Loss:   6.906 ( 6.906)  Acc@1:   0.000 (  0.045)  Acc@5:   0.000 (  0.596)
Test: [ 553/781]  Time: 0.137 (0.145)  Loss:   6.906 ( 6.906)  Acc@1:   0.000 (  0.045)  Acc@5:   0.000 (  0.595)
Test: [ 554/781]  Time: 0.136 (0.145)  Loss:   6.906 ( 6.906)  Acc@1:   0.000 (  0.045)  Acc@5:   4.688 (  0.602)
Test: [ 555/781]  Time: 0.136 (0.145)  Loss:   6.906 ( 6.906)  Acc@1:   0.000 (  0.045)  Acc@5:   9.375 (  0.618)
Test: [ 556/781]  Time: 0.152 (0.145)  Loss:   6.906 ( 6.906)  Acc@1:   0.000 (  0.045)  Acc@5:   0.000 (  0.617)
Test: [ 557/781]  Time: 0.136 (0.145)  Loss:   6.906 ( 6.906)  Acc@1:   0.000 (  0.045)  Acc@5:   0.000 (  0.616)
Test: [ 558/781]  Time: 0.139 (0.145)  Loss:   6.906 ( 6.906)  Acc@1:   0.000 (  0.045)  Acc@5:   0.000 (  0.615)
Test: [ 559/781]  Time: 0.140 (0.145)  Loss:   6.906 ( 6.906)  Acc@1:   0.000 (  0.045)  Acc@5:   0.000 (  0.614)
Test: [ 560/781]  Time: 0.143 (0.145)  Loss:   6.906 ( 6.906)  Acc@1:   0.000 (  0.045)  Acc@5:   0.000 (  0.613)
Test: [ 561/781]  Time: 0.139 (0.145)  Loss:   6.906 ( 6.906)  Acc@1:   0.000 (  0.044)  Acc@5:   0.000 (  0.612)
Test: [ 562/781]  Time: 0.136 (0.145)  Loss:   6.906 ( 6.906)  Acc@1:   0.000 (  0.044)  Acc@5:   0.000 (  0.611)
Test: [ 563/781]  Time: 0.141 (0.145)  Loss:   6.906 ( 6.906)  Acc@1:   0.000 (  0.044)  Acc@5:   0.000 (  0.609)
Test: [ 564/781]  Time: 0.145 (0.145)  Loss:   6.906 ( 6.906)  Acc@1:   0.000 (  0.044)  Acc@5:   0.000 (  0.608)
Test: [ 565/781]  Time: 0.136 (0.145)  Loss:   6.906 ( 6.906)  Acc@1:   0.000 (  0.044)  Acc@5:   0.000 (  0.607)
Test: [ 566/781]  Time: 0.142 (0.145)  Loss:   6.906 ( 6.906)  Acc@1:   0.000 (  0.044)  Acc@5:   0.000 (  0.606)
Test: [ 567/781]  Time: 0.136 (0.145)  Loss:   6.906 ( 6.906)  Acc@1:   0.000 (  0.044)  Acc@5:   0.000 (  0.605)
Test: [ 568/781]  Time: 0.141 (0.145)  Loss:   6.906 ( 6.906)  Acc@1:   0.000 (  0.044)  Acc@5:   0.000 (  0.604)
Test: [ 569/781]  Time: 0.137 (0.145)  Loss:   6.906 ( 6.906)  Acc@1:   0.000 (  0.044)  Acc@5:   0.000 (  0.603)
Test: [ 570/781]  Time: 0.136 (0.145)  Loss:   6.906 ( 6.906)  Acc@1:   0.000 (  0.044)  Acc@5:   0.000 (  0.602)
Test: [ 571/781]  Time: 0.136 (0.145)  Loss:   6.906 ( 6.906)  Acc@1:   0.000 (  0.044)  Acc@5:   0.000 (  0.601)
Test: [ 572/781]  Time: 0.141 (0.145)  Loss:   6.906 ( 6.906)  Acc@1:   0.000 (  0.044)  Acc@5:   0.000 (  0.600)
Test: [ 573/781]  Time: 0.137 (0.145)  Loss:   6.906 ( 6.906)  Acc@1:   0.000 (  0.044)  Acc@5:   0.000 (  0.599)
Test: [ 574/781]  Time: 0.138 (0.145)  Loss:   6.906 ( 6.906)  Acc@1:   0.000 (  0.043)  Acc@5:   0.000 (  0.598)
Test: [ 575/781]  Time: 0.136 (0.145)  Loss:   6.906 ( 6.906)  Acc@1:   0.000 (  0.043)  Acc@5:   0.000 (  0.597)
Test: [ 576/781]  Time: 0.142 (0.145)  Loss:   6.906 ( 6.906)  Acc@1:   0.000 (  0.043)  Acc@5:   0.000 (  0.596)
Test: [ 577/781]  Time: 0.137 (0.145)  Loss:   6.906 ( 6.906)  Acc@1:   0.000 (  0.043)  Acc@5:   0.000 (  0.595)
Test: [ 578/781]  Time: 0.137 (0.145)  Loss:   6.906 ( 6.906)  Acc@1:   0.000 (  0.043)  Acc@5:   0.000 (  0.594)
Test: [ 579/781]  Time: 0.137 (0.145)  Loss:   6.906 ( 6.906)  Acc@1:   0.000 (  0.043)  Acc@5:   1.562 (  0.595)
Test: [ 580/781]  Time: 0.144 (0.145)  Loss:   6.906 ( 6.906)  Acc@1:   0.000 (  0.043)  Acc@5:   4.688 (  0.602)
Test: [ 581/781]  Time: 0.136 (0.145)  Loss:   6.906 ( 6.906)  Acc@1:   0.000 (  0.043)  Acc@5:   0.000 (  0.601)
Test: [ 582/781]  Time: 0.141 (0.145)  Loss:   6.906 ( 6.906)  Acc@1:   0.000 (  0.043)  Acc@5:   0.000 (  0.600)
Test: [ 583/781]  Time: 0.138 (0.145)  Loss:   6.906 ( 6.906)  Acc@1:   0.000 (  0.043)  Acc@5:   0.000 (  0.599)
Test: [ 584/781]  Time: 0.141 (0.145)  Loss:   6.906 ( 6.906)  Acc@1:   0.000 (  0.043)  Acc@5:   0.000 (  0.598)
Test: [ 585/781]  Time: 0.137 (0.145)  Loss:   6.906 ( 6.906)  Acc@1:   0.000 (  0.043)  Acc@5:   0.000 (  0.597)
Test: [ 586/781]  Time: 0.137 (0.145)  Loss:   6.907 ( 6.906)  Acc@1:   0.000 (  0.043)  Acc@5:   0.000 (  0.596)
Test: [ 587/781]  Time: 0.136 (0.145)  Loss:   6.906 ( 6.906)  Acc@1:   0.000 (  0.043)  Acc@5:   0.000 (  0.595)
Test: [ 588/781]  Time: 0.152 (0.145)  Loss:   6.906 ( 6.906)  Acc@1:   0.000 (  0.042)  Acc@5:   0.000 (  0.594)
Test: [ 589/781]  Time: 0.142 (0.145)  Loss:   6.906 ( 6.906)  Acc@1:   0.000 (  0.042)  Acc@5:   0.000 (  0.593)
Test: [ 590/781]  Time: 0.139 (0.145)  Loss:   6.906 ( 6.906)  Acc@1:   0.000 (  0.042)  Acc@5:   0.000 (  0.592)
Test: [ 591/781]  Time: 0.136 (0.145)  Loss:   6.906 ( 6.906)  Acc@1:   0.000 (  0.042)  Acc@5:   0.000 (  0.591)
Test: [ 592/781]  Time: 0.142 (0.145)  Loss:   6.906 ( 6.906)  Acc@1:   0.000 (  0.042)  Acc@5:   0.000 (  0.590)
Test: [ 593/781]  Time: 0.140 (0.145)  Loss:   6.906 ( 6.906)  Acc@1:   0.000 (  0.042)  Acc@5:   0.000 (  0.589)
Test: [ 594/781]  Time: 0.142 (0.145)  Loss:   6.906 ( 6.906)  Acc@1:   0.000 (  0.042)  Acc@5:   0.000 (  0.588)
Test: [ 595/781]  Time: 0.139 (0.145)  Loss:   6.906 ( 6.906)  Acc@1:   0.000 (  0.042)  Acc@5:   0.000 (  0.587)
Test: [ 596/781]  Time: 0.142 (0.145)  Loss:   6.906 ( 6.906)  Acc@1:   0.000 (  0.042)  Acc@5:   0.000 (  0.586)
Test: [ 597/781]  Time: 0.150 (0.145)  Loss:   6.906 ( 6.906)  Acc@1:   0.000 (  0.042)  Acc@5:   4.688 (  0.593)
Test: [ 598/781]  Time: 0.163 (0.145)  Loss:   6.906 ( 6.906)  Acc@1:   0.000 (  0.042)  Acc@5:   4.688 (  0.600)
Test: [ 599/781]  Time: 0.139 (0.145)  Loss:   6.906 ( 6.906)  Acc@1:   0.000 (  0.042)  Acc@5:   0.000 (  0.599)
Test: [ 600/781]  Time: 0.147 (0.145)  Loss:   6.906 ( 6.906)  Acc@1:   0.000 (  0.042)  Acc@5:   0.000 (  0.598)
Test: [ 601/781]  Time: 0.148 (0.145)  Loss:   6.906 ( 6.906)  Acc@1:   0.000 (  0.042)  Acc@5:   0.000 (  0.597)
Test: [ 602/781]  Time: 0.138 (0.145)  Loss:   6.906 ( 6.906)  Acc@1:   0.000 (  0.041)  Acc@5:   0.000 (  0.596)
Test: [ 603/781]  Time: 0.137 (0.145)  Loss:   6.906 ( 6.906)  Acc@1:   0.000 (  0.041)  Acc@5:   0.000 (  0.595)
Test: [ 604/781]  Time: 0.142 (0.145)  Loss:   6.906 ( 6.906)  Acc@1:   0.000 (  0.041)  Acc@5:   0.000 (  0.594)
Test: [ 605/781]  Time: 0.141 (0.145)  Loss:   6.906 ( 6.906)  Acc@1:   0.000 (  0.041)  Acc@5:   0.000 (  0.593)
Test: [ 606/781]  Time: 0.142 (0.145)  Loss:   6.906 ( 6.906)  Acc@1:   0.000 (  0.041)  Acc@5:   0.000 (  0.592)
Test: [ 607/781]  Time: 0.135 (0.145)  Loss:   6.906 ( 6.906)  Acc@1:   0.000 (  0.041)  Acc@5:   0.000 (  0.591)
Test: [ 608/781]  Time: 0.140 (0.145)  Loss:   6.906 ( 6.906)  Acc@1:   0.000 (  0.041)  Acc@5:   0.000 (  0.590)
Test: [ 609/781]  Time: 0.136 (0.145)  Loss:   6.906 ( 6.906)  Acc@1:   0.000 (  0.041)  Acc@5:   0.000 (  0.589)
Test: [ 610/781]  Time: 0.143 (0.145)  Loss:   6.906 ( 6.906)  Acc@1:   0.000 (  0.041)  Acc@5:   0.000 (  0.588)
Test: [ 611/781]  Time: 0.136 (0.145)  Loss:   6.906 ( 6.906)  Acc@1:   0.000 (  0.041)  Acc@5:   0.000 (  0.587)
Test: [ 612/781]  Time: 0.137 (0.145)  Loss:   6.906 ( 6.906)  Acc@1:   0.000 (  0.041)  Acc@5:   0.000 (  0.586)
Test: [ 613/781]  Time: 0.137 (0.145)  Loss:   6.906 ( 6.906)  Acc@1:   0.000 (  0.041)  Acc@5:   0.000 (  0.585)
Test: [ 614/781]  Time: 0.136 (0.145)  Loss:   6.906 ( 6.906)  Acc@1:   0.000 (  0.041)  Acc@5:   0.000 (  0.584)
Test: [ 615/781]  Time: 0.136 (0.145)  Loss:   6.906 ( 6.906)  Acc@1:   0.000 (  0.041)  Acc@5:   0.000 (  0.583)
Test: [ 616/781]  Time: 0.142 (0.145)  Loss:   6.906 ( 6.906)  Acc@1:   0.000 (  0.041)  Acc@5:   0.000 (  0.582)
Test: [ 617/781]  Time: 0.137 (0.145)  Loss:   6.906 ( 6.906)  Acc@1:   0.000 (  0.040)  Acc@5:   0.000 (  0.582)
Test: [ 618/781]  Time: 0.138 (0.145)  Loss:   6.906 ( 6.906)  Acc@1:   0.000 (  0.040)  Acc@5:   0.000 (  0.581)
Test: [ 619/781]  Time: 0.136 (0.145)  Loss:   6.906 ( 6.906)  Acc@1:   0.000 (  0.040)  Acc@5:   0.000 (  0.580)
Test: [ 620/781]  Time: 0.142 (0.145)  Loss:   6.906 ( 6.906)  Acc@1:   0.000 (  0.040)  Acc@5:   0.000 (  0.579)
Test: [ 621/781]  Time: 0.142 (0.145)  Loss:   6.906 ( 6.906)  Acc@1:   0.000 (  0.040)  Acc@5:   0.000 (  0.578)
Test: [ 622/781]  Time: 0.138 (0.145)  Loss:   6.906 ( 6.906)  Acc@1:   0.000 (  0.040)  Acc@5:   0.000 (  0.577)
Test: [ 623/781]  Time: 0.138 (0.145)  Loss:   6.906 ( 6.906)  Acc@1:   0.000 (  0.040)  Acc@5:   0.000 (  0.576)
Test: [ 624/781]  Time: 0.147 (0.145)  Loss:   6.906 ( 6.906)  Acc@1:   0.000 (  0.040)  Acc@5:   0.000 (  0.575)
Test: [ 625/781]  Time: 0.137 (0.145)  Loss:   6.906 ( 6.906)  Acc@1:   0.000 (  0.040)  Acc@5:   0.000 (  0.574)
Test: [ 626/781]  Time: 0.152 (0.145)  Loss:   6.906 ( 6.906)  Acc@1:   0.000 (  0.040)  Acc@5:   0.000 (  0.573)
Test: [ 627/781]  Time: 0.142 (0.145)  Loss:   6.906 ( 6.906)  Acc@1:   0.000 (  0.040)  Acc@5:   0.000 (  0.572)
Test: [ 628/781]  Time: 0.143 (0.145)  Loss:   6.906 ( 6.906)  Acc@1:   0.000 (  0.040)  Acc@5:   0.000 (  0.571)
Test: [ 629/781]  Time: 0.140 (0.145)  Loss:   6.906 ( 6.906)  Acc@1:   0.000 (  0.040)  Acc@5:   0.000 (  0.570)
Test: [ 630/781]  Time: 0.142 (0.145)  Loss:   6.906 ( 6.906)  Acc@1:   0.000 (  0.040)  Acc@5:   0.000 (  0.570)
Test: [ 631/781]  Time: 0.137 (0.145)  Loss:   6.906 ( 6.906)  Acc@1:   0.000 (  0.040)  Acc@5:   0.000 (  0.569)
Test: [ 632/781]  Time: 0.143 (0.145)  Loss:   6.906 ( 6.906)  Acc@1:   0.000 (  0.039)  Acc@5:   0.000 (  0.568)
Test: [ 633/781]  Time: 0.138 (0.145)  Loss:   6.906 ( 6.906)  Acc@1:   0.000 (  0.039)  Acc@5:   0.000 (  0.567)
Test: [ 634/781]  Time: 0.143 (0.145)  Loss:   6.906 ( 6.906)  Acc@1:   0.000 (  0.039)  Acc@5:   0.000 (  0.566)
Test: [ 635/781]  Time: 0.136 (0.145)  Loss:   6.906 ( 6.906)  Acc@1:   0.000 (  0.039)  Acc@5:   0.000 (  0.565)
Test: [ 636/781]  Time: 0.141 (0.145)  Loss:   6.906 ( 6.906)  Acc@1:   0.000 (  0.039)  Acc@5:   0.000 (  0.564)
Test: [ 637/781]  Time: 0.138 (0.145)  Loss:   6.906 ( 6.906)  Acc@1:   0.000 (  0.039)  Acc@5:   0.000 (  0.563)
Test: [ 638/781]  Time: 0.137 (0.145)  Loss:   6.906 ( 6.906)  Acc@1:   0.000 (  0.039)  Acc@5:   0.000 (  0.562)
Test: [ 639/781]  Time: 0.137 (0.145)  Loss:   6.906 ( 6.906)  Acc@1:   0.000 (  0.039)  Acc@5:  15.625 (  0.586)
Test: [ 640/781]  Time: 0.141 (0.145)  Loss:   6.906 ( 6.906)  Acc@1:   0.000 (  0.039)  Acc@5:  54.688 (  0.670)
Test: [ 641/781]  Time: 0.140 (0.145)  Loss:   6.906 ( 6.906)  Acc@1:   0.000 (  0.039)  Acc@5:   0.000 (  0.669)
Test: [ 642/781]  Time: 0.139 (0.145)  Loss:   6.906 ( 6.906)  Acc@1:   0.000 (  0.039)  Acc@5:   0.000 (  0.668)
Test: [ 643/781]  Time: 0.145 (0.145)  Loss:   6.906 ( 6.906)  Acc@1:   0.000 (  0.039)  Acc@5:   0.000 (  0.667)
Test: [ 644/781]  Time: 0.137 (0.145)  Loss:   6.906 ( 6.906)  Acc@1:   0.000 (  0.039)  Acc@5:   0.000 (  0.666)
Test: [ 645/781]  Time: 0.141 (0.144)  Loss:   6.906 ( 6.906)  Acc@1:   0.000 (  0.039)  Acc@5:   0.000 (  0.665)
Test: [ 646/781]  Time: 0.139 (0.144)  Loss:   6.906 ( 6.906)  Acc@1:   0.000 (  0.039)  Acc@5:   0.000 (  0.664)
Test: [ 647/781]  Time: 0.136 (0.144)  Loss:   6.906 ( 6.906)  Acc@1:   0.000 (  0.039)  Acc@5:   0.000 (  0.663)
Test: [ 648/781]  Time: 0.137 (0.144)  Loss:   6.906 ( 6.906)  Acc@1:   0.000 (  0.039)  Acc@5:   0.000 (  0.662)
Test: [ 649/781]  Time: 0.141 (0.144)  Loss:   6.908 ( 6.906)  Acc@1:  25.000 (  0.077)  Acc@5:  28.125 (  0.704)
Test: [ 650/781]  Time: 0.142 (0.144)  Loss:   6.906 ( 6.906)  Acc@1:   0.000 (  0.077)  Acc@5:   0.000 (  0.703)
Test: [ 651/781]  Time: 0.137 (0.144)  Loss:   6.906 ( 6.906)  Acc@1:   0.000 (  0.077)  Acc@5:   0.000 (  0.702)
Test: [ 652/781]  Time: 0.137 (0.144)  Loss:   6.906 ( 6.906)  Acc@1:   0.000 (  0.077)  Acc@5:   0.000 (  0.701)
Test: [ 653/781]  Time: 0.138 (0.144)  Loss:   6.906 ( 6.906)  Acc@1:   0.000 (  0.076)  Acc@5:   0.000 (  0.700)
Test: [ 654/781]  Time: 0.137 (0.144)  Loss:   6.906 ( 6.906)  Acc@1:   0.000 (  0.076)  Acc@5:   0.000 (  0.699)
Test: [ 655/781]  Time: 0.142 (0.144)  Loss:   6.906 ( 6.906)  Acc@1:   0.000 (  0.076)  Acc@5:   0.000 (  0.698)
Test: [ 656/781]  Time: 0.137 (0.144)  Loss:   6.906 ( 6.906)  Acc@1:   0.000 (  0.076)  Acc@5:   0.000 (  0.697)
Test: [ 657/781]  Time: 0.139 (0.144)  Loss:   6.906 ( 6.906)  Acc@1:   0.000 (  0.076)  Acc@5:   0.000 (  0.696)
Test: [ 658/781]  Time: 0.137 (0.144)  Loss:   6.906 ( 6.906)  Acc@1:   0.000 (  0.076)  Acc@5:   0.000 (  0.695)
Test: [ 659/781]  Time: 0.136 (0.144)  Loss:   6.906 ( 6.906)  Acc@1:   0.000 (  0.076)  Acc@5:   0.000 (  0.694)
Test: [ 660/781]  Time: 0.138 (0.144)  Loss:   6.906 ( 6.906)  Acc@1:   0.000 (  0.076)  Acc@5:   0.000 (  0.693)
Test: [ 661/781]  Time: 0.138 (0.144)  Loss:   6.906 ( 6.906)  Acc@1:   0.000 (  0.076)  Acc@5:   0.000 (  0.692)
Test: [ 662/781]  Time: 0.137 (0.144)  Loss:   6.906 ( 6.906)  Acc@1:   0.000 (  0.075)  Acc@5:   0.000 (  0.691)
Test: [ 663/781]  Time: 0.136 (0.144)  Loss:   6.906 ( 6.906)  Acc@1:   0.000 (  0.075)  Acc@5:   0.000 (  0.689)
Test: [ 664/781]  Time: 0.136 (0.144)  Loss:   6.906 ( 6.906)  Acc@1:   0.000 (  0.075)  Acc@5:   0.000 (  0.688)
Test: [ 665/781]  Time: 0.137 (0.144)  Loss:   6.906 ( 6.906)  Acc@1:   0.000 (  0.075)  Acc@5:   0.000 (  0.687)
Test: [ 666/781]  Time: 0.137 (0.144)  Loss:   6.906 ( 6.906)  Acc@1:   0.000 (  0.075)  Acc@5:   0.000 (  0.686)
Test: [ 667/781]  Time: 0.136 (0.144)  Loss:   6.906 ( 6.906)  Acc@1:   0.000 (  0.075)  Acc@5:   0.000 (  0.685)
Test: [ 668/781]  Time: 0.136 (0.144)  Loss:   6.906 ( 6.906)  Acc@1:   0.000 (  0.075)  Acc@5:   0.000 (  0.684)
Test: [ 669/781]  Time: 0.138 (0.144)  Loss:   6.906 ( 6.906)  Acc@1:   0.000 (  0.075)  Acc@5:   0.000 (  0.683)
Test: [ 670/781]  Time: 0.136 (0.144)  Loss:   6.906 ( 6.906)  Acc@1:   0.000 (  0.075)  Acc@5:   0.000 (  0.682)
Test: [ 671/781]  Time: 0.136 (0.144)  Loss:   6.906 ( 6.906)  Acc@1:   0.000 (  0.074)  Acc@5:   0.000 (  0.681)
Test: [ 672/781]  Time: 0.138 (0.144)  Loss:   6.906 ( 6.906)  Acc@1:   0.000 (  0.074)  Acc@5:   0.000 (  0.680)
Test: [ 673/781]  Time: 0.146 (0.144)  Loss:   6.906 ( 6.906)  Acc@1:   0.000 (  0.074)  Acc@5:   0.000 (  0.679)
Test: [ 674/781]  Time: 0.137 (0.144)  Loss:   6.906 ( 6.906)  Acc@1:   0.000 (  0.074)  Acc@5:   0.000 (  0.678)
Test: [ 675/781]  Time: 0.137 (0.144)  Loss:   6.907 ( 6.906)  Acc@1:  60.938 (  0.164)  Acc@5:  62.500 (  0.770)
Test: [ 676/781]  Time: 0.137 (0.144)  Loss:   6.906 ( 6.906)  Acc@1:   0.000 (  0.164)  Acc@5:   0.000 (  0.769)
Test: [ 677/781]  Time: 0.139 (0.144)  Loss:   6.906 ( 6.906)  Acc@1:   0.000 (  0.164)  Acc@5:   0.000 (  0.767)
Test: [ 678/781]  Time: 0.148 (0.144)  Loss:   6.906 ( 6.906)  Acc@1:   0.000 (  0.163)  Acc@5:   0.000 (  0.766)
Test: [ 679/781]  Time: 0.141 (0.144)  Loss:   6.906 ( 6.906)  Acc@1:   0.000 (  0.163)  Acc@5:   0.000 (  0.765)
Test: [ 680/781]  Time: 0.136 (0.144)  Loss:   6.906 ( 6.906)  Acc@1:   0.000 (  0.163)  Acc@5:   0.000 (  0.764)
Test: [ 681/781]  Time: 0.140 (0.144)  Loss:   6.906 ( 6.906)  Acc@1:   0.000 (  0.163)  Acc@5:   0.000 (  0.763)
Test: [ 682/781]  Time: 0.137 (0.144)  Loss:   6.906 ( 6.906)  Acc@1:   0.000 (  0.162)  Acc@5:   0.000 (  0.762)
Test: [ 683/781]  Time: 0.139 (0.144)  Loss:   6.906 ( 6.906)  Acc@1:   0.000 (  0.162)  Acc@5:   0.000 (  0.761)
Test: [ 684/781]  Time: 0.140 (0.144)  Loss:   6.906 ( 6.906)  Acc@1:   0.000 (  0.162)  Acc@5:   0.000 (  0.760)
Test: [ 685/781]  Time: 0.138 (0.144)  Loss:   6.906 ( 6.906)  Acc@1:   0.000 (  0.162)  Acc@5:   0.000 (  0.758)
Test: [ 686/781]  Time: 0.143 (0.144)  Loss:   6.906 ( 6.906)  Acc@1:   0.000 (  0.161)  Acc@5:   0.000 (  0.757)
Test: [ 687/781]  Time: 0.138 (0.144)  Loss:   6.906 ( 6.906)  Acc@1:   0.000 (  0.161)  Acc@5:   0.000 (  0.756)
Test: [ 688/781]  Time: 0.137 (0.144)  Loss:   6.906 ( 6.906)  Acc@1:   0.000 (  0.161)  Acc@5:   0.000 (  0.755)
Test: [ 689/781]  Time: 0.141 (0.144)  Loss:   6.906 ( 6.906)  Acc@1:   0.000 (  0.161)  Acc@5:   0.000 (  0.754)
Test: [ 690/781]  Time: 0.141 (0.144)  Loss:   6.906 ( 6.906)  Acc@1:   0.000 (  0.161)  Acc@5:   0.000 (  0.753)
Test: [ 691/781]  Time: 0.136 (0.144)  Loss:   6.906 ( 6.906)  Acc@1:   0.000 (  0.160)  Acc@5:   0.000 (  0.752)
Test: [ 692/781]  Time: 0.142 (0.144)  Loss:   6.906 ( 6.906)  Acc@1:   0.000 (  0.160)  Acc@5:   0.000 (  0.751)
Test: [ 693/781]  Time: 0.141 (0.144)  Loss:   6.906 ( 6.906)  Acc@1:   0.000 (  0.160)  Acc@5:   0.000 (  0.750)
Test: [ 694/781]  Time: 0.145 (0.144)  Loss:   6.906 ( 6.906)  Acc@1:   0.000 (  0.160)  Acc@5:   0.000 (  0.749)
Test: [ 695/781]  Time: 0.145 (0.144)  Loss:   6.906 ( 6.906)  Acc@1:   0.000 (  0.159)  Acc@5:   0.000 (  0.748)
Test: [ 696/781]  Time: 0.141 (0.144)  Loss:   6.906 ( 6.906)  Acc@1:   0.000 (  0.159)  Acc@5:   0.000 (  0.747)
Test: [ 697/781]  Time: 0.194 (0.144)  Loss:   6.906 ( 6.906)  Acc@1:   0.000 (  0.159)  Acc@5:   0.000 (  0.745)
Test: [ 698/781]  Time: 0.141 (0.144)  Loss:   6.906 ( 6.906)  Acc@1:   0.000 (  0.159)  Acc@5:   0.000 (  0.744)
Test: [ 699/781]  Time: 0.144 (0.144)  Loss:   6.906 ( 6.906)  Acc@1:   0.000 (  0.158)  Acc@5:   0.000 (  0.743)
Test: [ 700/781]  Time: 0.140 (0.144)  Loss:   6.906 ( 6.906)  Acc@1:   0.000 (  0.158)  Acc@5:   0.000 (  0.742)
Test: [ 701/781]  Time: 0.138 (0.144)  Loss:   6.906 ( 6.906)  Acc@1:   0.000 (  0.158)  Acc@5:   0.000 (  0.741)
Test: [ 702/781]  Time: 0.136 (0.144)  Loss:   6.906 ( 6.906)  Acc@1:   0.000 (  0.158)  Acc@5:   0.000 (  0.740)
Test: [ 703/781]  Time: 0.142 (0.144)  Loss:   6.906 ( 6.906)  Acc@1:   0.000 (  0.158)  Acc@5:   0.000 (  0.739)
Test: [ 704/781]  Time: 0.137 (0.144)  Loss:   6.906 ( 6.906)  Acc@1:   0.000 (  0.157)  Acc@5:   0.000 (  0.738)
Test: [ 705/781]  Time: 0.142 (0.144)  Loss:   6.906 ( 6.906)  Acc@1:   0.000 (  0.157)  Acc@5:  14.062 (  0.757)
Test: [ 706/781]  Time: 0.136 (0.144)  Loss:   6.906 ( 6.906)  Acc@1:   0.000 (  0.157)  Acc@5:   1.562 (  0.758)
Test: [ 707/781]  Time: 0.138 (0.144)  Loss:   6.906 ( 6.906)  Acc@1:   0.000 (  0.157)  Acc@5:   0.000 (  0.757)
Test: [ 708/781]  Time: 0.138 (0.144)  Loss:   6.906 ( 6.906)  Acc@1:   0.000 (  0.156)  Acc@5:   0.000 (  0.756)
Test: [ 709/781]  Time: 0.137 (0.144)  Loss:   6.906 ( 6.906)  Acc@1:   0.000 (  0.156)  Acc@5:   0.000 (  0.755)
Test: [ 710/781]  Time: 0.137 (0.144)  Loss:   6.906 ( 6.906)  Acc@1:   0.000 (  0.156)  Acc@5:   0.000 (  0.754)
Test: [ 711/781]  Time: 0.142 (0.144)  Loss:   6.906 ( 6.906)  Acc@1:   0.000 (  0.156)  Acc@5:   0.000 (  0.753)
Test: [ 712/781]  Time: 0.136 (0.144)  Loss:   6.906 ( 6.906)  Acc@1:   0.000 (  0.156)  Acc@5:   0.000 (  0.752)
Test: [ 713/781]  Time: 0.141 (0.144)  Loss:   6.906 ( 6.906)  Acc@1:   0.000 (  0.155)  Acc@5:   0.000 (  0.751)
Test: [ 714/781]  Time: 0.153 (0.144)  Loss:   6.906 ( 6.906)  Acc@1:   0.000 (  0.155)  Acc@5:   0.000 (  0.750)
Test: [ 715/781]  Time: 0.143 (0.144)  Loss:   6.906 ( 6.906)  Acc@1:   0.000 (  0.155)  Acc@5:  10.938 (  0.764)
Test: [ 716/781]  Time: 0.138 (0.144)  Loss:   6.906 ( 6.906)  Acc@1:   0.000 (  0.155)  Acc@5:  17.188 (  0.787)
Test: [ 717/781]  Time: 0.140 (0.144)  Loss:   6.906 ( 6.906)  Acc@1:   0.000 (  0.155)  Acc@5:   0.000 (  0.786)
Test: [ 718/781]  Time: 0.137 (0.144)  Loss:   6.906 ( 6.906)  Acc@1:   0.000 (  0.154)  Acc@5:   0.000 (  0.785)
Test: [ 719/781]  Time: 0.137 (0.144)  Loss:   6.906 ( 6.906)  Acc@1:   0.000 (  0.154)  Acc@5:   0.000 (  0.783)
Test: [ 720/781]  Time: 0.140 (0.144)  Loss:   6.906 ( 6.906)  Acc@1:   0.000 (  0.154)  Acc@5:   0.000 (  0.782)
Test: [ 721/781]  Time: 0.139 (0.144)  Loss:   6.906 ( 6.906)  Acc@1:   0.000 (  0.154)  Acc@5:   0.000 (  0.781)
Test: [ 722/781]  Time: 0.141 (0.144)  Loss:   6.906 ( 6.906)  Acc@1:   0.000 (  0.153)  Acc@5:   0.000 (  0.780)
Test: [ 723/781]  Time: 0.137 (0.144)  Loss:   6.906 ( 6.906)  Acc@1:   0.000 (  0.153)  Acc@5:   0.000 (  0.779)
Test: [ 724/781]  Time: 0.137 (0.144)  Loss:   6.906 ( 6.906)  Acc@1:   0.000 (  0.153)  Acc@5:   0.000 (  0.778)
Test: [ 725/781]  Time: 0.142 (0.144)  Loss:   6.906 ( 6.906)  Acc@1:   0.000 (  0.153)  Acc@5:   0.000 (  0.777)
Test: [ 726/781]  Time: 0.138 (0.144)  Loss:   6.906 ( 6.906)  Acc@1:   0.000 (  0.153)  Acc@5:   0.000 (  0.776)
Test: [ 727/781]  Time: 0.190 (0.144)  Loss:   6.906 ( 6.906)  Acc@1:   0.000 (  0.152)  Acc@5:   0.000 (  0.775)
Test: [ 728/781]  Time: 0.141 (0.144)  Loss:   6.906 ( 6.906)  Acc@1:   0.000 (  0.152)  Acc@5:   0.000 (  0.774)
Test: [ 729/781]  Time: 0.139 (0.144)  Loss:   6.906 ( 6.906)  Acc@1:   0.000 (  0.152)  Acc@5:   0.000 (  0.773)
Test: [ 730/781]  Time: 0.141 (0.144)  Loss:   6.906 ( 6.906)  Acc@1:   0.000 (  0.152)  Acc@5:  21.875 (  0.802)
Test: [ 731/781]  Time: 0.145 (0.144)  Loss:   6.906 ( 6.906)  Acc@1:   0.000 (  0.152)  Acc@5:   4.688 (  0.807)
Test: [ 732/781]  Time: 0.137 (0.144)  Loss:   6.906 ( 6.906)  Acc@1:   0.000 (  0.151)  Acc@5:   0.000 (  0.806)
Test: [ 733/781]  Time: 0.140 (0.144)  Loss:   6.906 ( 6.906)  Acc@1:   0.000 (  0.151)  Acc@5:   0.000 (  0.805)
Test: [ 734/781]  Time: 0.137 (0.144)  Loss:   6.906 ( 6.906)  Acc@1:   0.000 (  0.151)  Acc@5:   0.000 (  0.804)
Test: [ 735/781]  Time: 0.141 (0.144)  Loss:   6.906 ( 6.906)  Acc@1:   0.000 (  0.151)  Acc@5:   0.000 (  0.802)
Test: [ 736/781]  Time: 0.136 (0.144)  Loss:   6.906 ( 6.906)  Acc@1:   0.000 (  0.151)  Acc@5:   0.000 (  0.801)
Test: [ 737/781]  Time: 0.136 (0.144)  Loss:   6.906 ( 6.906)  Acc@1:   0.000 (  0.150)  Acc@5:   0.000 (  0.800)
Test: [ 738/781]  Time: 0.139 (0.144)  Loss:   6.906 ( 6.906)  Acc@1:   0.000 (  0.150)  Acc@5:   0.000 (  0.799)
Test: [ 739/781]  Time: 0.142 (0.144)  Loss:   6.906 ( 6.906)  Acc@1:   0.000 (  0.150)  Acc@5:   0.000 (  0.798)
Test: [ 740/781]  Time: 0.143 (0.144)  Loss:   6.906 ( 6.906)  Acc@1:   0.000 (  0.150)  Acc@5:   0.000 (  0.797)
Test: [ 741/781]  Time: 0.143 (0.144)  Loss:   6.906 ( 6.906)  Acc@1:   0.000 (  0.150)  Acc@5:   0.000 (  0.796)
Test: [ 742/781]  Time: 0.157 (0.144)  Loss:   6.906 ( 6.906)  Acc@1:   0.000 (  0.149)  Acc@5:   0.000 (  0.795)
Test: [ 743/781]  Time: 0.142 (0.144)  Loss:   6.906 ( 6.906)  Acc@1:   0.000 (  0.149)  Acc@5:   0.000 (  0.794)
Test: [ 744/781]  Time: 0.136 (0.144)  Loss:   6.906 ( 6.906)  Acc@1:   0.000 (  0.149)  Acc@5:   0.000 (  0.793)
Test: [ 745/781]  Time: 0.144 (0.144)  Loss:   6.906 ( 6.906)  Acc@1:   0.000 (  0.149)  Acc@5:   0.000 (  0.792)
Test: [ 746/781]  Time: 0.137 (0.144)  Loss:   6.906 ( 6.906)  Acc@1:   0.000 (  0.149)  Acc@5:   0.000 (  0.791)
Test: [ 747/781]  Time: 0.141 (0.144)  Loss:   6.906 ( 6.906)  Acc@1:   0.000 (  0.148)  Acc@5:   0.000 (  0.790)
Test: [ 748/781]  Time: 0.137 (0.144)  Loss:   6.906 ( 6.906)  Acc@1:   0.000 (  0.148)  Acc@5:   0.000 (  0.789)
Test: [ 749/781]  Time: 0.138 (0.144)  Loss:   6.906 ( 6.906)  Acc@1:   0.000 (  0.148)  Acc@5:   0.000 (  0.787)
Test: [ 750/781]  Time: 0.141 (0.144)  Loss:   6.906 ( 6.906)  Acc@1:   0.000 (  0.148)  Acc@5:   0.000 (  0.786)
Test: [ 751/781]  Time: 0.136 (0.144)  Loss:   6.906 ( 6.906)  Acc@1:   0.000 (  0.148)  Acc@5:   0.000 (  0.785)
Test: [ 752/781]  Time: 0.142 (0.144)  Loss:   6.906 ( 6.906)  Acc@1:   0.000 (  0.147)  Acc@5:   0.000 (  0.784)
Test: [ 753/781]  Time: 0.140 (0.144)  Loss:   6.906 ( 6.906)  Acc@1:   0.000 (  0.147)  Acc@5:   0.000 (  0.783)
Test: [ 754/781]  Time: 0.136 (0.144)  Loss:   6.906 ( 6.906)  Acc@1:   0.000 (  0.147)  Acc@5:   0.000 (  0.782)
Test: [ 755/781]  Time: 0.140 (0.144)  Loss:   6.906 ( 6.906)  Acc@1:   0.000 (  0.147)  Acc@5:   0.000 (  0.781)
Test: [ 756/781]  Time: 0.141 (0.144)  Loss:   6.906 ( 6.906)  Acc@1:   0.000 (  0.147)  Acc@5:   0.000 (  0.780)
Test: [ 757/781]  Time: 0.140 (0.144)  Loss:   6.906 ( 6.906)  Acc@1:   0.000 (  0.146)  Acc@5:   0.000 (  0.779)
Test: [ 758/781]  Time: 0.136 (0.144)  Loss:   6.906 ( 6.906)  Acc@1:   0.000 (  0.146)  Acc@5:   0.000 (  0.778)
Test: [ 759/781]  Time: 0.139 (0.144)  Loss:   6.906 ( 6.906)  Acc@1:   0.000 (  0.146)  Acc@5:   0.000 (  0.777)
Test: [ 760/781]  Time: 0.137 (0.144)  Loss:   6.906 ( 6.906)  Acc@1:   0.000 (  0.146)  Acc@5:   0.000 (  0.776)
Test: [ 761/781]  Time: 0.142 (0.144)  Loss:   6.906 ( 6.906)  Acc@1:   0.000 (  0.146)  Acc@5:   0.000 (  0.775)
Test: [ 762/781]  Time: 0.140 (0.144)  Loss:   6.906 ( 6.906)  Acc@1:   0.000 (  0.145)  Acc@5:   0.000 (  0.774)
Test: [ 763/781]  Time: 0.143 (0.144)  Loss:   6.906 ( 6.906)  Acc@1:   0.000 (  0.145)  Acc@5:   0.000 (  0.773)
Test: [ 764/781]  Time: 0.148 (0.144)  Loss:   6.906 ( 6.906)  Acc@1:   0.000 (  0.145)  Acc@5:   0.000 (  0.772)
Test: [ 765/781]  Time: 0.154 (0.144)  Loss:   6.906 ( 6.906)  Acc@1:   0.000 (  0.145)  Acc@5:   0.000 (  0.771)
Test: [ 766/781]  Time: 0.140 (0.144)  Loss:   6.906 ( 6.906)  Acc@1:   0.000 (  0.145)  Acc@5:   0.000 (  0.770)
Test: [ 767/781]  Time: 0.143 (0.144)  Loss:   6.906 ( 6.906)  Acc@1:   0.000 (  0.144)  Acc@5:   0.000 (  0.769)
Test: [ 768/781]  Time: 0.136 (0.144)  Loss:   6.906 ( 6.906)  Acc@1:   0.000 (  0.144)  Acc@5:   0.000 (  0.768)
Test: [ 769/781]  Time: 0.141 (0.144)  Loss:   6.906 ( 6.906)  Acc@1:   0.000 (  0.144)  Acc@5:   0.000 (  0.767)
Test: [ 770/781]  Time: 0.136 (0.144)  Loss:   6.906 ( 6.906)  Acc@1:   0.000 (  0.144)  Acc@5:   0.000 (  0.766)
Test: [ 771/781]  Time: 0.150 (0.144)  Loss:   6.906 ( 6.906)  Acc@1:   0.000 (  0.144)  Acc@5:   0.000 (  0.765)
Test: [ 772/781]  Time: 0.140 (0.144)  Loss:   6.906 ( 6.906)  Acc@1:   0.000 (  0.144)  Acc@5:   0.000 (  0.764)
Test: [ 773/781]  Time: 0.141 (0.144)  Loss:   6.906 ( 6.906)  Acc@1:   0.000 (  0.143)  Acc@5:   0.000 (  0.763)
Test: [ 774/781]  Time: 0.137 (0.144)  Loss:   6.906 ( 6.906)  Acc@1:   0.000 (  0.143)  Acc@5:   0.000 (  0.762)
Test: [ 775/781]  Time: 0.142 (0.144)  Loss:   6.906 ( 6.906)  Acc@1:   0.000 (  0.143)  Acc@5:   0.000 (  0.761)
Test: [ 776/781]  Time: 0.137 (0.144)  Loss:   6.906 ( 6.906)  Acc@1:   0.000 (  0.143)  Acc@5:   1.562 (  0.762)
Test: [ 777/781]  Time: 0.140 (0.144)  Loss:   6.906 ( 6.906)  Acc@1:   0.000 (  0.143)  Acc@5:   0.000 (  0.761)
Test: [ 778/781]  Time: 0.146 (0.144)  Loss:   6.906 ( 6.906)  Acc@1:   0.000 (  0.142)  Acc@5:   0.000 (  0.760)
Test: [ 779/781]  Time: 0.141 (0.144)  Loss:   6.906 ( 6.906)  Acc@1:   0.000 (  0.142)  Acc@5:   0.000 (  0.759)
Test: [ 780/781]  Time: 0.130 (0.144)  Loss:   6.906 ( 6.906)  Acc@1:   0.000 (  0.142)  Acc@5:   0.000 (  0.758)
Test: [ 781/781]  Time: 0.049 (0.144)  Loss:   6.906 ( 6.906)  Acc@1:   0.000 (  0.142)  Acc@5:   0.000 (  0.758)
Current checkpoints:
 ('./output/train/20251127-131812-beit_base_patch16_224-224/checkpoint-0.pth.tar', 0.142)

*** Best metric: 0.142 (epoch 0)
--result
[
    {
        "epoch": 0,
        "train": {
            "loss": 6.907751083374023
        },
        "validation": {
            "loss": 6.906259765625,
            "top1": 0.142,
            "top5": 0.758
        }
    }
]
Executing command: torchrun --nproc_per_node=4 train.py --data-dir /data/teco-data/imagenet --model beit_base_patch16_224 --sched cosine --epochs 1 --warmup-epochs 5 --lr 0.4 --reprob 0.5 --remode pixel --batch-size 16 --amp -j 4 --log-interval 1 
