2025/06/22 01:35:59 - mmengine - INFO - 
------------------------------------------------------------
System environment:
    sys.platform: linux
    Python: 3.10.16 (main, Dec 11 2024, 16:24:50) [GCC 11.2.0]
    CUDA available: True
    MUSA available: False
    numpy_random_seed: 196882456
    GPU 0: /dev/tcaicard24
    GPU 1: /dev/tcaicard25
    GPU 2: /dev/tcaicard26
    GPU 3: /dev/tcaicard27
    CUDA_HOME: None
    GCC: gcc (Ubuntu 11.4.0-1ubuntu1~22.04) 11.4.0
    PyTorch: 2.4.0a0+git4451b0e
    PyTorch compiling details: PyTorch built with:
  - GCC 11.5
  - C++ Version: 201703
  - Intel(R) oneAPI Math Kernel Library Version 2025.0-Product Build 20241009 for Intel(R) 64 architecture applications
  - Intel(R) MKL-DNN v3.4.2 (Git Hash 1137e04ec0b5251ca2b4400a4fd3c667ce843d67)
  - OpenMP 201511 (a.k.a. OpenMP 4.5)
  - LAPACK is enabled (usually provided by MKL)
  - NNPACK is enabled
  - CPU capability usage: AVX512
  - Build settings: BLAS_INFO=mkl, BUILD_TYPE=Release, CXX_COMPILER=/usr/bin/g++, CXX_FLAGS= -D_GLIBCXX_USE_CXX11_ABI=1 -fvisibility-inlines-hidden -DUSE_PTHREADPOOL -DNDEBUG -DUSE_KINETO -DLIBKINETO_NOCUPTI -DLIBKINETO_NOROCTRACER -DUSE_FBGEMM -DUSE_PYTORCH_QNNPACK -DUSE_XNNPACK -DSYMBOLICATE_MOBILE_DEBUG_HANDLE -O2 -fPIC -Wall -Wextra -Werror=return-type -Werror=non-virtual-dtor -Werror=range-loop-construct -Werror=bool-operation -Wnarrowing -Wno-missing-field-initializers -Wno-type-limits -Wno-array-bounds -Wno-unknown-pragmas -Wno-unused-parameter -Wno-unused-function -Wno-unused-result -Wno-strict-overflow -Wno-strict-aliasing -Wno-stringop-overflow -Wsuggest-override -Wno-psabi -Wno-error=pedantic -Wno-error=old-style-cast -Wno-missing-braces -fdiagnostics-color=always -faligned-new -Wno-unused-but-set-variable -Wno-maybe-uninitialized -fno-math-errno -fno-trapping-math -Werror=format -Wno-stringop-overflow, FORCE_FALLBACK_CUDA_MPI=1, LAPACK_INFO=mkl, PERF_WITH_AVX=1, PERF_WITH_AVX2=1, PERF_WITH_AVX512=1, TORCH_VERSION=2.4.0, USE_CUDA=OFF, USE_CUDNN=OFF, USE_CUSPARSELT=OFF, USE_EXCEPTION_PTR=1, USE_GFLAGS=OFF, USE_GLOG=OFF, USE_GLOO=ON, USE_MKL=ON, USE_MKLDNN=1, USE_MPI=ON, USE_NCCL=OFF, USE_NNPACK=ON, USE_OPENMP=ON, USE_ROCM=OFF, USE_ROCM_KERNEL_ASSERT=OFF, 

    TorchVision: 0.15.1a0+42759b1
    OpenCV: 4.11.0
    MMEngine: 0.10.4

Runtime environment:
    cudnn_benchmark: False
    dist_cfg: {'backend': 'nccl'}
    mp_cfg: {'mp_start_method': 'fork', 'opencv_num_threads': 0}
    seed: 196882456
    Distributed launcher: pytorch
    Distributed training: True
    GPU number: 4
------------------------------------------------------------

2025/06/22 01:36:00 - mmengine - INFO - Config:
auto_scale_lr = dict(base_batch_size=64, enable=True)
backend_args = None
cudnn_benchmark = True
custom_hooks = [
    dict(type='NumClassCheckHook'),
    dict(interval=50, priority='VERY_LOW', type='CheckInvalidLossHook'),
]
data_root = '/data/teco-data/coco/'
dataset_type = 'CocoDataset'
default_hooks = dict(
    checkpoint=dict(interval=1, type='CheckpointHook'),
    logger=dict(interval=50, type='LoggerHook'),
    param_scheduler=dict(type='ParamSchedulerHook'),
    sampler_seed=dict(type='DistSamplerSeedHook'),
    timer=dict(type='IterTimerHook'),
    visualization=dict(type='DetVisualizationHook'))
default_scope = 'mmdet'
env_cfg = dict(
    cudnn_benchmark=False,
    dist_cfg=dict(backend='nccl'),
    mp_cfg=dict(mp_start_method='fork', opencv_num_threads=0))
input_size = 300
launcher = 'pytorch'
load_from = None
log_level = 'INFO'
log_processor = dict(by_epoch=True, type='LogProcessor', window_size=50)
model = dict(
    backbone=dict(
        ceil_mode=True,
        depth=16,
        init_cfg=dict(
            checkpoint='open-mmlab://vgg16_caffe', type='Pretrained'),
        out_feature_indices=(
            22,
            34,
        ),
        out_indices=(
            3,
            4,
        ),
        type='SSDVGG',
        with_last_pool=False),
    bbox_head=dict(
        anchor_generator=dict(
            basesize_ratio_range=(
                0.15,
                0.9,
            ),
            input_size=300,
            ratios=[
                [
                    2,
                ],
                [
                    2,
                    3,
                ],
                [
                    2,
                    3,
                ],
                [
                    2,
                    3,
                ],
                [
                    2,
                ],
                [
                    2,
                ],
            ],
            scale_major=False,
            strides=[
                8,
                16,
                32,
                64,
                100,
                300,
            ],
            type='SSDAnchorGenerator'),
        bbox_coder=dict(
            target_means=[
                0.0,
                0.0,
                0.0,
                0.0,
            ],
            target_stds=[
                0.1,
                0.1,
                0.2,
                0.2,
            ],
            type='DeltaXYWHBBoxCoder'),
        in_channels=(
            512,
            1024,
            512,
            256,
            256,
            256,
        ),
        num_classes=80,
        type='SSDHead'),
    data_preprocessor=dict(
        bgr_to_rgb=True,
        mean=[
            123.675,
            116.28,
            103.53,
        ],
        pad_size_divisor=1,
        std=[
            1,
            1,
            1,
        ],
        type='DetDataPreprocessor'),
    neck=dict(
        in_channels=(
            512,
            1024,
        ),
        l2_norm_scale=20,
        level_paddings=(
            1,
            1,
            0,
            0,
        ),
        level_strides=(
            2,
            2,
            1,
            1,
        ),
        out_channels=(
            512,
            1024,
            512,
            256,
            256,
            256,
        ),
        type='SSDNeck'),
    test_cfg=dict(
        max_per_img=200,
        min_bbox_size=0,
        nms=dict(iou_threshold=0.45, type='nms'),
        nms_pre=1000,
        score_thr=0.02),
    train_cfg=dict(
        allowed_border=-1,
        assigner=dict(
            gt_max_assign_all=False,
            ignore_iof_thr=-1,
            min_pos_iou=0.0,
            neg_iou_thr=0.5,
            pos_iou_thr=0.5,
            type='MaxIoUAssigner'),
        debug=False,
        neg_pos_ratio=3,
        pos_weight=-1,
        sampler=dict(type='PseudoSampler'),
        smoothl1_beta=1.0),
    type='SingleStageDetector')
optim_wrapper = dict(
    loss_scale='dynamic',
    optimizer=dict(lr=0.002, momentum=0.9, type='SGD', weight_decay=0.0005),
    type='AmpOptimWrapper')
param_scheduler = [
    dict(
        begin=0, by_epoch=False, end=500, start_factor=0.001, type='LinearLR'),
    dict(
        begin=0,
        by_epoch=True,
        end=24,
        gamma=0.1,
        milestones=[
            16,
            22,
        ],
        type='MultiStepLR'),
]
resume = False
test_cfg = dict(type='TestLoop')
test_dataloader = dict(
    batch_size=8,
    dataset=dict(
        ann_file='annotations/instances_val2017.json',
        backend_args=None,
        data_prefix=dict(img='val2017/'),
        data_root='/data/teco-data/coco/',
        pipeline=[
            dict(backend_args=None, type='LoadImageFromFile'),
            dict(keep_ratio=False, scale=(
                300,
                300,
            ), type='Resize'),
            dict(type='LoadAnnotations', with_bbox=True),
            dict(
                meta_keys=(
                    'img_id',
                    'img_path',
                    'ori_shape',
                    'img_shape',
                    'scale_factor',
                ),
                type='PackDetInputs'),
        ],
        test_mode=True,
        type='CocoDataset'),
    drop_last=False,
    num_workers=2,
    persistent_workers=True,
    sampler=dict(shuffle=False, type='DefaultSampler'))
test_evaluator = dict(
    ann_file='/data/teco-data/coco/annotations/instances_val2017.json',
    backend_args=None,
    format_only=False,
    metric='bbox',
    type='CocoMetric')
test_pipeline = [
    dict(backend_args=None, type='LoadImageFromFile'),
    dict(keep_ratio=False, scale=(
        300,
        300,
    ), type='Resize'),
    dict(type='LoadAnnotations', with_bbox=True),
    dict(
        meta_keys=(
            'img_id',
            'img_path',
            'ori_shape',
            'img_shape',
            'scale_factor',
        ),
        type='PackDetInputs'),
]
train_cfg = dict(max_epochs=24, type='EpochBasedTrainLoop', val_interval=1)
train_dataloader = dict(
    batch_sampler=None,
    batch_size=16,
    dataset=dict(
        dataset=dict(
            ann_file='annotations/instances_train2017.json',
            backend_args=None,
            data_prefix=dict(img='train2017/'),
            data_root='/data/teco-data/coco/',
            filter_cfg=dict(filter_empty_gt=True, min_size=32),
            pipeline=[
                dict(backend_args=None, type='LoadImageFromFile'),
                dict(type='LoadAnnotations', with_bbox=True),
                dict(
                    mean=[
                        123.675,
                        116.28,
                        103.53,
                    ],
                    ratio_range=(
                        1,
                        4,
                    ),
                    to_rgb=True,
                    type='Expand'),
                dict(
                    min_crop_size=0.3,
                    min_ious=(
                        0.1,
                        0.3,
                        0.5,
                        0.7,
                        0.9,
                    ),
                    type='MinIoURandomCrop'),
                dict(keep_ratio=False, scale=(
                    300,
                    300,
                ), type='Resize'),
                dict(prob=0.5, type='RandomFlip'),
                dict(
                    brightness_delta=32,
                    contrast_range=(
                        0.5,
                        1.5,
                    ),
                    hue_delta=18,
                    saturation_range=(
                        0.5,
                        1.5,
                    ),
                    type='PhotoMetricDistortion'),
                dict(type='PackDetInputs'),
            ],
            type='CocoDataset'),
        times=5,
        type='RepeatDataset'),
    num_workers=2,
    persistent_workers=True,
    sampler=dict(shuffle=True, type='DefaultSampler'))
train_pipeline = [
    dict(backend_args=None, type='LoadImageFromFile'),
    dict(type='LoadAnnotations', with_bbox=True),
    dict(
        mean=[
            123.675,
            116.28,
            103.53,
        ],
        ratio_range=(
            1,
            4,
        ),
        to_rgb=True,
        type='Expand'),
    dict(
        min_crop_size=0.3,
        min_ious=(
            0.1,
            0.3,
            0.5,
            0.7,
            0.9,
        ),
        type='MinIoURandomCrop'),
    dict(keep_ratio=False, scale=(
        300,
        300,
    ), type='Resize'),
    dict(prob=0.5, type='RandomFlip'),
    dict(
        brightness_delta=32,
        contrast_range=(
            0.5,
            1.5,
        ),
        hue_delta=18,
        saturation_range=(
            0.5,
            1.5,
        ),
        type='PhotoMetricDistortion'),
    dict(type='PackDetInputs'),
]
val_cfg = dict(type='ValLoop')
val_dataloader = dict(
    batch_size=8,
    dataset=dict(
        ann_file='annotations/instances_val2017.json',
        backend_args=None,
        data_prefix=dict(img='val2017/'),
        data_root='/data/teco-data/coco/',
        pipeline=[
            dict(backend_args=None, type='LoadImageFromFile'),
            dict(keep_ratio=False, scale=(
                300,
                300,
            ), type='Resize'),
            dict(type='LoadAnnotations', with_bbox=True),
            dict(
                meta_keys=(
                    'img_id',
                    'img_path',
                    'ori_shape',
                    'img_shape',
                    'scale_factor',
                ),
                type='PackDetInputs'),
        ],
        test_mode=True,
        type='CocoDataset'),
    drop_last=False,
    num_workers=2,
    persistent_workers=True,
    sampler=dict(shuffle=False, type='DefaultSampler'))
val_evaluator = dict(
    ann_file='/data/teco-data/coco/annotations/instances_val2017.json',
    backend_args=None,
    format_only=False,
    metric='bbox',
    type='CocoMetric')
vis_backends = [
    dict(type='LocalVisBackend'),
]
visualizer = dict(
    name='visualizer',
    type='DetLocalVisualizer',
    vis_backends=[
        dict(type='LocalVisBackend'),
    ])
work_dir = '/data/suda-data/dyj/ssd300'

2025/06/22 01:36:01 - mmengine - INFO - Hooks will be executed in the following order:
before_run:
(VERY_HIGH   ) RuntimeInfoHook                    
(BELOW_NORMAL) LoggerHook                         
 -------------------- 
before_train:
(VERY_HIGH   ) RuntimeInfoHook                    
(NORMAL      ) IterTimerHook                      
(VERY_LOW    ) CheckpointHook                     
 -------------------- 
before_train_epoch:
(VERY_HIGH   ) RuntimeInfoHook                    
(NORMAL      ) IterTimerHook                      
(NORMAL      ) DistSamplerSeedHook                
(NORMAL      ) NumClassCheckHook                  
 -------------------- 
before_train_iter:
(VERY_HIGH   ) RuntimeInfoHook                    
(NORMAL      ) IterTimerHook                      
 -------------------- 
after_train_iter:
(VERY_HIGH   ) RuntimeInfoHook                    
(NORMAL      ) IterTimerHook                      
(BELOW_NORMAL) LoggerHook                         
(LOW         ) ParamSchedulerHook                 
(VERY_LOW    ) CheckpointHook                     
(VERY_LOW    ) CheckInvalidLossHook               
 -------------------- 
after_train_epoch:
(NORMAL      ) IterTimerHook                      
(LOW         ) ParamSchedulerHook                 
(VERY_LOW    ) CheckpointHook                     
 -------------------- 
before_val:
(VERY_HIGH   ) RuntimeInfoHook                    
 -------------------- 
before_val_epoch:
(NORMAL      ) IterTimerHook                      
(NORMAL      ) NumClassCheckHook                  
 -------------------- 
before_val_iter:
(NORMAL      ) IterTimerHook                      
 -------------------- 
after_val_iter:
(NORMAL      ) IterTimerHook                      
(NORMAL      ) DetVisualizationHook               
(BELOW_NORMAL) LoggerHook                         
 -------------------- 
after_val_epoch:
(VERY_HIGH   ) RuntimeInfoHook                    
(NORMAL      ) IterTimerHook                      
(BELOW_NORMAL) LoggerHook                         
(LOW         ) ParamSchedulerHook                 
(VERY_LOW    ) CheckpointHook                     
 -------------------- 
after_val:
(VERY_HIGH   ) RuntimeInfoHook                    
 -------------------- 
after_train:
(VERY_HIGH   ) RuntimeInfoHook                    
(VERY_LOW    ) CheckpointHook                     
 -------------------- 
before_test:
(VERY_HIGH   ) RuntimeInfoHook                    
 -------------------- 
before_test_epoch:
(NORMAL      ) IterTimerHook                      
 -------------------- 
before_test_iter:
(NORMAL      ) IterTimerHook                      
 -------------------- 
after_test_iter:
(NORMAL      ) IterTimerHook                      
(NORMAL      ) DetVisualizationHook               
(BELOW_NORMAL) LoggerHook                         
 -------------------- 
after_test_epoch:
(VERY_HIGH   ) RuntimeInfoHook                    
(NORMAL      ) IterTimerHook                      
(BELOW_NORMAL) LoggerHook                         
 -------------------- 
after_test:
(VERY_HIGH   ) RuntimeInfoHook                    
 -------------------- 
after_run:
(BELOW_NORMAL) LoggerHook                         
 -------------------- 
2025/06/22 01:36:25 - mmengine - INFO - LR is set based on batch size of 64 and the current batch size is 64. Scaling the original LR by 1.0.
2025/06/22 01:36:27 - mmengine - INFO - load model from: open-mmlab://vgg16_caffe
2025/06/22 01:36:27 - mmengine - INFO - Loads checkpoint by openmmlab backend from path: open-mmlab://vgg16_caffe
Name of parameter - Initialization information

backbone.features.0.weight - torch.Size([64, 3, 3, 3]): 
PretrainedInit: load from open-mmlab://vgg16_caffe 

backbone.features.0.bias - torch.Size([64]): 
PretrainedInit: load from open-mmlab://vgg16_caffe 

backbone.features.2.weight - torch.Size([64, 64, 3, 3]): 
PretrainedInit: load from open-mmlab://vgg16_caffe 

backbone.features.2.bias - torch.Size([64]): 
PretrainedInit: load from open-mmlab://vgg16_caffe 

backbone.features.5.weight - torch.Size([128, 64, 3, 3]): 
PretrainedInit: load from open-mmlab://vgg16_caffe 

backbone.features.5.bias - torch.Size([128]): 
PretrainedInit: load from open-mmlab://vgg16_caffe 

backbone.features.7.weight - torch.Size([128, 128, 3, 3]): 
PretrainedInit: load from open-mmlab://vgg16_caffe 

backbone.features.7.bias - torch.Size([128]): 
PretrainedInit: load from open-mmlab://vgg16_caffe 

backbone.features.10.weight - torch.Size([256, 128, 3, 3]): 
PretrainedInit: load from open-mmlab://vgg16_caffe 

backbone.features.10.bias - torch.Size([256]): 
PretrainedInit: load from open-mmlab://vgg16_caffe 

backbone.features.12.weight - torch.Size([256, 256, 3, 3]): 
PretrainedInit: load from open-mmlab://vgg16_caffe 

backbone.features.12.bias - torch.Size([256]): 
PretrainedInit: load from open-mmlab://vgg16_caffe 

backbone.features.14.weight - torch.Size([256, 256, 3, 3]): 
PretrainedInit: load from open-mmlab://vgg16_caffe 

backbone.features.14.bias - torch.Size([256]): 
PretrainedInit: load from open-mmlab://vgg16_caffe 

backbone.features.17.weight - torch.Size([512, 256, 3, 3]): 
PretrainedInit: load from open-mmlab://vgg16_caffe 

backbone.features.17.bias - torch.Size([512]): 
PretrainedInit: load from open-mmlab://vgg16_caffe 

backbone.features.19.weight - torch.Size([512, 512, 3, 3]): 
PretrainedInit: load from open-mmlab://vgg16_caffe 

backbone.features.19.bias - torch.Size([512]): 
PretrainedInit: load from open-mmlab://vgg16_caffe 

backbone.features.21.weight - torch.Size([512, 512, 3, 3]): 
PretrainedInit: load from open-mmlab://vgg16_caffe 

backbone.features.21.bias - torch.Size([512]): 
PretrainedInit: load from open-mmlab://vgg16_caffe 

backbone.features.24.weight - torch.Size([512, 512, 3, 3]): 
PretrainedInit: load from open-mmlab://vgg16_caffe 

backbone.features.24.bias - torch.Size([512]): 
PretrainedInit: load from open-mmlab://vgg16_caffe 

backbone.features.26.weight - torch.Size([512, 512, 3, 3]): 
PretrainedInit: load from open-mmlab://vgg16_caffe 

backbone.features.26.bias - torch.Size([512]): 
PretrainedInit: load from open-mmlab://vgg16_caffe 

backbone.features.28.weight - torch.Size([512, 512, 3, 3]): 
PretrainedInit: load from open-mmlab://vgg16_caffe 

backbone.features.28.bias - torch.Size([512]): 
PretrainedInit: load from open-mmlab://vgg16_caffe 

backbone.features.31.weight - torch.Size([1024, 512, 3, 3]): 
PretrainedInit: load from open-mmlab://vgg16_caffe 

backbone.features.31.bias - torch.Size([1024]): 
PretrainedInit: load from open-mmlab://vgg16_caffe 

backbone.features.33.weight - torch.Size([1024, 1024, 1, 1]): 
PretrainedInit: load from open-mmlab://vgg16_caffe 

backbone.features.33.bias - torch.Size([1024]): 
PretrainedInit: load from open-mmlab://vgg16_caffe 

neck.l2_norm.weight - torch.Size([512]): 
ConstantInit: val=20, bias=0 

neck.extra_layers.0.0.conv.weight - torch.Size([256, 1024, 1, 1]): 
XavierInit: gain=1, distribution=uniform, bias=0 

neck.extra_layers.0.0.conv.bias - torch.Size([256]): 
The value is the same before and after calling `init_weights` of SingleStageDetector  

neck.extra_layers.0.1.conv.weight - torch.Size([512, 256, 3, 3]): 
XavierInit: gain=1, distribution=uniform, bias=0 

neck.extra_layers.0.1.conv.bias - torch.Size([512]): 
The value is the same before and after calling `init_weights` of SingleStageDetector  

neck.extra_layers.1.0.conv.weight - torch.Size([128, 512, 1, 1]): 
XavierInit: gain=1, distribution=uniform, bias=0 

neck.extra_layers.1.0.conv.bias - torch.Size([128]): 
The value is the same before and after calling `init_weights` of SingleStageDetector  

neck.extra_layers.1.1.conv.weight - torch.Size([256, 128, 3, 3]): 
XavierInit: gain=1, distribution=uniform, bias=0 

neck.extra_layers.1.1.conv.bias - torch.Size([256]): 
The value is the same before and after calling `init_weights` of SingleStageDetector  

neck.extra_layers.2.0.conv.weight - torch.Size([128, 256, 1, 1]): 
XavierInit: gain=1, distribution=uniform, bias=0 

neck.extra_layers.2.0.conv.bias - torch.Size([128]): 
The value is the same before and after calling `init_weights` of SingleStageDetector  

neck.extra_layers.2.1.conv.weight - torch.Size([256, 128, 3, 3]): 
XavierInit: gain=1, distribution=uniform, bias=0 

neck.extra_layers.2.1.conv.bias - torch.Size([256]): 
The value is the same before and after calling `init_weights` of SingleStageDetector  

neck.extra_layers.3.0.conv.weight - torch.Size([128, 256, 1, 1]): 
XavierInit: gain=1, distribution=uniform, bias=0 

neck.extra_layers.3.0.conv.bias - torch.Size([128]): 
The value is the same before and after calling `init_weights` of SingleStageDetector  

neck.extra_layers.3.1.conv.weight - torch.Size([256, 128, 3, 3]): 
XavierInit: gain=1, distribution=uniform, bias=0 

neck.extra_layers.3.1.conv.bias - torch.Size([256]): 
The value is the same before and after calling `init_weights` of SingleStageDetector  

bbox_head.cls_convs.0.0.weight - torch.Size([324, 512, 3, 3]): 
XavierInit: gain=1, distribution=uniform, bias=0 

bbox_head.cls_convs.0.0.bias - torch.Size([324]): 
XavierInit: gain=1, distribution=uniform, bias=0 

bbox_head.cls_convs.1.0.weight - torch.Size([486, 1024, 3, 3]): 
XavierInit: gain=1, distribution=uniform, bias=0 

bbox_head.cls_convs.1.0.bias - torch.Size([486]): 
XavierInit: gain=1, distribution=uniform, bias=0 

bbox_head.cls_convs.2.0.weight - torch.Size([486, 512, 3, 3]): 
XavierInit: gain=1, distribution=uniform, bias=0 

bbox_head.cls_convs.2.0.bias - torch.Size([486]): 
XavierInit: gain=1, distribution=uniform, bias=0 

bbox_head.cls_convs.3.0.weight - torch.Size([486, 256, 3, 3]): 
XavierInit: gain=1, distribution=uniform, bias=0 

bbox_head.cls_convs.3.0.bias - torch.Size([486]): 
XavierInit: gain=1, distribution=uniform, bias=0 

bbox_head.cls_convs.4.0.weight - torch.Size([324, 256, 3, 3]): 
XavierInit: gain=1, distribution=uniform, bias=0 

bbox_head.cls_convs.4.0.bias - torch.Size([324]): 
XavierInit: gain=1, distribution=uniform, bias=0 

bbox_head.cls_convs.5.0.weight - torch.Size([324, 256, 3, 3]): 
XavierInit: gain=1, distribution=uniform, bias=0 

bbox_head.cls_convs.5.0.bias - torch.Size([324]): 
XavierInit: gain=1, distribution=uniform, bias=0 

bbox_head.reg_convs.0.0.weight - torch.Size([16, 512, 3, 3]): 
XavierInit: gain=1, distribution=uniform, bias=0 

bbox_head.reg_convs.0.0.bias - torch.Size([16]): 
XavierInit: gain=1, distribution=uniform, bias=0 

bbox_head.reg_convs.1.0.weight - torch.Size([24, 1024, 3, 3]): 
XavierInit: gain=1, distribution=uniform, bias=0 

bbox_head.reg_convs.1.0.bias - torch.Size([24]): 
XavierInit: gain=1, distribution=uniform, bias=0 

bbox_head.reg_convs.2.0.weight - torch.Size([24, 512, 3, 3]): 
XavierInit: gain=1, distribution=uniform, bias=0 

bbox_head.reg_convs.2.0.bias - torch.Size([24]): 
XavierInit: gain=1, distribution=uniform, bias=0 

bbox_head.reg_convs.3.0.weight - torch.Size([24, 256, 3, 3]): 
XavierInit: gain=1, distribution=uniform, bias=0 

bbox_head.reg_convs.3.0.bias - torch.Size([24]): 
XavierInit: gain=1, distribution=uniform, bias=0 

bbox_head.reg_convs.4.0.weight - torch.Size([16, 256, 3, 3]): 
XavierInit: gain=1, distribution=uniform, bias=0 

bbox_head.reg_convs.4.0.bias - torch.Size([16]): 
XavierInit: gain=1, distribution=uniform, bias=0 

bbox_head.reg_convs.5.0.weight - torch.Size([16, 256, 3, 3]): 
XavierInit: gain=1, distribution=uniform, bias=0 

bbox_head.reg_convs.5.0.bias - torch.Size([16]): 
XavierInit: gain=1, distribution=uniform, bias=0 
2025/06/22 01:36:29 - mmengine - WARNING - "FileClient" will be deprecated in future. Please use io functions in https://mmengine.readthedocs.io/en/latest/api/fileio.html#file-io
2025/06/22 01:36:29 - mmengine - WARNING - "HardDiskBackend" is the alias of "LocalBackend" and the former will be deprecated in future.
2025/06/22 01:36:29 - mmengine - INFO - Checkpoints will be saved to /data/suda-data/dyj/ssd300.
2025/06/22 01:37:00 - mmengine - INFO - Epoch(train)  [1][  50/9162]  lr: 1.9820e-04  eta: 1 day, 14:18:04  time: 0.6272  data_time: 0.0533  memory: 1708  loss: 24.7549  loss_cls: 20.7389  loss_bbox: 4.0159
2025/06/22 01:37:33 - mmengine - INFO - Epoch(train)  [1][ 100/9162]  lr: 3.9840e-04  eta: 1 day, 15:22:07  time: 0.6625  data_time: 0.0405  memory: 1708  loss: 17.6460  loss_cls: 13.9892  loss_bbox: 3.6568
2025/06/22 01:38:09 - mmengine - INFO - Epoch(train)  [1][ 150/9162]  lr: 5.9860e-04  eta: 1 day, 16:46:58  time: 0.7148  data_time: 0.0938  memory: 1708  loss: 10.7032  loss_cls: 7.3293  loss_bbox: 3.3739
2025/06/22 01:38:45 - mmengine - INFO - Epoch(train)  [1][ 200/9162]  lr: 7.9880e-04  eta: 1 day, 17:38:49  time: 0.7254  data_time: 0.1153  memory: 1708  loss: 9.9525  loss_cls: 6.7436  loss_bbox: 3.2089
2025/06/22 01:39:21 - mmengine - INFO - Epoch(train)  [1][ 250/9162]  lr: 9.9900e-04  eta: 1 day, 18:08:05  time: 0.7232  data_time: 0.1319  memory: 1708  loss: 9.3952  loss_cls: 6.4848  loss_bbox: 2.9104
2025/06/22 01:39:57 - mmengine - INFO - Epoch(train)  [1][ 300/9162]  lr: 1.1992e-03  eta: 1 day, 18:21:09  time: 0.7130  data_time: 0.1240  memory: 1708  loss: 9.6799  loss_cls: 6.7447  loss_bbox: 2.9352
2025/06/22 01:40:33 - mmengine - INFO - Epoch(train)  [1][ 350/9162]  lr: 1.3994e-03  eta: 1 day, 18:34:45  time: 0.7215  data_time: 0.0910  memory: 1708  loss: 9.8031  loss_cls: 6.9244  loss_bbox: 2.8787
2025/06/22 01:41:09 - mmengine - INFO - Epoch(train)  [1][ 400/9162]  lr: 1.5996e-03  eta: 1 day, 18:44:29  time: 0.7208  data_time: 0.0876  memory: 1708  loss: 9.3576  loss_cls: 6.5530  loss_bbox: 2.8046
2025/06/22 01:41:45 - mmengine - INFO - Epoch(train)  [1][ 450/9162]  lr: 1.7998e-03  eta: 1 day, 18:49:22  time: 0.7145  data_time: 0.0897  memory: 1708  loss: 9.3043  loss_cls: 6.5751  loss_bbox: 2.7292
2025/06/22 01:42:21 - mmengine - INFO - Epoch(train)  [1][ 500/9162]  lr: 2.0000e-03  eta: 1 day, 18:57:14  time: 0.7257  data_time: 0.1234  memory: 1708  loss: 9.4001  loss_cls: 6.6649  loss_bbox: 2.7352
2025/06/22 01:42:57 - mmengine - INFO - Epoch(train)  [1][ 550/9162]  lr: 2.0000e-03  eta: 1 day, 19:02:18  time: 0.7218  data_time: 0.1296  memory: 1708  loss: 9.8704  loss_cls: 7.0998  loss_bbox: 2.7706
2025/06/22 01:43:34 - mmengine - INFO - Epoch(train)  [1][ 600/9162]  lr: 2.0000e-03  eta: 1 day, 19:07:23  time: 0.7250  data_time: 0.1277  memory: 1708  loss: 8.9924  loss_cls: 6.4201  loss_bbox: 2.5723
2025/06/22 01:44:10 - mmengine - INFO - Epoch(train)  [1][ 650/9162]  lr: 2.0000e-03  eta: 1 day, 19:12:49  time: 0.7294  data_time: 0.1303  memory: 1708  loss: 8.7524  loss_cls: 6.1053  loss_bbox: 2.6471
2025/06/22 01:44:46 - mmengine - INFO - Epoch(train)  [1][ 700/9162]  lr: 2.0000e-03  eta: 1 day, 19:16:15  time: 0.7250  data_time: 0.1253  memory: 1708  loss: 8.9432  loss_cls: 6.4356  loss_bbox: 2.5075
2025/06/22 01:45:23 - mmengine - INFO - Epoch(train)  [1][ 750/9162]  lr: 2.0000e-03  eta: 1 day, 19:19:42  time: 0.7273  data_time: 0.1290  memory: 1708  loss: 8.2888  loss_cls: 5.7595  loss_bbox: 2.5293
2025/06/22 01:46:00 - mmengine - INFO - Epoch(train)  [1][ 800/9162]  lr: 2.0000e-03  eta: 1 day, 19:26:08  time: 0.7425  data_time: 0.1384  memory: 1708  loss: 8.2424  loss_cls: 5.7121  loss_bbox: 2.5303
2025/06/22 01:46:35 - mmengine - INFO - Epoch(train)  [1][ 850/9162]  lr: 2.0000e-03  eta: 1 day, 19:24:47  time: 0.7102  data_time: 0.1019  memory: 1708  loss: 8.2308  loss_cls: 5.7364  loss_bbox: 2.4944
2025/06/22 01:47:07 - mmengine - INFO - Epoch(train)  [1][ 900/9162]  lr: 2.0000e-03  eta: 1 day, 19:09:14  time: 0.6398  data_time: 0.0500  memory: 1708  loss: 8.0374  loss_cls: 5.5943  loss_bbox: 2.4431
2025/06/22 01:47:43 - mmengine - INFO - Epoch(train)  [1][ 950/9162]  lr: 2.0000e-03  eta: 1 day, 19:08:57  time: 0.7110  data_time: 0.1123  memory: 1708  loss: 7.9724  loss_cls: 5.4913  loss_bbox: 2.4810
2025/06/22 01:48:19 - mmengine - INFO - Exp name: ssd300_coco_20250622_013555
2025/06/22 01:48:19 - mmengine - INFO - Epoch(train)  [1][1000/9162]  lr: 2.0000e-03  eta: 1 day, 19:10:28  time: 0.7211  data_time: 0.0795  memory: 1708  loss: 7.8690  loss_cls: 5.4996  loss_bbox: 2.3693
2025/06/22 01:48:55 - mmengine - INFO - Epoch(train)  [1][1050/9162]  lr: 2.0000e-03  eta: 1 day, 19:12:15  time: 0.7238  data_time: 0.0919  memory: 1708  loss: 7.7684  loss_cls: 5.4439  loss_bbox: 2.3245
2025/06/22 01:49:31 - mmengine - INFO - Epoch(train)  [1][1100/9162]  lr: 2.0000e-03  eta: 1 day, 19:13:18  time: 0.7206  data_time: 0.0913  memory: 1708  loss: 7.7661  loss_cls: 5.4482  loss_bbox: 2.3179
2025/06/22 01:50:08 - mmengine - INFO - Epoch(train)  [1][1150/9162]  lr: 2.0000e-03  eta: 1 day, 19:14:45  time: 0.7242  data_time: 0.1193  memory: 1708  loss: 7.8189  loss_cls: 5.4366  loss_bbox: 2.3823
2025/06/22 01:50:44 - mmengine - INFO - Epoch(train)  [1][1200/9162]  lr: 2.0000e-03  eta: 1 day, 19:16:05  time: 0.7244  data_time: 0.0998  memory: 1708  loss: 7.5697  loss_cls: 5.2681  loss_bbox: 2.3016
2025/06/22 01:51:20 - mmengine - INFO - Epoch(train)  [1][1250/9162]  lr: 2.0000e-03  eta: 1 day, 19:16:35  time: 0.7197  data_time: 0.0904  memory: 1708  loss: 7.7111  loss_cls: 5.3220  loss_bbox: 2.3890
2025/06/22 01:51:56 - mmengine - INFO - Epoch(train)  [1][1300/9162]  lr: 2.0000e-03  eta: 1 day, 19:16:10  time: 0.7138  data_time: 0.0823  memory: 1708  loss: 7.6753  loss_cls: 5.3474  loss_bbox: 2.3279
2025/06/22 01:52:30 - mmengine - INFO - Epoch(train)  [1][1350/9162]  lr: 2.0000e-03  eta: 1 day, 19:12:30  time: 0.6899  data_time: 0.0635  memory: 1708  loss: 7.5551  loss_cls: 5.2125  loss_bbox: 2.3426
2025/06/22 01:53:05 - mmengine - INFO - Epoch(train)  [1][1400/9162]  lr: 2.0000e-03  eta: 1 day, 19:10:59  time: 0.7046  data_time: 0.0905  memory: 1708  loss: 7.4429  loss_cls: 5.1413  loss_bbox: 2.3016
2025/06/22 01:53:41 - mmengine - INFO - Epoch(train)  [1][1450/9162]  lr: 2.0000e-03  eta: 1 day, 19:11:21  time: 0.7192  data_time: 0.1037  memory: 1708  loss: 7.4188  loss_cls: 5.1430  loss_bbox: 2.2758
2025/06/22 01:54:17 - mmengine - INFO - Epoch(train)  [1][1500/9162]  lr: 2.0000e-03  eta: 1 day, 19:09:51  time: 0.7043  data_time: 0.0913  memory: 1708  loss: 7.4126  loss_cls: 5.1227  loss_bbox: 2.2899
2025/06/22 01:54:54 - mmengine - INFO - Epoch(train)  [1][1550/9162]  lr: 2.0000e-03  eta: 1 day, 19:12:39  time: 0.7404  data_time: 0.1086  memory: 1708  loss: 7.2920  loss_cls: 5.0807  loss_bbox: 2.2113
2025/06/22 01:55:29 - mmengine - INFO - Epoch(train)  [1][1600/9162]  lr: 2.0000e-03  eta: 1 day, 19:10:29  time: 0.6987  data_time: 0.1229  memory: 1708  loss: 7.4382  loss_cls: 5.1193  loss_bbox: 2.3189
2025/06/22 01:56:03 - mmengine - INFO - Epoch(train)  [1][1650/9162]  lr: 2.0000e-03  eta: 1 day, 19:07:45  time: 0.6926  data_time: 0.1112  memory: 1708  loss: 7.3288  loss_cls: 5.0737  loss_bbox: 2.2551
2025/06/22 01:56:38 - mmengine - INFO - Epoch(train)  [1][1700/9162]  lr: 2.0000e-03  eta: 1 day, 19:05:52  time: 0.6994  data_time: 0.0754  memory: 1708  loss: 7.2095  loss_cls: 4.9262  loss_bbox: 2.2833
2025/06/22 01:57:14 - mmengine - INFO - Epoch(train)  [1][1750/9162]  lr: 2.0000e-03  eta: 1 day, 19:06:07  time: 0.7193  data_time: 0.0970  memory: 1708  loss: 7.1639  loss_cls: 4.9486  loss_bbox: 2.2152
2025/06/22 01:57:50 - mmengine - INFO - Epoch(train)  [1][1800/9162]  lr: 2.0000e-03  eta: 1 day, 19:06:34  time: 0.7215  data_time: 0.1226  memory: 1708  loss: 7.1821  loss_cls: 4.9315  loss_bbox: 2.2506
2025/06/22 01:58:27 - mmengine - INFO - Epoch(train)  [1][1850/9162]  lr: 2.0000e-03  eta: 1 day, 19:08:06  time: 0.7333  data_time: 0.1231  memory: 1708  loss: 7.1993  loss_cls: 4.9591  loss_bbox: 2.2402
2025/06/22 01:59:03 - mmengine - INFO - Epoch(train)  [1][1900/9162]  lr: 2.0000e-03  eta: 1 day, 19:08:48  time: 0.7258  data_time: 0.0914  memory: 1708  loss: 7.1719  loss_cls: 4.9915  loss_bbox: 2.1804
2025/06/22 01:59:40 - mmengine - INFO - Epoch(train)  [1][1950/9162]  lr: 2.0000e-03  eta: 1 day, 19:09:53  time: 0.7304  data_time: 0.0849  memory: 1708  loss: 7.0848  loss_cls: 4.8672  loss_bbox: 2.2175
2025/06/22 02:00:15 - mmengine - INFO - Exp name: ssd300_coco_20250622_013555
2025/06/22 02:00:15 - mmengine - INFO - Epoch(train)  [1][2000/9162]  lr: 2.0000e-03  eta: 1 day, 19:08:36  time: 0.7054  data_time: 0.0832  memory: 1708  loss: 7.0296  loss_cls: 4.7838  loss_bbox: 2.2458
2025/06/22 02:00:51 - mmengine - INFO - Epoch(train)  [1][2050/9162]  lr: 2.0000e-03  eta: 1 day, 19:07:56  time: 0.7122  data_time: 0.0769  memory: 1708  loss: 7.0654  loss_cls: 4.8013  loss_bbox: 2.2641
2025/06/22 02:01:27 - mmengine - INFO - Epoch(train)  [1][2100/9162]  lr: 2.0000e-03  eta: 1 day, 19:07:50  time: 0.7185  data_time: 0.1074  memory: 1708  loss: 7.0340  loss_cls: 4.8309  loss_bbox: 2.2031
2025/06/22 02:02:03 - mmengine - INFO - Epoch(train)  [1][2150/9162]  lr: 2.0000e-03  eta: 1 day, 19:08:27  time: 0.7272  data_time: 0.1174  memory: 1708  loss: 6.9109  loss_cls: 4.7419  loss_bbox: 2.1691
2025/06/22 02:02:39 - mmengine - INFO - Epoch(train)  [1][2200/9162]  lr: 2.0000e-03  eta: 1 day, 19:08:09  time: 0.7170  data_time: 0.0778  memory: 1708  loss: 6.9050  loss_cls: 4.7394  loss_bbox: 2.1656
2025/06/22 02:03:15 - mmengine - INFO - Epoch(train)  [1][2250/9162]  lr: 2.0000e-03  eta: 1 day, 19:08:41  time: 0.7272  data_time: 0.1089  memory: 1708  loss: 6.9127  loss_cls: 4.6992  loss_bbox: 2.2135
2025/06/22 02:03:51 - mmengine - INFO - Epoch(train)  [1][2300/9162]  lr: 2.0000e-03  eta: 1 day, 19:08:39  time: 0.7207  data_time: 0.1088  memory: 1708  loss: 6.8120  loss_cls: 4.6865  loss_bbox: 2.1255
2025/06/22 02:04:27 - mmengine - INFO - Epoch(train)  [1][2350/9162]  lr: 2.0000e-03  eta: 1 day, 19:07:51  time: 0.7113  data_time: 0.0961  memory: 1708  loss: 6.8084  loss_cls: 4.6178  loss_bbox: 2.1906
2025/06/22 02:05:03 - mmengine - INFO - Epoch(train)  [1][2400/9162]  lr: 2.0000e-03  eta: 1 day, 19:08:11  time: 0.7260  data_time: 0.0996  memory: 1708  loss: 6.7841  loss_cls: 4.6332  loss_bbox: 2.1510
2025/06/22 02:05:39 - mmengine - INFO - Epoch(train)  [1][2450/9162]  lr: 2.0000e-03  eta: 1 day, 19:07:35  time: 0.7140  data_time: 0.0865  memory: 1708  loss: 6.7271  loss_cls: 4.5795  loss_bbox: 2.1475
2025/06/22 02:06:16 - mmengine - INFO - Epoch(train)  [1][2500/9162]  lr: 2.0000e-03  eta: 1 day, 19:08:43  time: 0.7377  data_time: 0.1347  memory: 1708  loss: 6.7287  loss_cls: 4.6063  loss_bbox: 2.1224
2025/06/22 02:06:52 - mmengine - INFO - Epoch(train)  [1][2550/9162]  lr: 2.0000e-03  eta: 1 day, 19:09:00  time: 0.7270  data_time: 0.1085  memory: 1708  loss: 6.6945  loss_cls: 4.5199  loss_bbox: 2.1746
2025/06/22 02:07:29 - mmengine - INFO - Epoch(train)  [1][2600/9162]  lr: 2.0000e-03  eta: 1 day, 19:09:13  time: 0.7264  data_time: 0.1330  memory: 1708  loss: 6.5914  loss_cls: 4.4973  loss_bbox: 2.0941
2025/06/22 02:08:05 - mmengine - INFO - Epoch(train)  [1][2650/9162]  lr: 2.0000e-03  eta: 1 day, 19:08:57  time: 0.7198  data_time: 0.1220  memory: 1708  loss: 6.6802  loss_cls: 4.5449  loss_bbox: 2.1354
2025/06/22 02:08:41 - mmengine - INFO - Epoch(train)  [1][2700/9162]  lr: 2.0000e-03  eta: 1 day, 19:09:18  time: 0.7290  data_time: 0.1356  memory: 1708  loss: 6.6352  loss_cls: 4.5177  loss_bbox: 2.1175
2025/06/22 02:09:17 - mmengine - INFO - Epoch(train)  [1][2750/9162]  lr: 2.0000e-03  eta: 1 day, 19:09:15  time: 0.7237  data_time: 0.1062  memory: 1708  loss: 6.6076  loss_cls: 4.5218  loss_bbox: 2.0858
2025/06/22 02:09:53 - mmengine - INFO - Epoch(train)  [1][2800/9162]  lr: 2.0000e-03  eta: 1 day, 19:09:02  time: 0.7214  data_time: 0.1232  memory: 1708  loss: 6.5838  loss_cls: 4.5011  loss_bbox: 2.0827
2025/06/22 02:10:30 - mmengine - INFO - Epoch(train)  [1][2850/9162]  lr: 2.0000e-03  eta: 1 day, 19:09:14  time: 0.7280  data_time: 0.1121  memory: 1708  loss: 6.5754  loss_cls: 4.4667  loss_bbox: 2.1088
2025/06/22 02:11:06 - mmengine - INFO - Epoch(train)  [1][2900/9162]  lr: 2.0000e-03  eta: 1 day, 19:09:02  time: 0.7222  data_time: 0.1239  memory: 1708  loss: 6.5446  loss_cls: 4.4610  loss_bbox: 2.0836
2025/06/22 02:11:43 - mmengine - INFO - Epoch(train)  [1][2950/9162]  lr: 2.0000e-03  eta: 1 day, 19:10:22  time: 0.7474  data_time: 0.1306  memory: 1708  loss: 6.5333  loss_cls: 4.4221  loss_bbox: 2.1113
2025/06/22 02:12:20 - mmengine - INFO - Exp name: ssd300_coco_20250622_013555
2025/06/22 02:12:20 - mmengine - INFO - Epoch(train)  [1][3000/9162]  lr: 2.0000e-03  eta: 1 day, 19:10:56  time: 0.7358  data_time: 0.1316  memory: 1708  loss: 6.4841  loss_cls: 4.4199  loss_bbox: 2.0642
2025/06/22 02:12:57 - mmengine - INFO - Epoch(train)  [1][3050/9162]  lr: 2.0000e-03  eta: 1 day, 19:11:32  time: 0.7370  data_time: 0.1392  memory: 1708  loss: 6.4624  loss_cls: 4.4241  loss_bbox: 2.0383
2025/06/22 02:13:33 - mmengine - INFO - Epoch(train)  [1][3100/9162]  lr: 2.0000e-03  eta: 1 day, 19:11:08  time: 0.7204  data_time: 0.1157  memory: 1708  loss: 6.3724  loss_cls: 4.3637  loss_bbox: 2.0087
2025/06/22 02:14:10 - mmengine - INFO - Epoch(train)  [1][3150/9162]  lr: 2.0000e-03  eta: 1 day, 19:11:13  time: 0.7289  data_time: 0.1229  memory: 1708  loss: 6.4360  loss_cls: 4.3771  loss_bbox: 2.0590
2025/06/22 02:14:46 - mmengine - INFO - Epoch(train)  [1][3200/9162]  lr: 2.0000e-03  eta: 1 day, 19:11:14  time: 0.7284  data_time: 0.1057  memory: 1708  loss: 6.3319  loss_cls: 4.2999  loss_bbox: 2.0320
2025/06/22 02:15:23 - mmengine - INFO - Epoch(train)  [1][3250/9162]  lr: 2.0000e-03  eta: 1 day, 19:11:20  time: 0.7301  data_time: 0.1110  memory: 1708  loss: 6.3760  loss_cls: 4.3274  loss_bbox: 2.0487
2025/06/22 02:15:59 - mmengine - INFO - Epoch(train)  [1][3300/9162]  lr: 2.0000e-03  eta: 1 day, 19:11:27  time: 0.7306  data_time: 0.1074  memory: 1708  loss: 6.4029  loss_cls: 4.3545  loss_bbox: 2.0485
2025/06/22 02:16:36 - mmengine - INFO - Epoch(train)  [1][3350/9162]  lr: 2.0000e-03  eta: 1 day, 19:11:32  time: 0.7306  data_time: 0.1364  memory: 1708  loss: 6.2958  loss_cls: 4.2851  loss_bbox: 2.0107
2025/06/22 02:17:12 - mmengine - INFO - Epoch(train)  [1][3400/9162]  lr: 2.0000e-03  eta: 1 day, 19:11:18  time: 0.7250  data_time: 0.1265  memory: 1708  loss: 6.4478  loss_cls: 4.3646  loss_bbox: 2.0831
2025/06/22 02:17:48 - mmengine - INFO - Epoch(train)  [1][3450/9162]  lr: 2.0000e-03  eta: 1 day, 19:10:43  time: 0.7185  data_time: 0.1292  memory: 1708  loss: 6.3319  loss_cls: 4.2466  loss_bbox: 2.0853
2025/06/22 02:18:23 - mmengine - INFO - Epoch(train)  [1][3500/9162]  lr: 2.0000e-03  eta: 1 day, 19:08:48  time: 0.6926  data_time: 0.0650  memory: 1708  loss: 6.3450  loss_cls: 4.3174  loss_bbox: 2.0276
2025/06/22 02:18:59 - mmengine - INFO - Epoch(train)  [1][3550/9162]  lr: 2.0000e-03  eta: 1 day, 19:08:48  time: 0.7296  data_time: 0.0638  memory: 1708  loss: 6.2838  loss_cls: 4.2052  loss_bbox: 2.0786
2025/06/22 02:19:36 - mmengine - INFO - Epoch(train)  [1][3600/9162]  lr: 2.0000e-03  eta: 1 day, 19:08:58  time: 0.7331  data_time: 0.1163  memory: 1708  loss: 6.2788  loss_cls: 4.2630  loss_bbox: 2.0158
2025/06/22 02:20:12 - mmengine - INFO - Epoch(train)  [1][3650/9162]  lr: 2.0000e-03  eta: 1 day, 19:08:56  time: 0.7296  data_time: 0.1223  memory: 1708  loss: 6.2560  loss_cls: 4.2644  loss_bbox: 1.9915
2025/06/22 02:20:48 - mmengine - INFO - Epoch(train)  [1][3700/9162]  lr: 2.0000e-03  eta: 1 day, 19:08:13  time: 0.7159  data_time: 0.1044  memory: 1708  loss: 6.1915  loss_cls: 4.1934  loss_bbox: 1.9981
2025/06/22 02:21:25 - mmengine - INFO - Epoch(train)  [1][3750/9162]  lr: 2.0000e-03  eta: 1 day, 19:08:11  time: 0.7303  data_time: 0.1203  memory: 1708  loss: 6.2946  loss_cls: 4.2790  loss_bbox: 2.0156
2025/06/22 02:22:01 - mmengine - INFO - Epoch(train)  [1][3800/9162]  lr: 2.0000e-03  eta: 1 day, 19:08:02  time: 0.7278  data_time: 0.1061  memory: 1708  loss: 6.3415  loss_cls: 4.2700  loss_bbox: 2.0715
2025/06/22 02:22:37 - mmengine - INFO - Epoch(train)  [1][3850/9162]  lr: 2.0000e-03  eta: 1 day, 19:07:44  time: 0.7250  data_time: 0.1291  memory: 1708  loss: 6.3353  loss_cls: 4.2339  loss_bbox: 2.1014
2025/06/22 02:23:13 - mmengine - INFO - Epoch(train)  [1][3900/9162]  lr: 2.0000e-03  eta: 1 day, 19:07:18  time: 0.7224  data_time: 0.1027  memory: 1708  loss: 6.2060  loss_cls: 4.2096  loss_bbox: 1.9963
2025/06/22 02:23:50 - mmengine - INFO - Epoch(train)  [1][3950/9162]  lr: 2.0000e-03  eta: 1 day, 19:07:03  time: 0.7264  data_time: 0.1041  memory: 1708  loss: 6.1641  loss_cls: 4.1805  loss_bbox: 1.9836
2025/06/22 02:24:26 - mmengine - INFO - Exp name: ssd300_coco_20250622_013555
2025/06/22 02:24:26 - mmengine - INFO - Epoch(train)  [1][4000/9162]  lr: 2.0000e-03  eta: 1 day, 19:06:24  time: 0.7176  data_time: 0.0892  memory: 1708  loss: 6.2634  loss_cls: 4.2283  loss_bbox: 2.0351
2025/06/22 02:25:03 - mmengine - INFO - Epoch(train)  [1][4050/9162]  lr: 2.0000e-03  eta: 1 day, 19:06:48  time: 0.7415  data_time: 0.1167  memory: 1708  loss: 6.1645  loss_cls: 4.1610  loss_bbox: 2.0035
2025/06/22 02:25:39 - mmengine - INFO - Epoch(train)  [1][4100/9162]  lr: 2.0000e-03  eta: 1 day, 19:06:42  time: 0.7303  data_time: 0.1146  memory: 1708  loss: 6.1683  loss_cls: 4.1757  loss_bbox: 1.9926
2025/06/22 02:26:15 - mmengine - INFO - Epoch(train)  [1][4150/9162]  lr: 2.0000e-03  eta: 1 day, 19:06:09  time: 0.7204  data_time: 0.1163  memory: 1708  loss: 6.1176  loss_cls: 4.1216  loss_bbox: 1.9960
2025/06/22 02:26:50 - mmengine - INFO - Epoch(train)  [1][4200/9162]  lr: 2.0000e-03  eta: 1 day, 19:04:13  time: 0.6880  data_time: 0.0724  memory: 1708  loss: 6.0538  loss_cls: 4.0518  loss_bbox: 2.0021
2025/06/22 02:27:26 - mmengine - INFO - Epoch(train)  [1][4250/9162]  lr: 2.0000e-03  eta: 1 day, 19:03:43  time: 0.7215  data_time: 0.0802  memory: 1708  loss: 6.1241  loss_cls: 4.1147  loss_bbox: 2.0094
2025/06/22 02:28:02 - mmengine - INFO - Epoch(train)  [1][4300/9162]  lr: 2.0000e-03  eta: 1 day, 19:03:17  time: 0.7229  data_time: 0.1171  memory: 1708  loss: 6.0848  loss_cls: 4.1220  loss_bbox: 1.9628
2025/06/22 02:28:38 - mmengine - INFO - Epoch(train)  [1][4350/9162]  lr: 2.0000e-03  eta: 1 day, 19:02:52  time: 0.7232  data_time: 0.1219  memory: 1708  loss: 6.1082  loss_cls: 4.0662  loss_bbox: 2.0420
2025/06/22 02:29:15 - mmengine - INFO - Epoch(train)  [1][4400/9162]  lr: 2.0000e-03  eta: 1 day, 19:02:32  time: 0.7256  data_time: 0.1186  memory: 1708  loss: 6.1250  loss_cls: 4.1372  loss_bbox: 1.9877
2025/06/22 02:29:49 - mmengine - INFO - Epoch(train)  [1][4450/9162]  lr: 2.0000e-03  eta: 1 day, 19:01:02  time: 0.6967  data_time: 0.0686  memory: 1708  loss: 6.1469  loss_cls: 4.1143  loss_bbox: 2.0326
2025/06/22 02:30:22 - mmengine - INFO - Epoch(train)  [1][4500/9162]  lr: 2.0000e-03  eta: 1 day, 18:57:38  time: 0.6488  data_time: 0.0662  memory: 1708  loss: 6.0362  loss_cls: 4.0458  loss_bbox: 1.9904
2025/06/22 02:30:58 - mmengine - INFO - Epoch(train)  [1][4550/9162]  lr: 2.0000e-03  eta: 1 day, 18:56:55  time: 0.7149  data_time: 0.0861  memory: 1708  loss: 6.1312  loss_cls: 4.1109  loss_bbox: 2.0203
2025/06/22 02:31:34 - mmengine - INFO - Epoch(train)  [1][4600/9162]  lr: 2.0000e-03  eta: 1 day, 18:56:28  time: 0.7220  data_time: 0.1008  memory: 1708  loss: 6.0883  loss_cls: 4.0778  loss_bbox: 2.0105
2025/06/22 02:32:11 - mmengine - INFO - Epoch(train)  [1][4650/9162]  lr: 2.0000e-03  eta: 1 day, 18:56:31  time: 0.7347  data_time: 0.1115  memory: 1708  loss: 6.1202  loss_cls: 4.1351  loss_bbox: 1.9851
2025/06/22 02:32:45 - mmengine - INFO - Epoch(train)  [1][4700/9162]  lr: 2.0000e-03  eta: 1 day, 18:54:51  time: 0.6900  data_time: 0.0673  memory: 1708  loss: 6.0767  loss_cls: 4.1075  loss_bbox: 1.9692
2025/06/22 02:33:22 - mmengine - INFO - Epoch(train)  [1][4750/9162]  lr: 2.0000e-03  eta: 1 day, 18:54:50  time: 0.7337  data_time: 0.1332  memory: 1708  loss: 6.0545  loss_cls: 4.1297  loss_bbox: 1.9248
2025/06/22 02:33:58 - mmengine - INFO - Epoch(train)  [1][4800/9162]  lr: 2.0000e-03  eta: 1 day, 18:54:19  time: 0.7199  data_time: 0.0936  memory: 1708  loss: 6.0014  loss_cls: 4.1075  loss_bbox: 1.8939
2025/06/22 02:34:34 - mmengine - INFO - Epoch(train)  [1][4850/9162]  lr: 2.0000e-03  eta: 1 day, 18:53:52  time: 0.7225  data_time: 0.0961  memory: 1708  loss: 5.9894  loss_cls: 4.0306  loss_bbox: 1.9588
2025/06/22 02:35:10 - mmengine - INFO - Epoch(train)  [1][4900/9162]  lr: 2.0000e-03  eta: 1 day, 18:53:27  time: 0.7230  data_time: 0.1152  memory: 1708  loss: 6.0412  loss_cls: 4.0233  loss_bbox: 2.0179
2025/06/22 02:35:45 - mmengine - INFO - Epoch(train)  [1][4950/9162]  lr: 2.0000e-03  eta: 1 day, 18:52:23  time: 0.7054  data_time: 0.0625  memory: 1708  loss: 6.0712  loss_cls: 4.0583  loss_bbox: 2.0128
2025/06/22 02:36:21 - mmengine - INFO - Exp name: ssd300_coco_20250622_013555
2025/06/22 02:36:21 - mmengine - INFO - Epoch(train)  [1][5000/9162]  lr: 2.0000e-03  eta: 1 day, 18:51:37  time: 0.7130  data_time: 0.0852  memory: 1708  loss: 6.0365  loss_cls: 4.0437  loss_bbox: 1.9928
2025/06/22 02:36:57 - mmengine - INFO - Epoch(train)  [1][5050/9162]  lr: 2.0000e-03  eta: 1 day, 18:50:52  time: 0.7138  data_time: 0.0736  memory: 1708  loss: 5.9537  loss_cls: 3.9788  loss_bbox: 1.9749
2025/06/22 02:37:33 - mmengine - INFO - Epoch(train)  [1][5100/9162]  lr: 2.0000e-03  eta: 1 day, 18:50:23  time: 0.7216  data_time: 0.1272  memory: 1708  loss: 5.9826  loss_cls: 4.0536  loss_bbox: 1.9290
2025/06/22 02:38:07 - mmengine - INFO - Epoch(train)  [1][5150/9162]  lr: 2.0000e-03  eta: 1 day, 18:48:46  time: 0.6886  data_time: 0.0873  memory: 1708  loss: 5.8604  loss_cls: 3.9394  loss_bbox: 1.9210
2025/06/22 02:38:44 - mmengine - INFO - Epoch(train)  [1][5200/9162]  lr: 2.0000e-03  eta: 1 day, 18:48:24  time: 0.7245  data_time: 0.1135  memory: 1708  loss: 5.9300  loss_cls: 3.9765  loss_bbox: 1.9535
2025/06/22 02:39:19 - mmengine - INFO - Epoch(train)  [1][5250/9162]  lr: 2.0000e-03  eta: 1 day, 18:47:30  time: 0.7088  data_time: 0.0966  memory: 1708  loss: 5.8969  loss_cls: 3.9970  loss_bbox: 1.8999
2025/06/22 02:39:56 - mmengine - INFO - Epoch(train)  [1][5300/9162]  lr: 2.0000e-03  eta: 1 day, 18:47:15  time: 0.7283  data_time: 0.1334  memory: 1708  loss: 5.8846  loss_cls: 3.9815  loss_bbox: 1.9031
2025/06/22 02:40:32 - mmengine - INFO - Epoch(train)  [1][5350/9162]  lr: 2.0000e-03  eta: 1 day, 18:47:06  time: 0.7312  data_time: 0.1426  memory: 1708  loss: 5.8362  loss_cls: 3.9476  loss_bbox: 1.8886
2025/06/22 02:41:08 - mmengine - INFO - Epoch(train)  [1][5400/9162]  lr: 2.0000e-03  eta: 1 day, 18:46:33  time: 0.7191  data_time: 0.1067  memory: 1708  loss: 5.8647  loss_cls: 3.9577  loss_bbox: 1.9070
2025/06/22 02:41:45 - mmengine - INFO - Epoch(train)  [1][5450/9162]  lr: 2.0000e-03  eta: 1 day, 18:46:16  time: 0.7276  data_time: 0.1041  memory: 1708  loss: 5.9141  loss_cls: 3.9656  loss_bbox: 1.9485
2025/06/22 02:42:21 - mmengine - INFO - Epoch(train)  [1][5500/9162]  lr: 2.0000e-03  eta: 1 day, 18:46:02  time: 0.7296  data_time: 0.0986  memory: 1708  loss: 5.8309  loss_cls: 3.9017  loss_bbox: 1.9292
2025/06/22 02:42:57 - mmengine - INFO - Epoch(train)  [1][5550/9162]  lr: 2.0000e-03  eta: 1 day, 18:45:28  time: 0.7187  data_time: 0.1161  memory: 1708  loss: 5.8156  loss_cls: 3.8988  loss_bbox: 1.9169
2025/06/22 02:43:33 - mmengine - INFO - Epoch(train)  [1][5600/9162]  lr: 2.0000e-03  eta: 1 day, 18:44:58  time: 0.7217  data_time: 0.1012  memory: 1708  loss: 5.7936  loss_cls: 3.9183  loss_bbox: 1.8753
2025/06/22 02:44:08 - mmengine - INFO - Epoch(train)  [1][5650/9162]  lr: 2.0000e-03  eta: 1 day, 18:43:55  time: 0.7034  data_time: 0.0838  memory: 1708  loss: 6.0645  loss_cls: 4.0349  loss_bbox: 2.0296
2025/06/22 02:44:42 - mmengine - INFO - Epoch(train)  [1][5700/9162]  lr: 2.0000e-03  eta: 1 day, 18:42:08  time: 0.6804  data_time: 0.0660  memory: 1708  loss: 5.8485  loss_cls: 3.9613  loss_bbox: 1.8871
2025/06/22 02:45:18 - mmengine - INFO - Epoch(train)  [1][5750/9162]  lr: 2.0000e-03  eta: 1 day, 18:41:25  time: 0.7142  data_time: 0.0796  memory: 1708  loss: 5.8789  loss_cls: 3.9638  loss_bbox: 1.9151
2025/06/22 02:45:54 - mmengine - INFO - Epoch(train)  [1][5800/9162]  lr: 2.0000e-03  eta: 1 day, 18:40:52  time: 0.7189  data_time: 0.1196  memory: 1708  loss: 5.7610  loss_cls: 3.8462  loss_bbox: 1.9148
2025/06/22 02:46:30 - mmengine - INFO - Epoch(train)  [1][5850/9162]  lr: 2.0000e-03  eta: 1 day, 18:40:30  time: 0.7255  data_time: 0.1222  memory: 1708  loss: 5.8706  loss_cls: 3.9128  loss_bbox: 1.9578
2025/06/22 02:47:07 - mmengine - INFO - Epoch(train)  [1][5900/9162]  lr: 2.0000e-03  eta: 1 day, 18:40:25  time: 0.7350  data_time: 0.1187  memory: 1708  loss: 5.8655  loss_cls: 3.9442  loss_bbox: 1.9213
2025/06/22 02:47:43 - mmengine - INFO - Epoch(train)  [1][5950/9162]  lr: 2.0000e-03  eta: 1 day, 18:39:40  time: 0.7125  data_time: 0.0702  memory: 1708  loss: 5.9945  loss_cls: 3.9631  loss_bbox: 2.0314
2025/06/22 02:48:19 - mmengine - INFO - Exp name: ssd300_coco_20250622_013555
2025/06/22 02:48:19 - mmengine - INFO - Epoch(train)  [1][6000/9162]  lr: 2.0000e-03  eta: 1 day, 18:39:12  time: 0.7222  data_time: 0.1277  memory: 1708  loss: 5.7715  loss_cls: 3.9125  loss_bbox: 1.8590
2025/06/22 02:48:55 - mmengine - INFO - Epoch(train)  [1][6050/9162]  lr: 2.0000e-03  eta: 1 day, 18:38:53  time: 0.7276  data_time: 0.1318  memory: 1708  loss: 5.7832  loss_cls: 3.8908  loss_bbox: 1.8924
2025/06/22 02:49:32 - mmengine - INFO - Epoch(train)  [1][6100/9162]  lr: 2.0000e-03  eta: 1 day, 18:38:32  time: 0.7265  data_time: 0.1058  memory: 1708  loss: 5.7792  loss_cls: 3.8931  loss_bbox: 1.8861
2025/06/22 02:50:08 - mmengine - INFO - Epoch(train)  [1][6150/9162]  lr: 2.0000e-03  eta: 1 day, 18:38:03  time: 0.7219  data_time: 0.0748  memory: 1708  loss: 5.7471  loss_cls: 3.8875  loss_bbox: 1.8596
2025/06/22 02:50:44 - mmengine - INFO - Epoch(train)  [1][6200/9162]  lr: 2.0000e-03  eta: 1 day, 18:37:42  time: 0.7268  data_time: 0.0982  memory: 1708  loss: 5.7942  loss_cls: 3.8492  loss_bbox: 1.9450
2025/06/22 02:51:21 - mmengine - INFO - Epoch(train)  [1][6250/9162]  lr: 2.0000e-03  eta: 1 day, 18:37:34  time: 0.7348  data_time: 0.1414  memory: 1708  loss: 5.7833  loss_cls: 3.9046  loss_bbox: 1.8788
2025/06/22 02:51:58 - mmengine - INFO - Epoch(train)  [1][6300/9162]  lr: 2.0000e-03  eta: 1 day, 18:37:43  time: 0.7443  data_time: 0.1367  memory: 1708  loss: 5.8042  loss_cls: 3.8845  loss_bbox: 1.9197
2025/06/22 02:52:34 - mmengine - INFO - Epoch(train)  [1][6350/9162]  lr: 2.0000e-03  eta: 1 day, 18:37:09  time: 0.7198  data_time: 0.0899  memory: 1708  loss: 5.8497  loss_cls: 3.8985  loss_bbox: 1.9513
2025/06/22 02:53:10 - mmengine - INFO - Epoch(train)  [1][6400/9162]  lr: 2.0000e-03  eta: 1 day, 18:36:23  time: 0.7127  data_time: 0.0839  memory: 1708  loss: 5.7216  loss_cls: 3.7906  loss_bbox: 1.9310
2025/06/22 02:53:46 - mmengine - INFO - Epoch(train)  [1][6450/9162]  lr: 2.0000e-03  eta: 1 day, 18:36:02  time: 0.7273  data_time: 0.0859  memory: 1708  loss: 5.7840  loss_cls: 3.9057  loss_bbox: 1.8783
2025/06/22 02:54:23 - mmengine - INFO - Epoch(train)  [1][6500/9162]  lr: 2.0000e-03  eta: 1 day, 18:35:46  time: 0.7307  data_time: 0.1327  memory: 1708  loss: 5.7095  loss_cls: 3.8013  loss_bbox: 1.9082
2025/06/22 02:54:59 - mmengine - INFO - Epoch(train)  [1][6550/9162]  lr: 2.0000e-03  eta: 1 day, 18:35:16  time: 0.7226  data_time: 0.1006  memory: 1708  loss: 5.6593  loss_cls: 3.7855  loss_bbox: 1.8737
2025/06/22 02:55:35 - mmengine - INFO - Epoch(train)  [1][6600/9162]  lr: 2.0000e-03  eta: 1 day, 18:34:50  time: 0.7247  data_time: 0.1200  memory: 1708  loss: 5.6877  loss_cls: 3.8117  loss_bbox: 1.8759
2025/06/22 02:56:12 - mmengine - INFO - Epoch(train)  [1][6650/9162]  lr: 2.0000e-03  eta: 1 day, 18:34:33  time: 0.7301  data_time: 0.1282  memory: 1708  loss: 5.6636  loss_cls: 3.8129  loss_bbox: 1.8507
2025/06/22 02:56:48 - mmengine - INFO - Epoch(train)  [1][6700/9162]  lr: 2.0000e-03  eta: 1 day, 18:34:08  time: 0.7260  data_time: 0.1196  memory: 1708  loss: 5.7638  loss_cls: 3.8043  loss_bbox: 1.9595
2025/06/22 02:57:24 - mmengine - INFO - Epoch(train)  [1][6750/9162]  lr: 2.0000e-03  eta: 1 day, 18:33:33  time: 0.7193  data_time: 0.1059  memory: 1708  loss: 5.7421  loss_cls: 3.8285  loss_bbox: 1.9136
2025/06/22 02:58:01 - mmengine - INFO - Epoch(train)  [1][6800/9162]  lr: 2.0000e-03  eta: 1 day, 18:33:39  time: 0.7458  data_time: 0.1326  memory: 1708  loss: 5.7079  loss_cls: 3.8106  loss_bbox: 1.8973
2025/06/22 02:58:35 - mmengine - INFO - Epoch(train)  [1][6850/9162]  lr: 2.0000e-03  eta: 1 day, 18:31:48  time: 0.6705  data_time: 0.0778  memory: 1708  loss: 5.6606  loss_cls: 3.7631  loss_bbox: 1.8975
2025/06/22 02:59:11 - mmengine - INFO - Epoch(train)  [1][6900/9162]  lr: 2.0000e-03  eta: 1 day, 18:31:26  time: 0.7279  data_time: 0.1137  memory: 1708  loss: 5.6922  loss_cls: 3.7789  loss_bbox: 1.9133
2025/06/22 02:59:48 - mmengine - INFO - Epoch(train)  [1][6950/9162]  lr: 2.0000e-03  eta: 1 day, 18:31:20  time: 0.7380  data_time: 0.1299  memory: 1708  loss: 5.7065  loss_cls: 3.8045  loss_bbox: 1.9020
2025/06/22 03:00:24 - mmengine - INFO - Exp name: ssd300_coco_20250622_013555
2025/06/22 03:00:24 - mmengine - INFO - Epoch(train)  [1][7000/9162]  lr: 2.0000e-03  eta: 1 day, 18:30:53  time: 0.7248  data_time: 0.1186  memory: 1708  loss: 5.6112  loss_cls: 3.7325  loss_bbox: 1.8788
2025/06/22 03:01:01 - mmengine - INFO - Epoch(train)  [1][7050/9162]  lr: 2.0000e-03  eta: 1 day, 18:30:25  time: 0.7241  data_time: 0.1213  memory: 1708  loss: 5.7183  loss_cls: 3.8253  loss_bbox: 1.8931
2025/06/22 03:01:37 - mmengine - INFO - Epoch(train)  [1][7100/9162]  lr: 2.0000e-03  eta: 1 day, 18:29:51  time: 0.7207  data_time: 0.1088  memory: 1708  loss: 5.5683  loss_cls: 3.7119  loss_bbox: 1.8565
2025/06/22 03:02:13 - mmengine - INFO - Epoch(train)  [1][7150/9162]  lr: 2.0000e-03  eta: 1 day, 18:29:14  time: 0.7181  data_time: 0.0918  memory: 1708  loss: 5.5884  loss_cls: 3.7309  loss_bbox: 1.8575
2025/06/22 03:02:48 - mmengine - INFO - Epoch(train)  [1][7200/9162]  lr: 2.0000e-03  eta: 1 day, 18:28:31  time: 0.7139  data_time: 0.0789  memory: 1708  loss: 5.5611  loss_cls: 3.6787  loss_bbox: 1.8825
2025/06/22 03:03:24 - mmengine - INFO - Epoch(train)  [1][7250/9162]  lr: 2.0000e-03  eta: 1 day, 18:27:52  time: 0.7174  data_time: 0.0866  memory: 1708  loss: 5.6161  loss_cls: 3.7683  loss_bbox: 1.8478
2025/06/22 03:04:00 - mmengine - INFO - Epoch(train)  [1][7300/9162]  lr: 2.0000e-03  eta: 1 day, 18:27:18  time: 0.7202  data_time: 0.1050  memory: 1708  loss: 5.8167  loss_cls: 3.8811  loss_bbox: 1.9356
2025/06/22 03:04:38 - mmengine - INFO - Epoch(train)  [1][7350/9162]  lr: 2.0000e-03  eta: 1 day, 18:27:18  time: 0.7435  data_time: 0.1067  memory: 1708  loss: 5.6091  loss_cls: 3.7406  loss_bbox: 1.8685
2025/06/22 03:05:14 - mmengine - INFO - Epoch(train)  [1][7400/9162]  lr: 2.0000e-03  eta: 1 day, 18:26:56  time: 0.7289  data_time: 0.1140  memory: 1708  loss: 5.6381  loss_cls: 3.7882  loss_bbox: 1.8498
2025/06/22 03:05:50 - mmengine - INFO - Epoch(train)  [1][7450/9162]  lr: 2.0000e-03  eta: 1 day, 18:26:27  time: 0.7237  data_time: 0.1059  memory: 1708  loss: 5.6096  loss_cls: 3.7776  loss_bbox: 1.8321
2025/06/22 03:06:27 - mmengine - INFO - Epoch(train)  [1][7500/9162]  lr: 2.0000e-03  eta: 1 day, 18:26:00  time: 0.7262  data_time: 0.0788  memory: 1708  loss: 5.6617  loss_cls: 3.7559  loss_bbox: 1.9058
2025/06/22 03:07:01 - mmengine - INFO - Epoch(train)  [1][7550/9162]  lr: 2.0000e-03  eta: 1 day, 18:24:35  time: 0.6839  data_time: 0.0619  memory: 1708  loss: 5.6195  loss_cls: 3.7981  loss_bbox: 1.8213
2025/06/22 03:07:37 - mmengine - INFO - Epoch(train)  [1][7600/9162]  lr: 2.0000e-03  eta: 1 day, 18:24:10  time: 0.7269  data_time: 0.1271  memory: 1708  loss: 5.5496  loss_cls: 3.6987  loss_bbox: 1.8509
2025/06/22 03:08:13 - mmengine - INFO - Epoch(train)  [1][7650/9162]  lr: 2.0000e-03  eta: 1 day, 18:23:22  time: 0.7104  data_time: 0.1055  memory: 1708  loss: 5.6049  loss_cls: 3.7332  loss_bbox: 1.8717
2025/06/22 03:08:49 - mmengine - INFO - Epoch(train)  [1][7700/9162]  lr: 2.0000e-03  eta: 1 day, 18:22:44  time: 0.7173  data_time: 0.0966  memory: 1708  loss: 5.7004  loss_cls: 3.8256  loss_bbox: 1.8748
2025/06/22 03:09:25 - mmengine - INFO - Epoch(train)  [1][7750/9162]  lr: 2.0000e-03  eta: 1 day, 18:22:08  time: 0.7192  data_time: 0.1180  memory: 1708  loss: 5.5310  loss_cls: 3.6984  loss_bbox: 1.8326
2025/06/22 03:10:01 - mmengine - INFO - Epoch(train)  [1][7800/9162]  lr: 2.0000e-03  eta: 1 day, 18:21:43  time: 0.7268  data_time: 0.1341  memory: 1708  loss: 5.7119  loss_cls: 3.8084  loss_bbox: 1.9035
2025/06/22 03:10:36 - mmengine - INFO - Epoch(train)  [1][7850/9162]  lr: 2.0000e-03  eta: 1 day, 18:20:52  time: 0.7083  data_time: 0.0885  memory: 1708  loss: 5.5249  loss_cls: 3.6892  loss_bbox: 1.8357
2025/06/22 03:11:12 - mmengine - INFO - Epoch(train)  [1][7900/9162]  lr: 2.0000e-03  eta: 1 day, 18:20:03  time: 0.7092  data_time: 0.0675  memory: 1708  loss: 5.5644  loss_cls: 3.7057  loss_bbox: 1.8587
2025/06/22 03:11:48 - mmengine - INFO - Epoch(train)  [1][7950/9162]  lr: 2.0000e-03  eta: 1 day, 18:19:39  time: 0.7282  data_time: 0.1003  memory: 1708  loss: 5.6914  loss_cls: 3.8061  loss_bbox: 1.8853
2025/06/22 03:12:24 - mmengine - INFO - Exp name: ssd300_coco_20250622_013555
2025/06/22 03:12:24 - mmengine - INFO - Epoch(train)  [1][8000/9162]  lr: 2.0000e-03  eta: 1 day, 18:18:48  time: 0.7070  data_time: 0.1043  memory: 1708  loss: 5.5058  loss_cls: 3.6779  loss_bbox: 1.8280
2025/06/22 03:13:00 - mmengine - INFO - Epoch(train)  [1][8050/9162]  lr: 2.0000e-03  eta: 1 day, 18:18:11  time: 0.7185  data_time: 0.0936  memory: 1708  loss: 5.5831  loss_cls: 3.7205  loss_bbox: 1.8626
2025/06/22 03:13:35 - mmengine - INFO - Epoch(train)  [1][8100/9162]  lr: 2.0000e-03  eta: 1 day, 18:17:31  time: 0.7161  data_time: 0.0969  memory: 1708  loss: 5.4830  loss_cls: 3.6710  loss_bbox: 1.8120
2025/06/22 03:14:11 - mmengine - INFO - Epoch(train)  [1][8150/9162]  lr: 2.0000e-03  eta: 1 day, 18:16:50  time: 0.7151  data_time: 0.0941  memory: 1708  loss: 5.3638  loss_cls: 3.6200  loss_bbox: 1.7438
2025/06/22 03:14:47 - mmengine - INFO - Epoch(train)  [1][8200/9162]  lr: 2.0000e-03  eta: 1 day, 18:16:20  time: 0.7229  data_time: 0.1095  memory: 1708  loss: 5.4852  loss_cls: 3.7079  loss_bbox: 1.7773
2025/06/22 03:15:24 - mmengine - INFO - Epoch(train)  [1][8250/9162]  lr: 2.0000e-03  eta: 1 day, 18:15:54  time: 0.7269  data_time: 0.0890  memory: 1708  loss: 5.5486  loss_cls: 3.7380  loss_bbox: 1.8106
2025/06/22 03:16:00 - mmengine - INFO - Epoch(train)  [1][8300/9162]  lr: 2.0000e-03  eta: 1 day, 18:15:17  time: 0.7182  data_time: 0.1013  memory: 1708  loss: 5.5566  loss_cls: 3.7275  loss_bbox: 1.8292
2025/06/22 03:16:36 - mmengine - INFO - Epoch(train)  [1][8350/9162]  lr: 2.0000e-03  eta: 1 day, 18:14:52  time: 0.7274  data_time: 0.1106  memory: 1708  loss: 5.4775  loss_cls: 3.6838  loss_bbox: 1.7937
2025/06/22 03:17:13 - mmengine - INFO - Epoch(train)  [1][8400/9162]  lr: 2.0000e-03  eta: 1 day, 18:14:28  time: 0.7284  data_time: 0.1139  memory: 1708  loss: 5.4756  loss_cls: 3.6227  loss_bbox: 1.8528
2025/06/22 03:17:49 - mmengine - INFO - Epoch(train)  [1][8450/9162]  lr: 2.0000e-03  eta: 1 day, 18:13:55  time: 0.7215  data_time: 0.1113  memory: 1708  loss: 5.5002  loss_cls: 3.6676  loss_bbox: 1.8326
2025/06/22 03:18:24 - mmengine - INFO - Epoch(train)  [1][8500/9162]  lr: 2.0000e-03  eta: 1 day, 18:13:03  time: 0.7061  data_time: 0.0818  memory: 1708  loss: 5.5288  loss_cls: 3.7065  loss_bbox: 1.8223
2025/06/22 03:19:00 - mmengine - INFO - Epoch(train)  [1][8550/9162]  lr: 2.0000e-03  eta: 1 day, 18:12:38  time: 0.7281  data_time: 0.1070  memory: 1708  loss: 5.4920  loss_cls: 3.6445  loss_bbox: 1.8475
2025/06/22 03:19:37 - mmengine - INFO - Epoch(train)  [1][8600/9162]  lr: 2.0000e-03  eta: 1 day, 18:12:13  time: 0.7276  data_time: 0.1126  memory: 1708  loss: 5.5453  loss_cls: 3.7158  loss_bbox: 1.8295
2025/06/22 03:20:13 - mmengine - INFO - Epoch(train)  [1][8650/9162]  lr: 2.0000e-03  eta: 1 day, 18:11:39  time: 0.7210  data_time: 0.0884  memory: 1708  loss: 5.5536  loss_cls: 3.6942  loss_bbox: 1.8594
2025/06/22 03:20:49 - mmengine - INFO - Epoch(train)  [1][8700/9162]  lr: 2.0000e-03  eta: 1 day, 18:10:54  time: 0.7117  data_time: 0.0923  memory: 1708  loss: 5.5267  loss_cls: 3.6438  loss_bbox: 1.8830
2025/06/22 03:21:24 - mmengine - INFO - Epoch(train)  [1][8750/9162]  lr: 2.0000e-03  eta: 1 day, 18:10:18  time: 0.7191  data_time: 0.0981  memory: 1708  loss: 5.4807  loss_cls: 3.7238  loss_bbox: 1.7569
2025/06/22 03:22:00 - mmengine - INFO - Epoch(train)  [1][8800/9162]  lr: 2.0000e-03  eta: 1 day, 18:09:36  time: 0.7133  data_time: 0.0883  memory: 1708  loss: 5.5089  loss_cls: 3.6686  loss_bbox: 1.8403
2025/06/22 03:22:36 - mmengine - INFO - Epoch(train)  [1][8850/9162]  lr: 2.0000e-03  eta: 1 day, 18:09:00  time: 0.7193  data_time: 0.1087  memory: 1708  loss: 5.4821  loss_cls: 3.6854  loss_bbox: 1.7967
2025/06/22 03:23:12 - mmengine - INFO - Epoch(train)  [1][8900/9162]  lr: 2.0000e-03  eta: 1 day, 18:08:24  time: 0.7187  data_time: 0.1231  memory: 1708  loss: 5.4922  loss_cls: 3.6648  loss_bbox: 1.8274
2025/06/22 03:23:49 - mmengine - INFO - Epoch(train)  [1][8950/9162]  lr: 2.0000e-03  eta: 1 day, 18:08:06  time: 0.7349  data_time: 0.1264  memory: 1708  loss: 5.4491  loss_cls: 3.6420  loss_bbox: 1.8071
2025/06/22 03:24:25 - mmengine - INFO - Exp name: ssd300_coco_20250622_013555
2025/06/22 03:24:25 - mmengine - INFO - Epoch(train)  [1][9000/9162]  lr: 2.0000e-03  eta: 1 day, 18:07:34  time: 0.7223  data_time: 0.1251  memory: 1708  loss: 5.4327  loss_cls: 3.6350  loss_bbox: 1.7977
2025/06/22 03:25:01 - mmengine - INFO - Epoch(train)  [1][9050/9162]  lr: 2.0000e-03  eta: 1 day, 18:07:00  time: 0.7211  data_time: 0.1325  memory: 1708  loss: 5.5203  loss_cls: 3.7259  loss_bbox: 1.7944
2025/06/22 03:25:38 - mmengine - INFO - Epoch(train)  [1][9100/9162]  lr: 2.0000e-03  eta: 1 day, 18:06:47  time: 0.7388  data_time: 0.0907  memory: 1708  loss: 5.4806  loss_cls: 3.6530  loss_bbox: 1.8276
2025/06/22 03:26:14 - mmengine - INFO - Epoch(train)  [1][9150/9162]  lr: 2.0000e-03  eta: 1 day, 18:06:15  time: 0.7221  data_time: 0.0871  memory: 1708  loss: 5.4980  loss_cls: 3.6779  loss_bbox: 1.8201
2025/06/22 03:26:22 - mmengine - INFO - Exp name: ssd300_coco_20250622_013555
2025/06/22 03:26:22 - mmengine - INFO - Saving checkpoint at 1 epochs
2025/06/22 03:26:37 - mmengine - INFO - Epoch(val)  [1][ 50/157]    eta: 0:00:26  time: 0.2500  data_time: 0.0388  memory: 1708  
2025/06/22 03:26:48 - mmengine - INFO - Epoch(val)  [1][100/157]    eta: 0:00:13  time: 0.2287  data_time: 0.0195  memory: 851  
2025/06/22 03:27:01 - mmengine - INFO - Epoch(val)  [1][150/157]    eta: 0:00:01  time: 0.2611  data_time: 0.0500  memory: 851  
2025/06/22 03:27:16 - mmengine - INFO - Evaluating bbox...
2025/06/22 03:28:08 - mmengine - INFO - bbox_mAP_copypaste: 0.105 0.230 0.082 0.019 0.106 0.176
2025/06/22 03:28:09 - mmengine - INFO - Epoch(val) [1][157/157]    coco/bbox_mAP: 0.1050  coco/bbox_mAP_50: 0.2300  coco/bbox_mAP_75: 0.0820  coco/bbox_mAP_s: 0.0190  coco/bbox_mAP_m: 0.1060  coco/bbox_mAP_l: 0.1760  data_time: 0.0361  time: 0.2455
2025/06/22 03:28:45 - mmengine - INFO - Epoch(train)  [2][  50/9162]  lr: 2.0000e-03  eta: 1 day, 18:05:22  time: 0.7199  data_time: 0.0817  memory: 1708  loss: 5.4371  loss_cls: 3.7008  loss_bbox: 1.7364
2025/06/22 03:29:21 - mmengine - INFO - Epoch(train)  [2][ 100/9162]  lr: 2.0000e-03  eta: 1 day, 18:04:46  time: 0.7193  data_time: 0.0921  memory: 1708  loss: 5.4492  loss_cls: 3.6127  loss_bbox: 1.8364
2025/06/22 03:29:57 - mmengine - INFO - Epoch(train)  [2][ 150/9162]  lr: 2.0000e-03  eta: 1 day, 18:04:17  time: 0.7261  data_time: 0.1333  memory: 1708  loss: 5.4938  loss_cls: 3.7076  loss_bbox: 1.7862
2025/06/22 03:30:33 - mmengine - INFO - Epoch(train)  [2][ 200/9162]  lr: 2.0000e-03  eta: 1 day, 18:03:54  time: 0.7302  data_time: 0.1285  memory: 1708  loss: 5.4557  loss_cls: 3.6502  loss_bbox: 1.8055
2025/06/22 03:31:10 - mmengine - INFO - Epoch(train)  [2][ 250/9162]  lr: 2.0000e-03  eta: 1 day, 18:03:29  time: 0.7290  data_time: 0.1116  memory: 1708  loss: 5.3788  loss_cls: 3.5657  loss_bbox: 1.8131
2025/06/22 03:31:46 - mmengine - INFO - Epoch(train)  [2][ 300/9162]  lr: 2.0000e-03  eta: 1 day, 18:03:00  time: 0.7264  data_time: 0.1252  memory: 1708  loss: 5.4533  loss_cls: 3.6251  loss_bbox: 1.8282
2025/06/22 03:32:20 - mmengine - INFO - Epoch(train)  [2][ 350/9162]  lr: 2.0000e-03  eta: 1 day, 18:01:30  time: 0.6703  data_time: 0.0673  memory: 1708  loss: 5.4972  loss_cls: 3.6715  loss_bbox: 1.8257
2025/06/22 03:32:55 - mmengine - INFO - Epoch(train)  [2][ 400/9162]  lr: 2.0000e-03  eta: 1 day, 18:00:29  time: 0.6963  data_time: 0.0872  memory: 1708  loss: 5.4057  loss_cls: 3.6116  loss_bbox: 1.7942
2025/06/22 03:33:32 - mmengine - INFO - Epoch(train)  [2][ 450/9162]  lr: 2.0000e-03  eta: 1 day, 18:00:21  time: 0.7442  data_time: 0.1403  memory: 1708  loss: 5.4287  loss_cls: 3.5816  loss_bbox: 1.8471
2025/06/22 03:34:09 - mmengine - INFO - Epoch(train)  [2][ 500/9162]  lr: 2.0000e-03  eta: 1 day, 18:00:09  time: 0.7412  data_time: 0.1397  memory: 1708  loss: 5.3854  loss_cls: 3.6607  loss_bbox: 1.7247
2025/06/22 03:34:46 - mmengine - INFO - Epoch(train)  [2][ 550/9162]  lr: 2.0000e-03  eta: 1 day, 17:59:55  time: 0.7400  data_time: 0.1450  memory: 1708  loss: 5.3995  loss_cls: 3.6064  loss_bbox: 1.7931
2025/06/22 03:35:23 - mmengine - INFO - Epoch(train)  [2][ 600/9162]  lr: 2.0000e-03  eta: 1 day, 17:59:42  time: 0.7402  data_time: 0.1442  memory: 1708  loss: 5.4229  loss_cls: 3.6493  loss_bbox: 1.7736
2025/06/22 03:36:00 - mmengine - INFO - Epoch(train)  [2][ 650/9162]  lr: 2.0000e-03  eta: 1 day, 17:59:27  time: 0.7393  data_time: 0.1327  memory: 1708  loss: 5.4345  loss_cls: 3.6084  loss_bbox: 1.8261
2025/06/22 03:36:37 - mmengine - INFO - Epoch(train)  [2][ 700/9162]  lr: 2.0000e-03  eta: 1 day, 17:59:09  time: 0.7362  data_time: 0.1165  memory: 1708  loss: 5.5385  loss_cls: 3.7119  loss_bbox: 1.8266
2025/06/22 03:37:13 - mmengine - INFO - Epoch(train)  [2][ 750/9162]  lr: 2.0000e-03  eta: 1 day, 17:58:43  time: 0.7297  data_time: 0.0959  memory: 1708  loss: 5.4863  loss_cls: 3.6945  loss_bbox: 1.7918
2025/06/22 03:37:50 - mmengine - INFO - Epoch(train)  [2][ 800/9162]  lr: 2.0000e-03  eta: 1 day, 17:58:27  time: 0.7381  data_time: 0.1283  memory: 1708  loss: 5.3817  loss_cls: 3.5806  loss_bbox: 1.8011
2025/06/22 03:38:18 - mmengine - INFO - Exp name: ssd300_coco_20250622_013555
2025/06/22 03:38:27 - mmengine - INFO - Epoch(train)  [2][ 850/9162]  lr: 2.0000e-03  eta: 1 day, 17:58:02  time: 0.7312  data_time: 0.1147  memory: 1708  loss: 5.3563  loss_cls: 3.6259  loss_bbox: 1.7304
2025/06/22 03:39:04 - mmengine - INFO - Epoch(train)  [2][ 900/9162]  lr: 2.0000e-03  eta: 1 day, 17:57:53  time: 0.7453  data_time: 0.1208  memory: 1708  loss: 5.3376  loss_cls: 3.5835  loss_bbox: 1.7541
2025/06/22 03:39:41 - mmengine - INFO - Epoch(train)  [2][ 950/9162]  lr: 2.0000e-03  eta: 1 day, 17:57:27  time: 0.7293  data_time: 0.1225  memory: 1708  loss: 5.5529  loss_cls: 3.6857  loss_bbox: 1.8672
2025/06/22 03:40:18 - mmengine - INFO - Epoch(train)  [2][1000/9162]  lr: 2.0000e-03  eta: 1 day, 17:57:15  time: 0.7437  data_time: 0.0965  memory: 1708  loss: 5.3916  loss_cls: 3.5880  loss_bbox: 1.8036
2025/06/22 03:40:55 - mmengine - INFO - Epoch(train)  [2][1050/9162]  lr: 2.0000e-03  eta: 1 day, 17:56:53  time: 0.7337  data_time: 0.1353  memory: 1708  loss: 5.4195  loss_cls: 3.6033  loss_bbox: 1.8162
2025/06/22 03:41:31 - mmengine - INFO - Epoch(train)  [2][1100/9162]  lr: 2.0000e-03  eta: 1 day, 17:56:34  time: 0.7373  data_time: 0.1251  memory: 1708  loss: 5.3753  loss_cls: 3.6282  loss_bbox: 1.7472
2025/06/22 03:42:08 - mmengine - INFO - Epoch(train)  [2][1150/9162]  lr: 2.0000e-03  eta: 1 day, 17:56:18  time: 0.7394  data_time: 0.1159  memory: 1708  loss: 5.4103  loss_cls: 3.5992  loss_bbox: 1.8110
2025/06/22 03:42:45 - mmengine - INFO - Epoch(train)  [2][1200/9162]  lr: 2.0000e-03  eta: 1 day, 17:56:02  time: 0.7403  data_time: 0.1062  memory: 1708  loss: 5.3317  loss_cls: 3.5694  loss_bbox: 1.7623
2025/06/22 03:43:21 - mmengine - INFO - Epoch(train)  [2][1250/9162]  lr: 2.0000e-03  eta: 1 day, 17:55:10  time: 0.7044  data_time: 0.0781  memory: 1708  loss: 5.3804  loss_cls: 3.5929  loss_bbox: 1.7875
2025/06/22 03:43:57 - mmengine - INFO - Epoch(train)  [2][1300/9162]  lr: 2.0000e-03  eta: 1 day, 17:54:28  time: 0.7150  data_time: 0.0826  memory: 1708  loss: 5.2983  loss_cls: 3.5561  loss_bbox: 1.7422
2025/06/22 03:44:32 - mmengine - INFO - Epoch(train)  [2][1350/9162]  lr: 2.0000e-03  eta: 1 day, 17:53:38  time: 0.7061  data_time: 0.0836  memory: 1708  loss: 5.3641  loss_cls: 3.5375  loss_bbox: 1.8266
2025/06/22 03:45:08 - mmengine - INFO - Epoch(train)  [2][1400/9162]  lr: 2.0000e-03  eta: 1 day, 17:53:09  time: 0.7280  data_time: 0.1077  memory: 1708  loss: 5.4326  loss_cls: 3.5842  loss_bbox: 1.8484
2025/06/22 03:45:45 - mmengine - INFO - Epoch(train)  [2][1450/9162]  lr: 2.0000e-03  eta: 1 day, 17:52:40  time: 0.7269  data_time: 0.1026  memory: 1708  loss: 5.4058  loss_cls: 3.6066  loss_bbox: 1.7991
2025/06/22 03:46:21 - mmengine - INFO - Epoch(train)  [2][1500/9162]  lr: 2.0000e-03  eta: 1 day, 17:52:06  time: 0.7230  data_time: 0.0672  memory: 1708  loss: 5.4396  loss_cls: 3.5993  loss_bbox: 1.8403
2025/06/22 03:46:58 - mmengine - INFO - Epoch(train)  [2][1550/9162]  lr: 2.0000e-03  eta: 1 day, 17:51:46  time: 0.7361  data_time: 0.1049  memory: 1708  loss: 5.2766  loss_cls: 3.5186  loss_bbox: 1.7580
2025/06/22 03:47:35 - mmengine - INFO - Epoch(train)  [2][1600/9162]  lr: 2.0000e-03  eta: 1 day, 17:51:35  time: 0.7466  data_time: 0.1282  memory: 1708  loss: 5.5395  loss_cls: 3.6674  loss_bbox: 1.8721
2025/06/22 03:48:12 - mmengine - INFO - Epoch(train)  [2][1650/9162]  lr: 2.0000e-03  eta: 1 day, 17:51:12  time: 0.7335  data_time: 0.1229  memory: 1708  loss: 5.3594  loss_cls: 3.5980  loss_bbox: 1.7614
2025/06/22 03:48:48 - mmengine - INFO - Epoch(train)  [2][1700/9162]  lr: 2.0000e-03  eta: 1 day, 17:50:46  time: 0.7315  data_time: 0.1148  memory: 1708  loss: 5.3309  loss_cls: 3.5194  loss_bbox: 1.8115
2025/06/22 03:49:25 - mmengine - INFO - Epoch(train)  [2][1750/9162]  lr: 2.0000e-03  eta: 1 day, 17:50:21  time: 0.7326  data_time: 0.1050  memory: 1708  loss: 5.3427  loss_cls: 3.5501  loss_bbox: 1.7926
2025/06/22 03:50:02 - mmengine - INFO - Epoch(train)  [2][1800/9162]  lr: 2.0000e-03  eta: 1 day, 17:50:02  time: 0.7385  data_time: 0.1351  memory: 1708  loss: 5.2412  loss_cls: 3.5060  loss_bbox: 1.7352
2025/06/22 03:50:30 - mmengine - INFO - Exp name: ssd300_coco_20250622_013555
2025/06/22 03:50:39 - mmengine - INFO - Epoch(train)  [2][1850/9162]  lr: 2.0000e-03  eta: 1 day, 17:49:46  time: 0.7424  data_time: 0.1444  memory: 1708  loss: 5.3874  loss_cls: 3.6076  loss_bbox: 1.7798
2025/06/22 03:51:16 - mmengine - INFO - Epoch(train)  [2][1900/9162]  lr: 2.0000e-03  eta: 1 day, 17:49:28  time: 0.7392  data_time: 0.1319  memory: 1708  loss: 5.2745  loss_cls: 3.5351  loss_bbox: 1.7395
2025/06/22 03:51:53 - mmengine - INFO - Epoch(train)  [2][1950/9162]  lr: 2.0000e-03  eta: 1 day, 17:49:10  time: 0.7406  data_time: 0.1217  memory: 1708  loss: 5.4080  loss_cls: 3.5872  loss_bbox: 1.8208
2025/06/22 03:52:30 - mmengine - INFO - Epoch(train)  [2][2000/9162]  lr: 2.0000e-03  eta: 1 day, 17:48:57  time: 0.7460  data_time: 0.1292  memory: 1708  loss: 5.3882  loss_cls: 3.6091  loss_bbox: 1.7791
2025/06/22 03:53:07 - mmengine - INFO - Epoch(train)  [2][2050/9162]  lr: 2.0000e-03  eta: 1 day, 17:48:36  time: 0.7369  data_time: 0.1201  memory: 1708  loss: 5.2753  loss_cls: 3.5309  loss_bbox: 1.7444
2025/06/22 03:53:45 - mmengine - INFO - Epoch(train)  [2][2100/9162]  lr: 2.0000e-03  eta: 1 day, 17:48:24  time: 0.7471  data_time: 0.1305  memory: 1708  loss: 5.3898  loss_cls: 3.6094  loss_bbox: 1.7804
2025/06/22 03:54:21 - mmengine - INFO - Epoch(train)  [2][2150/9162]  lr: 2.0000e-03  eta: 1 day, 17:47:59  time: 0.7336  data_time: 0.1307  memory: 1708  loss: 5.2629  loss_cls: 3.4975  loss_bbox: 1.7654
2025/06/22 03:54:58 - mmengine - INFO - Epoch(train)  [2][2200/9162]  lr: 2.0000e-03  eta: 1 day, 17:47:34  time: 0.7336  data_time: 0.1020  memory: 1708  loss: 5.5033  loss_cls: 3.5967  loss_bbox: 1.9066
2025/06/22 03:55:35 - mmengine - INFO - Epoch(train)  [2][2250/9162]  lr: 2.0000e-03  eta: 1 day, 17:47:04  time: 0.7282  data_time: 0.0674  memory: 1708  loss: 5.2944  loss_cls: 3.5164  loss_bbox: 1.7779
2025/06/22 03:56:11 - mmengine - INFO - Epoch(train)  [2][2300/9162]  lr: 2.0000e-03  eta: 1 day, 17:46:37  time: 0.7317  data_time: 0.1053  memory: 1708  loss: 5.2378  loss_cls: 3.4904  loss_bbox: 1.7475
2025/06/22 03:56:48 - mmengine - INFO - Epoch(train)  [2][2350/9162]  lr: 2.0000e-03  eta: 1 day, 17:46:10  time: 0.7320  data_time: 0.0993  memory: 1708  loss: 5.4143  loss_cls: 3.5785  loss_bbox: 1.8358
2025/06/22 03:57:24 - mmengine - INFO - Epoch(train)  [2][2400/9162]  lr: 2.0000e-03  eta: 1 day, 17:45:43  time: 0.7310  data_time: 0.0995  memory: 1708  loss: 5.2840  loss_cls: 3.5158  loss_bbox: 1.7682
2025/06/22 03:57:59 - mmengine - INFO - Epoch(train)  [2][2450/9162]  lr: 2.0000e-03  eta: 1 day, 17:44:40  time: 0.6925  data_time: 0.1079  memory: 1708  loss: 5.3112  loss_cls: 3.5295  loss_bbox: 1.7817
2025/06/22 03:58:36 - mmengine - INFO - Epoch(train)  [2][2500/9162]  lr: 2.0000e-03  eta: 1 day, 17:44:21  time: 0.7399  data_time: 0.1496  memory: 1708  loss: 5.3115  loss_cls: 3.5071  loss_bbox: 1.8045
2025/06/22 03:59:13 - mmengine - INFO - Epoch(train)  [2][2550/9162]  lr: 2.0000e-03  eta: 1 day, 17:44:02  time: 0.7409  data_time: 0.1247  memory: 1708  loss: 5.2368  loss_cls: 3.4868  loss_bbox: 1.7500
2025/06/22 03:59:50 - mmengine - INFO - Epoch(train)  [2][2600/9162]  lr: 2.0000e-03  eta: 1 day, 17:43:37  time: 0.7345  data_time: 0.1331  memory: 1708  loss: 5.2488  loss_cls: 3.5066  loss_bbox: 1.7422
2025/06/22 04:00:25 - mmengine - INFO - Epoch(train)  [2][2650/9162]  lr: 2.0000e-03  eta: 1 day, 17:42:52  time: 0.7118  data_time: 0.1018  memory: 1708  loss: 5.3289  loss_cls: 3.5492  loss_bbox: 1.7797
2025/06/22 04:01:02 - mmengine - INFO - Epoch(train)  [2][2700/9162]  lr: 2.0000e-03  eta: 1 day, 17:42:17  time: 0.7227  data_time: 0.1060  memory: 1708  loss: 5.1975  loss_cls: 3.4835  loss_bbox: 1.7139
2025/06/22 04:01:40 - mmengine - INFO - Epoch(train)  [2][2750/9162]  lr: 2.0000e-03  eta: 1 day, 17:42:12  time: 0.7580  data_time: 0.1262  memory: 1708  loss: 5.3713  loss_cls: 3.5972  loss_bbox: 1.7741
2025/06/22 04:02:17 - mmengine - INFO - Epoch(train)  [2][2800/9162]  lr: 2.0000e-03  eta: 1 day, 17:41:57  time: 0.7458  data_time: 0.1375  memory: 1708  loss: 5.2953  loss_cls: 3.5329  loss_bbox: 1.7624
2025/06/22 04:02:45 - mmengine - INFO - Exp name: ssd300_coco_20250622_013555
2025/06/22 04:02:54 - mmengine - INFO - Epoch(train)  [2][2850/9162]  lr: 2.0000e-03  eta: 1 day, 17:41:36  time: 0.7397  data_time: 0.1426  memory: 1708  loss: 5.3108  loss_cls: 3.5398  loss_bbox: 1.7710
2025/06/22 04:03:31 - mmengine - INFO - Epoch(train)  [2][2900/9162]  lr: 2.0000e-03  eta: 1 day, 17:41:13  time: 0.7373  data_time: 0.1137  memory: 1708  loss: 5.3882  loss_cls: 3.5640  loss_bbox: 1.8241
2025/06/22 04:04:07 - mmengine - INFO - Epoch(train)  [2][2950/9162]  lr: 2.0000e-03  eta: 1 day, 17:40:48  time: 0.7342  data_time: 0.1198  memory: 1708  loss: 5.2904  loss_cls: 3.4942  loss_bbox: 1.7961
2025/06/22 04:04:44 - mmengine - INFO - Epoch(train)  [2][3000/9162]  lr: 2.0000e-03  eta: 1 day, 17:40:24  time: 0.7364  data_time: 0.1381  memory: 1708  loss: 5.1774  loss_cls: 3.4417  loss_bbox: 1.7357
2025/06/22 04:05:21 - mmengine - INFO - Epoch(train)  [2][3050/9162]  lr: 2.0000e-03  eta: 1 day, 17:39:57  time: 0.7334  data_time: 0.1283  memory: 1708  loss: 5.3259  loss_cls: 3.5264  loss_bbox: 1.7995
2025/06/22 04:05:58 - mmengine - INFO - Epoch(train)  [2][3100/9162]  lr: 2.0000e-03  eta: 1 day, 17:39:43  time: 0.7486  data_time: 0.1365  memory: 1708  loss: 5.3028  loss_cls: 3.6171  loss_bbox: 1.6857
2025/06/22 04:06:36 - mmengine - INFO - Epoch(train)  [2][3150/9162]  lr: 2.0000e-03  eta: 1 day, 17:39:28  time: 0.7473  data_time: 0.1202  memory: 1708  loss: 5.3351  loss_cls: 3.5325  loss_bbox: 1.8026
2025/06/22 04:07:11 - mmengine - INFO - Epoch(train)  [2][3200/9162]  lr: 2.0000e-03  eta: 1 day, 17:38:32  time: 0.6983  data_time: 0.1143  memory: 1708  loss: 5.2447  loss_cls: 3.5054  loss_bbox: 1.7393
2025/06/22 04:07:46 - mmengine - INFO - Epoch(train)  [2][3250/9162]  lr: 2.0000e-03  eta: 1 day, 17:37:40  time: 0.7036  data_time: 0.1062  memory: 1708  loss: 5.1638  loss_cls: 3.4862  loss_bbox: 1.6776
2025/06/22 04:08:23 - mmengine - INFO - Epoch(train)  [2][3300/9162]  lr: 2.0000e-03  eta: 1 day, 17:37:12  time: 0.7319  data_time: 0.0860  memory: 1708  loss: 5.2001  loss_cls: 3.4710  loss_bbox: 1.7291
2025/06/22 04:09:00 - mmengine - INFO - Epoch(train)  [2][3350/9162]  lr: 2.0000e-03  eta: 1 day, 17:36:57  time: 0.7485  data_time: 0.1239  memory: 1708  loss: 5.2181  loss_cls: 3.4904  loss_bbox: 1.7276
2025/06/22 04:09:37 - mmengine - INFO - Epoch(train)  [2][3400/9162]  lr: 2.0000e-03  eta: 1 day, 17:36:35  time: 0.7387  data_time: 0.1146  memory: 1708  loss: 5.1630  loss_cls: 3.4440  loss_bbox: 1.7191
2025/06/22 04:10:14 - mmengine - INFO - Epoch(train)  [2][3450/9162]  lr: 2.0000e-03  eta: 1 day, 17:36:09  time: 0.7350  data_time: 0.0740  memory: 1708  loss: 5.1777  loss_cls: 3.4381  loss_bbox: 1.7396
2025/06/22 04:10:51 - mmengine - INFO - Epoch(train)  [2][3500/9162]  lr: 2.0000e-03  eta: 1 day, 17:35:43  time: 0.7348  data_time: 0.1069  memory: 1708  loss: 5.1802  loss_cls: 3.4880  loss_bbox: 1.6922
2025/06/22 04:11:28 - mmengine - INFO - Epoch(train)  [2][3550/9162]  lr: 2.0000e-03  eta: 1 day, 17:35:20  time: 0.7385  data_time: 0.1276  memory: 1708  loss: 5.2978  loss_cls: 3.5176  loss_bbox: 1.7802
2025/06/22 04:12:04 - mmengine - INFO - Epoch(train)  [2][3600/9162]  lr: 2.0000e-03  eta: 1 day, 17:34:54  time: 0.7358  data_time: 0.1086  memory: 1708  loss: 5.2436  loss_cls: 3.4484  loss_bbox: 1.7952
2025/06/22 04:12:41 - mmengine - INFO - Epoch(train)  [2][3650/9162]  lr: 2.0000e-03  eta: 1 day, 17:34:25  time: 0.7321  data_time: 0.1280  memory: 1708  loss: 5.2533  loss_cls: 3.4748  loss_bbox: 1.7786
2025/06/22 04:13:18 - mmengine - INFO - Epoch(train)  [2][3700/9162]  lr: 2.0000e-03  eta: 1 day, 17:34:01  time: 0.7373  data_time: 0.1031  memory: 1708  loss: 5.2259  loss_cls: 3.4800  loss_bbox: 1.7459
2025/06/22 04:13:55 - mmengine - INFO - Epoch(train)  [2][3750/9162]  lr: 2.0000e-03  eta: 1 day, 17:33:45  time: 0.7485  data_time: 0.1372  memory: 1708  loss: 5.3133  loss_cls: 3.5183  loss_bbox: 1.7949
2025/06/22 04:14:33 - mmengine - INFO - Epoch(train)  [2][3800/9162]  lr: 2.0000e-03  eta: 1 day, 17:33:26  time: 0.7442  data_time: 0.1283  memory: 1708  loss: 4.9602  loss_cls: 3.3193  loss_bbox: 1.6409
2025/06/22 04:15:01 - mmengine - INFO - Exp name: ssd300_coco_20250622_013555
2025/06/22 04:15:10 - mmengine - INFO - Epoch(train)  [2][3850/9162]  lr: 2.0000e-03  eta: 1 day, 17:33:03  time: 0.7397  data_time: 0.1323  memory: 1708  loss: 5.2334  loss_cls: 3.4968  loss_bbox: 1.7367
2025/06/22 04:15:47 - mmengine - INFO - Epoch(train)  [2][3900/9162]  lr: 2.0000e-03  eta: 1 day, 17:32:45  time: 0.7452  data_time: 0.1280  memory: 1708  loss: 5.2871  loss_cls: 3.5517  loss_bbox: 1.7354
2025/06/22 04:16:24 - mmengine - INFO - Epoch(train)  [2][3950/9162]  lr: 2.0000e-03  eta: 1 day, 17:32:20  time: 0.7370  data_time: 0.1237  memory: 1708  loss: 5.2295  loss_cls: 3.4884  loss_bbox: 1.7411
2025/06/22 04:17:01 - mmengine - INFO - Epoch(train)  [2][4000/9162]  lr: 2.0000e-03  eta: 1 day, 17:31:53  time: 0.7355  data_time: 0.1101  memory: 1708  loss: 5.2176  loss_cls: 3.4759  loss_bbox: 1.7417
2025/06/22 04:17:37 - mmengine - INFO - Epoch(train)  [2][4050/9162]  lr: 2.0000e-03  eta: 1 day, 17:31:27  time: 0.7356  data_time: 0.1307  memory: 1708  loss: 5.2740  loss_cls: 3.5052  loss_bbox: 1.7688
2025/06/22 04:18:14 - mmengine - INFO - Epoch(train)  [2][4100/9162]  lr: 2.0000e-03  eta: 1 day, 17:31:00  time: 0.7350  data_time: 0.1253  memory: 1708  loss: 5.2048  loss_cls: 3.4615  loss_bbox: 1.7432
2025/06/22 04:18:51 - mmengine - INFO - Epoch(train)  [2][4150/9162]  lr: 2.0000e-03  eta: 1 day, 17:30:33  time: 0.7357  data_time: 0.1384  memory: 1708  loss: 5.0749  loss_cls: 3.3925  loss_bbox: 1.6824
2025/06/22 04:19:28 - mmengine - INFO - Epoch(train)  [2][4200/9162]  lr: 2.0000e-03  eta: 1 day, 17:30:05  time: 0.7339  data_time: 0.1309  memory: 1708  loss: 5.2744  loss_cls: 3.5050  loss_bbox: 1.7694
2025/06/22 04:20:05 - mmengine - INFO - Epoch(train)  [2][4250/9162]  lr: 2.0000e-03  eta: 1 day, 17:29:45  time: 0.7445  data_time: 0.1218  memory: 1708  loss: 5.2269  loss_cls: 3.4540  loss_bbox: 1.7728
2025/06/22 04:20:42 - mmengine - INFO - Epoch(train)  [2][4300/9162]  lr: 2.0000e-03  eta: 1 day, 17:29:27  time: 0.7477  data_time: 0.1346  memory: 1708  loss: 5.1085  loss_cls: 3.4164  loss_bbox: 1.6921
2025/06/22 04:21:20 - mmengine - INFO - Epoch(train)  [2][4350/9162]  lr: 2.0000e-03  eta: 1 day, 17:29:07  time: 0.7445  data_time: 0.1071  memory: 1708  loss: 5.2398  loss_cls: 3.4947  loss_bbox: 1.7450
2025/06/22 04:21:56 - mmengine - INFO - Epoch(train)  [2][4400/9162]  lr: 2.0000e-03  eta: 1 day, 17:28:40  time: 0.7354  data_time: 0.1272  memory: 1708  loss: 5.1441  loss_cls: 3.4572  loss_bbox: 1.6869
2025/06/22 04:22:32 - mmengine - INFO - Epoch(train)  [2][4450/9162]  lr: 2.0000e-03  eta: 1 day, 17:27:52  time: 0.7088  data_time: 0.0986  memory: 1708  loss: 5.1208  loss_cls: 3.4182  loss_bbox: 1.7026
2025/06/22 04:23:09 - mmengine - INFO - Epoch(train)  [2][4500/9162]  lr: 2.0000e-03  eta: 1 day, 17:27:24  time: 0.7341  data_time: 0.1036  memory: 1708  loss: 5.2106  loss_cls: 3.4550  loss_bbox: 1.7556
2025/06/22 04:23:46 - mmengine - INFO - Epoch(train)  [2][4550/9162]  lr: 2.0000e-03  eta: 1 day, 17:27:04  time: 0.7448  data_time: 0.1370  memory: 1708  loss: 5.2901  loss_cls: 3.5301  loss_bbox: 1.7599
2025/06/22 04:24:23 - mmengine - INFO - Epoch(train)  [2][4600/9162]  lr: 2.0000e-03  eta: 1 day, 17:26:39  time: 0.7388  data_time: 0.1328  memory: 1708  loss: 5.2832  loss_cls: 3.5193  loss_bbox: 1.7639
2025/06/22 04:24:59 - mmengine - INFO - Epoch(train)  [2][4650/9162]  lr: 2.0000e-03  eta: 1 day, 17:26:08  time: 0.7316  data_time: 0.1052  memory: 1708  loss: 5.1528  loss_cls: 3.4349  loss_bbox: 1.7178
2025/06/22 04:25:36 - mmengine - INFO - Epoch(train)  [2][4700/9162]  lr: 2.0000e-03  eta: 1 day, 17:25:38  time: 0.7315  data_time: 0.1235  memory: 1708  loss: 5.1529  loss_cls: 3.4382  loss_bbox: 1.7147
2025/06/22 04:26:13 - mmengine - INFO - Epoch(train)  [2][4750/9162]  lr: 2.0000e-03  eta: 1 day, 17:25:11  time: 0.7367  data_time: 0.1240  memory: 1708  loss: 5.1611  loss_cls: 3.4582  loss_bbox: 1.7029
2025/06/22 04:26:50 - mmengine - INFO - Epoch(train)  [2][4800/9162]  lr: 2.0000e-03  eta: 1 day, 17:24:46  time: 0.7386  data_time: 0.1229  memory: 1708  loss: 5.1835  loss_cls: 3.4590  loss_bbox: 1.7245
2025/06/22 04:27:18 - mmengine - INFO - Exp name: ssd300_coco_20250622_013555
2025/06/22 04:27:27 - mmengine - INFO - Epoch(train)  [2][4850/9162]  lr: 2.0000e-03  eta: 1 day, 17:24:24  time: 0.7437  data_time: 0.1030  memory: 1708  loss: 5.1929  loss_cls: 3.4428  loss_bbox: 1.7501
2025/06/22 04:28:04 - mmengine - INFO - Epoch(train)  [2][4900/9162]  lr: 2.0000e-03  eta: 1 day, 17:24:01  time: 0.7413  data_time: 0.1341  memory: 1708  loss: 5.1985  loss_cls: 3.4775  loss_bbox: 1.7210
2025/06/22 04:28:42 - mmengine - INFO - Epoch(train)  [2][4950/9162]  lr: 2.0000e-03  eta: 1 day, 17:23:46  time: 0.7535  data_time: 0.1237  memory: 1708  loss: 5.1587  loss_cls: 3.4957  loss_bbox: 1.6629
2025/06/22 04:29:19 - mmengine - INFO - Epoch(train)  [2][5000/9162]  lr: 2.0000e-03  eta: 1 day, 17:23:26  time: 0.7465  data_time: 0.1348  memory: 1708  loss: 5.1286  loss_cls: 3.4052  loss_bbox: 1.7233
2025/06/22 04:29:57 - mmengine - INFO - Epoch(train)  [2][5050/9162]  lr: 2.0000e-03  eta: 1 day, 17:23:08  time: 0.7502  data_time: 0.1089  memory: 1708  loss: 5.1348  loss_cls: 3.4685  loss_bbox: 1.6663
2025/06/22 04:30:33 - mmengine - INFO - Epoch(train)  [2][5100/9162]  lr: 2.0000e-03  eta: 1 day, 17:22:27  time: 0.7173  data_time: 0.0928  memory: 1708  loss: 5.1495  loss_cls: 3.4109  loss_bbox: 1.7386
2025/06/22 04:31:10 - mmengine - INFO - Epoch(train)  [2][5150/9162]  lr: 2.0000e-03  eta: 1 day, 17:22:04  time: 0.7433  data_time: 0.1262  memory: 1708  loss: 5.2715  loss_cls: 3.4647  loss_bbox: 1.8068
2025/06/22 04:31:47 - mmengine - INFO - Epoch(train)  [2][5200/9162]  lr: 2.0000e-03  eta: 1 day, 17:21:39  time: 0.7402  data_time: 0.0801  memory: 1708  loss: 5.1193  loss_cls: 3.3949  loss_bbox: 1.7244
2025/06/22 04:32:24 - mmengine - INFO - Epoch(train)  [2][5250/9162]  lr: 2.0000e-03  eta: 1 day, 17:21:18  time: 0.7453  data_time: 0.1263  memory: 1708  loss: 5.2289  loss_cls: 3.4086  loss_bbox: 1.8203
2025/06/22 04:33:02 - mmengine - INFO - Epoch(train)  [2][5300/9162]  lr: 2.0000e-03  eta: 1 day, 17:20:58  time: 0.7470  data_time: 0.1235  memory: 1708  loss: 5.1882  loss_cls: 3.5260  loss_bbox: 1.6622
2025/06/22 04:33:38 - mmengine - INFO - Epoch(train)  [2][5350/9162]  lr: 2.0000e-03  eta: 1 day, 17:20:29  time: 0.7358  data_time: 0.1104  memory: 1708  loss: 5.0786  loss_cls: 3.3980  loss_bbox: 1.6806
2025/06/22 04:34:16 - mmengine - INFO - Epoch(train)  [2][5400/9162]  lr: 2.0000e-03  eta: 1 day, 17:20:11  time: 0.7501  data_time: 0.1160  memory: 1708  loss: 5.0659  loss_cls: 3.4053  loss_bbox: 1.6606
2025/06/22 04:34:54 - mmengine - INFO - Epoch(train)  [2][5450/9162]  lr: 2.0000e-03  eta: 1 day, 17:19:56  time: 0.7543  data_time: 0.1027  memory: 1708  loss: 5.1505  loss_cls: 3.4334  loss_bbox: 1.7171
2025/06/22 04:35:31 - mmengine - INFO - Epoch(train)  [2][5500/9162]  lr: 2.0000e-03  eta: 1 day, 17:19:36  time: 0.7484  data_time: 0.1126  memory: 1708  loss: 5.1304  loss_cls: 3.4313  loss_bbox: 1.6991
2025/06/22 04:36:08 - mmengine - INFO - Epoch(train)  [2][5550/9162]  lr: 2.0000e-03  eta: 1 day, 17:19:12  time: 0.7422  data_time: 0.1028  memory: 1708  loss: 5.1522  loss_cls: 3.4171  loss_bbox: 1.7351
2025/06/22 04:36:46 - mmengine - INFO - Epoch(train)  [2][5600/9162]  lr: 2.0000e-03  eta: 1 day, 17:18:54  time: 0.7517  data_time: 0.1336  memory: 1708  loss: 5.0974  loss_cls: 3.4052  loss_bbox: 1.6922
2025/06/22 04:37:22 - mmengine - INFO - Epoch(train)  [2][5650/9162]  lr: 2.0000e-03  eta: 1 day, 17:18:21  time: 0.7298  data_time: 0.1152  memory: 1708  loss: 5.1377  loss_cls: 3.4215  loss_bbox: 1.7162
2025/06/22 04:37:59 - mmengine - INFO - Epoch(train)  [2][5700/9162]  lr: 2.0000e-03  eta: 1 day, 17:17:44  time: 0.7243  data_time: 0.0954  memory: 1708  loss: 5.2433  loss_cls: 3.4662  loss_bbox: 1.7771
2025/06/22 04:38:36 - mmengine - INFO - Epoch(train)  [2][5750/9162]  lr: 2.0000e-03  eta: 1 day, 17:17:27  time: 0.7535  data_time: 0.1168  memory: 1708  loss: 5.0850  loss_cls: 3.3985  loss_bbox: 1.6865
2025/06/22 04:39:14 - mmengine - INFO - Epoch(train)  [2][5800/9162]  lr: 2.0000e-03  eta: 1 day, 17:17:12  time: 0.7551  data_time: 0.1262  memory: 1708  loss: 5.1351  loss_cls: 3.3877  loss_bbox: 1.7474
2025/06/22 04:39:43 - mmengine - INFO - Exp name: ssd300_coco_20250622_013555
2025/06/22 04:39:52 - mmengine - INFO - Epoch(train)  [2][5850/9162]  lr: 2.0000e-03  eta: 1 day, 17:16:53  time: 0.7517  data_time: 0.1339  memory: 1708  loss: 5.1031  loss_cls: 3.4029  loss_bbox: 1.7002
2025/06/22 04:40:29 - mmengine - INFO - Epoch(train)  [2][5900/9162]  lr: 2.0000e-03  eta: 1 day, 17:16:25  time: 0.7366  data_time: 0.1150  memory: 1708  loss: 5.2123  loss_cls: 3.4551  loss_bbox: 1.7572
2025/06/22 04:41:06 - mmengine - INFO - Epoch(train)  [2][5950/9162]  lr: 2.0000e-03  eta: 1 day, 17:15:57  time: 0.7381  data_time: 0.1311  memory: 1708  loss: 5.2287  loss_cls: 3.4703  loss_bbox: 1.7584
2025/06/22 04:41:43 - mmengine - INFO - Epoch(train)  [2][6000/9162]  lr: 2.0000e-03  eta: 1 day, 17:15:38  time: 0.7502  data_time: 0.1336  memory: 1708  loss: 5.2548  loss_cls: 3.4647  loss_bbox: 1.7901
2025/06/22 04:42:21 - mmengine - INFO - Epoch(train)  [2][6050/9162]  lr: 2.0000e-03  eta: 1 day, 17:15:24  time: 0.7599  data_time: 0.1367  memory: 1708  loss: 5.1500  loss_cls: 3.4041  loss_bbox: 1.7459
2025/06/22 04:42:58 - mmengine - INFO - Epoch(train)  [2][6100/9162]  lr: 2.0000e-03  eta: 1 day, 17:15:02  time: 0.7460  data_time: 0.1199  memory: 1708  loss: 5.1058  loss_cls: 3.4097  loss_bbox: 1.6961
2025/06/22 04:43:36 - mmengine - INFO - Epoch(train)  [2][6150/9162]  lr: 2.0000e-03  eta: 1 day, 17:14:42  time: 0.7503  data_time: 0.0876  memory: 1708  loss: 5.0843  loss_cls: 3.4118  loss_bbox: 1.6726
2025/06/22 04:44:13 - mmengine - INFO - Epoch(train)  [2][6200/9162]  lr: 2.0000e-03  eta: 1 day, 17:14:15  time: 0.7406  data_time: 0.1164  memory: 1708  loss: 5.1332  loss_cls: 3.4451  loss_bbox: 1.6880
2025/06/22 04:44:50 - mmengine - INFO - Epoch(train)  [2][6250/9162]  lr: 2.0000e-03  eta: 1 day, 17:13:51  time: 0.7436  data_time: 0.1312  memory: 1708  loss: 5.0489  loss_cls: 3.3725  loss_bbox: 1.6765
2025/06/22 04:45:28 - mmengine - INFO - Epoch(train)  [2][6300/9162]  lr: 2.0000e-03  eta: 1 day, 17:13:27  time: 0.7450  data_time: 0.1444  memory: 1708  loss: 5.1585  loss_cls: 3.4117  loss_bbox: 1.7468
2025/06/22 04:46:05 - mmengine - INFO - Epoch(train)  [2][6350/9162]  lr: 2.0000e-03  eta: 1 day, 17:13:01  time: 0.7413  data_time: 0.1268  memory: 1708  loss: 5.1210  loss_cls: 3.4009  loss_bbox: 1.7201
2025/06/22 04:46:42 - mmengine - INFO - Epoch(train)  [2][6400/9162]  lr: 2.0000e-03  eta: 1 day, 17:12:37  time: 0.7450  data_time: 0.1161  memory: 1708  loss: 5.1057  loss_cls: 3.4063  loss_bbox: 1.6994
2025/06/22 04:47:19 - mmengine - INFO - Epoch(train)  [2][6450/9162]  lr: 2.0000e-03  eta: 1 day, 17:12:15  time: 0.7477  data_time: 0.1381  memory: 1708  loss: 5.0926  loss_cls: 3.3773  loss_bbox: 1.7153
2025/06/22 04:47:56 - mmengine - INFO - Epoch(train)  [2][6500/9162]  lr: 2.0000e-03  eta: 1 day, 17:11:49  time: 0.7421  data_time: 0.1253  memory: 1708  loss: 5.1131  loss_cls: 3.3904  loss_bbox: 1.7227
2025/06/22 04:48:34 - mmengine - INFO - Epoch(train)  [2][6550/9162]  lr: 2.0000e-03  eta: 1 day, 17:11:29  time: 0.7518  data_time: 0.1202  memory: 1708  loss: 5.1964  loss_cls: 3.4955  loss_bbox: 1.7010
2025/06/22 04:49:11 - mmengine - INFO - Epoch(train)  [2][6600/9162]  lr: 2.0000e-03  eta: 1 day, 17:11:02  time: 0.7400  data_time: 0.1180  memory: 1708  loss: 5.1680  loss_cls: 3.4404  loss_bbox: 1.7276
2025/06/22 04:49:48 - mmengine - INFO - Epoch(train)  [2][6650/9162]  lr: 2.0000e-03  eta: 1 day, 17:10:36  time: 0.7424  data_time: 0.1244  memory: 1708  loss: 5.0403  loss_cls: 3.3679  loss_bbox: 1.6724
2025/06/22 04:50:26 - mmengine - INFO - Epoch(train)  [2][6700/9162]  lr: 2.0000e-03  eta: 1 day, 17:10:20  time: 0.7585  data_time: 0.1217  memory: 1708  loss: 5.0980  loss_cls: 3.4162  loss_bbox: 1.6819
2025/06/22 04:51:03 - mmengine - INFO - Epoch(train)  [2][6750/9162]  lr: 2.0000e-03  eta: 1 day, 17:09:55  time: 0.7429  data_time: 0.1423  memory: 1708  loss: 5.1119  loss_cls: 3.4358  loss_bbox: 1.6761
2025/06/22 04:51:40 - mmengine - INFO - Epoch(train)  [2][6800/9162]  lr: 2.0000e-03  eta: 1 day, 17:09:28  time: 0.7418  data_time: 0.1265  memory: 1708  loss: 5.0879  loss_cls: 3.4070  loss_bbox: 1.6809
2025/06/22 04:52:09 - mmengine - INFO - Exp name: ssd300_coco_20250622_013555
2025/06/22 04:52:18 - mmengine - INFO - Epoch(train)  [2][6850/9162]  lr: 2.0000e-03  eta: 1 day, 17:09:02  time: 0.7423  data_time: 0.1216  memory: 1708  loss: 5.1975  loss_cls: 3.4758  loss_bbox: 1.7217
2025/06/22 04:52:55 - mmengine - INFO - Epoch(train)  [2][6900/9162]  lr: 2.0000e-03  eta: 1 day, 17:08:34  time: 0.7395  data_time: 0.0896  memory: 1708  loss: 5.0458  loss_cls: 3.3435  loss_bbox: 1.7023
2025/06/22 04:53:31 - mmengine - INFO - Epoch(train)  [2][6950/9162]  lr: 2.0000e-03  eta: 1 day, 17:08:01  time: 0.7334  data_time: 0.1134  memory: 1708  loss: 5.0780  loss_cls: 3.3385  loss_bbox: 1.7395
2025/06/22 04:54:08 - mmengine - INFO - Epoch(train)  [2][7000/9162]  lr: 2.0000e-03  eta: 1 day, 17:07:34  time: 0.7403  data_time: 0.1159  memory: 1708  loss: 5.0793  loss_cls: 3.3906  loss_bbox: 1.6887
2025/06/22 04:54:46 - mmengine - INFO - Epoch(train)  [2][7050/9162]  lr: 2.0000e-03  eta: 1 day, 17:07:13  time: 0.7521  data_time: 0.1247  memory: 1708  loss: 5.1650  loss_cls: 3.4116  loss_bbox: 1.7534
2025/06/22 04:55:23 - mmengine - INFO - Epoch(train)  [2][7100/9162]  lr: 2.0000e-03  eta: 1 day, 17:06:50  time: 0.7468  data_time: 0.1075  memory: 1708  loss: 5.0653  loss_cls: 3.4167  loss_bbox: 1.6486
2025/06/22 04:56:01 - mmengine - INFO - Epoch(train)  [2][7150/9162]  lr: 2.0000e-03  eta: 1 day, 17:06:29  time: 0.7525  data_time: 0.1238  memory: 1708  loss: 5.1596  loss_cls: 3.3913  loss_bbox: 1.7683
2025/06/22 04:56:39 - mmengine - INFO - Epoch(train)  [2][7200/9162]  lr: 2.0000e-03  eta: 1 day, 17:06:19  time: 0.7683  data_time: 0.1354  memory: 1708  loss: 5.1186  loss_cls: 3.3998  loss_bbox: 1.7188
2025/06/22 04:57:18 - mmengine - INFO - Epoch(train)  [2][7250/9162]  lr: 2.0000e-03  eta: 1 day, 17:06:04  time: 0.7625  data_time: 0.1288  memory: 1708  loss: 5.2068  loss_cls: 3.4446  loss_bbox: 1.7622
2025/06/22 04:57:55 - mmengine - INFO - Epoch(train)  [2][7300/9162]  lr: 2.0000e-03  eta: 1 day, 17:05:42  time: 0.7497  data_time: 0.1290  memory: 1708  loss: 5.0180  loss_cls: 3.3826  loss_bbox: 1.6354
2025/06/22 04:58:33 - mmengine - INFO - Epoch(train)  [2][7350/9162]  lr: 2.0000e-03  eta: 1 day, 17:05:19  time: 0.7493  data_time: 0.1201  memory: 1708  loss: 5.0857  loss_cls: 3.4342  loss_bbox: 1.6514
2025/06/22 04:59:10 - mmengine - INFO - Epoch(train)  [2][7400/9162]  lr: 2.0000e-03  eta: 1 day, 17:04:50  time: 0.7391  data_time: 0.1073  memory: 1708  loss: 5.0234  loss_cls: 3.3998  loss_bbox: 1.6236
2025/06/22 04:59:47 - mmengine - INFO - Epoch(train)  [2][7450/9162]  lr: 2.0000e-03  eta: 1 day, 17:04:24  time: 0.7449  data_time: 0.1280  memory: 1708  loss: 5.1547  loss_cls: 3.3920  loss_bbox: 1.7628
2025/06/22 05:00:24 - mmengine - INFO - Epoch(train)  [2][7500/9162]  lr: 2.0000e-03  eta: 1 day, 17:03:57  time: 0.7422  data_time: 0.1173  memory: 1708  loss: 5.1157  loss_cls: 3.3979  loss_bbox: 1.7178
2025/06/22 05:01:01 - mmengine - INFO - Epoch(train)  [2][7550/9162]  lr: 2.0000e-03  eta: 1 day, 17:03:31  time: 0.7450  data_time: 0.1195  memory: 1708  loss: 5.1810  loss_cls: 3.4656  loss_bbox: 1.7154
2025/06/22 05:01:38 - mmengine - INFO - Epoch(train)  [2][7600/9162]  lr: 2.0000e-03  eta: 1 day, 17:03:04  time: 0.7431  data_time: 0.1089  memory: 1708  loss: 4.9758  loss_cls: 3.3316  loss_bbox: 1.6442
2025/06/22 05:02:16 - mmengine - INFO - Epoch(train)  [2][7650/9162]  lr: 2.0000e-03  eta: 1 day, 17:02:43  time: 0.7533  data_time: 0.1079  memory: 1708  loss: 5.0643  loss_cls: 3.3516  loss_bbox: 1.7127
2025/06/22 05:02:53 - mmengine - INFO - Epoch(train)  [2][7700/9162]  lr: 2.0000e-03  eta: 1 day, 17:02:16  time: 0.7419  data_time: 0.1257  memory: 1708  loss: 5.0788  loss_cls: 3.3672  loss_bbox: 1.7116
2025/06/22 05:03:31 - mmengine - INFO - Epoch(train)  [2][7750/9162]  lr: 2.0000e-03  eta: 1 day, 17:01:50  time: 0.7459  data_time: 0.1134  memory: 1708  loss: 4.9645  loss_cls: 3.3260  loss_bbox: 1.6385
2025/06/22 05:04:08 - mmengine - INFO - Epoch(train)  [2][7800/9162]  lr: 2.0000e-03  eta: 1 day, 17:01:28  time: 0.7509  data_time: 0.1134  memory: 1708  loss: 5.1831  loss_cls: 3.3792  loss_bbox: 1.8039
2025/06/22 05:04:36 - mmengine - INFO - Exp name: ssd300_coco_20250622_013555
2025/06/22 05:04:45 - mmengine - INFO - Epoch(train)  [2][7850/9162]  lr: 2.0000e-03  eta: 1 day, 17:00:58  time: 0.7391  data_time: 0.1103  memory: 1708  loss: 5.1078  loss_cls: 3.4377  loss_bbox: 1.6701
2025/06/22 05:05:22 - mmengine - INFO - Epoch(train)  [2][7900/9162]  lr: 2.0000e-03  eta: 1 day, 17:00:24  time: 0.7318  data_time: 0.1040  memory: 1708  loss: 5.0825  loss_cls: 3.4196  loss_bbox: 1.6629
2025/06/22 05:05:59 - mmengine - INFO - Epoch(train)  [2][7950/9162]  lr: 2.0000e-03  eta: 1 day, 16:59:58  time: 0.7450  data_time: 0.1183  memory: 1708  loss: 4.9666  loss_cls: 3.3166  loss_bbox: 1.6500
2025/06/22 05:06:36 - mmengine - INFO - Epoch(train)  [2][8000/9162]  lr: 2.0000e-03  eta: 1 day, 16:59:31  time: 0.7437  data_time: 0.1410  memory: 1708  loss: 5.0796  loss_cls: 3.3895  loss_bbox: 1.6902
2025/06/22 05:07:14 - mmengine - INFO - Epoch(train)  [2][8050/9162]  lr: 2.0000e-03  eta: 1 day, 16:59:07  time: 0.7491  data_time: 0.1297  memory: 1708  loss: 4.9386  loss_cls: 3.2831  loss_bbox: 1.6555
2025/06/22 05:07:51 - mmengine - INFO - Epoch(train)  [2][8100/9162]  lr: 2.0000e-03  eta: 1 day, 16:58:40  time: 0.7442  data_time: 0.1263  memory: 1708  loss: 5.0981  loss_cls: 3.3719  loss_bbox: 1.7262
2025/06/22 05:08:28 - mmengine - INFO - Epoch(train)  [2][8150/9162]  lr: 2.0000e-03  eta: 1 day, 16:58:08  time: 0.7368  data_time: 0.0855  memory: 1708  loss: 5.0507  loss_cls: 3.3241  loss_bbox: 1.7266
2025/06/22 05:09:05 - mmengine - INFO - Epoch(train)  [2][8200/9162]  lr: 2.0000e-03  eta: 1 day, 16:57:40  time: 0.7422  data_time: 0.1442  memory: 1708  loss: 4.9656  loss_cls: 3.3395  loss_bbox: 1.6261
2025/06/22 05:09:42 - mmengine - INFO - Epoch(train)  [2][8250/9162]  lr: 2.0000e-03  eta: 1 day, 16:57:10  time: 0.7388  data_time: 0.1322  memory: 1708  loss: 4.9843  loss_cls: 3.3176  loss_bbox: 1.6666
2025/06/22 05:10:20 - mmengine - INFO - Epoch(train)  [2][8300/9162]  lr: 2.0000e-03  eta: 1 day, 16:56:47  time: 0.7506  data_time: 0.1299  memory: 1708  loss: 4.9904  loss_cls: 3.3193  loss_bbox: 1.6711
2025/06/22 05:10:57 - mmengine - INFO - Epoch(train)  [2][8350/9162]  lr: 2.0000e-03  eta: 1 day, 16:56:27  time: 0.7577  data_time: 0.1059  memory: 1708  loss: 4.9766  loss_cls: 3.2980  loss_bbox: 1.6786
2025/06/22 05:11:35 - mmengine - INFO - Epoch(train)  [2][8400/9162]  lr: 2.0000e-03  eta: 1 day, 16:55:59  time: 0.7430  data_time: 0.0943  memory: 1708  loss: 5.0875  loss_cls: 3.3938  loss_bbox: 1.6937
2025/06/22 05:12:12 - mmengine - INFO - Epoch(train)  [2][8450/9162]  lr: 2.0000e-03  eta: 1 day, 16:55:33  time: 0.7451  data_time: 0.1479  memory: 1708  loss: 4.9889  loss_cls: 3.3676  loss_bbox: 1.6214
2025/06/22 05:12:49 - mmengine - INFO - Epoch(train)  [2][8500/9162]  lr: 2.0000e-03  eta: 1 day, 16:55:03  time: 0.7404  data_time: 0.1329  memory: 1708  loss: 4.9979  loss_cls: 3.3346  loss_bbox: 1.6633
2025/06/22 05:13:26 - mmengine - INFO - Epoch(train)  [2][8550/9162]  lr: 2.0000e-03  eta: 1 day, 16:54:37  time: 0.7462  data_time: 0.1465  memory: 1708  loss: 5.0571  loss_cls: 3.3600  loss_bbox: 1.6971
2025/06/22 05:14:04 - mmengine - INFO - Epoch(train)  [2][8600/9162]  lr: 2.0000e-03  eta: 1 day, 16:54:10  time: 0.7450  data_time: 0.1273  memory: 1708  loss: 5.0175  loss_cls: 3.3268  loss_bbox: 1.6907
2025/06/22 05:14:41 - mmengine - INFO - Epoch(train)  [2][8650/9162]  lr: 2.0000e-03  eta: 1 day, 16:53:41  time: 0.7416  data_time: 0.1244  memory: 1708  loss: 4.9152  loss_cls: 3.2968  loss_bbox: 1.6184
2025/06/22 05:15:18 - mmengine - INFO - Epoch(train)  [2][8700/9162]  lr: 2.0000e-03  eta: 1 day, 16:53:13  time: 0.7434  data_time: 0.1065  memory: 1708  loss: 4.9893  loss_cls: 3.3248  loss_bbox: 1.6644
2025/06/22 05:15:55 - mmengine - INFO - Epoch(train)  [2][8750/9162]  lr: 2.0000e-03  eta: 1 day, 16:52:42  time: 0.7393  data_time: 0.1305  memory: 1708  loss: 4.9441  loss_cls: 3.2978  loss_bbox: 1.6463
2025/06/22 05:16:32 - mmengine - INFO - Epoch(train)  [2][8800/9162]  lr: 2.0000e-03  eta: 1 day, 16:52:14  time: 0.7426  data_time: 0.1127  memory: 1708  loss: 5.0606  loss_cls: 3.3554  loss_bbox: 1.7052
2025/06/22 05:17:00 - mmengine - INFO - Exp name: ssd300_coco_20250622_013555
2025/06/22 05:17:09 - mmengine - INFO - Epoch(train)  [2][8850/9162]  lr: 2.0000e-03  eta: 1 day, 16:51:46  time: 0.7443  data_time: 0.1122  memory: 1708  loss: 5.0991  loss_cls: 3.3900  loss_bbox: 1.7091
2025/06/22 05:17:47 - mmengine - INFO - Epoch(train)  [2][8900/9162]  lr: 2.0000e-03  eta: 1 day, 16:51:27  time: 0.7591  data_time: 0.1354  memory: 1708  loss: 4.9861  loss_cls: 3.3437  loss_bbox: 1.6424
2025/06/22 05:18:25 - mmengine - INFO - Epoch(train)  [2][8950/9162]  lr: 2.0000e-03  eta: 1 day, 16:51:01  time: 0.7484  data_time: 0.1447  memory: 1708  loss: 5.0376  loss_cls: 3.3277  loss_bbox: 1.7099
2025/06/22 05:19:02 - mmengine - INFO - Epoch(train)  [2][9000/9162]  lr: 2.0000e-03  eta: 1 day, 16:50:33  time: 0.7435  data_time: 0.1330  memory: 1708  loss: 5.0340  loss_cls: 3.3360  loss_bbox: 1.6980
2025/06/22 05:19:39 - mmengine - INFO - Epoch(train)  [2][9050/9162]  lr: 2.0000e-03  eta: 1 day, 16:50:06  time: 0.7456  data_time: 0.1455  memory: 1708  loss: 5.0251  loss_cls: 3.3533  loss_bbox: 1.6719
2025/06/22 05:20:16 - mmengine - INFO - Epoch(train)  [2][9100/9162]  lr: 2.0000e-03  eta: 1 day, 16:49:37  time: 0.7428  data_time: 0.1310  memory: 1708  loss: 5.0784  loss_cls: 3.3761  loss_bbox: 1.7023
2025/06/22 05:20:54 - mmengine - INFO - Epoch(train)  [2][9150/9162]  lr: 2.0000e-03  eta: 1 day, 16:49:09  time: 0.7443  data_time: 0.1426  memory: 1708  loss: 5.1904  loss_cls: 3.4620  loss_bbox: 1.7284
2025/06/22 05:21:02 - mmengine - INFO - Exp name: ssd300_coco_20250622_013555
2025/06/22 05:21:02 - mmengine - INFO - Saving checkpoint at 2 epochs
2025/06/22 05:21:16 - mmengine - INFO - Epoch(val)  [2][ 50/157]    eta: 0:00:27  time: 0.2561  data_time: 0.0434  memory: 1708  
2025/06/22 05:21:29 - mmengine - INFO - Epoch(val)  [2][100/157]    eta: 0:00:14  time: 0.2519  data_time: 0.0406  memory: 851  
2025/06/22 05:21:41 - mmengine - INFO - Epoch(val)  [2][150/157]    eta: 0:00:01  time: 0.2507  data_time: 0.0352  memory: 851  
2025/06/22 05:22:03 - mmengine - INFO - Evaluating bbox...
2025/06/22 05:23:18 - mmengine - INFO - bbox_mAP_copypaste: 0.139 0.282 0.124 0.027 0.137 0.241
2025/06/22 05:23:19 - mmengine - INFO - Epoch(val) [2][157/157]    coco/bbox_mAP: 0.1390  coco/bbox_mAP_50: 0.2820  coco/bbox_mAP_75: 0.1240  coco/bbox_mAP_s: 0.0270  coco/bbox_mAP_m: 0.1370  coco/bbox_mAP_l: 0.2410  data_time: 0.0398  time: 0.2509
2025/06/22 05:23:55 - mmengine - INFO - Epoch(train)  [3][  50/9162]  lr: 2.0000e-03  eta: 1 day, 16:48:19  time: 0.7253  data_time: 0.0964  memory: 1708  loss: 4.9886  loss_cls: 3.3196  loss_bbox: 1.6690
2025/06/22 05:24:32 - mmengine - INFO - Epoch(train)  [3][ 100/9162]  lr: 2.0000e-03  eta: 1 day, 16:47:47  time: 0.7364  data_time: 0.1007  memory: 1708  loss: 4.9919  loss_cls: 3.2908  loss_bbox: 1.7011
2025/06/22 05:25:10 - mmengine - INFO - Epoch(train)  [3][ 150/9162]  lr: 2.0000e-03  eta: 1 day, 16:47:20  time: 0.7456  data_time: 0.0870  memory: 1708  loss: 5.0302  loss_cls: 3.3697  loss_bbox: 1.6606
2025/06/22 05:25:47 - mmengine - INFO - Epoch(train)  [3][ 200/9162]  lr: 2.0000e-03  eta: 1 day, 16:46:53  time: 0.7477  data_time: 0.1066  memory: 1708  loss: 4.9558  loss_cls: 3.2712  loss_bbox: 1.6846
2025/06/22 05:26:24 - mmengine - INFO - Epoch(train)  [3][ 250/9162]  lr: 2.0000e-03  eta: 1 day, 16:46:22  time: 0.7385  data_time: 0.1299  memory: 1708  loss: 5.0200  loss_cls: 3.3644  loss_bbox: 1.6556
2025/06/22 05:27:01 - mmengine - INFO - Epoch(train)  [3][ 300/9162]  lr: 2.0000e-03  eta: 1 day, 16:45:54  time: 0.7449  data_time: 0.1471  memory: 1708  loss: 4.9713  loss_cls: 3.2788  loss_bbox: 1.6925
2025/06/22 05:27:39 - mmengine - INFO - Epoch(train)  [3][ 350/9162]  lr: 2.0000e-03  eta: 1 day, 16:45:34  time: 0.7601  data_time: 0.1306  memory: 1708  loss: 4.9569  loss_cls: 3.3323  loss_bbox: 1.6246
2025/06/22 05:28:17 - mmengine - INFO - Epoch(train)  [3][ 400/9162]  lr: 2.0000e-03  eta: 1 day, 16:45:09  time: 0.7496  data_time: 0.1292  memory: 1708  loss: 4.8943  loss_cls: 3.2703  loss_bbox: 1.6240
2025/06/22 05:28:54 - mmengine - INFO - Epoch(train)  [3][ 450/9162]  lr: 2.0000e-03  eta: 1 day, 16:44:45  time: 0.7529  data_time: 0.1483  memory: 1708  loss: 4.9729  loss_cls: 3.3129  loss_bbox: 1.6600
2025/06/22 05:29:32 - mmengine - INFO - Epoch(train)  [3][ 500/9162]  lr: 2.0000e-03  eta: 1 day, 16:44:20  time: 0.7509  data_time: 0.1451  memory: 1708  loss: 4.9462  loss_cls: 3.3022  loss_bbox: 1.6440
2025/06/22 05:30:10 - mmengine - INFO - Epoch(train)  [3][ 550/9162]  lr: 2.0000e-03  eta: 1 day, 16:43:59  time: 0.7592  data_time: 0.1490  memory: 1708  loss: 5.0380  loss_cls: 3.3115  loss_bbox: 1.7265
2025/06/22 05:30:48 - mmengine - INFO - Epoch(train)  [3][ 600/9162]  lr: 2.0000e-03  eta: 1 day, 16:43:36  time: 0.7537  data_time: 0.1226  memory: 1708  loss: 4.9694  loss_cls: 3.2796  loss_bbox: 1.6898
2025/06/22 05:31:25 - mmengine - INFO - Epoch(train)  [3][ 650/9162]  lr: 2.0000e-03  eta: 1 day, 16:43:06  time: 0.7431  data_time: 0.1024  memory: 1708  loss: 4.9238  loss_cls: 3.2781  loss_bbox: 1.6457
2025/06/22 05:31:45 - mmengine - INFO - Exp name: ssd300_coco_20250622_013555
2025/06/22 05:32:03 - mmengine - INFO - Epoch(train)  [3][ 700/9162]  lr: 2.0000e-03  eta: 1 day, 16:42:46  time: 0.7604  data_time: 0.1404  memory: 1708  loss: 4.9919  loss_cls: 3.2924  loss_bbox: 1.6994
2025/06/22 05:32:40 - mmengine - INFO - Epoch(train)  [3][ 750/9162]  lr: 2.0000e-03  eta: 1 day, 16:42:20  time: 0.7486  data_time: 0.1374  memory: 1708  loss: 4.9684  loss_cls: 3.3007  loss_bbox: 1.6677
2025/06/22 05:33:18 - mmengine - INFO - Epoch(train)  [3][ 800/9162]  lr: 2.0000e-03  eta: 1 day, 16:41:56  time: 0.7545  data_time: 0.1165  memory: 1708  loss: 4.9986  loss_cls: 3.2954  loss_bbox: 1.7033
2025/06/22 05:33:56 - mmengine - INFO - Epoch(train)  [3][ 850/9162]  lr: 2.0000e-03  eta: 1 day, 16:41:35  time: 0.7595  data_time: 0.1360  memory: 1708  loss: 5.0000  loss_cls: 3.3078  loss_bbox: 1.6922
2025/06/22 05:34:33 - mmengine - INFO - Epoch(train)  [3][ 900/9162]  lr: 2.0000e-03  eta: 1 day, 16:41:05  time: 0.7429  data_time: 0.1258  memory: 1708  loss: 4.9743  loss_cls: 3.3291  loss_bbox: 1.6453
2025/06/22 05:35:11 - mmengine - INFO - Epoch(train)  [3][ 950/9162]  lr: 2.0000e-03  eta: 1 day, 16:40:36  time: 0.7439  data_time: 0.1390  memory: 1708  loss: 4.9656  loss_cls: 3.2866  loss_bbox: 1.6790
2025/06/22 05:35:48 - mmengine - INFO - Epoch(train)  [3][1000/9162]  lr: 2.0000e-03  eta: 1 day, 16:40:05  time: 0.7408  data_time: 0.1173  memory: 1708  loss: 4.9933  loss_cls: 3.3314  loss_bbox: 1.6619
2025/06/22 05:36:25 - mmengine - INFO - Epoch(train)  [3][1050/9162]  lr: 2.0000e-03  eta: 1 day, 16:39:43  time: 0.7564  data_time: 0.1372  memory: 1708  loss: 5.1049  loss_cls: 3.3761  loss_bbox: 1.7288
2025/06/22 05:37:03 - mmengine - INFO - Epoch(train)  [3][1100/9162]  lr: 2.0000e-03  eta: 1 day, 16:39:15  time: 0.7474  data_time: 0.1340  memory: 1708  loss: 4.9462  loss_cls: 3.3482  loss_bbox: 1.5980
2025/06/22 05:37:40 - mmengine - INFO - Epoch(train)  [3][1150/9162]  lr: 2.0000e-03  eta: 1 day, 16:38:42  time: 0.7377  data_time: 0.1372  memory: 1708  loss: 5.0067  loss_cls: 3.3349  loss_bbox: 1.6718
2025/06/22 05:38:17 - mmengine - INFO - Epoch(train)  [3][1200/9162]  lr: 2.0000e-03  eta: 1 day, 16:38:13  time: 0.7439  data_time: 0.1199  memory: 1708  loss: 5.0668  loss_cls: 3.3302  loss_bbox: 1.7366
2025/06/22 05:38:49 - mmengine - INFO - Epoch(train)  [3][1250/9162]  lr: 2.0000e-03  eta: 1 day, 16:36:45  time: 0.6294  data_time: 0.0484  memory: 1708  loss: 4.9287  loss_cls: 3.3258  loss_bbox: 1.6029
2025/06/22 05:39:23 - mmengine - INFO - Epoch(train)  [3][1300/9162]  lr: 2.0000e-03  eta: 1 day, 16:35:44  time: 0.6811  data_time: 0.0768  memory: 1708  loss: 5.0086  loss_cls: 3.3381  loss_bbox: 1.6704
2025/06/22 05:39:57 - mmengine - INFO - Epoch(train)  [3][1350/9162]  lr: 2.0000e-03  eta: 1 day, 16:34:47  time: 0.6893  data_time: 0.0875  memory: 1708  loss: 4.9990  loss_cls: 3.3028  loss_bbox: 1.6962
2025/06/22 05:40:31 - mmengine - INFO - Epoch(train)  [3][1400/9162]  lr: 2.0000e-03  eta: 1 day, 16:33:47  time: 0.6842  data_time: 0.0897  memory: 1708  loss: 4.8286  loss_cls: 3.2271  loss_bbox: 1.6014
2025/06/22 05:41:06 - mmengine - INFO - Epoch(train)  [3][1450/9162]  lr: 2.0000e-03  eta: 1 day, 16:32:48  time: 0.6842  data_time: 0.0935  memory: 1708  loss: 4.9764  loss_cls: 3.2956  loss_bbox: 1.6807
2025/06/22 05:41:43 - mmengine - INFO - Epoch(train)  [3][1500/9162]  lr: 2.0000e-03  eta: 1 day, 16:32:21  time: 0.7495  data_time: 0.1109  memory: 1708  loss: 5.0054  loss_cls: 3.3162  loss_bbox: 1.6893
2025/06/22 05:42:20 - mmengine - INFO - Epoch(train)  [3][1550/9162]  lr: 2.0000e-03  eta: 1 day, 16:31:51  time: 0.7411  data_time: 0.1215  memory: 1708  loss: 4.8318  loss_cls: 3.2228  loss_bbox: 1.6090
2025/06/22 05:42:57 - mmengine - INFO - Epoch(train)  [3][1600/9162]  lr: 2.0000e-03  eta: 1 day, 16:31:21  time: 0.7428  data_time: 0.1433  memory: 1708  loss: 4.9378  loss_cls: 3.2762  loss_bbox: 1.6616
2025/06/22 05:43:34 - mmengine - INFO - Epoch(train)  [3][1650/9162]  lr: 2.0000e-03  eta: 1 day, 16:30:47  time: 0.7341  data_time: 0.1115  memory: 1708  loss: 5.0341  loss_cls: 3.3502  loss_bbox: 1.6839
2025/06/22 05:43:53 - mmengine - INFO - Exp name: ssd300_coco_20250622_013555
2025/06/22 05:44:11 - mmengine - INFO - Epoch(train)  [3][1700/9162]  lr: 2.0000e-03  eta: 1 day, 16:30:14  time: 0.7381  data_time: 0.1049  memory: 1708  loss: 4.9285  loss_cls: 3.2978  loss_bbox: 1.6307
2025/06/22 05:44:48 - mmengine - INFO - Epoch(train)  [3][1750/9162]  lr: 2.0000e-03  eta: 1 day, 16:29:43  time: 0.7399  data_time: 0.1129  memory: 1708  loss: 4.9656  loss_cls: 3.3124  loss_bbox: 1.6532
2025/06/22 05:45:25 - mmengine - INFO - Epoch(train)  [3][1800/9162]  lr: 2.0000e-03  eta: 1 day, 16:29:12  time: 0.7412  data_time: 0.1233  memory: 1708  loss: 4.8827  loss_cls: 3.3000  loss_bbox: 1.5827
2025/06/22 05:46:03 - mmengine - INFO - Epoch(train)  [3][1850/9162]  lr: 2.0000e-03  eta: 1 day, 16:28:46  time: 0.7508  data_time: 0.1259  memory: 1708  loss: 4.9348  loss_cls: 3.2766  loss_bbox: 1.6582
2025/06/22 05:46:40 - mmengine - INFO - Epoch(train)  [3][1900/9162]  lr: 2.0000e-03  eta: 1 day, 16:28:22  time: 0.7540  data_time: 0.1368  memory: 1708  loss: 4.9068  loss_cls: 3.2731  loss_bbox: 1.6338
2025/06/22 05:47:17 - mmengine - INFO - Epoch(train)  [3][1950/9162]  lr: 2.0000e-03  eta: 1 day, 16:27:48  time: 0.7342  data_time: 0.1202  memory: 1708  loss: 4.9318  loss_cls: 3.3003  loss_bbox: 1.6315
2025/06/22 05:47:54 - mmengine - INFO - Epoch(train)  [3][2000/9162]  lr: 2.0000e-03  eta: 1 day, 16:27:18  time: 0.7443  data_time: 0.1411  memory: 1708  loss: 4.8503  loss_cls: 3.2606  loss_bbox: 1.5897
2025/06/22 05:48:32 - mmengine - INFO - Epoch(train)  [3][2050/9162]  lr: 2.0000e-03  eta: 1 day, 16:26:52  time: 0.7498  data_time: 0.1208  memory: 1708  loss: 4.9944  loss_cls: 3.3198  loss_bbox: 1.6746
2025/06/22 05:49:09 - mmengine - INFO - Epoch(train)  [3][2100/9162]  lr: 2.0000e-03  eta: 1 day, 16:26:21  time: 0.7414  data_time: 0.1085  memory: 1708  loss: 4.9126  loss_cls: 3.2973  loss_bbox: 1.6153
2025/06/22 05:49:46 - mmengine - INFO - Epoch(train)  [3][2150/9162]  lr: 2.0000e-03  eta: 1 day, 16:25:49  time: 0.7391  data_time: 0.1157  memory: 1708  loss: 5.0045  loss_cls: 3.3022  loss_bbox: 1.7023
2025/06/22 05:50:23 - mmengine - INFO - Epoch(train)  [3][2200/9162]  lr: 2.0000e-03  eta: 1 day, 16:25:16  time: 0.7373  data_time: 0.1065  memory: 1708  loss: 5.0770  loss_cls: 3.3568  loss_bbox: 1.7202
2025/06/22 05:51:00 - mmengine - INFO - Epoch(train)  [3][2250/9162]  lr: 2.0000e-03  eta: 1 day, 16:24:45  time: 0.7409  data_time: 0.1405  memory: 1708  loss: 4.9903  loss_cls: 3.3095  loss_bbox: 1.6808
2025/06/22 05:51:37 - mmengine - INFO - Epoch(train)  [3][2300/9162]  lr: 2.0000e-03  eta: 1 day, 16:24:16  time: 0.7453  data_time: 0.1381  memory: 1708  loss: 4.8753  loss_cls: 3.2758  loss_bbox: 1.5994
2025/06/22 05:52:15 - mmengine - INFO - Epoch(train)  [3][2350/9162]  lr: 2.0000e-03  eta: 1 day, 16:23:49  time: 0.7506  data_time: 0.1211  memory: 1708  loss: 4.8583  loss_cls: 3.2643  loss_bbox: 1.5940
2025/06/22 05:52:52 - mmengine - INFO - Epoch(train)  [3][2400/9162]  lr: 2.0000e-03  eta: 1 day, 16:23:22  time: 0.7495  data_time: 0.1185  memory: 1708  loss: 5.0437  loss_cls: 3.3679  loss_bbox: 1.6758
2025/06/22 05:53:30 - mmengine - INFO - Epoch(train)  [3][2450/9162]  lr: 2.0000e-03  eta: 1 day, 16:22:52  time: 0.7434  data_time: 0.1079  memory: 1708  loss: 5.0156  loss_cls: 3.3476  loss_bbox: 1.6680
2025/06/22 05:54:07 - mmengine - INFO - Epoch(train)  [3][2500/9162]  lr: 2.0000e-03  eta: 1 day, 16:22:21  time: 0.7427  data_time: 0.1163  memory: 1708  loss: 4.9401  loss_cls: 3.3142  loss_bbox: 1.6259
2025/06/22 05:54:44 - mmengine - INFO - Epoch(train)  [3][2550/9162]  lr: 2.0000e-03  eta: 1 day, 16:21:53  time: 0.7471  data_time: 0.1071  memory: 1708  loss: 4.8704  loss_cls: 3.2821  loss_bbox: 1.5883
2025/06/22 05:55:21 - mmengine - INFO - Epoch(train)  [3][2600/9162]  lr: 2.0000e-03  eta: 1 day, 16:21:21  time: 0.7401  data_time: 0.1070  memory: 1708  loss: 4.8966  loss_cls: 3.2909  loss_bbox: 1.6057
2025/06/22 05:55:58 - mmengine - INFO - Epoch(train)  [3][2650/9162]  lr: 2.0000e-03  eta: 1 day, 16:20:48  time: 0.7378  data_time: 0.1145  memory: 1708  loss: 4.9381  loss_cls: 3.3029  loss_bbox: 1.6351
2025/06/22 05:56:17 - mmengine - INFO - Exp name: ssd300_coco_20250622_013555
2025/06/22 05:56:35 - mmengine - INFO - Epoch(train)  [3][2700/9162]  lr: 2.0000e-03  eta: 1 day, 16:20:15  time: 0.7370  data_time: 0.1252  memory: 1708  loss: 4.9297  loss_cls: 3.2957  loss_bbox: 1.6340
2025/06/22 05:57:12 - mmengine - INFO - Epoch(train)  [3][2750/9162]  lr: 2.0000e-03  eta: 1 day, 16:19:44  time: 0.7428  data_time: 0.1430  memory: 1708  loss: 4.8845  loss_cls: 3.2826  loss_bbox: 1.6019
2025/06/22 05:57:50 - mmengine - INFO - Epoch(train)  [3][2800/9162]  lr: 2.0000e-03  eta: 1 day, 16:19:17  time: 0.7495  data_time: 0.1170  memory: 1708  loss: 4.8552  loss_cls: 3.2608  loss_bbox: 1.5944
2025/06/22 05:58:27 - mmengine - INFO - Epoch(train)  [3][2850/9162]  lr: 2.0000e-03  eta: 1 day, 16:18:50  time: 0.7510  data_time: 0.1319  memory: 1708  loss: 4.8854  loss_cls: 3.2334  loss_bbox: 1.6520
2025/06/22 05:59:05 - mmengine - INFO - Epoch(train)  [3][2900/9162]  lr: 2.0000e-03  eta: 1 day, 16:18:26  time: 0.7568  data_time: 0.1448  memory: 1708  loss: 4.7643  loss_cls: 3.2250  loss_bbox: 1.5393
2025/06/22 05:59:43 - mmengine - INFO - Epoch(train)  [3][2950/9162]  lr: 2.0000e-03  eta: 1 day, 16:18:03  time: 0.7594  data_time: 0.1335  memory: 1708  loss: 5.0556  loss_cls: 3.3835  loss_bbox: 1.6721
2025/06/22 06:00:20 - mmengine - INFO - Epoch(train)  [3][3000/9162]  lr: 2.0000e-03  eta: 1 day, 16:17:29  time: 0.7370  data_time: 0.1083  memory: 1708  loss: 4.8229  loss_cls: 3.2133  loss_bbox: 1.6096
2025/06/22 06:00:57 - mmengine - INFO - Epoch(train)  [3][3050/9162]  lr: 2.0000e-03  eta: 1 day, 16:17:01  time: 0.7472  data_time: 0.1367  memory: 1708  loss: 4.8143  loss_cls: 3.2936  loss_bbox: 1.5206
2025/06/22 06:01:35 - mmengine - INFO - Epoch(train)  [3][3100/9162]  lr: 2.0000e-03  eta: 1 day, 16:16:33  time: 0.7489  data_time: 0.1290  memory: 1708  loss: 4.9252  loss_cls: 3.2684  loss_bbox: 1.6567
2025/06/22 06:02:12 - mmengine - INFO - Epoch(train)  [3][3150/9162]  lr: 2.0000e-03  eta: 1 day, 16:15:57  time: 0.7334  data_time: 0.1072  memory: 1708  loss: 4.8107  loss_cls: 3.2041  loss_bbox: 1.6066
2025/06/22 06:02:49 - mmengine - INFO - Epoch(train)  [3][3200/9162]  lr: 2.0000e-03  eta: 1 day, 16:15:26  time: 0.7421  data_time: 0.1420  memory: 1708  loss: 4.8868  loss_cls: 3.2475  loss_bbox: 1.6393
2025/06/22 06:03:26 - mmengine - INFO - Epoch(train)  [3][3250/9162]  lr: 2.0000e-03  eta: 1 day, 16:14:55  time: 0.7414  data_time: 0.1329  memory: 1708  loss: 5.0195  loss_cls: 3.3669  loss_bbox: 1.6526
2025/06/22 06:04:03 - mmengine - INFO - Epoch(train)  [3][3300/9162]  lr: 2.0000e-03  eta: 1 day, 16:14:21  time: 0.7367  data_time: 0.1199  memory: 1708  loss: 5.0003  loss_cls: 3.3052  loss_bbox: 1.6950
2025/06/22 06:04:40 - mmengine - INFO - Epoch(train)  [3][3350/9162]  lr: 2.0000e-03  eta: 1 day, 16:13:52  time: 0.7480  data_time: 0.1342  memory: 1708  loss: 5.0658  loss_cls: 3.3491  loss_bbox: 1.7168
2025/06/22 06:05:17 - mmengine - INFO - Epoch(train)  [3][3400/9162]  lr: 2.0000e-03  eta: 1 day, 16:13:19  time: 0.7372  data_time: 0.1152  memory: 1708  loss: 4.8607  loss_cls: 3.2868  loss_bbox: 1.5738
2025/06/22 06:05:55 - mmengine - INFO - Epoch(train)  [3][3450/9162]  lr: 2.0000e-03  eta: 1 day, 16:12:51  time: 0.7507  data_time: 0.1237  memory: 1708  loss: 4.8820  loss_cls: 3.2210  loss_bbox: 1.6610
2025/06/22 06:06:32 - mmengine - INFO - Epoch(train)  [3][3500/9162]  lr: 2.0000e-03  eta: 1 day, 16:12:20  time: 0.7436  data_time: 0.1157  memory: 1708  loss: 4.9335  loss_cls: 3.2633  loss_bbox: 1.6701
2025/06/22 06:07:09 - mmengine - INFO - Epoch(train)  [3][3550/9162]  lr: 2.0000e-03  eta: 1 day, 16:11:54  time: 0.7519  data_time: 0.1440  memory: 1708  loss: 4.9235  loss_cls: 3.3163  loss_bbox: 1.6072
2025/06/22 06:07:47 - mmengine - INFO - Epoch(train)  [3][3600/9162]  lr: 2.0000e-03  eta: 1 day, 16:11:26  time: 0.7504  data_time: 0.1098  memory: 1708  loss: 4.9243  loss_cls: 3.3227  loss_bbox: 1.6015
2025/06/22 06:08:24 - mmengine - INFO - Epoch(train)  [3][3650/9162]  lr: 2.0000e-03  eta: 1 day, 16:10:56  time: 0.7462  data_time: 0.0996  memory: 1708  loss: 4.8672  loss_cls: 3.2502  loss_bbox: 1.6170
2025/06/22 06:08:44 - mmengine - INFO - Exp name: ssd300_coco_20250622_013555
2025/06/22 06:09:02 - mmengine - INFO - Epoch(train)  [3][3700/9162]  lr: 2.0000e-03  eta: 1 day, 16:10:27  time: 0.7483  data_time: 0.1422  memory: 1708  loss: 4.9529  loss_cls: 3.3303  loss_bbox: 1.6227
2025/06/22 06:09:39 - mmengine - INFO - Epoch(train)  [3][3750/9162]  lr: 2.0000e-03  eta: 1 day, 16:09:57  time: 0.7443  data_time: 0.1366  memory: 1708  loss: 4.8388  loss_cls: 3.2490  loss_bbox: 1.5899
2025/06/22 06:10:16 - mmengine - INFO - Epoch(train)  [3][3800/9162]  lr: 2.0000e-03  eta: 1 day, 16:09:25  time: 0.7419  data_time: 0.1280  memory: 1708  loss: 4.8997  loss_cls: 3.3051  loss_bbox: 1.5946
2025/06/22 06:10:53 - mmengine - INFO - Epoch(train)  [3][3850/9162]  lr: 2.0000e-03  eta: 1 day, 16:08:52  time: 0.7395  data_time: 0.1293  memory: 1708  loss: 4.8177  loss_cls: 3.2148  loss_bbox: 1.6029
2025/06/22 06:11:30 - mmengine - INFO - Epoch(train)  [3][3900/9162]  lr: 2.0000e-03  eta: 1 day, 16:08:18  time: 0.7346  data_time: 0.0880  memory: 1708  loss: 4.8683  loss_cls: 3.2229  loss_bbox: 1.6453
2025/06/22 06:12:07 - mmengine - INFO - Epoch(train)  [3][3950/9162]  lr: 2.0000e-03  eta: 1 day, 16:07:46  time: 0.7433  data_time: 0.1210  memory: 1708  loss: 4.9605  loss_cls: 3.3202  loss_bbox: 1.6403
2025/06/22 06:12:45 - mmengine - INFO - Epoch(train)  [3][4000/9162]  lr: 2.0000e-03  eta: 1 day, 16:07:19  time: 0.7515  data_time: 0.1303  memory: 1708  loss: 4.9348  loss_cls: 3.3040  loss_bbox: 1.6308
2025/06/22 06:13:22 - mmengine - INFO - Epoch(train)  [3][4050/9162]  lr: 2.0000e-03  eta: 1 day, 16:06:47  time: 0.7418  data_time: 0.1164  memory: 1708  loss: 4.9293  loss_cls: 3.3214  loss_bbox: 1.6080
2025/06/22 06:13:59 - mmengine - INFO - Epoch(train)  [3][4100/9162]  lr: 2.0000e-03  eta: 1 day, 16:06:19  time: 0.7500  data_time: 0.1156  memory: 1708  loss: 4.9116  loss_cls: 3.2734  loss_bbox: 1.6382
2025/06/22 06:14:36 - mmengine - INFO - Epoch(train)  [3][4150/9162]  lr: 2.0000e-03  eta: 1 day, 16:05:46  time: 0.7404  data_time: 0.1111  memory: 1708  loss: 4.9086  loss_cls: 3.2522  loss_bbox: 1.6564
2025/06/22 06:15:13 - mmengine - INFO - Epoch(train)  [3][4200/9162]  lr: 2.0000e-03  eta: 1 day, 16:05:13  time: 0.7377  data_time: 0.1240  memory: 1708  loss: 4.8185  loss_cls: 3.2159  loss_bbox: 1.6026
2025/06/22 06:15:51 - mmengine - INFO - Epoch(train)  [3][4250/9162]  lr: 2.0000e-03  eta: 1 day, 16:04:44  time: 0.7500  data_time: 0.1399  memory: 1708  loss: 4.8717  loss_cls: 3.2722  loss_bbox: 1.5995
2025/06/22 06:16:29 - mmengine - INFO - Epoch(train)  [3][4300/9162]  lr: 2.0000e-03  eta: 1 day, 16:04:18  time: 0.7543  data_time: 0.1354  memory: 1708  loss: 4.9468  loss_cls: 3.2658  loss_bbox: 1.6811
2025/06/22 06:17:06 - mmengine - INFO - Epoch(train)  [3][4350/9162]  lr: 2.0000e-03  eta: 1 day, 16:03:45  time: 0.7409  data_time: 0.1171  memory: 1708  loss: 4.8908  loss_cls: 3.2217  loss_bbox: 1.6692
2025/06/22 06:17:43 - mmengine - INFO - Epoch(train)  [3][4400/9162]  lr: 2.0000e-03  eta: 1 day, 16:03:13  time: 0.7409  data_time: 0.1072  memory: 1708  loss: 4.9897  loss_cls: 3.3051  loss_bbox: 1.6846
2025/06/22 06:18:20 - mmengine - INFO - Epoch(train)  [3][4450/9162]  lr: 2.0000e-03  eta: 1 day, 16:02:40  time: 0.7404  data_time: 0.0927  memory: 1708  loss: 4.8784  loss_cls: 3.2573  loss_bbox: 1.6211
2025/06/22 06:18:54 - mmengine - INFO - Epoch(train)  [3][4500/9162]  lr: 2.0000e-03  eta: 1 day, 16:01:46  time: 0.6911  data_time: 0.1009  memory: 1708  loss: 4.8973  loss_cls: 3.2633  loss_bbox: 1.6340
2025/06/22 06:19:30 - mmengine - INFO - Epoch(train)  [3][4550/9162]  lr: 2.0000e-03  eta: 1 day, 16:01:02  time: 0.7119  data_time: 0.0878  memory: 1708  loss: 4.8295  loss_cls: 3.2013  loss_bbox: 1.6281
2025/06/22 06:20:07 - mmengine - INFO - Epoch(train)  [3][4600/9162]  lr: 2.0000e-03  eta: 1 day, 16:00:31  time: 0.7449  data_time: 0.1000  memory: 1708  loss: 4.8369  loss_cls: 3.2359  loss_bbox: 1.6010
2025/06/22 06:20:44 - mmengine - INFO - Epoch(train)  [3][4650/9162]  lr: 2.0000e-03  eta: 1 day, 15:59:55  time: 0.7331  data_time: 0.1003  memory: 1708  loss: 4.9372  loss_cls: 3.3014  loss_bbox: 1.6358
2025/06/22 06:21:03 - mmengine - INFO - Exp name: ssd300_coco_20250622_013555
2025/06/22 06:21:21 - mmengine - INFO - Epoch(train)  [3][4700/9162]  lr: 2.0000e-03  eta: 1 day, 15:59:21  time: 0.7361  data_time: 0.1135  memory: 1708  loss: 4.8380  loss_cls: 3.2408  loss_bbox: 1.5972
2025/06/22 06:21:59 - mmengine - INFO - Epoch(train)  [3][4750/9162]  lr: 2.0000e-03  eta: 1 day, 15:58:55  time: 0.7564  data_time: 0.1126  memory: 1708  loss: 4.9507  loss_cls: 3.3046  loss_bbox: 1.6461
2025/06/22 06:22:35 - mmengine - INFO - Epoch(train)  [3][4800/9162]  lr: 2.0000e-03  eta: 1 day, 15:58:20  time: 0.7368  data_time: 0.1179  memory: 1708  loss: 4.8596  loss_cls: 3.2941  loss_bbox: 1.5655
2025/06/22 06:23:13 - mmengine - INFO - Epoch(train)  [3][4850/9162]  lr: 2.0000e-03  eta: 1 day, 15:57:52  time: 0.7512  data_time: 0.1450  memory: 1708  loss: 4.9511  loss_cls: 3.2643  loss_bbox: 1.6868
2025/06/22 06:23:50 - mmengine - INFO - Epoch(train)  [3][4900/9162]  lr: 2.0000e-03  eta: 1 day, 15:57:19  time: 0.7397  data_time: 0.1330  memory: 1708  loss: 4.9113  loss_cls: 3.2192  loss_bbox: 1.6921
2025/06/22 06:24:27 - mmengine - INFO - Epoch(train)  [3][4950/9162]  lr: 2.0000e-03  eta: 1 day, 15:56:44  time: 0.7351  data_time: 0.1008  memory: 1708  loss: 4.8962  loss_cls: 3.2718  loss_bbox: 1.6244
2025/06/22 06:25:04 - mmengine - INFO - Epoch(train)  [3][5000/9162]  lr: 2.0000e-03  eta: 1 day, 15:56:10  time: 0.7370  data_time: 0.1007  memory: 1708  loss: 4.8169  loss_cls: 3.2113  loss_bbox: 1.6056
2025/06/22 06:25:41 - mmengine - INFO - Epoch(train)  [3][5050/9162]  lr: 2.0000e-03  eta: 1 day, 15:55:35  time: 0.7346  data_time: 0.1006  memory: 1708  loss: 4.8855  loss_cls: 3.2759  loss_bbox: 1.6096
2025/06/22 06:26:18 - mmengine - INFO - Epoch(train)  [3][5100/9162]  lr: 2.0000e-03  eta: 1 day, 15:55:05  time: 0.7480  data_time: 0.1241  memory: 1708  loss: 4.9392  loss_cls: 3.2947  loss_bbox: 1.6445
2025/06/22 06:26:55 - mmengine - INFO - Epoch(train)  [3][5150/9162]  lr: 2.0000e-03  eta: 1 day, 15:54:32  time: 0.7394  data_time: 0.1208  memory: 1708  loss: 4.8646  loss_cls: 3.2501  loss_bbox: 1.6145
2025/06/22 06:27:32 - mmengine - INFO - Epoch(train)  [3][5200/9162]  lr: 2.0000e-03  eta: 1 day, 15:53:59  time: 0.7391  data_time: 0.1375  memory: 1708  loss: 4.9033  loss_cls: 3.2950  loss_bbox: 1.6083
2025/06/22 06:28:09 - mmengine - INFO - Epoch(train)  [3][5250/9162]  lr: 2.0000e-03  eta: 1 day, 15:53:25  time: 0.7381  data_time: 0.1147  memory: 1708  loss: 4.7197  loss_cls: 3.1365  loss_bbox: 1.5831
2025/06/22 06:28:47 - mmengine - INFO - Epoch(train)  [3][5300/9162]  lr: 2.0000e-03  eta: 1 day, 15:52:58  time: 0.7564  data_time: 0.1003  memory: 1708  loss: 4.7691  loss_cls: 3.1833  loss_bbox: 1.5858
2025/06/22 06:29:24 - mmengine - INFO - Epoch(train)  [3][5350/9162]  lr: 2.0000e-03  eta: 1 day, 15:52:28  time: 0.7461  data_time: 0.1090  memory: 1708  loss: 4.8930  loss_cls: 3.2750  loss_bbox: 1.6179
2025/06/22 06:30:01 - mmengine - INFO - Epoch(train)  [3][5400/9162]  lr: 2.0000e-03  eta: 1 day, 15:51:53  time: 0.7362  data_time: 0.1251  memory: 1708  loss: 4.8296  loss_cls: 3.2305  loss_bbox: 1.5991
2025/06/22 06:30:37 - mmengine - INFO - Epoch(train)  [3][5450/9162]  lr: 2.0000e-03  eta: 1 day, 15:51:15  time: 0.7269  data_time: 0.1223  memory: 1708  loss: 4.8352  loss_cls: 3.2124  loss_bbox: 1.6228
2025/06/22 06:31:14 - mmengine - INFO - Epoch(train)  [3][5500/9162]  lr: 2.0000e-03  eta: 1 day, 15:50:41  time: 0.7385  data_time: 0.1293  memory: 1708  loss: 4.7924  loss_cls: 3.2531  loss_bbox: 1.5393
2025/06/22 06:31:51 - mmengine - INFO - Epoch(train)  [3][5550/9162]  lr: 2.0000e-03  eta: 1 day, 15:50:07  time: 0.7390  data_time: 0.1248  memory: 1708  loss: 4.7828  loss_cls: 3.1787  loss_bbox: 1.6041
2025/06/22 06:32:28 - mmengine - INFO - Epoch(train)  [3][5600/9162]  lr: 2.0000e-03  eta: 1 day, 15:49:30  time: 0.7305  data_time: 0.1025  memory: 1708  loss: 4.7862  loss_cls: 3.2025  loss_bbox: 1.5837
2025/06/22 06:33:05 - mmengine - INFO - Epoch(train)  [3][5650/9162]  lr: 2.0000e-03  eta: 1 day, 15:48:59  time: 0.7443  data_time: 0.1219  memory: 1708  loss: 4.7984  loss_cls: 3.2082  loss_bbox: 1.5903
2025/06/22 06:33:24 - mmengine - INFO - Exp name: ssd300_coco_20250622_013555
2025/06/22 06:33:42 - mmengine - INFO - Epoch(train)  [3][5700/9162]  lr: 2.0000e-03  eta: 1 day, 15:48:25  time: 0.7376  data_time: 0.1255  memory: 1708  loss: 4.6666  loss_cls: 3.1616  loss_bbox: 1.5050
2025/06/22 06:34:19 - mmengine - INFO - Epoch(train)  [3][5750/9162]  lr: 2.0000e-03  eta: 1 day, 15:47:51  time: 0.7379  data_time: 0.1382  memory: 1708  loss: 4.8536  loss_cls: 3.2665  loss_bbox: 1.5871
2025/06/22 06:34:56 - mmengine - INFO - Epoch(train)  [3][5800/9162]  lr: 2.0000e-03  eta: 1 day, 15:47:17  time: 0.7383  data_time: 0.1178  memory: 1708  loss: 4.9343  loss_cls: 3.2996  loss_bbox: 1.6347
2025/06/22 06:35:33 - mmengine - INFO - Epoch(train)  [3][5850/9162]  lr: 2.0000e-03  eta: 1 day, 15:46:43  time: 0.7383  data_time: 0.0961  memory: 1708  loss: 4.8597  loss_cls: 3.2472  loss_bbox: 1.6124
2025/06/22 06:36:11 - mmengine - INFO - Epoch(train)  [3][5900/9162]  lr: 2.0000e-03  eta: 1 day, 15:46:21  time: 0.7674  data_time: 0.1407  memory: 1708  loss: 4.7636  loss_cls: 3.1809  loss_bbox: 1.5827
2025/06/22 06:36:49 - mmengine - INFO - Epoch(train)  [3][5950/9162]  lr: 2.0000e-03  eta: 1 day, 15:45:54  time: 0.7560  data_time: 0.1313  memory: 1708  loss: 4.8489  loss_cls: 3.2583  loss_bbox: 1.5905
2025/06/22 06:37:26 - mmengine - INFO - Epoch(train)  [3][6000/9162]  lr: 2.0000e-03  eta: 1 day, 15:45:24  time: 0.7474  data_time: 0.1352  memory: 1708  loss: 4.8595  loss_cls: 3.2634  loss_bbox: 1.5961
2025/06/22 06:38:03 - mmengine - INFO - Epoch(train)  [3][6050/9162]  lr: 2.0000e-03  eta: 1 day, 15:44:50  time: 0.7397  data_time: 0.1124  memory: 1708  loss: 4.8293  loss_cls: 3.2337  loss_bbox: 1.5956
2025/06/22 06:38:41 - mmengine - INFO - Epoch(train)  [3][6100/9162]  lr: 2.0000e-03  eta: 1 day, 15:44:18  time: 0.7435  data_time: 0.1219  memory: 1708  loss: 4.8239  loss_cls: 3.1696  loss_bbox: 1.6543
2025/06/22 06:39:18 - mmengine - INFO - Epoch(train)  [3][6150/9162]  lr: 2.0000e-03  eta: 1 day, 15:43:45  time: 0.7409  data_time: 0.1191  memory: 1708  loss: 4.9264  loss_cls: 3.2756  loss_bbox: 1.6509
2025/06/22 06:39:55 - mmengine - INFO - Epoch(train)  [3][6200/9162]  lr: 2.0000e-03  eta: 1 day, 15:43:13  time: 0.7420  data_time: 0.1079  memory: 1708  loss: 4.8111  loss_cls: 3.2312  loss_bbox: 1.5799
2025/06/22 06:40:32 - mmengine - INFO - Epoch(train)  [3][6250/9162]  lr: 2.0000e-03  eta: 1 day, 15:42:43  time: 0.7498  data_time: 0.1076  memory: 1708  loss: 4.8405  loss_cls: 3.2126  loss_bbox: 1.6279
2025/06/22 06:41:10 - mmengine - INFO - Epoch(train)  [3][6300/9162]  lr: 2.0000e-03  eta: 1 day, 15:42:12  time: 0.7456  data_time: 0.1285  memory: 1708  loss: 4.8294  loss_cls: 3.2332  loss_bbox: 1.5963
2025/06/22 06:41:47 - mmengine - INFO - Epoch(train)  [3][6350/9162]  lr: 2.0000e-03  eta: 1 day, 15:41:39  time: 0.7416  data_time: 0.1189  memory: 1708  loss: 4.7243  loss_cls: 3.1526  loss_bbox: 1.5717
2025/06/22 06:42:24 - mmengine - INFO - Epoch(train)  [3][6400/9162]  lr: 2.0000e-03  eta: 1 day, 15:41:11  time: 0.7525  data_time: 0.1323  memory: 1708  loss: 4.8638  loss_cls: 3.2668  loss_bbox: 1.5970
2025/06/22 06:43:02 - mmengine - INFO - Epoch(train)  [3][6450/9162]  lr: 2.0000e-03  eta: 1 day, 15:40:40  time: 0.7468  data_time: 0.1134  memory: 1708  loss: 4.7382  loss_cls: 3.1689  loss_bbox: 1.5693
2025/06/22 06:43:39 - mmengine - INFO - Epoch(train)  [3][6500/9162]  lr: 2.0000e-03  eta: 1 day, 15:40:04  time: 0.7334  data_time: 0.0884  memory: 1708  loss: 4.7841  loss_cls: 3.2137  loss_bbox: 1.5704
2025/06/22 06:44:16 - mmengine - INFO - Epoch(train)  [3][6550/9162]  lr: 2.0000e-03  eta: 1 day, 15:39:35  time: 0.7522  data_time: 0.1369  memory: 1708  loss: 4.7774  loss_cls: 3.2283  loss_bbox: 1.5491
2025/06/22 06:44:53 - mmengine - INFO - Epoch(train)  [3][6600/9162]  lr: 2.0000e-03  eta: 1 day, 15:39:02  time: 0.7422  data_time: 0.1069  memory: 1708  loss: 4.8994  loss_cls: 3.2773  loss_bbox: 1.6220
2025/06/22 06:45:30 - mmengine - INFO - Epoch(train)  [3][6650/9162]  lr: 2.0000e-03  eta: 1 day, 15:38:30  time: 0.7432  data_time: 0.1414  memory: 1708  loss: 4.7776  loss_cls: 3.1903  loss_bbox: 1.5873
2025/06/22 06:45:50 - mmengine - INFO - Exp name: ssd300_coco_20250622_013555
2025/06/22 06:46:08 - mmengine - INFO - Epoch(train)  [3][6700/9162]  lr: 2.0000e-03  eta: 1 day, 15:37:59  time: 0.7460  data_time: 0.1358  memory: 1708  loss: 4.7220  loss_cls: 3.1548  loss_bbox: 1.5672
2025/06/22 06:46:45 - mmengine - INFO - Epoch(train)  [3][6750/9162]  lr: 2.0000e-03  eta: 1 day, 15:37:26  time: 0.7406  data_time: 0.1096  memory: 1708  loss: 4.8626  loss_cls: 3.2549  loss_bbox: 1.6077
2025/06/22 06:47:22 - mmengine - INFO - Epoch(train)  [3][6800/9162]  lr: 2.0000e-03  eta: 1 day, 15:36:53  time: 0.7419  data_time: 0.1177  memory: 1708  loss: 4.9310  loss_cls: 3.2669  loss_bbox: 1.6641
2025/06/22 06:47:59 - mmengine - INFO - Epoch(train)  [3][6850/9162]  lr: 2.0000e-03  eta: 1 day, 15:36:18  time: 0.7378  data_time: 0.1247  memory: 1708  loss: 4.9043  loss_cls: 3.2960  loss_bbox: 1.6082
2025/06/22 06:48:36 - mmengine - INFO - Epoch(train)  [3][6900/9162]  lr: 2.0000e-03  eta: 1 day, 15:35:45  time: 0.7414  data_time: 0.1354  memory: 1708  loss: 4.8169  loss_cls: 3.2224  loss_bbox: 1.5945
2025/06/22 06:49:13 - mmengine - INFO - Epoch(train)  [3][6950/9162]  lr: 2.0000e-03  eta: 1 day, 15:35:13  time: 0.7430  data_time: 0.1212  memory: 1708  loss: 4.8436  loss_cls: 3.2313  loss_bbox: 1.6123
2025/06/22 06:49:51 - mmengine - INFO - Epoch(train)  [3][7000/9162]  lr: 2.0000e-03  eta: 1 day, 15:34:44  time: 0.7529  data_time: 0.1094  memory: 1708  loss: 4.7797  loss_cls: 3.1721  loss_bbox: 1.6076
2025/06/22 06:50:28 - mmengine - INFO - Epoch(train)  [3][7050/9162]  lr: 2.0000e-03  eta: 1 day, 15:34:10  time: 0.7393  data_time: 0.1028  memory: 1708  loss: 4.7482  loss_cls: 3.1802  loss_bbox: 1.5681
2025/06/22 06:51:06 - mmengine - INFO - Epoch(train)  [3][7100/9162]  lr: 2.0000e-03  eta: 1 day, 15:33:43  time: 0.7579  data_time: 0.1283  memory: 1708  loss: 4.8832  loss_cls: 3.2471  loss_bbox: 1.6361
2025/06/22 06:51:43 - mmengine - INFO - Epoch(train)  [3][7150/9162]  lr: 2.0000e-03  eta: 1 day, 15:33:09  time: 0.7393  data_time: 0.1168  memory: 1708  loss: 4.8646  loss_cls: 3.2462  loss_bbox: 1.6184
2025/06/22 06:52:20 - mmengine - INFO - Epoch(train)  [3][7200/9162]  lr: 2.0000e-03  eta: 1 day, 15:32:37  time: 0.7431  data_time: 0.1195  memory: 1708  loss: 4.8017  loss_cls: 3.1844  loss_bbox: 1.6173
2025/06/22 06:52:58 - mmengine - INFO - Epoch(train)  [3][7250/9162]  lr: 2.0000e-03  eta: 1 day, 15:32:07  time: 0.7510  data_time: 0.1264  memory: 1708  loss: 4.8558  loss_cls: 3.2517  loss_bbox: 1.6042
2025/06/22 06:53:35 - mmengine - INFO - Epoch(train)  [3][7300/9162]  lr: 2.0000e-03  eta: 1 day, 15:31:37  time: 0.7497  data_time: 0.1516  memory: 1708  loss: 4.8533  loss_cls: 3.2229  loss_bbox: 1.6304
2025/06/22 06:54:13 - mmengine - INFO - Epoch(train)  [3][7350/9162]  lr: 2.0000e-03  eta: 1 day, 15:31:08  time: 0.7517  data_time: 0.1327  memory: 1708  loss: 4.8763  loss_cls: 3.2552  loss_bbox: 1.6211
2025/06/22 06:54:50 - mmengine - INFO - Epoch(train)  [3][7400/9162]  lr: 2.0000e-03  eta: 1 day, 15:30:36  time: 0.7459  data_time: 0.1197  memory: 1708  loss: 4.8493  loss_cls: 3.2184  loss_bbox: 1.6309
2025/06/22 06:55:27 - mmengine - INFO - Epoch(train)  [3][7450/9162]  lr: 2.0000e-03  eta: 1 day, 15:30:04  time: 0.7439  data_time: 0.1010  memory: 1708  loss: 4.8660  loss_cls: 3.2388  loss_bbox: 1.6272
2025/06/22 06:56:05 - mmengine - INFO - Epoch(train)  [3][7500/9162]  lr: 2.0000e-03  eta: 1 day, 15:29:34  time: 0.7518  data_time: 0.1234  memory: 1708  loss: 4.7520  loss_cls: 3.2091  loss_bbox: 1.5428
2025/06/22 06:56:42 - mmengine - INFO - Epoch(train)  [3][7550/9162]  lr: 2.0000e-03  eta: 1 day, 15:29:02  time: 0.7447  data_time: 0.1353  memory: 1708  loss: 4.7295  loss_cls: 3.1577  loss_bbox: 1.5718
2025/06/22 06:57:20 - mmengine - INFO - Epoch(train)  [3][7600/9162]  lr: 2.0000e-03  eta: 1 day, 15:28:32  time: 0.7507  data_time: 0.1198  memory: 1708  loss: 4.7853  loss_cls: 3.2029  loss_bbox: 1.5824
2025/06/22 06:57:57 - mmengine - INFO - Epoch(train)  [3][7650/9162]  lr: 2.0000e-03  eta: 1 day, 15:27:57  time: 0.7356  data_time: 0.1243  memory: 1708  loss: 4.8541  loss_cls: 3.2449  loss_bbox: 1.6093
2025/06/22 06:58:16 - mmengine - INFO - Exp name: ssd300_coco_20250622_013555
2025/06/22 06:58:33 - mmengine - INFO - Epoch(train)  [3][7700/9162]  lr: 2.0000e-03  eta: 1 day, 15:27:22  time: 0.7377  data_time: 0.0772  memory: 1708  loss: 4.7785  loss_cls: 3.2086  loss_bbox: 1.5699
2025/06/22 06:59:10 - mmengine - INFO - Epoch(train)  [3][7750/9162]  lr: 2.0000e-03  eta: 1 day, 15:26:48  time: 0.7389  data_time: 0.1194  memory: 1708  loss: 4.8266  loss_cls: 3.2140  loss_bbox: 1.6126
2025/06/22 06:59:48 - mmengine - INFO - Epoch(train)  [3][7800/9162]  lr: 2.0000e-03  eta: 1 day, 15:26:15  time: 0.7423  data_time: 0.1201  memory: 1708  loss: 4.8228  loss_cls: 3.2361  loss_bbox: 1.5866
2025/06/22 07:00:25 - mmengine - INFO - Epoch(train)  [3][7850/9162]  lr: 2.0000e-03  eta: 1 day, 15:25:41  time: 0.7411  data_time: 0.1204  memory: 1708  loss: 4.8222  loss_cls: 3.2405  loss_bbox: 1.5817
2025/06/22 07:01:02 - mmengine - INFO - Epoch(train)  [3][7900/9162]  lr: 2.0000e-03  eta: 1 day, 15:25:10  time: 0.7488  data_time: 0.1351  memory: 1708  loss: 4.7853  loss_cls: 3.2120  loss_bbox: 1.5733
2025/06/22 07:01:40 - mmengine - INFO - Epoch(train)  [3][7950/9162]  lr: 2.0000e-03  eta: 1 day, 15:24:40  time: 0.7485  data_time: 0.1163  memory: 1708  loss: 4.8572  loss_cls: 3.2583  loss_bbox: 1.5988
2025/06/22 07:02:17 - mmengine - INFO - Epoch(train)  [3][8000/9162]  lr: 2.0000e-03  eta: 1 day, 15:24:07  time: 0.7427  data_time: 0.1264  memory: 1708  loss: 4.7621  loss_cls: 3.1612  loss_bbox: 1.6008
2025/06/22 07:02:54 - mmengine - INFO - Epoch(train)  [3][8050/9162]  lr: 2.0000e-03  eta: 1 day, 15:23:35  time: 0.7456  data_time: 0.1317  memory: 1708  loss: 4.7969  loss_cls: 3.1755  loss_bbox: 1.6213
2025/06/22 07:03:31 - mmengine - INFO - Epoch(train)  [3][8100/9162]  lr: 2.0000e-03  eta: 1 day, 15:22:59  time: 0.7368  data_time: 0.0879  memory: 1708  loss: 4.7624  loss_cls: 3.1844  loss_bbox: 1.5779
2025/06/22 07:04:08 - mmengine - INFO - Epoch(train)  [3][8150/9162]  lr: 2.0000e-03  eta: 1 day, 15:22:28  time: 0.7463  data_time: 0.1132  memory: 1708  loss: 4.7687  loss_cls: 3.1901  loss_bbox: 1.5786
2025/06/22 07:04:46 - mmengine - INFO - Epoch(train)  [3][8200/9162]  lr: 2.0000e-03  eta: 1 day, 15:21:56  time: 0.7457  data_time: 0.1240  memory: 1708  loss: 4.8881  loss_cls: 3.2317  loss_bbox: 1.6564
2025/06/22 07:05:23 - mmengine - INFO - Epoch(train)  [3][8250/9162]  lr: 2.0000e-03  eta: 1 day, 15:21:26  time: 0.7515  data_time: 0.1464  memory: 1708  loss: 4.7575  loss_cls: 3.1836  loss_bbox: 1.5739
2025/06/22 07:06:00 - mmengine - INFO - Epoch(train)  [3][8300/9162]  lr: 2.0000e-03  eta: 1 day, 15:20:53  time: 0.7424  data_time: 0.1202  memory: 1708  loss: 4.8026  loss_cls: 3.1970  loss_bbox: 1.6056
2025/06/22 07:06:37 - mmengine - INFO - Epoch(train)  [3][8350/9162]  lr: 2.0000e-03  eta: 1 day, 15:20:17  time: 0.7370  data_time: 0.1074  memory: 1708  loss: 4.7641  loss_cls: 3.1783  loss_bbox: 1.5859
2025/06/22 07:07:15 - mmengine - INFO - Epoch(train)  [3][8400/9162]  lr: 2.0000e-03  eta: 1 day, 15:19:47  time: 0.7497  data_time: 0.1352  memory: 1708  loss: 4.8899  loss_cls: 3.2329  loss_bbox: 1.6570
2025/06/22 07:07:52 - mmengine - INFO - Epoch(train)  [3][8450/9162]  lr: 2.0000e-03  eta: 1 day, 15:19:12  time: 0.7383  data_time: 0.1086  memory: 1708  loss: 4.7840  loss_cls: 3.2004  loss_bbox: 1.5836
2025/06/22 07:08:28 - mmengine - INFO - Epoch(train)  [3][8500/9162]  lr: 2.0000e-03  eta: 1 day, 15:18:36  time: 0.7342  data_time: 0.1004  memory: 1708  loss: 4.6005  loss_cls: 3.0896  loss_bbox: 1.5110
2025/06/22 07:09:05 - mmengine - INFO - Epoch(train)  [3][8550/9162]  lr: 2.0000e-03  eta: 1 day, 15:17:59  time: 0.7310  data_time: 0.0863  memory: 1708  loss: 4.6941  loss_cls: 3.1522  loss_bbox: 1.5419
2025/06/22 07:09:43 - mmengine - INFO - Epoch(train)  [3][8600/9162]  lr: 2.0000e-03  eta: 1 day, 15:17:30  time: 0.7545  data_time: 0.1430  memory: 1708  loss: 4.7509  loss_cls: 3.1810  loss_bbox: 1.5700
2025/06/22 07:10:20 - mmengine - INFO - Epoch(train)  [3][8650/9162]  lr: 2.0000e-03  eta: 1 day, 15:16:58  time: 0.7479  data_time: 0.1431  memory: 1708  loss: 4.7143  loss_cls: 3.1286  loss_bbox: 1.5857
2025/06/22 07:10:40 - mmengine - INFO - Exp name: ssd300_coco_20250622_013555
2025/06/22 07:10:58 - mmengine - INFO - Epoch(train)  [3][8700/9162]  lr: 2.0000e-03  eta: 1 day, 15:16:29  time: 0.7546  data_time: 0.1351  memory: 1708  loss: 4.7456  loss_cls: 3.1545  loss_bbox: 1.5911
2025/06/22 07:11:36 - mmengine - INFO - Epoch(train)  [3][8750/9162]  lr: 2.0000e-03  eta: 1 day, 15:16:01  time: 0.7573  data_time: 0.1378  memory: 1708  loss: 4.8033  loss_cls: 3.2143  loss_bbox: 1.5890
2025/06/22 07:12:13 - mmengine - INFO - Epoch(train)  [3][8800/9162]  lr: 2.0000e-03  eta: 1 day, 15:15:31  time: 0.7505  data_time: 0.1287  memory: 1708  loss: 4.8642  loss_cls: 3.1895  loss_bbox: 1.6747
2025/06/22 07:12:51 - mmengine - INFO - Epoch(train)  [3][8850/9162]  lr: 2.0000e-03  eta: 1 day, 15:15:02  time: 0.7545  data_time: 0.1275  memory: 1708  loss: 4.8017  loss_cls: 3.2001  loss_bbox: 1.6017
2025/06/22 07:13:29 - mmengine - INFO - Epoch(train)  [3][8900/9162]  lr: 2.0000e-03  eta: 1 day, 15:14:30  time: 0.7464  data_time: 0.1104  memory: 1708  loss: 4.7720  loss_cls: 3.1678  loss_bbox: 1.6042
2025/06/22 07:14:07 - mmengine - INFO - Epoch(train)  [3][8950/9162]  lr: 2.0000e-03  eta: 1 day, 15:14:07  time: 0.7725  data_time: 0.1363  memory: 1708  loss: 4.7518  loss_cls: 3.1938  loss_bbox: 1.5580
2025/06/22 07:14:45 - mmengine - INFO - Epoch(train)  [3][9000/9162]  lr: 2.0000e-03  eta: 1 day, 15:13:36  time: 0.7504  data_time: 0.1394  memory: 1708  loss: 4.7419  loss_cls: 3.1687  loss_bbox: 1.5732
2025/06/22 07:15:22 - mmengine - INFO - Epoch(train)  [3][9050/9162]  lr: 2.0000e-03  eta: 1 day, 15:13:06  time: 0.7513  data_time: 0.1355  memory: 1708  loss: 4.7866  loss_cls: 3.1977  loss_bbox: 1.5890
2025/06/22 07:16:00 - mmengine - INFO - Epoch(train)  [3][9100/9162]  lr: 2.0000e-03  eta: 1 day, 15:12:35  time: 0.7504  data_time: 0.1352  memory: 1708  loss: 4.6996  loss_cls: 3.1551  loss_bbox: 1.5444
2025/06/22 07:16:38 - mmengine - INFO - Epoch(train)  [3][9150/9162]  lr: 2.0000e-03  eta: 1 day, 15:12:06  time: 0.7551  data_time: 0.1297  memory: 1708  loss: 4.7473  loss_cls: 3.1750  loss_bbox: 1.5722
2025/06/22 07:16:46 - mmengine - INFO - Exp name: ssd300_coco_20250622_013555
2025/06/22 07:16:46 - mmengine - INFO - Saving checkpoint at 3 epochs
2025/06/22 07:17:00 - mmengine - INFO - Epoch(val)  [3][ 50/157]    eta: 0:00:25  time: 0.2339  data_time: 0.0263  memory: 1708  
2025/06/22 07:17:13 - mmengine - INFO - Epoch(val)  [3][100/157]    eta: 0:00:13  time: 0.2551  data_time: 0.0442  memory: 851  
2025/06/22 07:17:26 - mmengine - INFO - Epoch(val)  [3][150/157]    eta: 0:00:01  time: 0.2606  data_time: 0.0455  memory: 851  
2025/06/22 07:17:47 - mmengine - INFO - Evaluating bbox...
2025/06/22 07:19:13 - mmengine - INFO - bbox_mAP_copypaste: 0.161 0.316 0.147 0.037 0.163 0.265
2025/06/22 07:19:14 - mmengine - INFO - Epoch(val) [3][157/157]    coco/bbox_mAP: 0.1610  coco/bbox_mAP_50: 0.3160  coco/bbox_mAP_75: 0.1470  coco/bbox_mAP_s: 0.0370  coco/bbox_mAP_m: 0.1630  coco/bbox_mAP_l: 0.2650  data_time: 0.0389  time: 0.2480
2025/06/22 07:19:50 - mmengine - INFO - Epoch(train)  [4][  50/9162]  lr: 2.0000e-03  eta: 1 day, 15:11:14  time: 0.7206  data_time: 0.0989  memory: 1708  loss: 4.6495  loss_cls: 3.1399  loss_bbox: 1.5097
2025/06/22 07:20:27 - mmengine - INFO - Epoch(train)  [4][ 100/9162]  lr: 2.0000e-03  eta: 1 day, 15:10:41  time: 0.7437  data_time: 0.1309  memory: 1708  loss: 4.7285  loss_cls: 3.1431  loss_bbox: 1.5854
2025/06/22 07:21:04 - mmengine - INFO - Epoch(train)  [4][ 150/9162]  lr: 2.0000e-03  eta: 1 day, 15:10:07  time: 0.7406  data_time: 0.1279  memory: 1708  loss: 4.7775  loss_cls: 3.1890  loss_bbox: 1.5885
2025/06/22 07:21:42 - mmengine - INFO - Epoch(train)  [4][ 200/9162]  lr: 2.0000e-03  eta: 1 day, 15:09:34  time: 0.7446  data_time: 0.1341  memory: 1708  loss: 4.6519  loss_cls: 3.1337  loss_bbox: 1.5182
2025/06/22 07:22:19 - mmengine - INFO - Epoch(train)  [4][ 250/9162]  lr: 2.0000e-03  eta: 1 day, 15:09:02  time: 0.7462  data_time: 0.1130  memory: 1708  loss: 4.7833  loss_cls: 3.2035  loss_bbox: 1.5799
2025/06/22 07:22:56 - mmengine - INFO - Epoch(train)  [4][ 300/9162]  lr: 2.0000e-03  eta: 1 day, 15:08:27  time: 0.7400  data_time: 0.1309  memory: 1708  loss: 4.7482  loss_cls: 3.1802  loss_bbox: 1.5680
2025/06/22 07:23:34 - mmengine - INFO - Epoch(train)  [4][ 350/9162]  lr: 2.0000e-03  eta: 1 day, 15:07:57  time: 0.7512  data_time: 0.1368  memory: 1708  loss: 4.6758  loss_cls: 3.1319  loss_bbox: 1.5439
2025/06/22 07:24:11 - mmengine - INFO - Epoch(train)  [4][ 400/9162]  lr: 2.0000e-03  eta: 1 day, 15:07:26  time: 0.7500  data_time: 0.1285  memory: 1708  loss: 4.6791  loss_cls: 3.1462  loss_bbox: 1.5329
2025/06/22 07:24:48 - mmengine - INFO - Epoch(train)  [4][ 450/9162]  lr: 2.0000e-03  eta: 1 day, 15:06:52  time: 0.7432  data_time: 0.1447  memory: 1708  loss: 4.7013  loss_cls: 3.1186  loss_bbox: 1.5828
2025/06/22 07:25:25 - mmengine - INFO - Epoch(train)  [4][ 500/9162]  lr: 2.0000e-03  eta: 1 day, 15:06:18  time: 0.7391  data_time: 0.0944  memory: 1708  loss: 4.6276  loss_cls: 3.0739  loss_bbox: 1.5537
2025/06/22 07:25:36 - mmengine - INFO - Exp name: ssd300_coco_20250622_013555
2025/06/22 07:26:02 - mmengine - INFO - Epoch(train)  [4][ 550/9162]  lr: 2.0000e-03  eta: 1 day, 15:05:43  time: 0.7403  data_time: 0.0566  memory: 1708  loss: 4.7005  loss_cls: 3.1262  loss_bbox: 1.5743
2025/06/22 07:26:41 - mmengine - INFO - Epoch(train)  [4][ 600/9162]  lr: 2.0000e-03  eta: 1 day, 15:05:16  time: 0.7617  data_time: 0.1015  memory: 1708  loss: 4.6870  loss_cls: 3.1260  loss_bbox: 1.5610
2025/06/22 07:27:18 - mmengine - INFO - Epoch(train)  [4][ 650/9162]  lr: 2.0000e-03  eta: 1 day, 15:04:42  time: 0.7402  data_time: 0.1003  memory: 1708  loss: 4.7508  loss_cls: 3.1866  loss_bbox: 1.5643
2025/06/22 07:27:55 - mmengine - INFO - Epoch(train)  [4][ 700/9162]  lr: 2.0000e-03  eta: 1 day, 15:04:08  time: 0.7412  data_time: 0.1159  memory: 1708  loss: 4.7980  loss_cls: 3.1667  loss_bbox: 1.6313
2025/06/22 07:28:32 - mmengine - INFO - Epoch(train)  [4][ 750/9162]  lr: 2.0000e-03  eta: 1 day, 15:03:32  time: 0.7373  data_time: 0.1123  memory: 1708  loss: 4.7691  loss_cls: 3.1464  loss_bbox: 1.6227
2025/06/22 07:29:09 - mmengine - INFO - Epoch(train)  [4][ 800/9162]  lr: 2.0000e-03  eta: 1 day, 15:02:59  time: 0.7436  data_time: 0.0900  memory: 1708  loss: 4.6708  loss_cls: 3.1277  loss_bbox: 1.5430
2025/06/22 07:29:46 - mmengine - INFO - Epoch(train)  [4][ 850/9162]  lr: 2.0000e-03  eta: 1 day, 15:02:28  time: 0.7520  data_time: 0.0971  memory: 1708  loss: 4.7222  loss_cls: 3.1655  loss_bbox: 1.5567
2025/06/22 07:30:25 - mmengine - INFO - Epoch(train)  [4][ 900/9162]  lr: 2.0000e-03  eta: 1 day, 15:02:02  time: 0.7645  data_time: 0.1263  memory: 1708  loss: 4.7488  loss_cls: 3.1526  loss_bbox: 1.5962
2025/06/22 07:31:02 - mmengine - INFO - Epoch(train)  [4][ 950/9162]  lr: 2.0000e-03  eta: 1 day, 15:01:32  time: 0.7530  data_time: 0.1237  memory: 1708  loss: 4.7441  loss_cls: 3.1735  loss_bbox: 1.5705
2025/06/22 07:31:40 - mmengine - INFO - Epoch(train)  [4][1000/9162]  lr: 2.0000e-03  eta: 1 day, 15:01:01  time: 0.7507  data_time: 0.1028  memory: 1708  loss: 4.7342  loss_cls: 3.1685  loss_bbox: 1.5657
2025/06/22 07:32:17 - mmengine - INFO - Epoch(train)  [4][1050/9162]  lr: 2.0000e-03  eta: 1 day, 15:00:27  time: 0.7435  data_time: 0.0900  memory: 1708  loss: 4.7179  loss_cls: 3.1542  loss_bbox: 1.5637
2025/06/22 07:32:54 - mmengine - INFO - Epoch(train)  [4][1100/9162]  lr: 2.0000e-03  eta: 1 day, 14:59:52  time: 0.7395  data_time: 0.0981  memory: 1708  loss: 4.7473  loss_cls: 3.1492  loss_bbox: 1.5981
2025/06/22 07:33:32 - mmengine - INFO - Epoch(train)  [4][1150/9162]  lr: 2.0000e-03  eta: 1 day, 14:59:25  time: 0.7601  data_time: 0.1258  memory: 1708  loss: 4.7562  loss_cls: 3.1444  loss_bbox: 1.6118
2025/06/22 07:34:10 - mmengine - INFO - Epoch(train)  [4][1200/9162]  lr: 2.0000e-03  eta: 1 day, 14:58:58  time: 0.7634  data_time: 0.1448  memory: 1708  loss: 4.7645  loss_cls: 3.1893  loss_bbox: 1.5752
2025/06/22 07:34:48 - mmengine - INFO - Epoch(train)  [4][1250/9162]  lr: 2.0000e-03  eta: 1 day, 14:58:25  time: 0.7448  data_time: 0.1089  memory: 1708  loss: 4.7710  loss_cls: 3.1939  loss_bbox: 1.5770
2025/06/22 07:35:25 - mmengine - INFO - Epoch(train)  [4][1300/9162]  lr: 2.0000e-03  eta: 1 day, 14:57:50  time: 0.7402  data_time: 0.0845  memory: 1708  loss: 4.6829  loss_cls: 3.1321  loss_bbox: 1.5509
2025/06/22 07:36:03 - mmengine - INFO - Epoch(train)  [4][1350/9162]  lr: 2.0000e-03  eta: 1 day, 14:57:20  time: 0.7549  data_time: 0.1454  memory: 1708  loss: 4.7672  loss_cls: 3.1765  loss_bbox: 1.5907
2025/06/22 07:36:40 - mmengine - INFO - Epoch(train)  [4][1400/9162]  lr: 2.0000e-03  eta: 1 day, 14:56:47  time: 0.7452  data_time: 0.1292  memory: 1708  loss: 4.7492  loss_cls: 3.1581  loss_bbox: 1.5911
2025/06/22 07:37:17 - mmengine - INFO - Epoch(train)  [4][1450/9162]  lr: 2.0000e-03  eta: 1 day, 14:56:15  time: 0.7491  data_time: 0.1188  memory: 1708  loss: 4.6782  loss_cls: 3.1044  loss_bbox: 1.5738
2025/06/22 07:37:54 - mmengine - INFO - Epoch(train)  [4][1500/9162]  lr: 2.0000e-03  eta: 1 day, 14:55:41  time: 0.7411  data_time: 0.1028  memory: 1708  loss: 4.6877  loss_cls: 3.1060  loss_bbox: 1.5817
2025/06/22 07:38:05 - mmengine - INFO - Exp name: ssd300_coco_20250622_013555
2025/06/22 07:38:32 - mmengine - INFO - Epoch(train)  [4][1550/9162]  lr: 2.0000e-03  eta: 1 day, 14:55:10  time: 0.7501  data_time: 0.1328  memory: 1708  loss: 4.6165  loss_cls: 3.1136  loss_bbox: 1.5029
2025/06/22 07:39:09 - mmengine - INFO - Epoch(train)  [4][1600/9162]  lr: 2.0000e-03  eta: 1 day, 14:54:36  time: 0.7423  data_time: 0.1153  memory: 1708  loss: 4.7513  loss_cls: 3.1648  loss_bbox: 1.5864
2025/06/22 07:39:47 - mmengine - INFO - Epoch(train)  [4][1650/9162]  lr: 2.0000e-03  eta: 1 day, 14:54:04  time: 0.7502  data_time: 0.1343  memory: 1708  loss: 4.6930  loss_cls: 3.1439  loss_bbox: 1.5492
2025/06/22 07:40:25 - mmengine - INFO - Epoch(train)  [4][1700/9162]  lr: 2.0000e-03  eta: 1 day, 14:53:38  time: 0.7674  data_time: 0.1409  memory: 1708  loss: 4.7499  loss_cls: 3.2039  loss_bbox: 1.5460
2025/06/22 07:41:03 - mmengine - INFO - Epoch(train)  [4][1750/9162]  lr: 2.0000e-03  eta: 1 day, 14:53:06  time: 0.7488  data_time: 0.1351  memory: 1708  loss: 4.7825  loss_cls: 3.1750  loss_bbox: 1.6075
2025/06/22 07:41:40 - mmengine - INFO - Epoch(train)  [4][1800/9162]  lr: 2.0000e-03  eta: 1 day, 14:52:36  time: 0.7555  data_time: 0.1296  memory: 1708  loss: 4.6455  loss_cls: 3.0906  loss_bbox: 1.5549
2025/06/22 07:42:17 - mmengine - INFO - Epoch(train)  [4][1850/9162]  lr: 2.0000e-03  eta: 1 day, 14:52:02  time: 0.7414  data_time: 0.1316  memory: 1708  loss: 4.7499  loss_cls: 3.1505  loss_bbox: 1.5994
2025/06/22 07:42:53 - mmengine - INFO - Epoch(train)  [4][1900/9162]  lr: 2.0000e-03  eta: 1 day, 14:51:15  time: 0.7035  data_time: 0.0810  memory: 1708  loss: 4.7364  loss_cls: 3.1647  loss_bbox: 1.5718
2025/06/22 07:43:30 - mmengine - INFO - Epoch(train)  [4][1950/9162]  lr: 2.0000e-03  eta: 1 day, 14:50:42  time: 0.7440  data_time: 0.1307  memory: 1708  loss: 4.6665  loss_cls: 3.1522  loss_bbox: 1.5143
2025/06/22 07:44:07 - mmengine - INFO - Epoch(train)  [4][2000/9162]  lr: 2.0000e-03  eta: 1 day, 14:50:07  time: 0.7405  data_time: 0.1307  memory: 1708  loss: 4.7851  loss_cls: 3.1764  loss_bbox: 1.6087
2025/06/22 07:44:44 - mmengine - INFO - Epoch(train)  [4][2050/9162]  lr: 2.0000e-03  eta: 1 day, 14:49:34  time: 0.7463  data_time: 0.1154  memory: 1708  loss: 4.7282  loss_cls: 3.1393  loss_bbox: 1.5889
2025/06/22 07:45:21 - mmengine - INFO - Epoch(train)  [4][2100/9162]  lr: 2.0000e-03  eta: 1 day, 14:48:59  time: 0.7381  data_time: 0.1074  memory: 1708  loss: 4.6992  loss_cls: 3.1636  loss_bbox: 1.5356
2025/06/22 07:45:59 - mmengine - INFO - Epoch(train)  [4][2150/9162]  lr: 2.0000e-03  eta: 1 day, 14:48:26  time: 0.7466  data_time: 0.1288  memory: 1708  loss: 4.7842  loss_cls: 3.1438  loss_bbox: 1.6404
2025/06/22 07:46:36 - mmengine - INFO - Epoch(train)  [4][2200/9162]  lr: 2.0000e-03  eta: 1 day, 14:47:51  time: 0.7402  data_time: 0.1049  memory: 1708  loss: 4.6560  loss_cls: 3.1448  loss_bbox: 1.5113
2025/06/22 07:47:13 - mmengine - INFO - Epoch(train)  [4][2250/9162]  lr: 2.0000e-03  eta: 1 day, 14:47:19  time: 0.7492  data_time: 0.1294  memory: 1708  loss: 4.6769  loss_cls: 3.0918  loss_bbox: 1.5851
2025/06/22 07:47:51 - mmengine - INFO - Epoch(train)  [4][2300/9162]  lr: 2.0000e-03  eta: 1 day, 14:46:47  time: 0.7494  data_time: 0.1443  memory: 1708  loss: 4.6210  loss_cls: 3.1239  loss_bbox: 1.4971
2025/06/22 07:48:28 - mmengine - INFO - Epoch(train)  [4][2350/9162]  lr: 2.0000e-03  eta: 1 day, 14:46:13  time: 0.7431  data_time: 0.1229  memory: 1708  loss: 4.6750  loss_cls: 3.1057  loss_bbox: 1.5693
2025/06/22 07:49:05 - mmengine - INFO - Epoch(train)  [4][2400/9162]  lr: 2.0000e-03  eta: 1 day, 14:45:38  time: 0.7397  data_time: 0.1298  memory: 1708  loss: 4.7624  loss_cls: 3.1902  loss_bbox: 1.5721
2025/06/22 07:49:42 - mmengine - INFO - Epoch(train)  [4][2450/9162]  lr: 2.0000e-03  eta: 1 day, 14:45:07  time: 0.7502  data_time: 0.1233  memory: 1708  loss: 4.8080  loss_cls: 3.1702  loss_bbox: 1.6378
2025/06/22 07:50:19 - mmengine - INFO - Epoch(train)  [4][2500/9162]  lr: 2.0000e-03  eta: 1 day, 14:44:31  time: 0.7376  data_time: 0.1125  memory: 1708  loss: 4.7425  loss_cls: 3.1646  loss_bbox: 1.5779
2025/06/22 07:50:30 - mmengine - INFO - Exp name: ssd300_coco_20250622_013555
2025/06/22 07:50:56 - mmengine - INFO - Epoch(train)  [4][2550/9162]  lr: 2.0000e-03  eta: 1 day, 14:43:56  time: 0.7404  data_time: 0.1425  memory: 1708  loss: 4.6828  loss_cls: 3.1567  loss_bbox: 1.5261
2025/06/22 07:51:34 - mmengine - INFO - Epoch(train)  [4][2600/9162]  lr: 2.0000e-03  eta: 1 day, 14:43:24  time: 0.7506  data_time: 0.0964  memory: 1708  loss: 4.8303  loss_cls: 3.2155  loss_bbox: 1.6148
2025/06/22 07:52:12 - mmengine - INFO - Epoch(train)  [4][2650/9162]  lr: 2.0000e-03  eta: 1 day, 14:42:55  time: 0.7581  data_time: 0.1325  memory: 1708  loss: 4.7982  loss_cls: 3.1742  loss_bbox: 1.6240
2025/06/22 07:52:50 - mmengine - INFO - Epoch(train)  [4][2700/9162]  lr: 2.0000e-03  eta: 1 day, 14:42:24  time: 0.7517  data_time: 0.1252  memory: 1708  loss: 4.6846  loss_cls: 3.1337  loss_bbox: 1.5509
2025/06/22 07:53:27 - mmengine - INFO - Epoch(train)  [4][2750/9162]  lr: 2.0000e-03  eta: 1 day, 14:41:52  time: 0.7502  data_time: 0.1148  memory: 1708  loss: 4.6101  loss_cls: 3.0842  loss_bbox: 1.5259
2025/06/22 07:54:04 - mmengine - INFO - Epoch(train)  [4][2800/9162]  lr: 2.0000e-03  eta: 1 day, 14:41:17  time: 0.7414  data_time: 0.1097  memory: 1708  loss: 4.6334  loss_cls: 3.0934  loss_bbox: 1.5400
2025/06/22 07:54:42 - mmengine - INFO - Epoch(train)  [4][2850/9162]  lr: 2.0000e-03  eta: 1 day, 14:40:49  time: 0.7603  data_time: 0.1306  memory: 1708  loss: 4.6849  loss_cls: 3.1135  loss_bbox: 1.5714
2025/06/22 07:55:19 - mmengine - INFO - Epoch(train)  [4][2900/9162]  lr: 2.0000e-03  eta: 1 day, 14:40:14  time: 0.7415  data_time: 0.1291  memory: 1708  loss: 4.6907  loss_cls: 3.1173  loss_bbox: 1.5734
2025/06/22 07:55:57 - mmengine - INFO - Epoch(train)  [4][2950/9162]  lr: 2.0000e-03  eta: 1 day, 14:39:41  time: 0.7459  data_time: 0.1391  memory: 1708  loss: 4.7161  loss_cls: 3.1630  loss_bbox: 1.5531
2025/06/22 07:56:34 - mmengine - INFO - Epoch(train)  [4][3000/9162]  lr: 2.0000e-03  eta: 1 day, 14:39:07  time: 0.7434  data_time: 0.1168  memory: 1708  loss: 4.6607  loss_cls: 3.1148  loss_bbox: 1.5459
2025/06/22 07:57:11 - mmengine - INFO - Epoch(train)  [4][3050/9162]  lr: 2.0000e-03  eta: 1 day, 14:38:32  time: 0.7405  data_time: 0.0993  memory: 1708  loss: 4.7148  loss_cls: 3.1488  loss_bbox: 1.5660
2025/06/22 07:57:49 - mmengine - INFO - Epoch(train)  [4][3100/9162]  lr: 2.0000e-03  eta: 1 day, 14:38:01  time: 0.7528  data_time: 0.1241  memory: 1708  loss: 4.6209  loss_cls: 3.0957  loss_bbox: 1.5252
2025/06/22 07:58:26 - mmengine - INFO - Epoch(train)  [4][3150/9162]  lr: 2.0000e-03  eta: 1 day, 14:37:26  time: 0.7392  data_time: 0.1152  memory: 1708  loss: 4.7179  loss_cls: 3.1929  loss_bbox: 1.5251
2025/06/22 07:59:03 - mmengine - INFO - Epoch(train)  [4][3200/9162]  lr: 2.0000e-03  eta: 1 day, 14:36:55  time: 0.7544  data_time: 0.1304  memory: 1708  loss: 4.7501  loss_cls: 3.1573  loss_bbox: 1.5928
2025/06/22 07:59:40 - mmengine - INFO - Epoch(train)  [4][3250/9162]  lr: 2.0000e-03  eta: 1 day, 14:36:20  time: 0.7408  data_time: 0.1031  memory: 1708  loss: 4.6511  loss_cls: 3.1257  loss_bbox: 1.5254
2025/06/22 08:00:18 - mmengine - INFO - Epoch(train)  [4][3300/9162]  lr: 2.0000e-03  eta: 1 day, 14:35:46  time: 0.7435  data_time: 0.1264  memory: 1708  loss: 4.7682  loss_cls: 3.2065  loss_bbox: 1.5616
2025/06/22 08:00:55 - mmengine - INFO - Epoch(train)  [4][3350/9162]  lr: 2.0000e-03  eta: 1 day, 14:35:11  time: 0.7403  data_time: 0.1211  memory: 1708  loss: 4.6505  loss_cls: 3.1134  loss_bbox: 1.5371
2025/06/22 08:01:33 - mmengine - INFO - Epoch(train)  [4][3400/9162]  lr: 2.0000e-03  eta: 1 day, 14:34:41  time: 0.7583  data_time: 0.1240  memory: 1708  loss: 4.7305  loss_cls: 3.1630  loss_bbox: 1.5675
2025/06/22 08:02:10 - mmengine - INFO - Epoch(train)  [4][3450/9162]  lr: 2.0000e-03  eta: 1 day, 14:34:11  time: 0.7540  data_time: 0.1094  memory: 1708  loss: 4.7052  loss_cls: 3.1442  loss_bbox: 1.5610
2025/06/22 08:02:48 - mmengine - INFO - Epoch(train)  [4][3500/9162]  lr: 2.0000e-03  eta: 1 day, 14:33:39  time: 0.7508  data_time: 0.1328  memory: 1708  loss: 4.7988  loss_cls: 3.1907  loss_bbox: 1.6081
2025/06/22 08:02:58 - mmengine - INFO - Exp name: ssd300_coco_20250622_013555
2025/06/22 08:03:26 - mmengine - INFO - Epoch(train)  [4][3550/9162]  lr: 2.0000e-03  eta: 1 day, 14:33:07  time: 0.7507  data_time: 0.1138  memory: 1708  loss: 4.6802  loss_cls: 3.1127  loss_bbox: 1.5675
2025/06/22 08:04:03 - mmengine - INFO - Epoch(train)  [4][3600/9162]  lr: 2.0000e-03  eta: 1 day, 14:32:36  time: 0.7557  data_time: 0.1316  memory: 1708  loss: 4.6567  loss_cls: 3.1158  loss_bbox: 1.5409
2025/06/22 08:04:41 - mmengine - INFO - Epoch(train)  [4][3650/9162]  lr: 2.0000e-03  eta: 1 day, 14:32:07  time: 0.7595  data_time: 0.1464  memory: 1708  loss: 4.7358  loss_cls: 3.1659  loss_bbox: 1.5699
2025/06/22 08:05:19 - mmengine - INFO - Epoch(train)  [4][3700/9162]  lr: 2.0000e-03  eta: 1 day, 14:31:36  time: 0.7547  data_time: 0.1375  memory: 1708  loss: 4.7117  loss_cls: 3.1647  loss_bbox: 1.5470
2025/06/22 08:05:57 - mmengine - INFO - Epoch(train)  [4][3750/9162]  lr: 2.0000e-03  eta: 1 day, 14:31:07  time: 0.7606  data_time: 0.1204  memory: 1708  loss: 4.6883  loss_cls: 3.1228  loss_bbox: 1.5656
2025/06/22 08:06:36 - mmengine - INFO - Epoch(train)  [4][3800/9162]  lr: 2.0000e-03  eta: 1 day, 14:30:41  time: 0.7688  data_time: 0.1420  memory: 1708  loss: 4.7124  loss_cls: 3.1409  loss_bbox: 1.5715
2025/06/22 08:07:13 - mmengine - INFO - Epoch(train)  [4][3850/9162]  lr: 2.0000e-03  eta: 1 day, 14:30:10  time: 0.7546  data_time: 0.1061  memory: 1708  loss: 4.7618  loss_cls: 3.1859  loss_bbox: 1.5759
2025/06/22 08:07:51 - mmengine - INFO - Epoch(train)  [4][3900/9162]  lr: 2.0000e-03  eta: 1 day, 14:29:38  time: 0.7515  data_time: 0.0888  memory: 1708  loss: 4.7413  loss_cls: 3.1625  loss_bbox: 1.5788
2025/06/22 08:08:30 - mmengine - INFO - Epoch(train)  [4][3950/9162]  lr: 2.0000e-03  eta: 1 day, 14:29:14  time: 0.7777  data_time: 0.1363  memory: 1708  loss: 4.6666  loss_cls: 3.0707  loss_bbox: 1.5959
2025/06/22 08:09:07 - mmengine - INFO - Epoch(train)  [4][4000/9162]  lr: 2.0000e-03  eta: 1 day, 14:28:41  time: 0.7492  data_time: 0.1143  memory: 1708  loss: 4.6137  loss_cls: 3.0887  loss_bbox: 1.5250
2025/06/22 08:09:45 - mmengine - INFO - Epoch(train)  [4][4050/9162]  lr: 2.0000e-03  eta: 1 day, 14:28:10  time: 0.7528  data_time: 0.1298  memory: 1708  loss: 4.7708  loss_cls: 3.2125  loss_bbox: 1.5583
2025/06/22 08:10:23 - mmengine - INFO - Epoch(train)  [4][4100/9162]  lr: 2.0000e-03  eta: 1 day, 14:27:38  time: 0.7529  data_time: 0.1355  memory: 1708  loss: 4.7708  loss_cls: 3.1803  loss_bbox: 1.5904
2025/06/22 08:11:00 - mmengine - INFO - Epoch(train)  [4][4150/9162]  lr: 2.0000e-03  eta: 1 day, 14:27:05  time: 0.7484  data_time: 0.1150  memory: 1708  loss: 4.7501  loss_cls: 3.1670  loss_bbox: 1.5831
2025/06/22 08:11:38 - mmengine - INFO - Epoch(train)  [4][4200/9162]  lr: 2.0000e-03  eta: 1 day, 14:26:35  time: 0.7560  data_time: 0.1242  memory: 1708  loss: 4.7361  loss_cls: 3.1241  loss_bbox: 1.6120
2025/06/22 08:12:16 - mmengine - INFO - Epoch(train)  [4][4250/9162]  lr: 2.0000e-03  eta: 1 day, 14:26:03  time: 0.7528  data_time: 0.1297  memory: 1708  loss: 4.6621  loss_cls: 3.1439  loss_bbox: 1.5183
2025/06/22 08:12:54 - mmengine - INFO - Epoch(train)  [4][4300/9162]  lr: 2.0000e-03  eta: 1 day, 14:25:32  time: 0.7535  data_time: 0.1482  memory: 1708  loss: 4.7706  loss_cls: 3.1548  loss_bbox: 1.6158
2025/06/22 08:13:31 - mmengine - INFO - Epoch(train)  [4][4350/9162]  lr: 2.0000e-03  eta: 1 day, 14:24:59  time: 0.7497  data_time: 0.1205  memory: 1708  loss: 4.6884  loss_cls: 3.1453  loss_bbox: 1.5431
2025/06/22 08:14:09 - mmengine - INFO - Epoch(train)  [4][4400/9162]  lr: 2.0000e-03  eta: 1 day, 14:24:30  time: 0.7598  data_time: 0.1324  memory: 1708  loss: 4.8374  loss_cls: 3.2010  loss_bbox: 1.6364
2025/06/22 08:14:47 - mmengine - INFO - Epoch(train)  [4][4450/9162]  lr: 2.0000e-03  eta: 1 day, 14:24:00  time: 0.7584  data_time: 0.1187  memory: 1708  loss: 4.6249  loss_cls: 3.1353  loss_bbox: 1.4896
2025/06/22 08:15:24 - mmengine - INFO - Epoch(train)  [4][4500/9162]  lr: 2.0000e-03  eta: 1 day, 14:23:24  time: 0.7388  data_time: 0.1004  memory: 1708  loss: 4.6539  loss_cls: 3.1272  loss_bbox: 1.5266
2025/06/22 08:15:34 - mmengine - INFO - Exp name: ssd300_coco_20250622_013555
2025/06/22 08:16:01 - mmengine - INFO - Epoch(train)  [4][4550/9162]  lr: 2.0000e-03  eta: 1 day, 14:22:46  time: 0.7330  data_time: 0.0780  memory: 1708  loss: 4.7257  loss_cls: 3.1648  loss_bbox: 1.5609
2025/06/22 08:16:38 - mmengine - INFO - Epoch(train)  [4][4600/9162]  lr: 2.0000e-03  eta: 1 day, 14:22:10  time: 0.7375  data_time: 0.1036  memory: 1708  loss: 4.6635  loss_cls: 3.1202  loss_bbox: 1.5433
2025/06/22 08:17:14 - mmengine - INFO - Epoch(train)  [4][4650/9162]  lr: 2.0000e-03  eta: 1 day, 14:21:33  time: 0.7354  data_time: 0.1234  memory: 1708  loss: 4.6454  loss_cls: 3.1366  loss_bbox: 1.5088
2025/06/22 08:17:52 - mmengine - INFO - Epoch(train)  [4][4700/9162]  lr: 2.0000e-03  eta: 1 day, 14:21:02  time: 0.7530  data_time: 0.1207  memory: 1708  loss: 4.7454  loss_cls: 3.1278  loss_bbox: 1.6176
2025/06/22 08:18:30 - mmengine - INFO - Epoch(train)  [4][4750/9162]  lr: 2.0000e-03  eta: 1 day, 14:20:31  time: 0.7572  data_time: 0.1236  memory: 1708  loss: 4.6979  loss_cls: 3.1268  loss_bbox: 1.5711
2025/06/22 08:19:08 - mmengine - INFO - Epoch(train)  [4][4800/9162]  lr: 2.0000e-03  eta: 1 day, 14:19:59  time: 0.7501  data_time: 0.1350  memory: 1708  loss: 4.7342  loss_cls: 3.1594  loss_bbox: 1.5748
2025/06/22 08:19:45 - mmengine - INFO - Epoch(train)  [4][4850/9162]  lr: 2.0000e-03  eta: 1 day, 14:19:26  time: 0.7507  data_time: 0.1148  memory: 1708  loss: 4.7388  loss_cls: 3.1601  loss_bbox: 1.5787
2025/06/22 08:20:20 - mmengine - INFO - Epoch(train)  [4][4900/9162]  lr: 2.0000e-03  eta: 1 day, 14:18:40  time: 0.7044  data_time: 0.1243  memory: 1708  loss: 4.7046  loss_cls: 3.1313  loss_bbox: 1.5733
2025/06/22 08:20:57 - mmengine - INFO - Epoch(train)  [4][4950/9162]  lr: 2.0000e-03  eta: 1 day, 14:18:06  time: 0.7427  data_time: 0.1461  memory: 1708  loss: 4.8126  loss_cls: 3.1963  loss_bbox: 1.6163
2025/06/22 08:21:35 - mmengine - INFO - Epoch(train)  [4][5000/9162]  lr: 2.0000e-03  eta: 1 day, 14:17:30  time: 0.7406  data_time: 0.1170  memory: 1708  loss: 4.7239  loss_cls: 3.1444  loss_bbox: 1.5795
2025/06/22 08:22:12 - mmengine - INFO - Epoch(train)  [4][5050/9162]  lr: 2.0000e-03  eta: 1 day, 14:16:57  time: 0.7466  data_time: 0.1310  memory: 1708  loss: 4.7203  loss_cls: 3.1362  loss_bbox: 1.5841
2025/06/22 08:22:49 - mmengine - INFO - Epoch(train)  [4][5100/9162]  lr: 2.0000e-03  eta: 1 day, 14:16:23  time: 0.7461  data_time: 0.1202  memory: 1708  loss: 4.6052  loss_cls: 3.0943  loss_bbox: 1.5108
2025/06/22 08:23:26 - mmengine - INFO - Epoch(train)  [4][5150/9162]  lr: 2.0000e-03  eta: 1 day, 14:15:46  time: 0.7368  data_time: 0.1068  memory: 1708  loss: 4.6128  loss_cls: 3.0623  loss_bbox: 1.5505
2025/06/22 08:24:03 - mmengine - INFO - Epoch(train)  [4][5200/9162]  lr: 2.0000e-03  eta: 1 day, 14:15:13  time: 0.7467  data_time: 0.1344  memory: 1708  loss: 4.6280  loss_cls: 3.0814  loss_bbox: 1.5467
2025/06/22 08:24:41 - mmengine - INFO - Epoch(train)  [4][5250/9162]  lr: 2.0000e-03  eta: 1 day, 14:14:37  time: 0.7402  data_time: 0.1273  memory: 1708  loss: 4.7282  loss_cls: 3.1509  loss_bbox: 1.5774
2025/06/22 08:25:18 - mmengine - INFO - Epoch(train)  [4][5300/9162]  lr: 2.0000e-03  eta: 1 day, 14:14:03  time: 0.7426  data_time: 0.1365  memory: 1708  loss: 4.6452  loss_cls: 3.0842  loss_bbox: 1.5611
2025/06/22 08:25:55 - mmengine - INFO - Epoch(train)  [4][5350/9162]  lr: 2.0000e-03  eta: 1 day, 14:13:29  time: 0.7462  data_time: 0.1272  memory: 1708  loss: 4.6341  loss_cls: 3.1058  loss_bbox: 1.5283
2025/06/22 08:26:32 - mmengine - INFO - Epoch(train)  [4][5400/9162]  lr: 2.0000e-03  eta: 1 day, 14:12:54  time: 0.7421  data_time: 0.1237  memory: 1708  loss: 4.6828  loss_cls: 3.1253  loss_bbox: 1.5575
2025/06/22 08:27:10 - mmengine - INFO - Epoch(train)  [4][5450/9162]  lr: 2.0000e-03  eta: 1 day, 14:12:20  time: 0.7465  data_time: 0.1095  memory: 1708  loss: 4.6082  loss_cls: 3.0805  loss_bbox: 1.5277
2025/06/22 08:27:47 - mmengine - INFO - Epoch(train)  [4][5500/9162]  lr: 2.0000e-03  eta: 1 day, 14:11:45  time: 0.7404  data_time: 0.0990  memory: 1708  loss: 4.6207  loss_cls: 3.1039  loss_bbox: 1.5168
2025/06/22 08:27:57 - mmengine - INFO - Exp name: ssd300_coco_20250622_013555
2025/06/22 08:28:24 - mmengine - INFO - Epoch(train)  [4][5550/9162]  lr: 2.0000e-03  eta: 1 day, 14:11:09  time: 0.7408  data_time: 0.1408  memory: 1708  loss: 4.7898  loss_cls: 3.1899  loss_bbox: 1.5999
2025/06/22 08:29:01 - mmengine - INFO - Epoch(train)  [4][5600/9162]  lr: 2.0000e-03  eta: 1 day, 14:10:36  time: 0.7468  data_time: 0.1335  memory: 1708  loss: 4.6425  loss_cls: 3.1139  loss_bbox: 1.5286
2025/06/22 08:29:38 - mmengine - INFO - Epoch(train)  [4][5650/9162]  lr: 2.0000e-03  eta: 1 day, 14:10:02  time: 0.7468  data_time: 0.1443  memory: 1708  loss: 4.7562  loss_cls: 3.1441  loss_bbox: 1.6121
2025/06/22 08:30:16 - mmengine - INFO - Epoch(train)  [4][5700/9162]  lr: 2.0000e-03  eta: 1 day, 14:09:30  time: 0.7536  data_time: 0.1150  memory: 1708  loss: 4.6650  loss_cls: 3.1186  loss_bbox: 1.5464
2025/06/22 08:30:53 - mmengine - INFO - Epoch(train)  [4][5750/9162]  lr: 2.0000e-03  eta: 1 day, 14:08:55  time: 0.7422  data_time: 0.1214  memory: 1708  loss: 4.6749  loss_cls: 3.1381  loss_bbox: 1.5368
2025/06/22 08:31:31 - mmengine - INFO - Epoch(train)  [4][5800/9162]  lr: 2.0000e-03  eta: 1 day, 14:08:21  time: 0.7448  data_time: 0.1362  memory: 1708  loss: 4.6452  loss_cls: 3.1011  loss_bbox: 1.5441
2025/06/22 08:32:08 - mmengine - INFO - Epoch(train)  [4][5850/9162]  lr: 2.0000e-03  eta: 1 day, 14:07:46  time: 0.7419  data_time: 0.1371  memory: 1708  loss: 4.7289  loss_cls: 3.1518  loss_bbox: 1.5770
2025/06/22 08:32:45 - mmengine - INFO - Epoch(train)  [4][5900/9162]  lr: 2.0000e-03  eta: 1 day, 14:07:10  time: 0.7393  data_time: 0.1297  memory: 1708  loss: 4.6894  loss_cls: 3.1012  loss_bbox: 1.5882
2025/06/22 08:33:22 - mmengine - INFO - Epoch(train)  [4][5950/9162]  lr: 2.0000e-03  eta: 1 day, 14:06:34  time: 0.7386  data_time: 0.1094  memory: 1708  loss: 4.5608  loss_cls: 3.0448  loss_bbox: 1.5159
2025/06/22 08:33:59 - mmengine - INFO - Epoch(train)  [4][6000/9162]  lr: 2.0000e-03  eta: 1 day, 14:06:00  time: 0.7465  data_time: 0.1135  memory: 1708  loss: 4.6879  loss_cls: 3.1261  loss_bbox: 1.5618
2025/06/22 08:34:36 - mmengine - INFO - Epoch(train)  [4][6050/9162]  lr: 2.0000e-03  eta: 1 day, 14:05:24  time: 0.7388  data_time: 0.1219  memory: 1708  loss: 4.6397  loss_cls: 3.1226  loss_bbox: 1.5171
2025/06/22 08:35:13 - mmengine - INFO - Epoch(train)  [4][6100/9162]  lr: 2.0000e-03  eta: 1 day, 14:04:51  time: 0.7468  data_time: 0.1263  memory: 1708  loss: 4.6479  loss_cls: 3.1352  loss_bbox: 1.5127
2025/06/22 08:35:51 - mmengine - INFO - Epoch(train)  [4][6150/9162]  lr: 2.0000e-03  eta: 1 day, 14:04:17  time: 0.7460  data_time: 0.1181  memory: 1708  loss: 4.6864  loss_cls: 3.1189  loss_bbox: 1.5675
2025/06/22 08:36:28 - mmengine - INFO - Epoch(train)  [4][6200/9162]  lr: 2.0000e-03  eta: 1 day, 14:03:40  time: 0.7364  data_time: 0.0950  memory: 1708  loss: 4.7797  loss_cls: 3.1753  loss_bbox: 1.6044
2025/06/22 08:37:05 - mmengine - INFO - Epoch(train)  [4][6250/9162]  lr: 2.0000e-03  eta: 1 day, 14:03:04  time: 0.7406  data_time: 0.1363  memory: 1708  loss: 4.7372  loss_cls: 3.1134  loss_bbox: 1.6238
2025/06/22 08:37:42 - mmengine - INFO - Epoch(train)  [4][6300/9162]  lr: 2.0000e-03  eta: 1 day, 14:02:29  time: 0.7409  data_time: 0.1114  memory: 1708  loss: 4.5614  loss_cls: 3.0853  loss_bbox: 1.4761
2025/06/22 08:38:18 - mmengine - INFO - Epoch(train)  [4][6350/9162]  lr: 2.0000e-03  eta: 1 day, 14:01:52  time: 0.7334  data_time: 0.1309  memory: 1708  loss: 4.7291  loss_cls: 3.1695  loss_bbox: 1.5596
2025/06/22 08:38:55 - mmengine - INFO - Epoch(train)  [4][6400/9162]  lr: 2.0000e-03  eta: 1 day, 14:01:16  time: 0.7409  data_time: 0.1363  memory: 1708  loss: 4.6626  loss_cls: 3.1048  loss_bbox: 1.5578
2025/06/22 08:39:32 - mmengine - INFO - Epoch(train)  [4][6450/9162]  lr: 2.0000e-03  eta: 1 day, 14:00:40  time: 0.7384  data_time: 0.1335  memory: 1708  loss: 4.7526  loss_cls: 3.1746  loss_bbox: 1.5780
2025/06/22 08:40:10 - mmengine - INFO - Epoch(train)  [4][6500/9162]  lr: 2.0000e-03  eta: 1 day, 14:00:06  time: 0.7468  data_time: 0.1280  memory: 1708  loss: 4.6327  loss_cls: 3.0777  loss_bbox: 1.5550
2025/06/22 08:40:21 - mmengine - INFO - Exp name: ssd300_coco_20250622_013555
2025/06/22 08:40:48 - mmengine - INFO - Epoch(train)  [4][6550/9162]  lr: 2.0000e-03  eta: 1 day, 13:59:40  time: 0.7734  data_time: 0.1327  memory: 1708  loss: 4.7507  loss_cls: 3.1423  loss_bbox: 1.6084
2025/06/22 08:41:27 - mmengine - INFO - Epoch(train)  [4][6600/9162]  lr: 2.0000e-03  eta: 1 day, 13:59:13  time: 0.7734  data_time: 0.1311  memory: 1708  loss: 4.6125  loss_cls: 3.0750  loss_bbox: 1.5375
2025/06/22 08:42:06 - mmengine - INFO - Epoch(train)  [4][6650/9162]  lr: 2.0000e-03  eta: 1 day, 13:58:45  time: 0.7682  data_time: 0.1386  memory: 1708  loss: 4.7391  loss_cls: 3.1250  loss_bbox: 1.6141
2025/06/22 08:42:44 - mmengine - INFO - Epoch(train)  [4][6700/9162]  lr: 2.0000e-03  eta: 1 day, 13:58:16  time: 0.7630  data_time: 0.1404  memory: 1708  loss: 4.7072  loss_cls: 3.1152  loss_bbox: 1.5919
2025/06/22 08:43:22 - mmengine - INFO - Epoch(train)  [4][6750/9162]  lr: 2.0000e-03  eta: 1 day, 13:57:44  time: 0.7570  data_time: 0.1232  memory: 1708  loss: 4.6310  loss_cls: 3.1123  loss_bbox: 1.5186
2025/06/22 08:43:59 - mmengine - INFO - Epoch(train)  [4][6800/9162]  lr: 2.0000e-03  eta: 1 day, 13:57:10  time: 0.7433  data_time: 0.1123  memory: 1708  loss: 4.5582  loss_cls: 3.0869  loss_bbox: 1.4714
2025/06/22 08:44:37 - mmengine - INFO - Epoch(train)  [4][6850/9162]  lr: 2.0000e-03  eta: 1 day, 13:56:40  time: 0.7622  data_time: 0.1249  memory: 1708  loss: 4.5905  loss_cls: 3.0666  loss_bbox: 1.5239
2025/06/22 08:45:15 - mmengine - INFO - Epoch(train)  [4][6900/9162]  lr: 2.0000e-03  eta: 1 day, 13:56:08  time: 0.7533  data_time: 0.1365  memory: 1708  loss: 4.6027  loss_cls: 3.0918  loss_bbox: 1.5109
2025/06/22 08:45:52 - mmengine - INFO - Epoch(train)  [4][6950/9162]  lr: 2.0000e-03  eta: 1 day, 13:55:32  time: 0.7409  data_time: 0.1058  memory: 1708  loss: 4.5339  loss_cls: 3.0499  loss_bbox: 1.4839
2025/06/22 08:46:29 - mmengine - INFO - Epoch(train)  [4][7000/9162]  lr: 2.0000e-03  eta: 1 day, 13:54:59  time: 0.7505  data_time: 0.1217  memory: 1708  loss: 4.5349  loss_cls: 3.0373  loss_bbox: 1.4975
2025/06/22 08:47:07 - mmengine - INFO - Epoch(train)  [4][7050/9162]  lr: 2.0000e-03  eta: 1 day, 13:54:26  time: 0.7488  data_time: 0.1190  memory: 1708  loss: 4.6536  loss_cls: 3.1236  loss_bbox: 1.5300
2025/06/22 08:47:45 - mmengine - INFO - Epoch(train)  [4][7100/9162]  lr: 2.0000e-03  eta: 1 day, 13:53:54  time: 0.7548  data_time: 0.1289  memory: 1708  loss: 4.5865  loss_cls: 3.0623  loss_bbox: 1.5242
2025/06/22 08:48:22 - mmengine - INFO - Epoch(train)  [4][7150/9162]  lr: 2.0000e-03  eta: 1 day, 13:53:19  time: 0.7457  data_time: 0.1187  memory: 1708  loss: 4.4932  loss_cls: 3.0364  loss_bbox: 1.4568
2025/06/22 08:49:00 - mmengine - INFO - Epoch(train)  [4][7200/9162]  lr: 2.0000e-03  eta: 1 day, 13:52:50  time: 0.7627  data_time: 0.1384  memory: 1708  loss: 4.6100  loss_cls: 3.0715  loss_bbox: 1.5385
2025/06/22 08:49:38 - mmengine - INFO - Epoch(train)  [4][7250/9162]  lr: 2.0000e-03  eta: 1 day, 13:52:19  time: 0.7604  data_time: 0.1174  memory: 1708  loss: 4.7407  loss_cls: 3.1914  loss_bbox: 1.5493
2025/06/22 08:50:15 - mmengine - INFO - Epoch(train)  [4][7300/9162]  lr: 2.0000e-03  eta: 1 day, 13:51:44  time: 0.7403  data_time: 0.0973  memory: 1708  loss: 4.6722  loss_cls: 3.0927  loss_bbox: 1.5795
2025/06/22 08:50:53 - mmengine - INFO - Epoch(train)  [4][7350/9162]  lr: 2.0000e-03  eta: 1 day, 13:51:12  time: 0.7562  data_time: 0.1202  memory: 1708  loss: 4.7463  loss_cls: 3.1546  loss_bbox: 1.5917
2025/06/22 08:51:31 - mmengine - INFO - Epoch(train)  [4][7400/9162]  lr: 2.0000e-03  eta: 1 day, 13:50:39  time: 0.7502  data_time: 0.1248  memory: 1708  loss: 4.6733  loss_cls: 3.1377  loss_bbox: 1.5356
2025/06/22 08:52:08 - mmengine - INFO - Epoch(train)  [4][7450/9162]  lr: 2.0000e-03  eta: 1 day, 13:50:07  time: 0.7535  data_time: 0.1523  memory: 1708  loss: 4.5524  loss_cls: 3.0402  loss_bbox: 1.5122
2025/06/22 08:52:46 - mmengine - INFO - Epoch(train)  [4][7500/9162]  lr: 2.0000e-03  eta: 1 day, 13:49:32  time: 0.7451  data_time: 0.1292  memory: 1708  loss: 4.6710  loss_cls: 3.1054  loss_bbox: 1.5656
2025/06/22 08:52:56 - mmengine - INFO - Exp name: ssd300_coco_20250622_013555
2025/06/22 08:53:23 - mmengine - INFO - Epoch(train)  [4][7550/9162]  lr: 2.0000e-03  eta: 1 day, 13:48:57  time: 0.7425  data_time: 0.1357  memory: 1708  loss: 4.6649  loss_cls: 3.1291  loss_bbox: 1.5358
2025/06/22 08:54:00 - mmengine - INFO - Epoch(train)  [4][7600/9162]  lr: 2.0000e-03  eta: 1 day, 13:48:23  time: 0.7488  data_time: 0.1250  memory: 1708  loss: 4.6441  loss_cls: 3.1114  loss_bbox: 1.5327
2025/06/22 08:54:38 - mmengine - INFO - Epoch(train)  [4][7650/9162]  lr: 2.0000e-03  eta: 1 day, 13:47:52  time: 0.7573  data_time: 0.1213  memory: 1708  loss: 4.6586  loss_cls: 3.1262  loss_bbox: 1.5325
2025/06/22 08:55:16 - mmengine - INFO - Epoch(train)  [4][7700/9162]  lr: 2.0000e-03  eta: 1 day, 13:47:19  time: 0.7516  data_time: 0.1060  memory: 1708  loss: 4.6865  loss_cls: 3.1661  loss_bbox: 1.5204
2025/06/22 08:55:53 - mmengine - INFO - Epoch(train)  [4][7750/9162]  lr: 2.0000e-03  eta: 1 day, 13:46:46  time: 0.7515  data_time: 0.1129  memory: 1708  loss: 4.6399  loss_cls: 3.0872  loss_bbox: 1.5527
2025/06/22 08:56:31 - mmengine - INFO - Epoch(train)  [4][7800/9162]  lr: 2.0000e-03  eta: 1 day, 13:46:15  time: 0.7592  data_time: 0.1371  memory: 1708  loss: 4.8314  loss_cls: 3.1927  loss_bbox: 1.6387
2025/06/22 08:57:09 - mmengine - INFO - Epoch(train)  [4][7850/9162]  lr: 2.0000e-03  eta: 1 day, 13:45:44  time: 0.7597  data_time: 0.1287  memory: 1708  loss: 4.5265  loss_cls: 3.0039  loss_bbox: 1.5226
2025/06/22 08:57:47 - mmengine - INFO - Epoch(train)  [4][7900/9162]  lr: 2.0000e-03  eta: 1 day, 13:45:14  time: 0.7618  data_time: 0.1394  memory: 1708  loss: 4.7018  loss_cls: 3.1107  loss_bbox: 1.5911
2025/06/22 08:58:25 - mmengine - INFO - Epoch(train)  [4][7950/9162]  lr: 2.0000e-03  eta: 1 day, 13:44:42  time: 0.7530  data_time: 0.1256  memory: 1708  loss: 4.6678  loss_cls: 3.1248  loss_bbox: 1.5430
2025/06/22 08:59:02 - mmengine - INFO - Epoch(train)  [4][8000/9162]  lr: 2.0000e-03  eta: 1 day, 13:44:03  time: 0.7296  data_time: 0.0958  memory: 1708  loss: 4.7346  loss_cls: 3.1329  loss_bbox: 1.6018
2025/06/22 08:59:39 - mmengine - INFO - Epoch(train)  [4][8050/9162]  lr: 2.0000e-03  eta: 1 day, 13:43:26  time: 0.7372  data_time: 0.1310  memory: 1708  loss: 4.6973  loss_cls: 3.1482  loss_bbox: 1.5491
2025/06/22 09:00:16 - mmengine - INFO - Epoch(train)  [4][8100/9162]  lr: 2.0000e-03  eta: 1 day, 13:42:51  time: 0.7437  data_time: 0.1485  memory: 1708  loss: 4.6168  loss_cls: 3.0786  loss_bbox: 1.5383
2025/06/22 09:00:52 - mmengine - INFO - Epoch(train)  [4][8150/9162]  lr: 2.0000e-03  eta: 1 day, 13:42:12  time: 0.7293  data_time: 0.1186  memory: 1708  loss: 4.6959  loss_cls: 3.1263  loss_bbox: 1.5696
2025/06/22 09:01:28 - mmengine - INFO - Epoch(train)  [4][8200/9162]  lr: 2.0000e-03  eta: 1 day, 13:41:30  time: 0.7143  data_time: 0.0913  memory: 1708  loss: 4.7382  loss_cls: 3.1407  loss_bbox: 1.5975
2025/06/22 09:02:05 - mmengine - INFO - Epoch(train)  [4][8250/9162]  lr: 2.0000e-03  eta: 1 day, 13:40:54  time: 0.7391  data_time: 0.1292  memory: 1708  loss: 4.5662  loss_cls: 3.0605  loss_bbox: 1.5057
2025/06/22 09:02:43 - mmengine - INFO - Epoch(train)  [4][8300/9162]  lr: 2.0000e-03  eta: 1 day, 13:40:21  time: 0.7522  data_time: 0.1324  memory: 1708  loss: 4.7480  loss_cls: 3.1019  loss_bbox: 1.6461
2025/06/22 09:03:19 - mmengine - INFO - Epoch(train)  [4][8350/9162]  lr: 2.0000e-03  eta: 1 day, 13:39:42  time: 0.7307  data_time: 0.1116  memory: 1708  loss: 4.6283  loss_cls: 3.1137  loss_bbox: 1.5146
2025/06/22 09:03:58 - mmengine - INFO - Epoch(train)  [4][8400/9162]  lr: 2.0000e-03  eta: 1 day, 13:39:15  time: 0.7739  data_time: 0.1269  memory: 1708  loss: 4.6594  loss_cls: 3.0880  loss_bbox: 1.5714
2025/06/22 09:04:36 - mmengine - INFO - Epoch(train)  [4][8450/9162]  lr: 2.0000e-03  eta: 1 day, 13:38:42  time: 0.7531  data_time: 0.1222  memory: 1708  loss: 4.6809  loss_cls: 3.1240  loss_bbox: 1.5569
2025/06/22 09:05:13 - mmengine - INFO - Epoch(train)  [4][8500/9162]  lr: 2.0000e-03  eta: 1 day, 13:38:07  time: 0.7427  data_time: 0.1311  memory: 1708  loss: 4.6684  loss_cls: 3.1142  loss_bbox: 1.5542
2025/06/22 09:05:23 - mmengine - INFO - Exp name: ssd300_coco_20250622_013555
2025/06/22 09:05:50 - mmengine - INFO - Epoch(train)  [4][8550/9162]  lr: 2.0000e-03  eta: 1 day, 13:37:34  time: 0.7494  data_time: 0.1280  memory: 1708  loss: 4.7437  loss_cls: 3.1259  loss_bbox: 1.6178
2025/06/22 09:06:27 - mmengine - INFO - Epoch(train)  [4][8600/9162]  lr: 2.0000e-03  eta: 1 day, 13:36:57  time: 0.7396  data_time: 0.1274  memory: 1708  loss: 4.6323  loss_cls: 3.0972  loss_bbox: 1.5351
2025/06/22 09:07:04 - mmengine - INFO - Epoch(train)  [4][8650/9162]  lr: 2.0000e-03  eta: 1 day, 13:36:20  time: 0.7341  data_time: 0.1070  memory: 1708  loss: 4.6254  loss_cls: 3.0661  loss_bbox: 1.5592
2025/06/22 09:07:41 - mmengine - INFO - Epoch(train)  [4][8700/9162]  lr: 2.0000e-03  eta: 1 day, 13:35:42  time: 0.7338  data_time: 0.1194  memory: 1708  loss: 4.6910  loss_cls: 3.1158  loss_bbox: 1.5752
2025/06/22 09:08:18 - mmengine - INFO - Epoch(train)  [4][8750/9162]  lr: 2.0000e-03  eta: 1 day, 13:35:09  time: 0.7517  data_time: 0.1343  memory: 1708  loss: 4.6280  loss_cls: 3.0788  loss_bbox: 1.5492
2025/06/22 09:08:56 - mmengine - INFO - Epoch(train)  [4][8800/9162]  lr: 2.0000e-03  eta: 1 day, 13:34:34  time: 0.7418  data_time: 0.1287  memory: 1708  loss: 4.5343  loss_cls: 3.0577  loss_bbox: 1.4766
2025/06/22 09:09:33 - mmengine - INFO - Epoch(train)  [4][8850/9162]  lr: 2.0000e-03  eta: 1 day, 13:33:58  time: 0.7403  data_time: 0.1401  memory: 1708  loss: 4.6147  loss_cls: 3.0823  loss_bbox: 1.5324
2025/06/22 09:10:09 - mmengine - INFO - Epoch(train)  [4][8900/9162]  lr: 2.0000e-03  eta: 1 day, 13:33:21  time: 0.7380  data_time: 0.1441  memory: 1708  loss: 4.5841  loss_cls: 3.0761  loss_bbox: 1.5080
2025/06/22 09:10:47 - mmengine - INFO - Epoch(train)  [4][8950/9162]  lr: 2.0000e-03  eta: 1 day, 13:32:45  time: 0.7400  data_time: 0.1256  memory: 1708  loss: 4.6631  loss_cls: 3.0994  loss_bbox: 1.5637
2025/06/22 09:11:24 - mmengine - INFO - Epoch(train)  [4][9000/9162]  lr: 2.0000e-03  eta: 1 day, 13:32:09  time: 0.7413  data_time: 0.1344  memory: 1708  loss: 4.6011  loss_cls: 3.0506  loss_bbox: 1.5505
2025/06/22 09:12:01 - mmengine - INFO - Epoch(train)  [4][9050/9162]  lr: 2.0000e-03  eta: 1 day, 13:31:34  time: 0.7424  data_time: 0.1342  memory: 1708  loss: 4.6396  loss_cls: 3.1139  loss_bbox: 1.5257
2025/06/22 09:12:38 - mmengine - INFO - Epoch(train)  [4][9100/9162]  lr: 2.0000e-03  eta: 1 day, 13:30:58  time: 0.7400  data_time: 0.1177  memory: 1708  loss: 4.5336  loss_cls: 3.0770  loss_bbox: 1.4566
2025/06/22 09:13:14 - mmengine - INFO - Epoch(train)  [4][9150/9162]  lr: 2.0000e-03  eta: 1 day, 13:30:19  time: 0.7291  data_time: 0.1237  memory: 1708  loss: 4.5446  loss_cls: 3.0264  loss_bbox: 1.5183
2025/06/22 09:13:23 - mmengine - INFO - Exp name: ssd300_coco_20250622_013555
2025/06/22 09:13:23 - mmengine - INFO - Saving checkpoint at 4 epochs
2025/06/22 09:13:37 - mmengine - INFO - Epoch(val)  [4][ 50/157]    eta: 0:00:27  time: 0.2570  data_time: 0.0454  memory: 1708  
2025/06/22 09:13:51 - mmengine - INFO - Epoch(val)  [4][100/157]    eta: 0:00:15  time: 0.2762  data_time: 0.0593  memory: 851  
2025/06/22 09:14:04 - mmengine - INFO - Epoch(val)  [4][150/157]    eta: 0:00:01  time: 0.2583  data_time: 0.0488  memory: 851  
2025/06/22 09:14:25 - mmengine - INFO - Evaluating bbox...
2025/06/22 09:15:24 - mmengine - INFO - bbox_mAP_copypaste: 0.177 0.340 0.169 0.045 0.188 0.294
2025/06/22 09:15:25 - mmengine - INFO - Epoch(val) [4][157/157]    coco/bbox_mAP: 0.1770  coco/bbox_mAP_50: 0.3400  coco/bbox_mAP_75: 0.1690  coco/bbox_mAP_s: 0.0450  coco/bbox_mAP_m: 0.1880  coco/bbox_mAP_l: 0.2940  data_time: 0.0502  time: 0.2606
2025/06/22 09:16:01 - mmengine - INFO - Epoch(train)  [5][  50/9162]  lr: 2.0000e-03  eta: 1 day, 13:29:29  time: 0.7262  data_time: 0.1065  memory: 1708  loss: 4.6189  loss_cls: 3.0942  loss_bbox: 1.5247
2025/06/22 09:16:38 - mmengine - INFO - Epoch(train)  [5][ 100/9162]  lr: 2.0000e-03  eta: 1 day, 13:28:54  time: 0.7418  data_time: 0.1493  memory: 1708  loss: 4.6244  loss_cls: 3.0942  loss_bbox: 1.5302
2025/06/22 09:17:16 - mmengine - INFO - Epoch(train)  [5][ 150/9162]  lr: 2.0000e-03  eta: 1 day, 13:28:19  time: 0.7441  data_time: 0.1149  memory: 1708  loss: 4.6624  loss_cls: 3.1299  loss_bbox: 1.5324
2025/06/22 09:17:53 - mmengine - INFO - Epoch(train)  [5][ 200/9162]  lr: 2.0000e-03  eta: 1 day, 13:27:44  time: 0.7462  data_time: 0.0910  memory: 1708  loss: 4.6586  loss_cls: 3.0911  loss_bbox: 1.5675
2025/06/22 09:18:31 - mmengine - INFO - Epoch(train)  [5][ 250/9162]  lr: 2.0000e-03  eta: 1 day, 13:27:13  time: 0.7606  data_time: 0.1527  memory: 1708  loss: 4.6956  loss_cls: 3.1551  loss_bbox: 1.5405
2025/06/22 09:19:09 - mmengine - INFO - Epoch(train)  [5][ 300/9162]  lr: 2.0000e-03  eta: 1 day, 13:26:40  time: 0.7517  data_time: 0.1237  memory: 1708  loss: 4.7023  loss_cls: 3.1011  loss_bbox: 1.6012
2025/06/22 09:19:47 - mmengine - INFO - Epoch(train)  [5][ 350/9162]  lr: 2.0000e-03  eta: 1 day, 13:26:10  time: 0.7664  data_time: 0.1546  memory: 1708  loss: 4.6317  loss_cls: 3.1003  loss_bbox: 1.5314
2025/06/22 09:19:49 - mmengine - INFO - Exp name: ssd300_coco_20250622_013555
2025/06/22 09:20:25 - mmengine - INFO - Epoch(train)  [5][ 400/9162]  lr: 2.0000e-03  eta: 1 day, 13:25:38  time: 0.7553  data_time: 0.1305  memory: 1708  loss: 4.6672  loss_cls: 3.1206  loss_bbox: 1.5466
2025/06/22 09:21:03 - mmengine - INFO - Epoch(train)  [5][ 450/9162]  lr: 2.0000e-03  eta: 1 day, 13:25:08  time: 0.7625  data_time: 0.1275  memory: 1708  loss: 4.6554  loss_cls: 3.1116  loss_bbox: 1.5438
2025/06/22 09:21:41 - mmengine - INFO - Epoch(train)  [5][ 500/9162]  lr: 2.0000e-03  eta: 1 day, 13:24:38  time: 0.7647  data_time: 0.1502  memory: 1708  loss: 4.5651  loss_cls: 3.0237  loss_bbox: 1.5414
2025/06/22 09:22:19 - mmengine - INFO - Epoch(train)  [5][ 550/9162]  lr: 2.0000e-03  eta: 1 day, 13:24:04  time: 0.7494  data_time: 0.1315  memory: 1708  loss: 4.7111  loss_cls: 3.1303  loss_bbox: 1.5808
2025/06/22 09:22:56 - mmengine - INFO - Epoch(train)  [5][ 600/9162]  lr: 2.0000e-03  eta: 1 day, 13:23:28  time: 0.7428  data_time: 0.1383  memory: 1708  loss: 4.5054  loss_cls: 2.9914  loss_bbox: 1.5140
2025/06/22 09:23:33 - mmengine - INFO - Epoch(train)  [5][ 650/9162]  lr: 2.0000e-03  eta: 1 day, 13:22:53  time: 0.7454  data_time: 0.1437  memory: 1708  loss: 4.6152  loss_cls: 3.1053  loss_bbox: 1.5099
2025/06/22 09:24:11 - mmengine - INFO - Epoch(train)  [5][ 700/9162]  lr: 2.0000e-03  eta: 1 day, 13:22:21  time: 0.7551  data_time: 0.1498  memory: 1708  loss: 4.5447  loss_cls: 3.0179  loss_bbox: 1.5268
2025/06/22 09:24:48 - mmengine - INFO - Epoch(train)  [5][ 750/9162]  lr: 2.0000e-03  eta: 1 day, 13:21:45  time: 0.7410  data_time: 0.1208  memory: 1708  loss: 4.5846  loss_cls: 3.0134  loss_bbox: 1.5712
2025/06/22 09:25:25 - mmengine - INFO - Epoch(train)  [5][ 800/9162]  lr: 2.0000e-03  eta: 1 day, 13:21:08  time: 0.7376  data_time: 0.1251  memory: 1708  loss: 4.5370  loss_cls: 3.0291  loss_bbox: 1.5080
2025/06/22 09:26:02 - mmengine - INFO - Epoch(train)  [5][ 850/9162]  lr: 2.0000e-03  eta: 1 day, 13:20:32  time: 0.7393  data_time: 0.1287  memory: 1708  loss: 4.6126  loss_cls: 3.0423  loss_bbox: 1.5703
2025/06/22 09:26:39 - mmengine - INFO - Epoch(train)  [5][ 900/9162]  lr: 2.0000e-03  eta: 1 day, 13:19:57  time: 0.7422  data_time: 0.1277  memory: 1708  loss: 4.4862  loss_cls: 3.0113  loss_bbox: 1.4749
2025/06/22 09:27:16 - mmengine - INFO - Epoch(train)  [5][ 950/9162]  lr: 2.0000e-03  eta: 1 day, 13:19:20  time: 0.7367  data_time: 0.0960  memory: 1708  loss: 4.7155  loss_cls: 3.1365  loss_bbox: 1.5790
2025/06/22 09:27:53 - mmengine - INFO - Epoch(train)  [5][1000/9162]  lr: 2.0000e-03  eta: 1 day, 13:18:43  time: 0.7369  data_time: 0.1281  memory: 1708  loss: 4.5397  loss_cls: 3.0359  loss_bbox: 1.5038
2025/06/22 09:28:30 - mmengine - INFO - Epoch(train)  [5][1050/9162]  lr: 2.0000e-03  eta: 1 day, 13:18:08  time: 0.7477  data_time: 0.1356  memory: 1708  loss: 4.6988  loss_cls: 3.1121  loss_bbox: 1.5867
2025/06/22 09:29:08 - mmengine - INFO - Epoch(train)  [5][1100/9162]  lr: 2.0000e-03  eta: 1 day, 13:17:36  time: 0.7570  data_time: 0.1361  memory: 1708  loss: 4.6518  loss_cls: 3.1039  loss_bbox: 1.5480
2025/06/22 09:29:45 - mmengine - INFO - Epoch(train)  [5][1150/9162]  lr: 2.0000e-03  eta: 1 day, 13:16:58  time: 0.7320  data_time: 0.1071  memory: 1708  loss: 4.5825  loss_cls: 3.0850  loss_bbox: 1.4975
2025/06/22 09:30:22 - mmengine - INFO - Epoch(train)  [5][1200/9162]  lr: 2.0000e-03  eta: 1 day, 13:16:21  time: 0.7357  data_time: 0.1353  memory: 1708  loss: 4.5405  loss_cls: 3.0538  loss_bbox: 1.4866
2025/06/22 09:30:59 - mmengine - INFO - Epoch(train)  [5][1250/9162]  lr: 2.0000e-03  eta: 1 day, 13:15:45  time: 0.7393  data_time: 0.1204  memory: 1708  loss: 4.6408  loss_cls: 3.0738  loss_bbox: 1.5669
2025/06/22 09:31:37 - mmengine - INFO - Epoch(train)  [5][1300/9162]  lr: 2.0000e-03  eta: 1 day, 13:15:12  time: 0.7553  data_time: 0.1285  memory: 1708  loss: 4.6105  loss_cls: 3.0983  loss_bbox: 1.5122
2025/06/22 09:32:14 - mmengine - INFO - Epoch(train)  [5][1350/9162]  lr: 2.0000e-03  eta: 1 day, 13:14:36  time: 0.7394  data_time: 0.1419  memory: 1708  loss: 4.5968  loss_cls: 3.0892  loss_bbox: 1.5076
2025/06/22 09:32:15 - mmengine - INFO - Exp name: ssd300_coco_20250622_013555
2025/06/22 09:32:51 - mmengine - INFO - Epoch(train)  [5][1400/9162]  lr: 2.0000e-03  eta: 1 day, 13:14:01  time: 0.7457  data_time: 0.1393  memory: 1708  loss: 4.4597  loss_cls: 3.0113  loss_bbox: 1.4484
2025/06/22 09:33:28 - mmengine - INFO - Epoch(train)  [5][1450/9162]  lr: 2.0000e-03  eta: 1 day, 13:13:27  time: 0.7503  data_time: 0.1380  memory: 1708  loss: 4.6432  loss_cls: 3.0852  loss_bbox: 1.5580
2025/06/22 09:34:05 - mmengine - INFO - Epoch(train)  [5][1500/9162]  lr: 2.0000e-03  eta: 1 day, 13:12:51  time: 0.7390  data_time: 0.0763  memory: 1708  loss: 4.5971  loss_cls: 3.0895  loss_bbox: 1.5076
2025/06/22 09:34:43 - mmengine - INFO - Epoch(train)  [5][1550/9162]  lr: 2.0000e-03  eta: 1 day, 13:12:16  time: 0.7465  data_time: 0.1401  memory: 1708  loss: 4.7170  loss_cls: 3.1544  loss_bbox: 1.5627
2025/06/22 09:35:21 - mmengine - INFO - Epoch(train)  [5][1600/9162]  lr: 2.0000e-03  eta: 1 day, 13:11:45  time: 0.7617  data_time: 0.1369  memory: 1708  loss: 4.5969  loss_cls: 3.0584  loss_bbox: 1.5385
2025/06/22 09:35:59 - mmengine - INFO - Epoch(train)  [5][1650/9162]  lr: 2.0000e-03  eta: 1 day, 13:11:13  time: 0.7582  data_time: 0.1429  memory: 1708  loss: 4.6773  loss_cls: 3.0485  loss_bbox: 1.6288
2025/06/22 09:36:37 - mmengine - INFO - Epoch(train)  [5][1700/9162]  lr: 2.0000e-03  eta: 1 day, 13:10:43  time: 0.7640  data_time: 0.1330  memory: 1708  loss: 4.5171  loss_cls: 3.0534  loss_bbox: 1.4637
2025/06/22 09:37:15 - mmengine - INFO - Epoch(train)  [5][1750/9162]  lr: 2.0000e-03  eta: 1 day, 13:10:12  time: 0.7608  data_time: 0.1357  memory: 1708  loss: 4.6507  loss_cls: 3.0913  loss_bbox: 1.5593
2025/06/22 09:37:53 - mmengine - INFO - Epoch(train)  [5][1800/9162]  lr: 2.0000e-03  eta: 1 day, 13:09:39  time: 0.7538  data_time: 0.1356  memory: 1708  loss: 4.6164  loss_cls: 3.0632  loss_bbox: 1.5532
2025/06/22 09:38:31 - mmengine - INFO - Epoch(train)  [5][1850/9162]  lr: 2.0000e-03  eta: 1 day, 13:09:06  time: 0.7565  data_time: 0.1475  memory: 1708  loss: 4.6022  loss_cls: 3.0204  loss_bbox: 1.5818
2025/06/22 09:39:09 - mmengine - INFO - Epoch(train)  [5][1900/9162]  lr: 2.0000e-03  eta: 1 day, 13:08:35  time: 0.7618  data_time: 0.1293  memory: 1708  loss: 4.5894  loss_cls: 3.0831  loss_bbox: 1.5063
2025/06/22 09:39:46 - mmengine - INFO - Epoch(train)  [5][1950/9162]  lr: 2.0000e-03  eta: 1 day, 13:08:00  time: 0.7440  data_time: 0.1103  memory: 1708  loss: 4.5935  loss_cls: 3.0885  loss_bbox: 1.5050
2025/06/22 09:40:23 - mmengine - INFO - Epoch(train)  [5][2000/9162]  lr: 2.0000e-03  eta: 1 day, 13:07:25  time: 0.7465  data_time: 0.1033  memory: 1708  loss: 4.5593  loss_cls: 3.0492  loss_bbox: 1.5102
2025/06/22 09:41:01 - mmengine - INFO - Epoch(train)  [5][2050/9162]  lr: 2.0000e-03  eta: 1 day, 13:06:50  time: 0.7439  data_time: 0.1049  memory: 1708  loss: 4.6546  loss_cls: 3.0780  loss_bbox: 1.5766
2025/06/22 09:41:38 - mmengine - INFO - Epoch(train)  [5][2100/9162]  lr: 2.0000e-03  eta: 1 day, 13:06:14  time: 0.7405  data_time: 0.1014  memory: 1708  loss: 4.5159  loss_cls: 3.0314  loss_bbox: 1.4845
2025/06/22 09:42:15 - mmengine - INFO - Epoch(train)  [5][2150/9162]  lr: 2.0000e-03  eta: 1 day, 13:05:38  time: 0.7412  data_time: 0.0907  memory: 1708  loss: 4.6305  loss_cls: 3.0579  loss_bbox: 1.5727
2025/06/22 09:42:51 - mmengine - INFO - Epoch(train)  [5][2200/9162]  lr: 2.0000e-03  eta: 1 day, 13:05:00  time: 0.7319  data_time: 0.0991  memory: 1708  loss: 4.5735  loss_cls: 3.0187  loss_bbox: 1.5548
2025/06/22 09:43:30 - mmengine - INFO - Epoch(train)  [5][2250/9162]  lr: 2.0000e-03  eta: 1 day, 13:04:28  time: 0.7612  data_time: 0.1325  memory: 1708  loss: 4.5870  loss_cls: 3.0434  loss_bbox: 1.5437
2025/06/22 09:44:07 - mmengine - INFO - Epoch(train)  [5][2300/9162]  lr: 2.0000e-03  eta: 1 day, 13:03:56  time: 0.7555  data_time: 0.1039  memory: 1708  loss: 4.6338  loss_cls: 3.0939  loss_bbox: 1.5399
2025/06/22 09:44:44 - mmengine - INFO - Epoch(train)  [5][2350/9162]  lr: 2.0000e-03  eta: 1 day, 13:03:20  time: 0.7424  data_time: 0.1387  memory: 1708  loss: 4.5826  loss_cls: 3.0827  loss_bbox: 1.4999
2025/06/22 09:44:46 - mmengine - INFO - Exp name: ssd300_coco_20250622_013555
2025/06/22 09:45:21 - mmengine - INFO - Epoch(train)  [5][2400/9162]  lr: 2.0000e-03  eta: 1 day, 13:02:41  time: 0.7305  data_time: 0.1024  memory: 1708  loss: 4.6359  loss_cls: 3.0932  loss_bbox: 1.5427
2025/06/22 09:45:58 - mmengine - INFO - Epoch(train)  [5][2450/9162]  lr: 2.0000e-03  eta: 1 day, 13:02:07  time: 0.7478  data_time: 0.1087  memory: 1708  loss: 4.6236  loss_cls: 3.1038  loss_bbox: 1.5197
2025/06/22 09:46:36 - mmengine - INFO - Epoch(train)  [5][2500/9162]  lr: 2.0000e-03  eta: 1 day, 13:01:32  time: 0.7460  data_time: 0.1008  memory: 1708  loss: 4.7059  loss_cls: 3.1497  loss_bbox: 1.5561
2025/06/22 09:47:13 - mmengine - INFO - Epoch(train)  [5][2550/9162]  lr: 2.0000e-03  eta: 1 day, 13:00:58  time: 0.7497  data_time: 0.0954  memory: 1708  loss: 4.6154  loss_cls: 3.1167  loss_bbox: 1.4987
2025/06/22 09:47:51 - mmengine - INFO - Epoch(train)  [5][2600/9162]  lr: 2.0000e-03  eta: 1 day, 13:00:23  time: 0.7450  data_time: 0.1292  memory: 1708  loss: 4.5966  loss_cls: 3.0947  loss_bbox: 1.5019
2025/06/22 09:48:26 - mmengine - INFO - Epoch(train)  [5][2650/9162]  lr: 2.0000e-03  eta: 1 day, 12:59:37  time: 0.6999  data_time: 0.1092  memory: 1708  loss: 4.4577  loss_cls: 2.9908  loss_bbox: 1.4668
2025/06/22 09:49:02 - mmengine - INFO - Epoch(train)  [5][2700/9162]  lr: 2.0000e-03  eta: 1 day, 12:58:57  time: 0.7249  data_time: 0.1296  memory: 1708  loss: 4.6182  loss_cls: 3.1111  loss_bbox: 1.5071
2025/06/22 09:49:39 - mmengine - INFO - Epoch(train)  [5][2750/9162]  lr: 2.0000e-03  eta: 1 day, 12:58:21  time: 0.7373  data_time: 0.1236  memory: 1708  loss: 4.5784  loss_cls: 3.0316  loss_bbox: 1.5468
2025/06/22 09:50:16 - mmengine - INFO - Epoch(train)  [5][2800/9162]  lr: 2.0000e-03  eta: 1 day, 12:57:46  time: 0.7494  data_time: 0.1369  memory: 1708  loss: 4.5262  loss_cls: 3.0466  loss_bbox: 1.4796
2025/06/22 09:50:53 - mmengine - INFO - Epoch(train)  [5][2850/9162]  lr: 2.0000e-03  eta: 1 day, 12:57:10  time: 0.7393  data_time: 0.1222  memory: 1708  loss: 4.5858  loss_cls: 3.0512  loss_bbox: 1.5346
2025/06/22 09:51:31 - mmengine - INFO - Epoch(train)  [5][2900/9162]  lr: 2.0000e-03  eta: 1 day, 12:56:36  time: 0.7508  data_time: 0.1295  memory: 1708  loss: 4.6082  loss_cls: 3.0678  loss_bbox: 1.5405
2025/06/22 09:52:08 - mmengine - INFO - Epoch(train)  [5][2950/9162]  lr: 2.0000e-03  eta: 1 day, 12:55:59  time: 0.7383  data_time: 0.1161  memory: 1708  loss: 4.5854  loss_cls: 3.1010  loss_bbox: 1.4843
2025/06/22 09:52:45 - mmengine - INFO - Epoch(train)  [5][3000/9162]  lr: 2.0000e-03  eta: 1 day, 12:55:24  time: 0.7444  data_time: 0.1117  memory: 1708  loss: 4.4979  loss_cls: 2.9905  loss_bbox: 1.5074
2025/06/22 09:53:23 - mmengine - INFO - Epoch(train)  [5][3050/9162]  lr: 2.0000e-03  eta: 1 day, 12:54:50  time: 0.7514  data_time: 0.1426  memory: 1708  loss: 4.5391  loss_cls: 3.0506  loss_bbox: 1.4884
2025/06/22 09:54:00 - mmengine - INFO - Epoch(train)  [5][3100/9162]  lr: 2.0000e-03  eta: 1 day, 12:54:14  time: 0.7406  data_time: 0.1332  memory: 1708  loss: 4.5329  loss_cls: 2.9851  loss_bbox: 1.5478
2025/06/22 09:54:37 - mmengine - INFO - Epoch(train)  [5][3150/9162]  lr: 2.0000e-03  eta: 1 day, 12:53:38  time: 0.7382  data_time: 0.1320  memory: 1708  loss: 4.6093  loss_cls: 3.0929  loss_bbox: 1.5165
2025/06/22 09:55:14 - mmengine - INFO - Epoch(train)  [5][3200/9162]  lr: 2.0000e-03  eta: 1 day, 12:53:01  time: 0.7387  data_time: 0.1307  memory: 1708  loss: 4.4735  loss_cls: 3.0197  loss_bbox: 1.4538
2025/06/22 09:55:51 - mmengine - INFO - Epoch(train)  [5][3250/9162]  lr: 2.0000e-03  eta: 1 day, 12:52:25  time: 0.7424  data_time: 0.1224  memory: 1708  loss: 4.4824  loss_cls: 3.0194  loss_bbox: 1.4630
2025/06/22 09:56:28 - mmengine - INFO - Epoch(train)  [5][3300/9162]  lr: 2.0000e-03  eta: 1 day, 12:51:50  time: 0.7433  data_time: 0.1315  memory: 1708  loss: 4.5159  loss_cls: 3.0277  loss_bbox: 1.4882
2025/06/22 09:57:05 - mmengine - INFO - Epoch(train)  [5][3350/9162]  lr: 2.0000e-03  eta: 1 day, 12:51:15  time: 0.7463  data_time: 0.1202  memory: 1708  loss: 4.5818  loss_cls: 3.0270  loss_bbox: 1.5548
2025/06/22 09:57:07 - mmengine - INFO - Exp name: ssd300_coco_20250622_013555
2025/06/22 09:57:43 - mmengine - INFO - Epoch(train)  [5][3400/9162]  lr: 2.0000e-03  eta: 1 day, 12:50:40  time: 0.7484  data_time: 0.1352  memory: 1708  loss: 4.5115  loss_cls: 3.0144  loss_bbox: 1.4971
2025/06/22 09:58:20 - mmengine - INFO - Epoch(train)  [5][3450/9162]  lr: 2.0000e-03  eta: 1 day, 12:50:06  time: 0.7480  data_time: 0.1408  memory: 1708  loss: 4.6112  loss_cls: 3.1331  loss_bbox: 1.4781
2025/06/22 09:58:58 - mmengine - INFO - Epoch(train)  [5][3500/9162]  lr: 2.0000e-03  eta: 1 day, 12:49:33  time: 0.7548  data_time: 0.1391  memory: 1708  loss: 4.5813  loss_cls: 3.0759  loss_bbox: 1.5054
2025/06/22 09:59:36 - mmengine - INFO - Epoch(train)  [5][3550/9162]  lr: 2.0000e-03  eta: 1 day, 12:48:59  time: 0.7511  data_time: 0.1261  memory: 1708  loss: 4.6343  loss_cls: 3.0920  loss_bbox: 1.5423
2025/06/22 10:00:14 - mmengine - INFO - Epoch(train)  [5][3600/9162]  lr: 2.0000e-03  eta: 1 day, 12:48:26  time: 0.7580  data_time: 0.1215  memory: 1708  loss: 4.5443  loss_cls: 3.0584  loss_bbox: 1.4858
2025/06/22 10:00:51 - mmengine - INFO - Epoch(train)  [5][3650/9162]  lr: 2.0000e-03  eta: 1 day, 12:47:53  time: 0.7507  data_time: 0.1270  memory: 1708  loss: 4.4620  loss_cls: 3.0207  loss_bbox: 1.4414
2025/06/22 10:01:29 - mmengine - INFO - Epoch(train)  [5][3700/9162]  lr: 2.0000e-03  eta: 1 day, 12:47:19  time: 0.7550  data_time: 0.1341  memory: 1708  loss: 4.6313  loss_cls: 3.0948  loss_bbox: 1.5364
2025/06/22 10:02:06 - mmengine - INFO - Epoch(train)  [5][3750/9162]  lr: 2.0000e-03  eta: 1 day, 12:46:45  time: 0.7472  data_time: 0.1190  memory: 1708  loss: 4.4538  loss_cls: 2.9834  loss_bbox: 1.4704
2025/06/22 10:02:43 - mmengine - INFO - Epoch(train)  [5][3800/9162]  lr: 2.0000e-03  eta: 1 day, 12:46:08  time: 0.7390  data_time: 0.1315  memory: 1708  loss: 4.6259  loss_cls: 3.1003  loss_bbox: 1.5256
2025/06/22 10:03:20 - mmengine - INFO - Epoch(train)  [5][3850/9162]  lr: 2.0000e-03  eta: 1 day, 12:45:32  time: 0.7415  data_time: 0.1286  memory: 1708  loss: 4.6683  loss_cls: 3.1086  loss_bbox: 1.5596
2025/06/22 10:03:58 - mmengine - INFO - Epoch(train)  [5][3900/9162]  lr: 2.0000e-03  eta: 1 day, 12:44:57  time: 0.7441  data_time: 0.1102  memory: 1708  loss: 4.6000  loss_cls: 3.0994  loss_bbox: 1.5006
2025/06/22 10:04:35 - mmengine - INFO - Epoch(train)  [5][3950/9162]  lr: 2.0000e-03  eta: 1 day, 12:44:22  time: 0.7458  data_time: 0.1078  memory: 1708  loss: 4.5443  loss_cls: 3.0684  loss_bbox: 1.4759
2025/06/22 10:05:13 - mmengine - INFO - Epoch(train)  [5][4000/9162]  lr: 2.0000e-03  eta: 1 day, 12:43:48  time: 0.7507  data_time: 0.1355  memory: 1708  loss: 4.4937  loss_cls: 3.0056  loss_bbox: 1.4881
2025/06/22 10:05:50 - mmengine - INFO - Epoch(train)  [5][4050/9162]  lr: 2.0000e-03  eta: 1 day, 12:43:13  time: 0.7504  data_time: 0.1241  memory: 1708  loss: 4.5522  loss_cls: 3.0311  loss_bbox: 1.5211
2025/06/22 10:06:28 - mmengine - INFO - Epoch(train)  [5][4100/9162]  lr: 2.0000e-03  eta: 1 day, 12:42:39  time: 0.7501  data_time: 0.1366  memory: 1708  loss: 4.5963  loss_cls: 3.0626  loss_bbox: 1.5337
2025/06/22 10:07:05 - mmengine - INFO - Epoch(train)  [5][4150/9162]  lr: 2.0000e-03  eta: 1 day, 12:42:03  time: 0.7400  data_time: 0.1190  memory: 1708  loss: 4.5831  loss_cls: 3.0567  loss_bbox: 1.5264
2025/06/22 10:07:42 - mmengine - INFO - Epoch(train)  [5][4200/9162]  lr: 2.0000e-03  eta: 1 day, 12:41:29  time: 0.7532  data_time: 0.1216  memory: 1708  loss: 4.6305  loss_cls: 3.0701  loss_bbox: 1.5604
2025/06/22 10:08:21 - mmengine - INFO - Epoch(train)  [5][4250/9162]  lr: 2.0000e-03  eta: 1 day, 12:40:58  time: 0.7637  data_time: 0.1380  memory: 1708  loss: 4.4355  loss_cls: 2.9889  loss_bbox: 1.4465
2025/06/22 10:08:58 - mmengine - INFO - Epoch(train)  [5][4300/9162]  lr: 2.0000e-03  eta: 1 day, 12:40:24  time: 0.7513  data_time: 0.1351  memory: 1708  loss: 4.5562  loss_cls: 3.0660  loss_bbox: 1.4901
2025/06/22 10:09:36 - mmengine - INFO - Epoch(train)  [5][4350/9162]  lr: 2.0000e-03  eta: 1 day, 12:39:50  time: 0.7509  data_time: 0.1329  memory: 1708  loss: 4.4355  loss_cls: 2.9708  loss_bbox: 1.4648
2025/06/22 10:09:37 - mmengine - INFO - Exp name: ssd300_coco_20250622_013555
2025/06/22 10:10:13 - mmengine - INFO - Epoch(train)  [5][4400/9162]  lr: 2.0000e-03  eta: 1 day, 12:39:15  time: 0.7449  data_time: 0.1056  memory: 1708  loss: 4.5965  loss_cls: 3.0549  loss_bbox: 1.5416
2025/06/22 10:10:51 - mmengine - INFO - Epoch(train)  [5][4450/9162]  lr: 2.0000e-03  eta: 1 day, 12:38:41  time: 0.7526  data_time: 0.1167  memory: 1708  loss: 4.5501  loss_cls: 3.0612  loss_bbox: 1.4890
2025/06/22 10:11:28 - mmengine - INFO - Epoch(train)  [5][4500/9162]  lr: 2.0000e-03  eta: 1 day, 12:38:06  time: 0.7456  data_time: 0.1346  memory: 1708  loss: 4.5580  loss_cls: 3.0311  loss_bbox: 1.5268
2025/06/22 10:12:06 - mmengine - INFO - Epoch(train)  [5][4550/9162]  lr: 2.0000e-03  eta: 1 day, 12:37:32  time: 0.7517  data_time: 0.1196  memory: 1708  loss: 4.5307  loss_cls: 3.0310  loss_bbox: 1.4997
2025/06/22 10:12:43 - mmengine - INFO - Epoch(train)  [5][4600/9162]  lr: 2.0000e-03  eta: 1 day, 12:36:58  time: 0.7521  data_time: 0.1248  memory: 1708  loss: 4.5709  loss_cls: 3.0320  loss_bbox: 1.5390
2025/06/22 10:13:21 - mmengine - INFO - Epoch(train)  [5][4650/9162]  lr: 2.0000e-03  eta: 1 day, 12:36:24  time: 0.7506  data_time: 0.1336  memory: 1708  loss: 4.5459  loss_cls: 3.0207  loss_bbox: 1.5252
2025/06/22 10:13:59 - mmengine - INFO - Epoch(train)  [5][4700/9162]  lr: 2.0000e-03  eta: 1 day, 12:35:50  time: 0.7530  data_time: 0.1432  memory: 1708  loss: 4.6590  loss_cls: 3.0947  loss_bbox: 1.5643
2025/06/22 10:14:38 - mmengine - INFO - Epoch(train)  [5][4750/9162]  lr: 2.0000e-03  eta: 1 day, 12:35:22  time: 0.7786  data_time: 0.1212  memory: 1708  loss: 4.5457  loss_cls: 3.0386  loss_bbox: 1.5072
2025/06/22 10:15:15 - mmengine - INFO - Epoch(train)  [5][4800/9162]  lr: 2.0000e-03  eta: 1 day, 12:34:50  time: 0.7577  data_time: 0.1364  memory: 1708  loss: 4.5621  loss_cls: 3.0332  loss_bbox: 1.5289
2025/06/22 10:15:54 - mmengine - INFO - Epoch(train)  [5][4850/9162]  lr: 2.0000e-03  eta: 1 day, 12:34:19  time: 0.7650  data_time: 0.1473  memory: 1708  loss: 4.6424  loss_cls: 3.1130  loss_bbox: 1.5293
2025/06/22 10:16:32 - mmengine - INFO - Epoch(train)  [5][4900/9162]  lr: 2.0000e-03  eta: 1 day, 12:33:47  time: 0.7618  data_time: 0.1401  memory: 1708  loss: 4.5643  loss_cls: 2.9937  loss_bbox: 1.5705
2025/06/22 10:17:10 - mmengine - INFO - Epoch(train)  [5][4950/9162]  lr: 2.0000e-03  eta: 1 day, 12:33:16  time: 0.7662  data_time: 0.1344  memory: 1708  loss: 4.4899  loss_cls: 3.0063  loss_bbox: 1.4836
2025/06/22 10:17:48 - mmengine - INFO - Epoch(train)  [5][5000/9162]  lr: 2.0000e-03  eta: 1 day, 12:32:43  time: 0.7551  data_time: 0.1184  memory: 1708  loss: 4.6717  loss_cls: 3.0678  loss_bbox: 1.6039
2025/06/22 10:18:26 - mmengine - INFO - Epoch(train)  [5][5050/9162]  lr: 2.0000e-03  eta: 1 day, 12:32:09  time: 0.7525  data_time: 0.1290  memory: 1708  loss: 4.6475  loss_cls: 3.1101  loss_bbox: 1.5373
2025/06/22 10:19:03 - mmengine - INFO - Epoch(train)  [5][5100/9162]  lr: 2.0000e-03  eta: 1 day, 12:31:36  time: 0.7555  data_time: 0.1390  memory: 1708  loss: 4.5006  loss_cls: 2.9959  loss_bbox: 1.5047
2025/06/22 10:19:41 - mmengine - INFO - Epoch(train)  [5][5150/9162]  lr: 2.0000e-03  eta: 1 day, 12:31:02  time: 0.7556  data_time: 0.1067  memory: 1708  loss: 4.5806  loss_cls: 3.0254  loss_bbox: 1.5552
2025/06/22 10:20:20 - mmengine - INFO - Epoch(train)  [5][5200/9162]  lr: 2.0000e-03  eta: 1 day, 12:30:31  time: 0.7644  data_time: 0.1208  memory: 1708  loss: 4.4673  loss_cls: 2.9851  loss_bbox: 1.4822
2025/06/22 10:20:58 - mmengine - INFO - Epoch(train)  [5][5250/9162]  lr: 2.0000e-03  eta: 1 day, 12:30:00  time: 0.7643  data_time: 0.1151  memory: 1708  loss: 4.5184  loss_cls: 3.0450  loss_bbox: 1.4734
2025/06/22 10:21:35 - mmengine - INFO - Epoch(train)  [5][5300/9162]  lr: 2.0000e-03  eta: 1 day, 12:29:24  time: 0.7465  data_time: 0.0973  memory: 1708  loss: 4.6220  loss_cls: 3.0633  loss_bbox: 1.5587
2025/06/22 10:22:13 - mmengine - INFO - Epoch(train)  [5][5350/9162]  lr: 2.0000e-03  eta: 1 day, 12:28:51  time: 0.7549  data_time: 0.1325  memory: 1708  loss: 4.5853  loss_cls: 3.0603  loss_bbox: 1.5250
2025/06/22 10:22:14 - mmengine - INFO - Exp name: ssd300_coco_20250622_013555
2025/06/22 10:22:51 - mmengine - INFO - Epoch(train)  [5][5400/9162]  lr: 2.0000e-03  eta: 1 day, 12:28:17  time: 0.7537  data_time: 0.1375  memory: 1708  loss: 4.5402  loss_cls: 3.0350  loss_bbox: 1.5052
2025/06/22 10:23:28 - mmengine - INFO - Epoch(train)  [5][5450/9162]  lr: 2.0000e-03  eta: 1 day, 12:27:42  time: 0.7444  data_time: 0.1487  memory: 1708  loss: 4.5951  loss_cls: 3.0782  loss_bbox: 1.5169
2025/06/22 10:24:05 - mmengine - INFO - Epoch(train)  [5][5500/9162]  lr: 2.0000e-03  eta: 1 day, 12:27:06  time: 0.7454  data_time: 0.1339  memory: 1708  loss: 4.4721  loss_cls: 2.9915  loss_bbox: 1.4806
2025/06/22 10:24:42 - mmengine - INFO - Epoch(train)  [5][5550/9162]  lr: 2.0000e-03  eta: 1 day, 12:26:30  time: 0.7416  data_time: 0.1376  memory: 1708  loss: 4.5362  loss_cls: 3.0328  loss_bbox: 1.5034
2025/06/22 10:25:19 - mmengine - INFO - Epoch(train)  [5][5600/9162]  lr: 2.0000e-03  eta: 1 day, 12:25:54  time: 0.7427  data_time: 0.1195  memory: 1708  loss: 4.4896  loss_cls: 3.0034  loss_bbox: 1.4862
2025/06/22 10:25:58 - mmengine - INFO - Epoch(train)  [5][5650/9162]  lr: 2.0000e-03  eta: 1 day, 12:25:23  time: 0.7673  data_time: 0.1446  memory: 1708  loss: 4.4733  loss_cls: 3.0007  loss_bbox: 1.4727
2025/06/22 10:26:35 - mmengine - INFO - Epoch(train)  [5][5700/9162]  lr: 2.0000e-03  eta: 1 day, 12:24:48  time: 0.7475  data_time: 0.1307  memory: 1708  loss: 4.5633  loss_cls: 3.0591  loss_bbox: 1.5042
2025/06/22 10:27:12 - mmengine - INFO - Epoch(train)  [5][5750/9162]  lr: 2.0000e-03  eta: 1 day, 12:24:12  time: 0.7423  data_time: 0.1285  memory: 1708  loss: 4.6205  loss_cls: 3.1000  loss_bbox: 1.5205
2025/06/22 10:27:49 - mmengine - INFO - Epoch(train)  [5][5800/9162]  lr: 2.0000e-03  eta: 1 day, 12:23:34  time: 0.7309  data_time: 0.1192  memory: 1708  loss: 4.5102  loss_cls: 2.9854  loss_bbox: 1.5248
2025/06/22 10:28:24 - mmengine - INFO - Epoch(train)  [5][5850/9162]  lr: 2.0000e-03  eta: 1 day, 12:22:48  time: 0.6952  data_time: 0.1121  memory: 1708  loss: 4.4839  loss_cls: 2.9746  loss_bbox: 1.5093
2025/06/22 10:29:02 - mmengine - INFO - Epoch(train)  [5][5900/9162]  lr: 2.0000e-03  eta: 1 day, 12:22:16  time: 0.7606  data_time: 0.1392  memory: 1708  loss: 4.4586  loss_cls: 2.9553  loss_bbox: 1.5033
2025/06/22 10:29:39 - mmengine - INFO - Epoch(train)  [5][5950/9162]  lr: 2.0000e-03  eta: 1 day, 12:21:39  time: 0.7413  data_time: 0.1237  memory: 1708  loss: 4.4477  loss_cls: 2.9562  loss_bbox: 1.4914
2025/06/22 10:30:16 - mmengine - INFO - Epoch(train)  [5][6000/9162]  lr: 2.0000e-03  eta: 1 day, 12:21:01  time: 0.7301  data_time: 0.1148  memory: 1708  loss: 4.4237  loss_cls: 2.9782  loss_bbox: 1.4455
2025/06/22 10:30:52 - mmengine - INFO - Epoch(train)  [5][6050/9162]  lr: 2.0000e-03  eta: 1 day, 12:20:23  time: 0.7329  data_time: 0.1166  memory: 1708  loss: 4.4768  loss_cls: 3.0424  loss_bbox: 1.4344
2025/06/22 10:31:29 - mmengine - INFO - Epoch(train)  [5][6100/9162]  lr: 2.0000e-03  eta: 1 day, 12:19:46  time: 0.7412  data_time: 0.1228  memory: 1708  loss: 4.5249  loss_cls: 3.0320  loss_bbox: 1.4930
2025/06/22 10:32:06 - mmengine - INFO - Epoch(train)  [5][6150/9162]  lr: 2.0000e-03  eta: 1 day, 12:19:09  time: 0.7355  data_time: 0.1146  memory: 1708  loss: 4.4809  loss_cls: 2.9583  loss_bbox: 1.5226
2025/06/22 10:32:43 - mmengine - INFO - Epoch(train)  [5][6200/9162]  lr: 2.0000e-03  eta: 1 day, 12:18:32  time: 0.7399  data_time: 0.1235  memory: 1708  loss: 4.5802  loss_cls: 3.1030  loss_bbox: 1.4773
2025/06/22 10:33:20 - mmengine - INFO - Epoch(train)  [5][6250/9162]  lr: 2.0000e-03  eta: 1 day, 12:17:55  time: 0.7377  data_time: 0.1052  memory: 1708  loss: 4.5286  loss_cls: 3.0334  loss_bbox: 1.4952
2025/06/22 10:33:57 - mmengine - INFO - Epoch(train)  [5][6300/9162]  lr: 2.0000e-03  eta: 1 day, 12:17:17  time: 0.7333  data_time: 0.1182  memory: 1708  loss: 4.5606  loss_cls: 3.0612  loss_bbox: 1.4993
2025/06/22 10:34:34 - mmengine - INFO - Epoch(train)  [5][6350/9162]  lr: 2.0000e-03  eta: 1 day, 12:16:43  time: 0.7524  data_time: 0.1123  memory: 1708  loss: 4.4959  loss_cls: 2.9914  loss_bbox: 1.5044
2025/06/22 10:34:36 - mmengine - INFO - Exp name: ssd300_coco_20250622_013555
2025/06/22 10:35:11 - mmengine - INFO - Epoch(train)  [5][6400/9162]  lr: 2.0000e-03  eta: 1 day, 12:16:06  time: 0.7383  data_time: 0.1201  memory: 1708  loss: 4.5695  loss_cls: 3.0199  loss_bbox: 1.5496
2025/06/22 10:35:49 - mmengine - INFO - Epoch(train)  [5][6450/9162]  lr: 2.0000e-03  eta: 1 day, 12:15:32  time: 0.7514  data_time: 0.1107  memory: 1708  loss: 4.5626  loss_cls: 3.0506  loss_bbox: 1.5120
2025/06/22 10:36:26 - mmengine - INFO - Epoch(train)  [5][6500/9162]  lr: 2.0000e-03  eta: 1 day, 12:14:56  time: 0.7440  data_time: 0.1158  memory: 1708  loss: 4.5498  loss_cls: 3.0518  loss_bbox: 1.4981
2025/06/22 10:37:03 - mmengine - INFO - Epoch(train)  [5][6550/9162]  lr: 2.0000e-03  eta: 1 day, 12:14:20  time: 0.7438  data_time: 0.1323  memory: 1708  loss: 4.5252  loss_cls: 2.9649  loss_bbox: 1.5603
2025/06/22 10:37:41 - mmengine - INFO - Epoch(train)  [5][6600/9162]  lr: 2.0000e-03  eta: 1 day, 12:13:45  time: 0.7445  data_time: 0.1295  memory: 1708  loss: 4.5357  loss_cls: 3.0344  loss_bbox: 1.5013
2025/06/22 10:38:18 - mmengine - INFO - Epoch(train)  [5][6650/9162]  lr: 2.0000e-03  eta: 1 day, 12:13:08  time: 0.7395  data_time: 0.1318  memory: 1708  loss: 4.6388  loss_cls: 3.1031  loss_bbox: 1.5357
2025/06/22 10:38:55 - mmengine - INFO - Epoch(train)  [5][6700/9162]  lr: 2.0000e-03  eta: 1 day, 12:12:32  time: 0.7408  data_time: 0.1343  memory: 1708  loss: 4.5168  loss_cls: 3.0028  loss_bbox: 1.5140
2025/06/22 10:39:32 - mmengine - INFO - Epoch(train)  [5][6750/9162]  lr: 2.0000e-03  eta: 1 day, 12:11:56  time: 0.7453  data_time: 0.1160  memory: 1708  loss: 4.6734  loss_cls: 3.0917  loss_bbox: 1.5817
2025/06/22 10:40:09 - mmengine - INFO - Epoch(train)  [5][6800/9162]  lr: 2.0000e-03  eta: 1 day, 12:11:19  time: 0.7373  data_time: 0.1091  memory: 1708  loss: 4.5556  loss_cls: 3.0710  loss_bbox: 1.4845
2025/06/22 10:40:46 - mmengine - INFO - Epoch(train)  [5][6850/9162]  lr: 2.0000e-03  eta: 1 day, 12:10:44  time: 0.7451  data_time: 0.1235  memory: 1708  loss: 4.5189  loss_cls: 3.0063  loss_bbox: 1.5126
2025/06/22 10:41:24 - mmengine - INFO - Epoch(train)  [5][6900/9162]  lr: 2.0000e-03  eta: 1 day, 12:10:09  time: 0.7503  data_time: 0.1122  memory: 1708  loss: 4.6001  loss_cls: 3.0369  loss_bbox: 1.5633
2025/06/22 10:42:02 - mmengine - INFO - Epoch(train)  [5][6950/9162]  lr: 2.0000e-03  eta: 1 day, 12:09:37  time: 0.7648  data_time: 0.1430  memory: 1708  loss: 4.5051  loss_cls: 3.0057  loss_bbox: 1.4994
2025/06/22 10:42:40 - mmengine - INFO - Epoch(train)  [5][7000/9162]  lr: 2.0000e-03  eta: 1 day, 12:09:03  time: 0.7515  data_time: 0.1412  memory: 1708  loss: 4.5514  loss_cls: 3.0359  loss_bbox: 1.5155
2025/06/22 10:43:17 - mmengine - INFO - Epoch(train)  [5][7050/9162]  lr: 2.0000e-03  eta: 1 day, 12:08:27  time: 0.7403  data_time: 0.1263  memory: 1708  loss: 4.6123  loss_cls: 3.0617  loss_bbox: 1.5506
2025/06/22 10:43:53 - mmengine - INFO - Epoch(train)  [5][7100/9162]  lr: 2.0000e-03  eta: 1 day, 12:07:49  time: 0.7327  data_time: 0.1037  memory: 1708  loss: 4.6144  loss_cls: 3.1360  loss_bbox: 1.4784
2025/06/22 10:44:30 - mmengine - INFO - Epoch(train)  [5][7150/9162]  lr: 2.0000e-03  eta: 1 day, 12:07:11  time: 0.7376  data_time: 0.1339  memory: 1708  loss: 4.4718  loss_cls: 3.0144  loss_bbox: 1.4574
2025/06/22 10:45:07 - mmengine - INFO - Epoch(train)  [5][7200/9162]  lr: 2.0000e-03  eta: 1 day, 12:06:34  time: 0.7349  data_time: 0.1035  memory: 1708  loss: 4.5304  loss_cls: 3.0522  loss_bbox: 1.4782
2025/06/22 10:45:44 - mmengine - INFO - Epoch(train)  [5][7250/9162]  lr: 2.0000e-03  eta: 1 day, 12:05:57  time: 0.7405  data_time: 0.1113  memory: 1708  loss: 4.4378  loss_cls: 2.9898  loss_bbox: 1.4480
2025/06/22 10:46:22 - mmengine - INFO - Epoch(train)  [5][7300/9162]  lr: 2.0000e-03  eta: 1 day, 12:05:23  time: 0.7531  data_time: 0.1346  memory: 1708  loss: 4.5493  loss_cls: 3.0396  loss_bbox: 1.5097
2025/06/22 10:47:00 - mmengine - INFO - Epoch(train)  [5][7350/9162]  lr: 2.0000e-03  eta: 1 day, 12:04:51  time: 0.7600  data_time: 0.1487  memory: 1708  loss: 4.5058  loss_cls: 3.0631  loss_bbox: 1.4428
2025/06/22 10:47:01 - mmengine - INFO - Exp name: ssd300_coco_20250622_013555
2025/06/22 10:47:38 - mmengine - INFO - Epoch(train)  [5][7400/9162]  lr: 2.0000e-03  eta: 1 day, 12:04:17  time: 0.7549  data_time: 0.1139  memory: 1708  loss: 4.4712  loss_cls: 2.9718  loss_bbox: 1.4994
2025/06/22 10:48:16 - mmengine - INFO - Epoch(train)  [5][7450/9162]  lr: 2.0000e-03  eta: 1 day, 12:03:45  time: 0.7638  data_time: 0.1204  memory: 1708  loss: 4.4875  loss_cls: 3.0171  loss_bbox: 1.4703
2025/06/22 10:48:54 - mmengine - INFO - Epoch(train)  [5][7500/9162]  lr: 2.0000e-03  eta: 1 day, 12:03:13  time: 0.7646  data_time: 0.1273  memory: 1708  loss: 4.4802  loss_cls: 2.9823  loss_bbox: 1.4980
2025/06/22 10:49:32 - mmengine - INFO - Epoch(train)  [5][7550/9162]  lr: 2.0000e-03  eta: 1 day, 12:02:41  time: 0.7619  data_time: 0.1164  memory: 1708  loss: 4.4744  loss_cls: 3.0072  loss_bbox: 1.4673
2025/06/22 10:50:10 - mmengine - INFO - Epoch(train)  [5][7600/9162]  lr: 2.0000e-03  eta: 1 day, 12:02:07  time: 0.7524  data_time: 0.1178  memory: 1708  loss: 4.6983  loss_cls: 3.1208  loss_bbox: 1.5774
2025/06/22 10:50:47 - mmengine - INFO - Epoch(train)  [5][7650/9162]  lr: 2.0000e-03  eta: 1 day, 12:01:32  time: 0.7475  data_time: 0.1280  memory: 1708  loss: 4.4750  loss_cls: 2.9882  loss_bbox: 1.4868
2025/06/22 10:51:25 - mmengine - INFO - Epoch(train)  [5][7700/9162]  lr: 2.0000e-03  eta: 1 day, 12:00:56  time: 0.7442  data_time: 0.1400  memory: 1708  loss: 4.5756  loss_cls: 3.0689  loss_bbox: 1.5067
2025/06/22 10:52:02 - mmengine - INFO - Epoch(train)  [5][7750/9162]  lr: 2.0000e-03  eta: 1 day, 12:00:20  time: 0.7419  data_time: 0.1189  memory: 1708  loss: 4.6276  loss_cls: 3.0745  loss_bbox: 1.5531
2025/06/22 10:52:39 - mmengine - INFO - Epoch(train)  [5][7800/9162]  lr: 2.0000e-03  eta: 1 day, 11:59:43  time: 0.7392  data_time: 0.0944  memory: 1708  loss: 4.4218  loss_cls: 2.9937  loss_bbox: 1.4281
2025/06/22 10:53:16 - mmengine - INFO - Epoch(train)  [5][7850/9162]  lr: 2.0000e-03  eta: 1 day, 11:59:06  time: 0.7413  data_time: 0.1204  memory: 1708  loss: 4.4338  loss_cls: 2.9720  loss_bbox: 1.4618
2025/06/22 10:53:53 - mmengine - INFO - Epoch(train)  [5][7900/9162]  lr: 2.0000e-03  eta: 1 day, 11:58:28  time: 0.7324  data_time: 0.0875  memory: 1708  loss: 4.6236  loss_cls: 3.0021  loss_bbox: 1.6215
2025/06/22 10:54:30 - mmengine - INFO - Epoch(train)  [5][7950/9162]  lr: 2.0000e-03  eta: 1 day, 11:57:52  time: 0.7407  data_time: 0.1324  memory: 1708  loss: 4.4764  loss_cls: 3.0163  loss_bbox: 1.4602
2025/06/22 10:55:07 - mmengine - INFO - Epoch(train)  [5][8000/9162]  lr: 2.0000e-03  eta: 1 day, 11:57:17  time: 0.7471  data_time: 0.1231  memory: 1708  loss: 4.7005  loss_cls: 3.1137  loss_bbox: 1.5868
2025/06/22 10:55:46 - mmengine - INFO - Epoch(train)  [5][8050/9162]  lr: 2.0000e-03  eta: 1 day, 11:56:46  time: 0.7732  data_time: 0.1334  memory: 1708  loss: 4.5862  loss_cls: 3.0443  loss_bbox: 1.5419
2025/06/22 10:56:24 - mmengine - INFO - Epoch(train)  [5][8100/9162]  lr: 2.0000e-03  eta: 1 day, 11:56:13  time: 0.7578  data_time: 0.1234  memory: 1708  loss: 4.4869  loss_cls: 2.9899  loss_bbox: 1.4970
2025/06/22 10:57:01 - mmengine - INFO - Epoch(train)  [5][8150/9162]  lr: 2.0000e-03  eta: 1 day, 11:55:38  time: 0.7460  data_time: 0.1121  memory: 1708  loss: 4.4683  loss_cls: 3.0342  loss_bbox: 1.4341
2025/06/22 10:57:39 - mmengine - INFO - Epoch(train)  [5][8200/9162]  lr: 2.0000e-03  eta: 1 day, 11:55:05  time: 0.7604  data_time: 0.1364  memory: 1708  loss: 4.4800  loss_cls: 2.9880  loss_bbox: 1.4920
2025/06/22 10:58:17 - mmengine - INFO - Epoch(train)  [5][8250/9162]  lr: 2.0000e-03  eta: 1 day, 11:54:31  time: 0.7542  data_time: 0.1351  memory: 1708  loss: 4.5374  loss_cls: 3.0386  loss_bbox: 1.4988
2025/06/22 10:58:54 - mmengine - INFO - Epoch(train)  [5][8300/9162]  lr: 2.0000e-03  eta: 1 day, 11:53:57  time: 0.7532  data_time: 0.1416  memory: 1708  loss: 4.6901  loss_cls: 3.1069  loss_bbox: 1.5832
2025/06/22 10:59:32 - mmengine - INFO - Epoch(train)  [5][8350/9162]  lr: 2.0000e-03  eta: 1 day, 11:53:23  time: 0.7549  data_time: 0.1190  memory: 1708  loss: 4.4886  loss_cls: 3.0211  loss_bbox: 1.4675
2025/06/22 10:59:34 - mmengine - INFO - Exp name: ssd300_coco_20250622_013555
2025/06/22 11:00:10 - mmengine - INFO - Epoch(train)  [5][8400/9162]  lr: 2.0000e-03  eta: 1 day, 11:52:49  time: 0.7519  data_time: 0.1120  memory: 1708  loss: 4.6232  loss_cls: 3.0440  loss_bbox: 1.5792
2025/06/22 11:00:48 - mmengine - INFO - Epoch(train)  [5][8450/9162]  lr: 2.0000e-03  eta: 1 day, 11:52:15  time: 0.7539  data_time: 0.1136  memory: 1708  loss: 4.5584  loss_cls: 3.0130  loss_bbox: 1.5455
2025/06/22 11:01:25 - mmengine - INFO - Epoch(train)  [5][8500/9162]  lr: 2.0000e-03  eta: 1 day, 11:51:41  time: 0.7568  data_time: 0.1169  memory: 1708  loss: 4.4583  loss_cls: 3.0055  loss_bbox: 1.4528
2025/06/22 11:02:04 - mmengine - INFO - Epoch(train)  [5][8550/9162]  lr: 2.0000e-03  eta: 1 day, 11:51:09  time: 0.7643  data_time: 0.1471  memory: 1708  loss: 4.5189  loss_cls: 3.0082  loss_bbox: 1.5106
2025/06/22 11:02:42 - mmengine - INFO - Epoch(train)  [5][8600/9162]  lr: 2.0000e-03  eta: 1 day, 11:50:39  time: 0.7736  data_time: 0.1295  memory: 1708  loss: 4.6643  loss_cls: 3.0782  loss_bbox: 1.5861
2025/06/22 11:03:21 - mmengine - INFO - Epoch(train)  [5][8650/9162]  lr: 2.0000e-03  eta: 1 day, 11:50:07  time: 0.7645  data_time: 0.1461  memory: 1708  loss: 4.4402  loss_cls: 2.9759  loss_bbox: 1.4643
2025/06/22 11:03:59 - mmengine - INFO - Epoch(train)  [5][8700/9162]  lr: 2.0000e-03  eta: 1 day, 11:49:35  time: 0.7659  data_time: 0.1451  memory: 1708  loss: 4.5959  loss_cls: 3.0284  loss_bbox: 1.5676
2025/06/22 11:04:37 - mmengine - INFO - Epoch(train)  [5][8750/9162]  lr: 2.0000e-03  eta: 1 day, 11:49:01  time: 0.7547  data_time: 0.1317  memory: 1708  loss: 4.5438  loss_cls: 2.9616  loss_bbox: 1.5821
2025/06/22 11:05:14 - mmengine - INFO - Epoch(train)  [5][8800/9162]  lr: 2.0000e-03  eta: 1 day, 11:48:25  time: 0.7429  data_time: 0.1179  memory: 1708  loss: 4.4516  loss_cls: 2.9723  loss_bbox: 1.4793
2025/06/22 11:05:51 - mmengine - INFO - Epoch(train)  [5][8850/9162]  lr: 2.0000e-03  eta: 1 day, 11:47:50  time: 0.7465  data_time: 0.1477  memory: 1708  loss: 4.4669  loss_cls: 2.9644  loss_bbox: 1.5025
2025/06/22 11:06:29 - mmengine - INFO - Epoch(train)  [5][8900/9162]  lr: 2.0000e-03  eta: 1 day, 11:47:13  time: 0.7422  data_time: 0.1210  memory: 1708  loss: 4.4891  loss_cls: 3.0128  loss_bbox: 1.4763
2025/06/22 11:07:06 - mmengine - INFO - Epoch(train)  [5][8950/9162]  lr: 2.0000e-03  eta: 1 day, 11:46:39  time: 0.7513  data_time: 0.1201  memory: 1708  loss: 4.4682  loss_cls: 2.9745  loss_bbox: 1.4937
2025/06/22 11:07:44 - mmengine - INFO - Epoch(train)  [5][9000/9162]  lr: 2.0000e-03  eta: 1 day, 11:46:04  time: 0.7512  data_time: 0.1294  memory: 1708  loss: 4.4919  loss_cls: 3.0139  loss_bbox: 1.4781
2025/06/22 11:08:20 - mmengine - INFO - Epoch(train)  [5][9050/9162]  lr: 2.0000e-03  eta: 1 day, 11:45:24  time: 0.7237  data_time: 0.1115  memory: 1708  loss: 4.5749  loss_cls: 3.0630  loss_bbox: 1.5119
2025/06/22 11:08:55 - mmengine - INFO - Epoch(train)  [5][9100/9162]  lr: 2.0000e-03  eta: 1 day, 11:44:42  time: 0.7092  data_time: 0.0798  memory: 1708  loss: 4.4929  loss_cls: 3.0058  loss_bbox: 1.4872
2025/06/22 11:09:33 - mmengine - INFO - Epoch(train)  [5][9150/9162]  lr: 2.0000e-03  eta: 1 day, 11:44:07  time: 0.7498  data_time: 0.1335  memory: 1708  loss: 4.5173  loss_cls: 2.9779  loss_bbox: 1.5393
2025/06/22 11:09:41 - mmengine - INFO - Exp name: ssd300_coco_20250622_013555
2025/06/22 11:09:41 - mmengine - INFO - Saving checkpoint at 5 epochs
2025/06/22 11:09:56 - mmengine - INFO - Epoch(val)  [5][ 50/157]    eta: 0:00:26  time: 0.2451  data_time: 0.0355  memory: 1708  
2025/06/22 11:10:09 - mmengine - INFO - Epoch(val)  [5][100/157]    eta: 0:00:14  time: 0.2695  data_time: 0.0606  memory: 851  
2025/06/22 11:10:22 - mmengine - INFO - Epoch(val)  [5][150/157]    eta: 0:00:01  time: 0.2638  data_time: 0.0536  memory: 851  
2025/06/22 11:10:42 - mmengine - INFO - Evaluating bbox...
2025/06/22 11:11:44 - mmengine - INFO - bbox_mAP_copypaste: 0.187 0.354 0.183 0.047 0.189 0.309
2025/06/22 11:11:45 - mmengine - INFO - Epoch(val) [5][157/157]    coco/bbox_mAP: 0.1870  coco/bbox_mAP_50: 0.3540  coco/bbox_mAP_75: 0.1830  coco/bbox_mAP_s: 0.0470  coco/bbox_mAP_m: 0.1890  coco/bbox_mAP_l: 0.3090  data_time: 0.0499  time: 0.2574
2025/06/22 11:12:21 - mmengine - INFO - Epoch(train)  [6][  50/9162]  lr: 2.0000e-03  eta: 1 day, 11:43:16  time: 0.7212  data_time: 0.0968  memory: 1708  loss: 4.4769  loss_cls: 3.0272  loss_bbox: 1.4497
2025/06/22 11:12:58 - mmengine - INFO - Epoch(train)  [6][ 100/9162]  lr: 2.0000e-03  eta: 1 day, 11:42:40  time: 0.7451  data_time: 0.1230  memory: 1708  loss: 4.4988  loss_cls: 3.0189  loss_bbox: 1.4799
2025/06/22 11:13:36 - mmengine - INFO - Epoch(train)  [6][ 150/9162]  lr: 2.0000e-03  eta: 1 day, 11:42:05  time: 0.7503  data_time: 0.1124  memory: 1708  loss: 4.5264  loss_cls: 3.0049  loss_bbox: 1.5214
2025/06/22 11:14:05 - mmengine - INFO - Exp name: ssd300_coco_20250622_013555
2025/06/22 11:14:13 - mmengine - INFO - Epoch(train)  [6][ 200/9162]  lr: 2.0000e-03  eta: 1 day, 11:41:28  time: 0.7390  data_time: 0.1010  memory: 1708  loss: 4.4493  loss_cls: 2.9886  loss_bbox: 1.4607
2025/06/22 11:14:50 - mmengine - INFO - Epoch(train)  [6][ 250/9162]  lr: 2.0000e-03  eta: 1 day, 11:40:51  time: 0.7362  data_time: 0.0939  memory: 1708  loss: 4.4875  loss_cls: 3.0069  loss_bbox: 1.4806
2025/06/22 11:15:26 - mmengine - INFO - Epoch(train)  [6][ 300/9162]  lr: 2.0000e-03  eta: 1 day, 11:40:12  time: 0.7297  data_time: 0.1142  memory: 1708  loss: 4.5206  loss_cls: 3.0178  loss_bbox: 1.5028
2025/06/22 11:16:03 - mmengine - INFO - Epoch(train)  [6][ 350/9162]  lr: 2.0000e-03  eta: 1 day, 11:39:36  time: 0.7398  data_time: 0.1237  memory: 1708  loss: 4.4515  loss_cls: 2.9741  loss_bbox: 1.4774
2025/06/22 11:16:40 - mmengine - INFO - Epoch(train)  [6][ 400/9162]  lr: 2.0000e-03  eta: 1 day, 11:38:58  time: 0.7354  data_time: 0.1235  memory: 1708  loss: 4.5555  loss_cls: 3.0379  loss_bbox: 1.5176
2025/06/22 11:17:17 - mmengine - INFO - Epoch(train)  [6][ 450/9162]  lr: 2.0000e-03  eta: 1 day, 11:38:22  time: 0.7436  data_time: 0.1427  memory: 1708  loss: 4.5580  loss_cls: 3.0352  loss_bbox: 1.5228
2025/06/22 11:17:54 - mmengine - INFO - Epoch(train)  [6][ 500/9162]  lr: 2.0000e-03  eta: 1 day, 11:37:45  time: 0.7385  data_time: 0.1376  memory: 1708  loss: 4.4922  loss_cls: 2.9684  loss_bbox: 1.5239
2025/06/22 11:18:31 - mmengine - INFO - Epoch(train)  [6][ 550/9162]  lr: 2.0000e-03  eta: 1 day, 11:37:08  time: 0.7423  data_time: 0.1092  memory: 1708  loss: 4.5198  loss_cls: 3.0519  loss_bbox: 1.4679
2025/06/22 11:19:09 - mmengine - INFO - Epoch(train)  [6][ 600/9162]  lr: 2.0000e-03  eta: 1 day, 11:36:35  time: 0.7578  data_time: 0.1224  memory: 1708  loss: 4.5835  loss_cls: 3.0373  loss_bbox: 1.5462
2025/06/22 11:19:46 - mmengine - INFO - Epoch(train)  [6][ 650/9162]  lr: 2.0000e-03  eta: 1 day, 11:35:58  time: 0.7407  data_time: 0.1165  memory: 1708  loss: 4.4734  loss_cls: 3.0055  loss_bbox: 1.4679
2025/06/22 11:20:23 - mmengine - INFO - Epoch(train)  [6][ 700/9162]  lr: 2.0000e-03  eta: 1 day, 11:35:22  time: 0.7432  data_time: 0.1337  memory: 1708  loss: 4.4562  loss_cls: 3.0331  loss_bbox: 1.4230
2025/06/22 11:21:01 - mmengine - INFO - Epoch(train)  [6][ 750/9162]  lr: 2.0000e-03  eta: 1 day, 11:34:48  time: 0.7508  data_time: 0.1339  memory: 1708  loss: 4.5162  loss_cls: 3.0027  loss_bbox: 1.5135
2025/06/22 11:21:38 - mmengine - INFO - Epoch(train)  [6][ 800/9162]  lr: 2.0000e-03  eta: 1 day, 11:34:12  time: 0.7459  data_time: 0.1343  memory: 1708  loss: 4.4811  loss_cls: 2.9827  loss_bbox: 1.4984
2025/06/22 11:22:15 - mmengine - INFO - Epoch(train)  [6][ 850/9162]  lr: 2.0000e-03  eta: 1 day, 11:33:35  time: 0.7392  data_time: 0.1235  memory: 1708  loss: 4.4891  loss_cls: 3.0009  loss_bbox: 1.4881
2025/06/22 11:22:53 - mmengine - INFO - Epoch(train)  [6][ 900/9162]  lr: 2.0000e-03  eta: 1 day, 11:32:59  time: 0.7440  data_time: 0.1244  memory: 1708  loss: 4.4721  loss_cls: 2.9905  loss_bbox: 1.4817
2025/06/22 11:23:30 - mmengine - INFO - Epoch(train)  [6][ 950/9162]  lr: 2.0000e-03  eta: 1 day, 11:32:22  time: 0.7397  data_time: 0.1347  memory: 1708  loss: 4.5488  loss_cls: 2.9928  loss_bbox: 1.5560
2025/06/22 11:24:07 - mmengine - INFO - Epoch(train)  [6][1000/9162]  lr: 2.0000e-03  eta: 1 day, 11:31:46  time: 0.7414  data_time: 0.1146  memory: 1708  loss: 4.5922  loss_cls: 3.0886  loss_bbox: 1.5036
2025/06/22 11:24:44 - mmengine - INFO - Epoch(train)  [6][1050/9162]  lr: 2.0000e-03  eta: 1 day, 11:31:11  time: 0.7502  data_time: 0.1166  memory: 1708  loss: 4.5838  loss_cls: 3.0399  loss_bbox: 1.5439
2025/06/22 11:25:22 - mmengine - INFO - Epoch(train)  [6][1100/9162]  lr: 2.0000e-03  eta: 1 day, 11:30:35  time: 0.7461  data_time: 0.1290  memory: 1708  loss: 4.5123  loss_cls: 2.9680  loss_bbox: 1.5443
2025/06/22 11:26:00 - mmengine - INFO - Epoch(train)  [6][1150/9162]  lr: 2.0000e-03  eta: 1 day, 11:30:04  time: 0.7693  data_time: 0.1107  memory: 1708  loss: 4.4571  loss_cls: 2.9703  loss_bbox: 1.4868
2025/06/22 11:26:30 - mmengine - INFO - Exp name: ssd300_coco_20250622_013555
2025/06/22 11:26:38 - mmengine - INFO - Epoch(train)  [6][1200/9162]  lr: 2.0000e-03  eta: 1 day, 11:29:30  time: 0.7548  data_time: 0.1088  memory: 1708  loss: 4.4149  loss_cls: 2.9808  loss_bbox: 1.4342
2025/06/22 11:27:16 - mmengine - INFO - Epoch(train)  [6][1250/9162]  lr: 2.0000e-03  eta: 1 day, 11:28:55  time: 0.7528  data_time: 0.1199  memory: 1708  loss: 4.6480  loss_cls: 3.0900  loss_bbox: 1.5580
2025/06/22 11:27:53 - mmengine - INFO - Epoch(train)  [6][1300/9162]  lr: 2.0000e-03  eta: 1 day, 11:28:20  time: 0.7485  data_time: 0.1155  memory: 1708  loss: 4.5715  loss_cls: 3.0083  loss_bbox: 1.5631
2025/06/22 11:28:28 - mmengine - INFO - Epoch(train)  [6][1350/9162]  lr: 2.0000e-03  eta: 1 day, 11:27:34  time: 0.6900  data_time: 0.0651  memory: 1708  loss: 4.5371  loss_cls: 3.0320  loss_bbox: 1.5051
2025/06/22 11:29:03 - mmengine - INFO - Epoch(train)  [6][1400/9162]  lr: 2.0000e-03  eta: 1 day, 11:26:53  time: 0.7142  data_time: 0.0870  memory: 1708  loss: 4.4386  loss_cls: 2.9629  loss_bbox: 1.4757
2025/06/22 11:29:41 - mmengine - INFO - Epoch(train)  [6][1450/9162]  lr: 2.0000e-03  eta: 1 day, 11:26:17  time: 0.7469  data_time: 0.1163  memory: 1708  loss: 4.4964  loss_cls: 2.9965  loss_bbox: 1.4999
2025/06/22 11:30:18 - mmengine - INFO - Epoch(train)  [6][1500/9162]  lr: 2.0000e-03  eta: 1 day, 11:25:40  time: 0.7382  data_time: 0.0864  memory: 1708  loss: 4.5975  loss_cls: 3.0474  loss_bbox: 1.5501
2025/06/22 11:30:55 - mmengine - INFO - Epoch(train)  [6][1550/9162]  lr: 2.0000e-03  eta: 1 day, 11:25:03  time: 0.7393  data_time: 0.1235  memory: 1708  loss: 4.4554  loss_cls: 2.9819  loss_bbox: 1.4735
2025/06/22 11:31:32 - mmengine - INFO - Epoch(train)  [6][1600/9162]  lr: 2.0000e-03  eta: 1 day, 11:24:27  time: 0.7442  data_time: 0.1219  memory: 1708  loss: 4.5343  loss_cls: 3.0257  loss_bbox: 1.5086
2025/06/22 11:32:09 - mmengine - INFO - Epoch(train)  [6][1650/9162]  lr: 2.0000e-03  eta: 1 day, 11:23:52  time: 0.7474  data_time: 0.1380  memory: 1708  loss: 4.4295  loss_cls: 2.9637  loss_bbox: 1.4658
2025/06/22 11:32:47 - mmengine - INFO - Epoch(train)  [6][1700/9162]  lr: 2.0000e-03  eta: 1 day, 11:23:17  time: 0.7537  data_time: 0.1361  memory: 1708  loss: 4.4992  loss_cls: 3.0033  loss_bbox: 1.4959
2025/06/22 11:33:24 - mmengine - INFO - Epoch(train)  [6][1750/9162]  lr: 2.0000e-03  eta: 1 day, 11:22:42  time: 0.7470  data_time: 0.1219  memory: 1708  loss: 4.4719  loss_cls: 2.9897  loss_bbox: 1.4822
2025/06/22 11:34:01 - mmengine - INFO - Epoch(train)  [6][1800/9162]  lr: 2.0000e-03  eta: 1 day, 11:22:04  time: 0.7356  data_time: 0.1053  memory: 1708  loss: 4.4539  loss_cls: 2.9926  loss_bbox: 1.4614
2025/06/22 11:34:39 - mmengine - INFO - Epoch(train)  [6][1850/9162]  lr: 2.0000e-03  eta: 1 day, 11:21:29  time: 0.7504  data_time: 0.1141  memory: 1708  loss: 4.5482  loss_cls: 3.0755  loss_bbox: 1.4727
2025/06/22 11:35:16 - mmengine - INFO - Epoch(train)  [6][1900/9162]  lr: 2.0000e-03  eta: 1 day, 11:20:52  time: 0.7365  data_time: 0.1071  memory: 1708  loss: 4.5227  loss_cls: 3.0047  loss_bbox: 1.5180
2025/06/22 11:35:52 - mmengine - INFO - Epoch(train)  [6][1950/9162]  lr: 2.0000e-03  eta: 1 day, 11:20:14  time: 0.7348  data_time: 0.1180  memory: 1708  loss: 4.5347  loss_cls: 3.0142  loss_bbox: 1.5205
2025/06/22 11:36:30 - mmengine - INFO - Epoch(train)  [6][2000/9162]  lr: 2.0000e-03  eta: 1 day, 11:19:38  time: 0.7417  data_time: 0.1326  memory: 1708  loss: 4.5230  loss_cls: 3.0393  loss_bbox: 1.4837
2025/06/22 11:37:07 - mmengine - INFO - Epoch(train)  [6][2050/9162]  lr: 2.0000e-03  eta: 1 day, 11:19:02  time: 0.7451  data_time: 0.1307  memory: 1708  loss: 4.6322  loss_cls: 3.0477  loss_bbox: 1.5845
2025/06/22 11:37:44 - mmengine - INFO - Epoch(train)  [6][2100/9162]  lr: 2.0000e-03  eta: 1 day, 11:18:25  time: 0.7395  data_time: 0.1163  memory: 1708  loss: 4.5919  loss_cls: 3.0251  loss_bbox: 1.5668
2025/06/22 11:38:21 - mmengine - INFO - Epoch(train)  [6][2150/9162]  lr: 2.0000e-03  eta: 1 day, 11:17:50  time: 0.7503  data_time: 0.1097  memory: 1708  loss: 4.5476  loss_cls: 3.0457  loss_bbox: 1.5018
2025/06/22 11:38:52 - mmengine - INFO - Exp name: ssd300_coco_20250622_013555
2025/06/22 11:38:59 - mmengine - INFO - Epoch(train)  [6][2200/9162]  lr: 2.0000e-03  eta: 1 day, 11:17:16  time: 0.7565  data_time: 0.1456  memory: 1708  loss: 4.4912  loss_cls: 3.0314  loss_bbox: 1.4598
2025/06/22 11:39:39 - mmengine - INFO - Epoch(train)  [6][2250/9162]  lr: 2.0000e-03  eta: 1 day, 11:16:48  time: 0.7866  data_time: 0.1373  memory: 1708  loss: 4.3872  loss_cls: 2.9373  loss_bbox: 1.4499
2025/06/22 11:40:17 - mmengine - INFO - Epoch(train)  [6][2300/9162]  lr: 2.0000e-03  eta: 1 day, 11:16:15  time: 0.7615  data_time: 0.1224  memory: 1708  loss: 4.5846  loss_cls: 3.0655  loss_bbox: 1.5191
2025/06/22 11:40:55 - mmengine - INFO - Epoch(train)  [6][2350/9162]  lr: 2.0000e-03  eta: 1 day, 11:15:43  time: 0.7709  data_time: 0.1297  memory: 1708  loss: 4.4446  loss_cls: 2.9600  loss_bbox: 1.4846
2025/06/22 11:41:35 - mmengine - INFO - Epoch(train)  [6][2400/9162]  lr: 2.0000e-03  eta: 1 day, 11:15:15  time: 0.7872  data_time: 0.1260  memory: 1708  loss: 4.5249  loss_cls: 3.0303  loss_bbox: 1.4946
2025/06/22 11:42:13 - mmengine - INFO - Epoch(train)  [6][2450/9162]  lr: 2.0000e-03  eta: 1 day, 11:14:44  time: 0.7743  data_time: 0.1212  memory: 1708  loss: 4.3657  loss_cls: 2.9334  loss_bbox: 1.4323
2025/06/22 11:42:52 - mmengine - INFO - Epoch(train)  [6][2500/9162]  lr: 2.0000e-03  eta: 1 day, 11:14:11  time: 0.7627  data_time: 0.1078  memory: 1708  loss: 4.3559  loss_cls: 2.9315  loss_bbox: 1.4244
2025/06/22 11:43:30 - mmengine - INFO - Epoch(train)  [6][2550/9162]  lr: 2.0000e-03  eta: 1 day, 11:13:39  time: 0.7675  data_time: 0.0935  memory: 1708  loss: 4.5082  loss_cls: 3.0243  loss_bbox: 1.4839
2025/06/22 11:44:08 - mmengine - INFO - Epoch(train)  [6][2600/9162]  lr: 2.0000e-03  eta: 1 day, 11:13:07  time: 0.7672  data_time: 0.0931  memory: 1708  loss: 4.5227  loss_cls: 3.0132  loss_bbox: 1.5095
2025/06/22 11:44:46 - mmengine - INFO - Epoch(train)  [6][2650/9162]  lr: 2.0000e-03  eta: 1 day, 11:12:31  time: 0.7435  data_time: 0.1033  memory: 1708  loss: 4.5182  loss_cls: 3.0048  loss_bbox: 1.5134
2025/06/22 11:45:20 - mmengine - INFO - Epoch(train)  [6][2700/9162]  lr: 2.0000e-03  eta: 1 day, 11:11:44  time: 0.6794  data_time: 0.0751  memory: 1708  loss: 4.5022  loss_cls: 2.9796  loss_bbox: 1.5227
2025/06/22 11:45:53 - mmengine - INFO - Epoch(train)  [6][2750/9162]  lr: 2.0000e-03  eta: 1 day, 11:10:53  time: 0.6623  data_time: 0.0670  memory: 1708  loss: 4.5156  loss_cls: 3.0395  loss_bbox: 1.4761
2025/06/22 11:46:28 - mmengine - INFO - Epoch(train)  [6][2800/9162]  lr: 2.0000e-03  eta: 1 day, 11:10:10  time: 0.7052  data_time: 0.0956  memory: 1708  loss: 4.3740  loss_cls: 2.9365  loss_bbox: 1.4375
2025/06/22 11:47:03 - mmengine - INFO - Epoch(train)  [6][2850/9162]  lr: 2.0000e-03  eta: 1 day, 11:09:24  time: 0.6886  data_time: 0.0866  memory: 1708  loss: 4.5422  loss_cls: 3.0166  loss_bbox: 1.5256
2025/06/22 11:47:37 - mmengine - INFO - Epoch(train)  [6][2900/9162]  lr: 2.0000e-03  eta: 1 day, 11:08:37  time: 0.6808  data_time: 0.0720  memory: 1708  loss: 4.5015  loss_cls: 2.9981  loss_bbox: 1.5035
2025/06/22 11:48:10 - mmengine - INFO - Epoch(train)  [6][2950/9162]  lr: 2.0000e-03  eta: 1 day, 11:07:48  time: 0.6728  data_time: 0.0757  memory: 1708  loss: 4.4702  loss_cls: 2.9879  loss_bbox: 1.4823
2025/06/22 11:48:43 - mmengine - INFO - Epoch(train)  [6][3000/9162]  lr: 2.0000e-03  eta: 1 day, 11:06:58  time: 0.6602  data_time: 0.0813  memory: 1708  loss: 4.5353  loss_cls: 3.0406  loss_bbox: 1.4947
2025/06/22 11:49:19 - mmengine - INFO - Epoch(train)  [6][3050/9162]  lr: 2.0000e-03  eta: 1 day, 11:06:15  time: 0.7041  data_time: 0.1018  memory: 1708  loss: 4.4099  loss_cls: 2.9298  loss_bbox: 1.4801
2025/06/22 11:49:53 - mmengine - INFO - Epoch(train)  [6][3100/9162]  lr: 2.0000e-03  eta: 1 day, 11:05:30  time: 0.6970  data_time: 0.0937  memory: 1708  loss: 4.4537  loss_cls: 2.9771  loss_bbox: 1.4766
2025/06/22 11:50:27 - mmengine - INFO - Epoch(train)  [6][3150/9162]  lr: 2.0000e-03  eta: 1 day, 11:04:41  time: 0.6663  data_time: 0.0786  memory: 1708  loss: 4.5239  loss_cls: 3.0224  loss_bbox: 1.5015
2025/06/22 11:50:54 - mmengine - INFO - Exp name: ssd300_coco_20250622_013555
2025/06/22 11:51:01 - mmengine - INFO - Epoch(train)  [6][3200/9162]  lr: 2.0000e-03  eta: 1 day, 11:03:54  time: 0.6801  data_time: 0.0890  memory: 1708  loss: 4.5221  loss_cls: 3.0246  loss_bbox: 1.4975
2025/06/22 11:51:34 - mmengine - INFO - Epoch(train)  [6][3250/9162]  lr: 2.0000e-03  eta: 1 day, 11:03:02  time: 0.6539  data_time: 0.0701  memory: 1708  loss: 4.3938  loss_cls: 2.9459  loss_bbox: 1.4479
2025/06/22 11:52:08 - mmengine - INFO - Epoch(train)  [6][3300/9162]  lr: 2.0000e-03  eta: 1 day, 11:02:16  time: 0.6852  data_time: 0.0943  memory: 1708  loss: 4.5173  loss_cls: 2.9715  loss_bbox: 1.5457
2025/06/22 11:52:41 - mmengine - INFO - Epoch(train)  [6][3350/9162]  lr: 2.0000e-03  eta: 1 day, 11:01:27  time: 0.6700  data_time: 0.0704  memory: 1708  loss: 4.3629  loss_cls: 2.9458  loss_bbox: 1.4172
2025/06/22 11:53:15 - mmengine - INFO - Epoch(train)  [6][3400/9162]  lr: 2.0000e-03  eta: 1 day, 11:00:37  time: 0.6644  data_time: 0.0638  memory: 1708  loss: 4.5044  loss_cls: 3.0130  loss_bbox: 1.4913
2025/06/22 11:53:48 - mmengine - INFO - Epoch(train)  [6][3450/9162]  lr: 2.0000e-03  eta: 1 day, 10:59:48  time: 0.6684  data_time: 0.0699  memory: 1708  loss: 4.5026  loss_cls: 2.9950  loss_bbox: 1.5076
2025/06/22 11:54:22 - mmengine - INFO - Epoch(train)  [6][3500/9162]  lr: 2.0000e-03  eta: 1 day, 10:59:00  time: 0.6765  data_time: 0.0877  memory: 1708  loss: 4.4878  loss_cls: 3.0107  loss_bbox: 1.4771
2025/06/22 11:54:55 - mmengine - INFO - Epoch(train)  [6][3550/9162]  lr: 2.0000e-03  eta: 1 day, 10:58:11  time: 0.6642  data_time: 0.0737  memory: 1708  loss: 4.5022  loss_cls: 2.9662  loss_bbox: 1.5360
2025/06/22 11:55:28 - mmengine - INFO - Epoch(train)  [6][3600/9162]  lr: 2.0000e-03  eta: 1 day, 10:57:21  time: 0.6623  data_time: 0.0583  memory: 1708  loss: 4.4523  loss_cls: 2.9926  loss_bbox: 1.4597
2025/06/22 11:56:01 - mmengine - INFO - Epoch(train)  [6][3650/9162]  lr: 2.0000e-03  eta: 1 day, 10:56:28  time: 0.6466  data_time: 0.0610  memory: 1708  loss: 4.3783  loss_cls: 2.9401  loss_bbox: 1.4382
2025/06/22 11:56:35 - mmengine - INFO - Epoch(train)  [6][3700/9162]  lr: 2.0000e-03  eta: 1 day, 10:55:41  time: 0.6794  data_time: 0.0777  memory: 1708  loss: 4.5278  loss_cls: 3.0060  loss_bbox: 1.5218
2025/06/22 11:57:08 - mmengine - INFO - Epoch(train)  [6][3750/9162]  lr: 2.0000e-03  eta: 1 day, 10:54:53  time: 0.6720  data_time: 0.0802  memory: 1708  loss: 4.4344  loss_cls: 2.9876  loss_bbox: 1.4467
2025/06/22 11:57:42 - mmengine - INFO - Epoch(train)  [6][3800/9162]  lr: 2.0000e-03  eta: 1 day, 10:54:04  time: 0.6719  data_time: 0.0698  memory: 1708  loss: 4.4143  loss_cls: 2.9712  loss_bbox: 1.4431
2025/06/22 11:58:15 - mmengine - INFO - Epoch(train)  [6][3850/9162]  lr: 2.0000e-03  eta: 1 day, 10:53:16  time: 0.6684  data_time: 0.0804  memory: 1708  loss: 4.4191  loss_cls: 2.9669  loss_bbox: 1.4521
2025/06/22 11:58:49 - mmengine - INFO - Epoch(train)  [6][3900/9162]  lr: 2.0000e-03  eta: 1 day, 10:52:29  time: 0.6823  data_time: 0.0790  memory: 1708  loss: 4.5266  loss_cls: 3.0282  loss_bbox: 1.4984
2025/06/22 11:59:24 - mmengine - INFO - Epoch(train)  [6][3950/9162]  lr: 2.0000e-03  eta: 1 day, 10:51:43  time: 0.6825  data_time: 0.0825  memory: 1708  loss: 4.4872  loss_cls: 3.0095  loss_bbox: 1.4778
2025/06/22 11:59:56 - mmengine - INFO - Epoch(train)  [6][4000/9162]  lr: 2.0000e-03  eta: 1 day, 10:50:52  time: 0.6542  data_time: 0.0647  memory: 1708  loss: 4.4050  loss_cls: 2.9768  loss_bbox: 1.4282
2025/06/22 12:00:30 - mmengine - INFO - Epoch(train)  [6][4050/9162]  lr: 2.0000e-03  eta: 1 day, 10:50:04  time: 0.6742  data_time: 0.0631  memory: 1708  loss: 4.4793  loss_cls: 2.9878  loss_bbox: 1.4915
2025/06/22 12:01:03 - mmengine - INFO - Epoch(train)  [6][4100/9162]  lr: 2.0000e-03  eta: 1 day, 10:49:15  time: 0.6663  data_time: 0.0632  memory: 1708  loss: 4.4832  loss_cls: 3.0161  loss_bbox: 1.4671
2025/06/22 12:01:37 - mmengine - INFO - Epoch(train)  [6][4150/9162]  lr: 2.0000e-03  eta: 1 day, 10:48:26  time: 0.6674  data_time: 0.0866  memory: 1708  loss: 4.3935  loss_cls: 2.9457  loss_bbox: 1.4478
2025/06/22 12:02:04 - mmengine - INFO - Exp name: ssd300_coco_20250622_013555
2025/06/22 12:02:11 - mmengine - INFO - Epoch(train)  [6][4200/9162]  lr: 2.0000e-03  eta: 1 day, 10:47:39  time: 0.6785  data_time: 0.0855  memory: 1708  loss: 4.5665  loss_cls: 3.0397  loss_bbox: 1.5268
2025/06/22 12:02:44 - mmengine - INFO - Epoch(train)  [6][4250/9162]  lr: 2.0000e-03  eta: 1 day, 10:46:51  time: 0.6679  data_time: 0.0733  memory: 1708  loss: 4.4199  loss_cls: 2.9696  loss_bbox: 1.4503
2025/06/22 12:03:18 - mmengine - INFO - Epoch(train)  [6][4300/9162]  lr: 2.0000e-03  eta: 1 day, 10:46:04  time: 0.6796  data_time: 0.0673  memory: 1708  loss: 4.4215  loss_cls: 2.9878  loss_bbox: 1.4336
2025/06/22 12:03:52 - mmengine - INFO - Epoch(train)  [6][4350/9162]  lr: 2.0000e-03  eta: 1 day, 10:45:16  time: 0.6688  data_time: 0.0741  memory: 1708  loss: 4.4929  loss_cls: 2.9850  loss_bbox: 1.5079
2025/06/22 12:04:27 - mmengine - INFO - Epoch(train)  [6][4400/9162]  lr: 2.0000e-03  eta: 1 day, 10:44:33  time: 0.7038  data_time: 0.0826  memory: 1708  loss: 4.2713  loss_cls: 2.8834  loss_bbox: 1.3880
2025/06/22 12:05:02 - mmengine - INFO - Epoch(train)  [6][4450/9162]  lr: 2.0000e-03  eta: 1 day, 10:43:49  time: 0.6967  data_time: 0.1034  memory: 1708  loss: 4.4735  loss_cls: 2.9667  loss_bbox: 1.5068
2025/06/22 12:05:37 - mmengine - INFO - Epoch(train)  [6][4500/9162]  lr: 2.0000e-03  eta: 1 day, 10:43:08  time: 0.7080  data_time: 0.1126  memory: 1708  loss: 4.4308  loss_cls: 2.9562  loss_bbox: 1.4746
2025/06/22 12:06:13 - mmengine - INFO - Epoch(train)  [6][4550/9162]  lr: 2.0000e-03  eta: 1 day, 10:42:26  time: 0.7093  data_time: 0.0878  memory: 1708  loss: 4.4262  loss_cls: 2.9649  loss_bbox: 1.4613
2025/06/22 12:06:47 - mmengine - INFO - Epoch(train)  [6][4600/9162]  lr: 2.0000e-03  eta: 1 day, 10:41:42  time: 0.6925  data_time: 0.0896  memory: 1708  loss: 4.5704  loss_cls: 3.0122  loss_bbox: 1.5582
2025/06/22 12:07:21 - mmengine - INFO - Epoch(train)  [6][4650/9162]  lr: 2.0000e-03  eta: 1 day, 10:40:53  time: 0.6683  data_time: 0.0783  memory: 1708  loss: 4.5759  loss_cls: 3.0654  loss_bbox: 1.5105
2025/06/22 12:07:55 - mmengine - INFO - Epoch(train)  [6][4700/9162]  lr: 2.0000e-03  eta: 1 day, 10:40:09  time: 0.6931  data_time: 0.0818  memory: 1708  loss: 4.5487  loss_cls: 3.0158  loss_bbox: 1.5329
2025/06/22 12:08:29 - mmengine - INFO - Epoch(train)  [6][4750/9162]  lr: 2.0000e-03  eta: 1 day, 10:39:23  time: 0.6778  data_time: 0.0779  memory: 1708  loss: 4.5067  loss_cls: 3.0071  loss_bbox: 1.4996
2025/06/22 12:09:04 - mmengine - INFO - Epoch(train)  [6][4800/9162]  lr: 2.0000e-03  eta: 1 day, 10:38:40  time: 0.7010  data_time: 0.0923  memory: 1708  loss: 4.5700  loss_cls: 3.0463  loss_bbox: 1.5236
2025/06/22 12:09:39 - mmengine - INFO - Epoch(train)  [6][4850/9162]  lr: 2.0000e-03  eta: 1 day, 10:37:55  time: 0.6909  data_time: 0.0904  memory: 1708  loss: 4.4542  loss_cls: 3.0005  loss_bbox: 1.4537
2025/06/22 12:10:13 - mmengine - INFO - Epoch(train)  [6][4900/9162]  lr: 2.0000e-03  eta: 1 day, 10:37:10  time: 0.6873  data_time: 0.0792  memory: 1708  loss: 4.6138  loss_cls: 3.0772  loss_bbox: 1.5366
2025/06/22 12:10:48 - mmengine - INFO - Epoch(train)  [6][4950/9162]  lr: 2.0000e-03  eta: 1 day, 10:36:26  time: 0.6954  data_time: 0.0939  memory: 1708  loss: 4.3531  loss_cls: 2.9306  loss_bbox: 1.4225
2025/06/22 12:11:22 - mmengine - INFO - Epoch(train)  [6][5000/9162]  lr: 2.0000e-03  eta: 1 day, 10:35:39  time: 0.6714  data_time: 0.0956  memory: 1708  loss: 4.4571  loss_cls: 2.9590  loss_bbox: 1.4981
2025/06/22 12:11:56 - mmengine - INFO - Epoch(train)  [6][5050/9162]  lr: 2.0000e-03  eta: 1 day, 10:34:52  time: 0.6770  data_time: 0.0675  memory: 1708  loss: 4.3920  loss_cls: 2.9618  loss_bbox: 1.4302
2025/06/22 12:12:29 - mmengine - INFO - Epoch(train)  [6][5100/9162]  lr: 2.0000e-03  eta: 1 day, 10:34:02  time: 0.6589  data_time: 0.0825  memory: 1708  loss: 4.4071  loss_cls: 2.9533  loss_bbox: 1.4537
2025/06/22 12:13:03 - mmengine - INFO - Epoch(train)  [6][5150/9162]  lr: 2.0000e-03  eta: 1 day, 10:33:16  time: 0.6818  data_time: 0.0769  memory: 1708  loss: 4.4080  loss_cls: 2.9661  loss_bbox: 1.4419
2025/06/22 12:13:31 - mmengine - INFO - Exp name: ssd300_coco_20250622_013555
2025/06/22 12:13:38 - mmengine - INFO - Epoch(train)  [6][5200/9162]  lr: 2.0000e-03  eta: 1 day, 10:32:34  time: 0.7034  data_time: 0.0832  memory: 1708  loss: 4.5037  loss_cls: 2.9698  loss_bbox: 1.5339
2025/06/22 12:14:12 - mmengine - INFO - Epoch(train)  [6][5250/9162]  lr: 2.0000e-03  eta: 1 day, 10:31:49  time: 0.6884  data_time: 0.1010  memory: 1708  loss: 4.3970  loss_cls: 2.9871  loss_bbox: 1.4100
2025/06/22 12:14:47 - mmengine - INFO - Epoch(train)  [6][5300/9162]  lr: 2.0000e-03  eta: 1 day, 10:31:05  time: 0.6921  data_time: 0.0851  memory: 1708  loss: 4.4587  loss_cls: 2.9927  loss_bbox: 1.4660
2025/06/22 12:15:21 - mmengine - INFO - Epoch(train)  [6][5350/9162]  lr: 2.0000e-03  eta: 1 day, 10:30:18  time: 0.6711  data_time: 0.0720  memory: 1708  loss: 4.3662  loss_cls: 2.9333  loss_bbox: 1.4329
2025/06/22 12:15:54 - mmengine - INFO - Epoch(train)  [6][5400/9162]  lr: 2.0000e-03  eta: 1 day, 10:29:31  time: 0.6757  data_time: 0.0993  memory: 1708  loss: 4.3114  loss_cls: 2.9080  loss_bbox: 1.4035
2025/06/22 12:16:29 - mmengine - INFO - Epoch(train)  [6][5450/9162]  lr: 2.0000e-03  eta: 1 day, 10:28:48  time: 0.6980  data_time: 0.0820  memory: 1708  loss: 4.5306  loss_cls: 3.0437  loss_bbox: 1.4869
2025/06/22 12:17:04 - mmengine - INFO - Epoch(train)  [6][5500/9162]  lr: 2.0000e-03  eta: 1 day, 10:28:03  time: 0.6873  data_time: 0.0898  memory: 1708  loss: 4.4539  loss_cls: 2.9773  loss_bbox: 1.4766
2025/06/22 12:17:41 - mmengine - INFO - Epoch(train)  [6][5550/9162]  lr: 2.0000e-03  eta: 1 day, 10:27:26  time: 0.7343  data_time: 0.0950  memory: 1708  loss: 4.4741  loss_cls: 2.9941  loss_bbox: 1.4800
2025/06/22 12:18:17 - mmengine - INFO - Epoch(train)  [6][5600/9162]  lr: 2.0000e-03  eta: 1 day, 10:26:49  time: 0.7345  data_time: 0.1097  memory: 1708  loss: 4.3487  loss_cls: 2.9683  loss_bbox: 1.3804
2025/06/22 12:18:52 - mmengine - INFO - Epoch(train)  [6][5650/9162]  lr: 2.0000e-03  eta: 1 day, 10:26:06  time: 0.6987  data_time: 0.1007  memory: 1708  loss: 4.4148  loss_cls: 2.9723  loss_bbox: 1.4425
2025/06/22 12:19:27 - mmengine - INFO - Epoch(train)  [6][5700/9162]  lr: 2.0000e-03  eta: 1 day, 10:25:21  time: 0.6857  data_time: 0.1001  memory: 1708  loss: 4.4665  loss_cls: 2.9414  loss_bbox: 1.5251
2025/06/22 12:19:59 - mmengine - INFO - Epoch(train)  [6][5750/9162]  lr: 2.0000e-03  eta: 1 day, 10:24:31  time: 0.6537  data_time: 0.0702  memory: 1708  loss: 4.3515  loss_cls: 2.9382  loss_bbox: 1.4133
2025/06/22 12:20:33 - mmengine - INFO - Epoch(train)  [6][5800/9162]  lr: 2.0000e-03  eta: 1 day, 10:23:43  time: 0.6714  data_time: 0.0768  memory: 1708  loss: 4.3139  loss_cls: 2.8959  loss_bbox: 1.4180
2025/06/22 12:21:08 - mmengine - INFO - Epoch(train)  [6][5850/9162]  lr: 2.0000e-03  eta: 1 day, 10:23:00  time: 0.6946  data_time: 0.0955  memory: 1708  loss: 4.4674  loss_cls: 2.9900  loss_bbox: 1.4774
2025/06/22 12:21:40 - mmengine - INFO - Epoch(train)  [6][5900/9162]  lr: 2.0000e-03  eta: 1 day, 10:22:09  time: 0.6504  data_time: 0.0598  memory: 1708  loss: 4.4558  loss_cls: 2.9928  loss_bbox: 1.4630
2025/06/22 12:22:13 - mmengine - INFO - Epoch(train)  [6][5950/9162]  lr: 2.0000e-03  eta: 1 day, 10:21:20  time: 0.6607  data_time: 0.0716  memory: 1708  loss: 4.4306  loss_cls: 2.9580  loss_bbox: 1.4727
2025/06/22 12:22:47 - mmengine - INFO - Epoch(train)  [6][6000/9162]  lr: 2.0000e-03  eta: 1 day, 10:20:33  time: 0.6729  data_time: 0.0826  memory: 1708  loss: 4.4916  loss_cls: 3.0198  loss_bbox: 1.4718
2025/06/22 12:23:21 - mmengine - INFO - Epoch(train)  [6][6050/9162]  lr: 2.0000e-03  eta: 1 day, 10:19:48  time: 0.6813  data_time: 0.0973  memory: 1708  loss: 4.5739  loss_cls: 3.0477  loss_bbox: 1.5262
2025/06/22 12:23:54 - mmengine - INFO - Epoch(train)  [6][6100/9162]  lr: 2.0000e-03  eta: 1 day, 10:19:00  time: 0.6650  data_time: 0.0638  memory: 1708  loss: 4.3489  loss_cls: 2.9104  loss_bbox: 1.4385
2025/06/22 12:24:28 - mmengine - INFO - Epoch(train)  [6][6150/9162]  lr: 2.0000e-03  eta: 1 day, 10:18:13  time: 0.6731  data_time: 0.0904  memory: 1708  loss: 4.4768  loss_cls: 2.9595  loss_bbox: 1.5174
2025/06/22 12:24:54 - mmengine - INFO - Exp name: ssd300_coco_20250622_013555
2025/06/22 12:25:01 - mmengine - INFO - Epoch(train)  [6][6200/9162]  lr: 2.0000e-03  eta: 1 day, 10:17:24  time: 0.6607  data_time: 0.0672  memory: 1708  loss: 4.3304  loss_cls: 2.9163  loss_bbox: 1.4141
2025/06/22 12:25:35 - mmengine - INFO - Epoch(train)  [6][6250/9162]  lr: 2.0000e-03  eta: 1 day, 10:16:39  time: 0.6835  data_time: 0.0864  memory: 1708  loss: 4.4722  loss_cls: 2.9887  loss_bbox: 1.4836
2025/06/22 12:26:10 - mmengine - INFO - Epoch(train)  [6][6300/9162]  lr: 2.0000e-03  eta: 1 day, 10:15:56  time: 0.6984  data_time: 0.0820  memory: 1708  loss: 4.4694  loss_cls: 2.9779  loss_bbox: 1.4915
2025/06/22 12:26:45 - mmengine - INFO - Epoch(train)  [6][6350/9162]  lr: 2.0000e-03  eta: 1 day, 10:15:14  time: 0.7044  data_time: 0.0697  memory: 1708  loss: 4.5022  loss_cls: 2.9712  loss_bbox: 1.5310
2025/06/22 12:27:21 - mmengine - INFO - Epoch(train)  [6][6400/9162]  lr: 2.0000e-03  eta: 1 day, 10:14:32  time: 0.7022  data_time: 0.0710  memory: 1708  loss: 4.4041  loss_cls: 2.9894  loss_bbox: 1.4147
2025/06/22 12:27:54 - mmengine - INFO - Epoch(train)  [6][6450/9162]  lr: 2.0000e-03  eta: 1 day, 10:13:46  time: 0.6734  data_time: 0.0715  memory: 1708  loss: 4.4797  loss_cls: 2.9717  loss_bbox: 1.5080
2025/06/22 12:28:29 - mmengine - INFO - Epoch(train)  [6][6500/9162]  lr: 2.0000e-03  eta: 1 day, 10:13:01  time: 0.6875  data_time: 0.0970  memory: 1708  loss: 4.3269  loss_cls: 2.9284  loss_bbox: 1.3985
2025/06/22 12:29:03 - mmengine - INFO - Epoch(train)  [6][6550/9162]  lr: 2.0000e-03  eta: 1 day, 10:12:15  time: 0.6777  data_time: 0.0807  memory: 1708  loss: 4.4521  loss_cls: 2.9821  loss_bbox: 1.4700
2025/06/22 12:29:36 - mmengine - INFO - Epoch(train)  [6][6600/9162]  lr: 2.0000e-03  eta: 1 day, 10:11:28  time: 0.6689  data_time: 0.0823  memory: 1708  loss: 4.5471  loss_cls: 3.0017  loss_bbox: 1.5454
2025/06/22 12:30:10 - mmengine - INFO - Epoch(train)  [6][6650/9162]  lr: 2.0000e-03  eta: 1 day, 10:10:43  time: 0.6846  data_time: 0.0869  memory: 1708  loss: 4.5017  loss_cls: 3.0182  loss_bbox: 1.4835
2025/06/22 12:30:45 - mmengine - INFO - Epoch(train)  [6][6700/9162]  lr: 2.0000e-03  eta: 1 day, 10:09:59  time: 0.6892  data_time: 0.1078  memory: 1708  loss: 4.5695  loss_cls: 3.0385  loss_bbox: 1.5310
2025/06/22 12:31:19 - mmengine - INFO - Epoch(train)  [6][6750/9162]  lr: 2.0000e-03  eta: 1 day, 10:09:14  time: 0.6797  data_time: 0.0718  memory: 1708  loss: 4.4904  loss_cls: 3.0076  loss_bbox: 1.4828
2025/06/22 12:31:53 - mmengine - INFO - Epoch(train)  [6][6800/9162]  lr: 2.0000e-03  eta: 1 day, 10:08:28  time: 0.6814  data_time: 0.0877  memory: 1708  loss: 4.4382  loss_cls: 2.9655  loss_bbox: 1.4727
2025/06/22 12:32:28 - mmengine - INFO - Epoch(train)  [6][6850/9162]  lr: 2.0000e-03  eta: 1 day, 10:07:45  time: 0.6915  data_time: 0.0815  memory: 1708  loss: 4.4422  loss_cls: 2.9549  loss_bbox: 1.4873
2025/06/22 12:33:02 - mmengine - INFO - Epoch(train)  [6][6900/9162]  lr: 2.0000e-03  eta: 1 day, 10:06:59  time: 0.6801  data_time: 0.0889  memory: 1708  loss: 4.4728  loss_cls: 3.0190  loss_bbox: 1.4538
2025/06/22 12:33:35 - mmengine - INFO - Epoch(train)  [6][6950/9162]  lr: 2.0000e-03  eta: 1 day, 10:06:13  time: 0.6737  data_time: 0.0801  memory: 1708  loss: 4.5331  loss_cls: 3.0127  loss_bbox: 1.5203
2025/06/22 12:34:10 - mmengine - INFO - Epoch(train)  [6][7000/9162]  lr: 2.0000e-03  eta: 1 day, 10:05:29  time: 0.6895  data_time: 0.0974  memory: 1708  loss: 4.4892  loss_cls: 2.9846  loss_bbox: 1.5046
2025/06/22 12:34:44 - mmengine - INFO - Epoch(train)  [6][7050/9162]  lr: 2.0000e-03  eta: 1 day, 10:04:45  time: 0.6871  data_time: 0.0882  memory: 1708  loss: 4.4539  loss_cls: 2.9984  loss_bbox: 1.4555
2025/06/22 12:35:19 - mmengine - INFO - Epoch(train)  [6][7100/9162]  lr: 2.0000e-03  eta: 1 day, 10:04:01  time: 0.6890  data_time: 0.0718  memory: 1708  loss: 4.4498  loss_cls: 2.9867  loss_bbox: 1.4631
2025/06/22 12:35:53 - mmengine - INFO - Epoch(train)  [6][7150/9162]  lr: 2.0000e-03  eta: 1 day, 10:03:16  time: 0.6829  data_time: 0.0637  memory: 1708  loss: 4.3780  loss_cls: 2.9386  loss_bbox: 1.4394
2025/06/22 12:36:20 - mmengine - INFO - Exp name: ssd300_coco_20250622_013555
2025/06/22 12:36:27 - mmengine - INFO - Epoch(train)  [6][7200/9162]  lr: 2.0000e-03  eta: 1 day, 10:02:32  time: 0.6857  data_time: 0.1044  memory: 1708  loss: 4.4901  loss_cls: 2.9825  loss_bbox: 1.5076
2025/06/22 12:37:02 - mmengine - INFO - Epoch(train)  [6][7250/9162]  lr: 2.0000e-03  eta: 1 day, 10:01:48  time: 0.6895  data_time: 0.1040  memory: 1708  loss: 4.4570  loss_cls: 2.9490  loss_bbox: 1.5080
2025/06/22 12:37:36 - mmengine - INFO - Epoch(train)  [6][7300/9162]  lr: 2.0000e-03  eta: 1 day, 10:01:04  time: 0.6895  data_time: 0.0935  memory: 1708  loss: 4.5357  loss_cls: 3.0352  loss_bbox: 1.5005
2025/06/22 12:38:10 - mmengine - INFO - Epoch(train)  [6][7350/9162]  lr: 2.0000e-03  eta: 1 day, 10:00:19  time: 0.6815  data_time: 0.0914  memory: 1708  loss: 4.4082  loss_cls: 2.9196  loss_bbox: 1.4885
2025/06/22 12:38:45 - mmengine - INFO - Epoch(train)  [6][7400/9162]  lr: 2.0000e-03  eta: 1 day, 9:59:37  time: 0.6980  data_time: 0.0953  memory: 1708  loss: 4.4652  loss_cls: 2.9794  loss_bbox: 1.4858
2025/06/22 12:39:20 - mmengine - INFO - Epoch(train)  [6][7450/9162]  lr: 2.0000e-03  eta: 1 day, 9:58:53  time: 0.6907  data_time: 0.0854  memory: 1708  loss: 4.4725  loss_cls: 3.0131  loss_bbox: 1.4594
2025/06/22 12:39:54 - mmengine - INFO - Epoch(train)  [6][7500/9162]  lr: 2.0000e-03  eta: 1 day, 9:58:08  time: 0.6805  data_time: 0.0749  memory: 1708  loss: 4.3462  loss_cls: 2.9348  loss_bbox: 1.4113
2025/06/22 12:40:29 - mmengine - INFO - Epoch(train)  [6][7550/9162]  lr: 2.0000e-03  eta: 1 day, 9:57:26  time: 0.6966  data_time: 0.0985  memory: 1708  loss: 4.3963  loss_cls: 2.9440  loss_bbox: 1.4524
2025/06/22 12:41:03 - mmengine - INFO - Epoch(train)  [6][7600/9162]  lr: 2.0000e-03  eta: 1 day, 9:56:40  time: 0.6779  data_time: 0.0670  memory: 1708  loss: 4.4613  loss_cls: 2.9519  loss_bbox: 1.5094
2025/06/22 12:41:36 - mmengine - INFO - Epoch(train)  [6][7650/9162]  lr: 2.0000e-03  eta: 1 day, 9:55:54  time: 0.6741  data_time: 0.0933  memory: 1708  loss: 4.4612  loss_cls: 2.9781  loss_bbox: 1.4831
2025/06/22 12:42:10 - mmengine - INFO - Epoch(train)  [6][7700/9162]  lr: 2.0000e-03  eta: 1 day, 9:55:08  time: 0.6706  data_time: 0.0811  memory: 1708  loss: 4.4223  loss_cls: 2.9662  loss_bbox: 1.4561
2025/06/22 12:42:44 - mmengine - INFO - Epoch(train)  [6][7750/9162]  lr: 2.0000e-03  eta: 1 day, 9:54:23  time: 0.6816  data_time: 0.0518  memory: 1708  loss: 4.5437  loss_cls: 3.0094  loss_bbox: 1.5343
2025/06/22 12:43:19 - mmengine - INFO - Epoch(train)  [6][7800/9162]  lr: 2.0000e-03  eta: 1 day, 9:53:41  time: 0.6986  data_time: 0.0748  memory: 1708  loss: 4.5724  loss_cls: 3.0690  loss_bbox: 1.5034
2025/06/22 12:43:53 - mmengine - INFO - Epoch(train)  [6][7850/9162]  lr: 2.0000e-03  eta: 1 day, 9:52:57  time: 0.6871  data_time: 0.0720  memory: 1708  loss: 4.4877  loss_cls: 2.9641  loss_bbox: 1.5236
2025/06/22 12:44:31 - mmengine - INFO - Epoch(train)  [6][7900/9162]  lr: 2.0000e-03  eta: 1 day, 9:52:22  time: 0.7495  data_time: 0.0959  memory: 1708  loss: 4.3841  loss_cls: 2.9301  loss_bbox: 1.4540
2025/06/22 12:45:09 - mmengine - INFO - Epoch(train)  [6][7950/9162]  lr: 2.0000e-03  eta: 1 day, 9:51:51  time: 0.7687  data_time: 0.1141  memory: 1708  loss: 4.5998  loss_cls: 3.0627  loss_bbox: 1.5372
2025/06/22 12:45:47 - mmengine - INFO - Epoch(train)  [6][8000/9162]  lr: 2.0000e-03  eta: 1 day, 9:51:19  time: 0.7605  data_time: 0.1139  memory: 1708  loss: 4.4174  loss_cls: 2.9565  loss_bbox: 1.4609
2025/06/22 12:46:25 - mmengine - INFO - Epoch(train)  [6][8050/9162]  lr: 2.0000e-03  eta: 1 day, 9:50:46  time: 0.7605  data_time: 0.1222  memory: 1708  loss: 4.3769  loss_cls: 2.9727  loss_bbox: 1.4042
2025/06/22 12:47:03 - mmengine - INFO - Epoch(train)  [6][8100/9162]  lr: 2.0000e-03  eta: 1 day, 9:50:12  time: 0.7542  data_time: 0.1069  memory: 1708  loss: 4.3763  loss_cls: 2.9257  loss_bbox: 1.4506
2025/06/22 12:47:42 - mmengine - INFO - Epoch(train)  [6][8150/9162]  lr: 2.0000e-03  eta: 1 day, 9:49:41  time: 0.7700  data_time: 0.1256  memory: 1708  loss: 4.3225  loss_cls: 2.8993  loss_bbox: 1.4232
2025/06/22 12:48:12 - mmengine - INFO - Exp name: ssd300_coco_20250622_013555
2025/06/22 12:48:20 - mmengine - INFO - Epoch(train)  [6][8200/9162]  lr: 2.0000e-03  eta: 1 day, 9:49:10  time: 0.7662  data_time: 0.1369  memory: 1708  loss: 4.4114  loss_cls: 2.9604  loss_bbox: 1.4511
2025/06/22 12:48:58 - mmengine - INFO - Epoch(train)  [6][8250/9162]  lr: 2.0000e-03  eta: 1 day, 9:48:36  time: 0.7540  data_time: 0.0956  memory: 1708  loss: 4.4145  loss_cls: 2.9739  loss_bbox: 1.4406
2025/06/22 12:49:36 - mmengine - INFO - Epoch(train)  [6][8300/9162]  lr: 2.0000e-03  eta: 1 day, 9:48:03  time: 0.7576  data_time: 0.0969  memory: 1708  loss: 4.4769  loss_cls: 2.9899  loss_bbox: 1.4870
2025/06/22 12:50:12 - mmengine - INFO - Epoch(train)  [6][8350/9162]  lr: 2.0000e-03  eta: 1 day, 9:47:24  time: 0.7186  data_time: 0.0879  memory: 1708  loss: 4.3736  loss_cls: 2.9495  loss_bbox: 1.4241
2025/06/22 12:50:45 - mmengine - INFO - Epoch(train)  [6][8400/9162]  lr: 2.0000e-03  eta: 1 day, 9:46:36  time: 0.6648  data_time: 0.0742  memory: 1708  loss: 4.4439  loss_cls: 2.9889  loss_bbox: 1.4550
2025/06/22 12:51:19 - mmengine - INFO - Epoch(train)  [6][8450/9162]  lr: 2.0000e-03  eta: 1 day, 9:45:52  time: 0.6819  data_time: 0.0897  memory: 1708  loss: 4.4169  loss_cls: 2.9588  loss_bbox: 1.4582
2025/06/22 12:51:56 - mmengine - INFO - Epoch(train)  [6][8500/9162]  lr: 2.0000e-03  eta: 1 day, 9:45:16  time: 0.7420  data_time: 0.1074  memory: 1708  loss: 4.4116  loss_cls: 2.9657  loss_bbox: 1.4460
2025/06/22 12:52:32 - mmengine - INFO - Epoch(train)  [6][8550/9162]  lr: 2.0000e-03  eta: 1 day, 9:44:38  time: 0.7232  data_time: 0.1179  memory: 1708  loss: 4.4819  loss_cls: 2.9895  loss_bbox: 1.4924
2025/06/22 12:53:08 - mmengine - INFO - Epoch(train)  [6][8600/9162]  lr: 2.0000e-03  eta: 1 day, 9:43:58  time: 0.7091  data_time: 0.0915  memory: 1708  loss: 4.4980  loss_cls: 2.9677  loss_bbox: 1.5303
2025/06/22 12:53:46 - mmengine - INFO - Epoch(train)  [6][8650/9162]  lr: 2.0000e-03  eta: 1 day, 9:43:25  time: 0.7592  data_time: 0.1077  memory: 1708  loss: 4.3983  loss_cls: 2.9212  loss_bbox: 1.4770
2025/06/22 12:54:21 - mmengine - INFO - Epoch(train)  [6][8700/9162]  lr: 2.0000e-03  eta: 1 day, 9:42:43  time: 0.7015  data_time: 0.0985  memory: 1708  loss: 4.4553  loss_cls: 2.9606  loss_bbox: 1.4946
2025/06/22 12:54:55 - mmengine - INFO - Epoch(train)  [6][8750/9162]  lr: 2.0000e-03  eta: 1 day, 9:41:58  time: 0.6793  data_time: 0.0818  memory: 1708  loss: 4.4103  loss_cls: 2.9334  loss_bbox: 1.4768
2025/06/22 12:55:29 - mmengine - INFO - Epoch(train)  [6][8800/9162]  lr: 2.0000e-03  eta: 1 day, 9:41:12  time: 0.6733  data_time: 0.0660  memory: 1708  loss: 4.4880  loss_cls: 2.9513  loss_bbox: 1.5367
2025/06/22 12:56:03 - mmengine - INFO - Epoch(train)  [6][8850/9162]  lr: 2.0000e-03  eta: 1 day, 9:40:28  time: 0.6821  data_time: 0.0756  memory: 1708  loss: 4.3676  loss_cls: 2.9424  loss_bbox: 1.4253
2025/06/22 12:56:36 - mmengine - INFO - Epoch(train)  [6][8900/9162]  lr: 2.0000e-03  eta: 1 day, 9:39:41  time: 0.6685  data_time: 0.0793  memory: 1708  loss: 4.4562  loss_cls: 2.9605  loss_bbox: 1.4957
2025/06/22 12:57:10 - mmengine - INFO - Epoch(train)  [6][8950/9162]  lr: 2.0000e-03  eta: 1 day, 9:38:57  time: 0.6799  data_time: 0.0671  memory: 1708  loss: 4.3718  loss_cls: 2.9136  loss_bbox: 1.4582
2025/06/22 12:57:44 - mmengine - INFO - Epoch(train)  [6][9000/9162]  lr: 2.0000e-03  eta: 1 day, 9:38:11  time: 0.6737  data_time: 0.0828  memory: 1708  loss: 4.4620  loss_cls: 2.9589  loss_bbox: 1.5031
2025/06/22 12:58:19 - mmengine - INFO - Epoch(train)  [6][9050/9162]  lr: 2.0000e-03  eta: 1 day, 9:37:28  time: 0.6919  data_time: 0.0874  memory: 1708  loss: 4.4118  loss_cls: 2.9708  loss_bbox: 1.4410
2025/06/22 12:58:53 - mmengine - INFO - Epoch(train)  [6][9100/9162]  lr: 2.0000e-03  eta: 1 day, 9:36:44  time: 0.6844  data_time: 0.0580  memory: 1708  loss: 4.4830  loss_cls: 2.9913  loss_bbox: 1.4917
2025/06/22 12:59:26 - mmengine - INFO - Epoch(train)  [6][9150/9162]  lr: 2.0000e-03  eta: 1 day, 9:35:56  time: 0.6562  data_time: 0.0544  memory: 1708  loss: 4.4467  loss_cls: 2.9789  loss_bbox: 1.4678
2025/06/22 12:59:33 - mmengine - INFO - Exp name: ssd300_coco_20250622_013555
2025/06/22 12:59:33 - mmengine - INFO - Saving checkpoint at 6 epochs
2025/06/22 12:59:46 - mmengine - INFO - Epoch(val)  [6][ 50/157]    eta: 0:00:24  time: 0.2306  data_time: 0.0311  memory: 1708  
2025/06/22 12:59:58 - mmengine - INFO - Epoch(val)  [6][100/157]    eta: 0:00:13  time: 0.2380  data_time: 0.0401  memory: 851  
2025/06/22 13:00:10 - mmengine - INFO - Epoch(val)  [6][150/157]    eta: 0:00:01  time: 0.2399  data_time: 0.0409  memory: 851  
2025/06/22 13:00:28 - mmengine - INFO - Evaluating bbox...
2025/06/22 13:01:48 - mmengine - INFO - bbox_mAP_copypaste: 0.195 0.365 0.193 0.054 0.207 0.322
2025/06/22 13:01:49 - mmengine - INFO - Epoch(val) [6][157/157]    coco/bbox_mAP: 0.1950  coco/bbox_mAP_50: 0.3650  coco/bbox_mAP_75: 0.1930  coco/bbox_mAP_s: 0.0540  coco/bbox_mAP_m: 0.2070  coco/bbox_mAP_l: 0.3220  data_time: 0.0375  time: 0.2344
2025/06/22 13:02:09 - mmengine - INFO - Exp name: ssd300_coco_20250622_013555
2025/06/22 13:02:24 - mmengine - INFO - Epoch(train)  [7][  50/9162]  lr: 2.0000e-03  eta: 1 day, 9:35:00  time: 0.6919  data_time: 0.0995  memory: 1708  loss: 4.4071  loss_cls: 2.9475  loss_bbox: 1.4596
2025/06/22 13:02:58 - mmengine - INFO - Epoch(train)  [7][ 100/9162]  lr: 2.0000e-03  eta: 1 day, 9:34:15  time: 0.6754  data_time: 0.0734  memory: 1708  loss: 4.3563  loss_cls: 2.9211  loss_bbox: 1.4352
2025/06/22 13:03:32 - mmengine - INFO - Epoch(train)  [7][ 150/9162]  lr: 2.0000e-03  eta: 1 day, 9:33:30  time: 0.6804  data_time: 0.1014  memory: 1708  loss: 4.3982  loss_cls: 2.9601  loss_bbox: 1.4381
2025/06/22 13:04:06 - mmengine - INFO - Epoch(train)  [7][ 200/9162]  lr: 2.0000e-03  eta: 1 day, 9:32:44  time: 0.6725  data_time: 0.0771  memory: 1708  loss: 4.5475  loss_cls: 2.9987  loss_bbox: 1.5488
2025/06/22 13:04:38 - mmengine - INFO - Epoch(train)  [7][ 250/9162]  lr: 2.0000e-03  eta: 1 day, 9:31:56  time: 0.6533  data_time: 0.0722  memory: 1708  loss: 4.5227  loss_cls: 3.0625  loss_bbox: 1.4602
2025/06/22 13:05:12 - mmengine - INFO - Epoch(train)  [7][ 300/9162]  lr: 2.0000e-03  eta: 1 day, 9:31:10  time: 0.6691  data_time: 0.0704  memory: 1708  loss: 4.3291  loss_cls: 2.9252  loss_bbox: 1.4040
2025/06/22 13:05:47 - mmengine - INFO - Epoch(train)  [7][ 350/9162]  lr: 2.0000e-03  eta: 1 day, 9:30:28  time: 0.6974  data_time: 0.1170  memory: 1708  loss: 4.3715  loss_cls: 2.9169  loss_bbox: 1.4545
2025/06/22 13:06:20 - mmengine - INFO - Epoch(train)  [7][ 400/9162]  lr: 2.0000e-03  eta: 1 day, 9:29:41  time: 0.6625  data_time: 0.0743  memory: 1708  loss: 4.4340  loss_cls: 2.9970  loss_bbox: 1.4369
2025/06/22 13:06:53 - mmengine - INFO - Epoch(train)  [7][ 450/9162]  lr: 2.0000e-03  eta: 1 day, 9:28:55  time: 0.6707  data_time: 0.0556  memory: 1708  loss: 4.4060  loss_cls: 2.9479  loss_bbox: 1.4580
2025/06/22 13:07:28 - mmengine - INFO - Epoch(train)  [7][ 500/9162]  lr: 2.0000e-03  eta: 1 day, 9:28:12  time: 0.6939  data_time: 0.0891  memory: 1708  loss: 4.3892  loss_cls: 2.9220  loss_bbox: 1.4672
2025/06/22 13:08:03 - mmengine - INFO - Epoch(train)  [7][ 550/9162]  lr: 2.0000e-03  eta: 1 day, 9:27:31  time: 0.6995  data_time: 0.0900  memory: 1708  loss: 4.4225  loss_cls: 2.9424  loss_bbox: 1.4801
2025/06/22 13:08:38 - mmengine - INFO - Epoch(train)  [7][ 600/9162]  lr: 2.0000e-03  eta: 1 day, 9:26:49  time: 0.6951  data_time: 0.0926  memory: 1708  loss: 4.3805  loss_cls: 2.9411  loss_bbox: 1.4394
2025/06/22 13:09:11 - mmengine - INFO - Epoch(train)  [7][ 650/9162]  lr: 2.0000e-03  eta: 1 day, 9:26:02  time: 0.6636  data_time: 0.0547  memory: 1708  loss: 4.4615  loss_cls: 2.9854  loss_bbox: 1.4761
2025/06/22 13:09:45 - mmengine - INFO - Epoch(train)  [7][ 700/9162]  lr: 2.0000e-03  eta: 1 day, 9:25:18  time: 0.6880  data_time: 0.0782  memory: 1708  loss: 4.4191  loss_cls: 2.9409  loss_bbox: 1.4782
2025/06/22 13:10:23 - mmengine - INFO - Epoch(train)  [7][ 750/9162]  lr: 2.0000e-03  eta: 1 day, 9:24:46  time: 0.7577  data_time: 0.1158  memory: 1708  loss: 4.3886  loss_cls: 2.9514  loss_bbox: 1.4372
2025/06/22 13:11:00 - mmengine - INFO - Epoch(train)  [7][ 800/9162]  lr: 2.0000e-03  eta: 1 day, 9:24:09  time: 0.7360  data_time: 0.1003  memory: 1708  loss: 4.3755  loss_cls: 2.9435  loss_bbox: 1.4319
2025/06/22 13:11:34 - mmengine - INFO - Epoch(train)  [7][ 850/9162]  lr: 2.0000e-03  eta: 1 day, 9:23:25  time: 0.6821  data_time: 0.0791  memory: 1708  loss: 4.3806  loss_cls: 2.9553  loss_bbox: 1.4253
2025/06/22 13:12:08 - mmengine - INFO - Epoch(train)  [7][ 900/9162]  lr: 2.0000e-03  eta: 1 day, 9:22:40  time: 0.6748  data_time: 0.0749  memory: 1708  loss: 4.4601  loss_cls: 2.9537  loss_bbox: 1.5063
2025/06/22 13:12:43 - mmengine - INFO - Epoch(train)  [7][ 950/9162]  lr: 2.0000e-03  eta: 1 day, 9:21:58  time: 0.6946  data_time: 0.0945  memory: 1708  loss: 4.3517  loss_cls: 2.9035  loss_bbox: 1.4483
2025/06/22 13:13:16 - mmengine - INFO - Epoch(train)  [7][1000/9162]  lr: 2.0000e-03  eta: 1 day, 9:21:12  time: 0.6658  data_time: 0.0678  memory: 1708  loss: 4.2958  loss_cls: 2.9277  loss_bbox: 1.3681
2025/06/22 13:13:35 - mmengine - INFO - Exp name: ssd300_coco_20250622_013555
2025/06/22 13:13:50 - mmengine - INFO - Epoch(train)  [7][1050/9162]  lr: 2.0000e-03  eta: 1 day, 9:20:27  time: 0.6757  data_time: 0.0837  memory: 1708  loss: 4.5176  loss_cls: 2.9953  loss_bbox: 1.5223
2025/06/22 13:14:24 - mmengine - INFO - Epoch(train)  [7][1100/9162]  lr: 2.0000e-03  eta: 1 day, 9:19:43  time: 0.6829  data_time: 0.1022  memory: 1708  loss: 4.4618  loss_cls: 2.9900  loss_bbox: 1.4718
2025/06/22 13:14:59 - mmengine - INFO - Epoch(train)  [7][1150/9162]  lr: 2.0000e-03  eta: 1 day, 9:19:00  time: 0.6938  data_time: 0.1048  memory: 1708  loss: 4.4894  loss_cls: 2.9942  loss_bbox: 1.4953
2025/06/22 13:15:33 - mmengine - INFO - Epoch(train)  [7][1200/9162]  lr: 2.0000e-03  eta: 1 day, 9:18:17  time: 0.6866  data_time: 0.0779  memory: 1708  loss: 4.4824  loss_cls: 2.9631  loss_bbox: 1.5193
2025/06/22 13:16:06 - mmengine - INFO - Epoch(train)  [7][1250/9162]  lr: 2.0000e-03  eta: 1 day, 9:17:30  time: 0.6599  data_time: 0.0825  memory: 1708  loss: 4.3794  loss_cls: 2.9305  loss_bbox: 1.4489
2025/06/22 13:16:40 - mmengine - INFO - Epoch(train)  [7][1300/9162]  lr: 2.0000e-03  eta: 1 day, 9:16:44  time: 0.6687  data_time: 0.0943  memory: 1708  loss: 4.4555  loss_cls: 2.9921  loss_bbox: 1.4635
2025/06/22 13:17:14 - mmengine - INFO - Epoch(train)  [7][1350/9162]  lr: 2.0000e-03  eta: 1 day, 9:16:00  time: 0.6792  data_time: 0.0901  memory: 1708  loss: 4.3324  loss_cls: 2.9119  loss_bbox: 1.4204
2025/06/22 13:17:47 - mmengine - INFO - Epoch(train)  [7][1400/9162]  lr: 2.0000e-03  eta: 1 day, 9:15:13  time: 0.6604  data_time: 0.0783  memory: 1708  loss: 4.4086  loss_cls: 2.9791  loss_bbox: 1.4295
2025/06/22 13:18:21 - mmengine - INFO - Epoch(train)  [7][1450/9162]  lr: 2.0000e-03  eta: 1 day, 9:14:28  time: 0.6750  data_time: 0.0942  memory: 1708  loss: 4.3312  loss_cls: 2.8949  loss_bbox: 1.4364
2025/06/22 13:18:55 - mmengine - INFO - Epoch(train)  [7][1500/9162]  lr: 2.0000e-03  eta: 1 day, 9:13:45  time: 0.6907  data_time: 0.1026  memory: 1708  loss: 4.4327  loss_cls: 2.9807  loss_bbox: 1.4520
2025/06/22 13:19:30 - mmengine - INFO - Epoch(train)  [7][1550/9162]  lr: 2.0000e-03  eta: 1 day, 9:13:03  time: 0.6937  data_time: 0.0938  memory: 1708  loss: 4.4292  loss_cls: 2.9985  loss_bbox: 1.4308
2025/06/22 13:20:04 - mmengine - INFO - Epoch(train)  [7][1600/9162]  lr: 2.0000e-03  eta: 1 day, 9:12:19  time: 0.6763  data_time: 0.1029  memory: 1708  loss: 4.3760  loss_cls: 2.9313  loss_bbox: 1.4447
2025/06/22 13:20:38 - mmengine - INFO - Epoch(train)  [7][1650/9162]  lr: 2.0000e-03  eta: 1 day, 9:11:35  time: 0.6823  data_time: 0.0890  memory: 1708  loss: 4.4189  loss_cls: 2.9895  loss_bbox: 1.4294
2025/06/22 13:21:12 - mmengine - INFO - Epoch(train)  [7][1700/9162]  lr: 2.0000e-03  eta: 1 day, 9:10:52  time: 0.6888  data_time: 0.0921  memory: 1708  loss: 4.3575  loss_cls: 2.9267  loss_bbox: 1.4308
2025/06/22 13:21:46 - mmengine - INFO - Epoch(train)  [7][1750/9162]  lr: 2.0000e-03  eta: 1 day, 9:10:08  time: 0.6784  data_time: 0.0759  memory: 1708  loss: 4.3912  loss_cls: 2.9746  loss_bbox: 1.4166
2025/06/22 13:22:20 - mmengine - INFO - Epoch(train)  [7][1800/9162]  lr: 2.0000e-03  eta: 1 day, 9:09:23  time: 0.6775  data_time: 0.0721  memory: 1708  loss: 4.3782  loss_cls: 2.9347  loss_bbox: 1.4435
2025/06/22 13:22:51 - mmengine - INFO - Epoch(train)  [7][1850/9162]  lr: 2.0000e-03  eta: 1 day, 9:08:29  time: 0.6114  data_time: 0.0377  memory: 1708  loss: 4.3451  loss_cls: 2.9403  loss_bbox: 1.4048
2025/06/22 13:23:21 - mmengine - INFO - Epoch(train)  [7][1900/9162]  lr: 2.0000e-03  eta: 1 day, 9:07:35  time: 0.6085  data_time: 0.0346  memory: 1708  loss: 4.3064  loss_cls: 2.9271  loss_bbox: 1.3793
2025/06/22 13:23:51 - mmengine - INFO - Epoch(train)  [7][1950/9162]  lr: 2.0000e-03  eta: 1 day, 9:06:40  time: 0.6039  data_time: 0.0319  memory: 1708  loss: 4.3641  loss_cls: 2.9429  loss_bbox: 1.4212
2025/06/22 13:24:22 - mmengine - INFO - Epoch(train)  [7][2000/9162]  lr: 2.0000e-03  eta: 1 day, 9:05:47  time: 0.6146  data_time: 0.0365  memory: 1708  loss: 4.3851  loss_cls: 2.9354  loss_bbox: 1.4497
2025/06/22 13:24:39 - mmengine - INFO - Exp name: ssd300_coco_20250622_013555
2025/06/22 13:24:52 - mmengine - INFO - Epoch(train)  [7][2050/9162]  lr: 2.0000e-03  eta: 1 day, 9:04:51  time: 0.5976  data_time: 0.0310  memory: 1708  loss: 4.4999  loss_cls: 3.0284  loss_bbox: 1.4715
2025/06/22 13:25:24 - mmengine - INFO - Epoch(train)  [7][2100/9162]  lr: 2.0000e-03  eta: 1 day, 9:04:02  time: 0.6411  data_time: 0.0649  memory: 1708  loss: 4.4983  loss_cls: 2.9953  loss_bbox: 1.5030
2025/06/22 13:25:57 - mmengine - INFO - Epoch(train)  [7][2150/9162]  lr: 2.0000e-03  eta: 1 day, 9:03:15  time: 0.6600  data_time: 0.0810  memory: 1708  loss: 4.4093  loss_cls: 2.9065  loss_bbox: 1.5028
2025/06/22 13:26:32 - mmengine - INFO - Epoch(train)  [7][2200/9162]  lr: 2.0000e-03  eta: 1 day, 9:02:32  time: 0.6866  data_time: 0.1030  memory: 1708  loss: 4.3331  loss_cls: 2.9164  loss_bbox: 1.4167
2025/06/22 13:27:06 - mmengine - INFO - Epoch(train)  [7][2250/9162]  lr: 2.0000e-03  eta: 1 day, 9:01:48  time: 0.6783  data_time: 0.0727  memory: 1708  loss: 4.3619  loss_cls: 2.9035  loss_bbox: 1.4584
2025/06/22 13:27:39 - mmengine - INFO - Epoch(train)  [7][2300/9162]  lr: 2.0000e-03  eta: 1 day, 9:01:02  time: 0.6627  data_time: 0.0578  memory: 1708  loss: 4.3356  loss_cls: 2.8945  loss_bbox: 1.4410
2025/06/22 13:28:13 - mmengine - INFO - Epoch(train)  [7][2350/9162]  lr: 2.0000e-03  eta: 1 day, 9:00:18  time: 0.6768  data_time: 0.0843  memory: 1708  loss: 4.4888  loss_cls: 2.9899  loss_bbox: 1.4990
2025/06/22 13:28:44 - mmengine - INFO - Epoch(train)  [7][2400/9162]  lr: 2.0000e-03  eta: 1 day, 8:59:26  time: 0.6195  data_time: 0.0427  memory: 1708  loss: 4.3562  loss_cls: 2.8961  loss_bbox: 1.4602
2025/06/22 13:29:17 - mmengine - INFO - Epoch(train)  [7][2450/9162]  lr: 2.0000e-03  eta: 1 day, 8:58:39  time: 0.6630  data_time: 0.0662  memory: 1708  loss: 4.3967  loss_cls: 2.9388  loss_bbox: 1.4579
2025/06/22 13:29:51 - mmengine - INFO - Epoch(train)  [7][2500/9162]  lr: 2.0000e-03  eta: 1 day, 8:57:57  time: 0.6851  data_time: 0.0923  memory: 1708  loss: 4.4297  loss_cls: 2.9294  loss_bbox: 1.5002
2025/06/22 13:30:25 - mmengine - INFO - Epoch(train)  [7][2550/9162]  lr: 2.0000e-03  eta: 1 day, 8:57:12  time: 0.6765  data_time: 0.0743  memory: 1708  loss: 4.4518  loss_cls: 2.9897  loss_bbox: 1.4620
2025/06/22 13:30:58 - mmengine - INFO - Epoch(train)  [7][2600/9162]  lr: 2.0000e-03  eta: 1 day, 8:56:27  time: 0.6684  data_time: 0.0854  memory: 1708  loss: 4.3678  loss_cls: 2.9178  loss_bbox: 1.4500
2025/06/22 13:31:31 - mmengine - INFO - Epoch(train)  [7][2650/9162]  lr: 2.0000e-03  eta: 1 day, 8:55:40  time: 0.6571  data_time: 0.0725  memory: 1708  loss: 4.5011  loss_cls: 2.9637  loss_bbox: 1.5374
2025/06/22 13:32:05 - mmengine - INFO - Epoch(train)  [7][2700/9162]  lr: 2.0000e-03  eta: 1 day, 8:54:56  time: 0.6755  data_time: 0.0792  memory: 1708  loss: 4.3528  loss_cls: 2.8976  loss_bbox: 1.4553
2025/06/22 13:32:39 - mmengine - INFO - Epoch(train)  [7][2750/9162]  lr: 2.0000e-03  eta: 1 day, 8:54:12  time: 0.6764  data_time: 0.0963  memory: 1708  loss: 4.4145  loss_cls: 2.9617  loss_bbox: 1.4528
2025/06/22 13:33:13 - mmengine - INFO - Epoch(train)  [7][2800/9162]  lr: 2.0000e-03  eta: 1 day, 8:53:30  time: 0.6906  data_time: 0.0981  memory: 1708  loss: 4.3193  loss_cls: 2.8528  loss_bbox: 1.4665
2025/06/22 13:33:48 - mmengine - INFO - Epoch(train)  [7][2850/9162]  lr: 2.0000e-03  eta: 1 day, 8:52:46  time: 0.6803  data_time: 0.0754  memory: 1708  loss: 4.3733  loss_cls: 2.9812  loss_bbox: 1.3921
2025/06/22 13:34:22 - mmengine - INFO - Epoch(train)  [7][2900/9162]  lr: 2.0000e-03  eta: 1 day, 8:52:02  time: 0.6794  data_time: 0.0961  memory: 1708  loss: 4.4064  loss_cls: 2.9324  loss_bbox: 1.4740
2025/06/22 13:34:54 - mmengine - INFO - Epoch(train)  [7][2950/9162]  lr: 2.0000e-03  eta: 1 day, 8:51:16  time: 0.6568  data_time: 0.0779  memory: 1708  loss: 4.3520  loss_cls: 2.9506  loss_bbox: 1.4014
2025/06/22 13:35:28 - mmengine - INFO - Epoch(train)  [7][3000/9162]  lr: 2.0000e-03  eta: 1 day, 8:50:30  time: 0.6628  data_time: 0.0786  memory: 1708  loss: 4.4009  loss_cls: 2.9492  loss_bbox: 1.4517
2025/06/22 13:35:47 - mmengine - INFO - Exp name: ssd300_coco_20250622_013555
2025/06/22 13:36:02 - mmengine - INFO - Epoch(train)  [7][3050/9162]  lr: 2.0000e-03  eta: 1 day, 8:49:47  time: 0.6840  data_time: 0.1001  memory: 1708  loss: 4.3850  loss_cls: 2.9136  loss_bbox: 1.4714
2025/06/22 13:36:35 - mmengine - INFO - Epoch(train)  [7][3100/9162]  lr: 2.0000e-03  eta: 1 day, 8:49:02  time: 0.6713  data_time: 0.0623  memory: 1708  loss: 4.3489  loss_cls: 2.9107  loss_bbox: 1.4382
2025/06/22 13:37:09 - mmengine - INFO - Epoch(train)  [7][3150/9162]  lr: 2.0000e-03  eta: 1 day, 8:48:18  time: 0.6760  data_time: 0.0907  memory: 1708  loss: 4.4560  loss_cls: 2.9483  loss_bbox: 1.5077
2025/06/22 13:37:43 - mmengine - INFO - Epoch(train)  [7][3200/9162]  lr: 2.0000e-03  eta: 1 day, 8:47:34  time: 0.6753  data_time: 0.0686  memory: 1708  loss: 4.4384  loss_cls: 2.9737  loss_bbox: 1.4647
2025/06/22 13:38:17 - mmengine - INFO - Epoch(train)  [7][3250/9162]  lr: 2.0000e-03  eta: 1 day, 8:46:49  time: 0.6700  data_time: 0.0629  memory: 1708  loss: 4.4922  loss_cls: 2.9707  loss_bbox: 1.5215
2025/06/22 13:38:50 - mmengine - INFO - Epoch(train)  [7][3300/9162]  lr: 2.0000e-03  eta: 1 day, 8:46:03  time: 0.6588  data_time: 0.0632  memory: 1708  loss: 4.3862  loss_cls: 2.9316  loss_bbox: 1.4546
2025/06/22 13:39:24 - mmengine - INFO - Epoch(train)  [7][3350/9162]  lr: 2.0000e-03  eta: 1 day, 8:45:20  time: 0.6817  data_time: 0.0759  memory: 1708  loss: 4.3720  loss_cls: 2.9019  loss_bbox: 1.4701
2025/06/22 13:39:57 - mmengine - INFO - Epoch(train)  [7][3400/9162]  lr: 2.0000e-03  eta: 1 day, 8:44:36  time: 0.6759  data_time: 0.0725  memory: 1708  loss: 4.4143  loss_cls: 2.9582  loss_bbox: 1.4561
2025/06/22 13:40:31 - mmengine - INFO - Epoch(train)  [7][3450/9162]  lr: 2.0000e-03  eta: 1 day, 8:43:51  time: 0.6687  data_time: 0.0673  memory: 1708  loss: 4.4224  loss_cls: 2.9342  loss_bbox: 1.4882
2025/06/22 13:41:04 - mmengine - INFO - Epoch(train)  [7][3500/9162]  lr: 2.0000e-03  eta: 1 day, 8:43:04  time: 0.6566  data_time: 0.0787  memory: 1708  loss: 4.3679  loss_cls: 2.9236  loss_bbox: 1.4443
2025/06/22 13:41:37 - mmengine - INFO - Epoch(train)  [7][3550/9162]  lr: 2.0000e-03  eta: 1 day, 8:42:19  time: 0.6686  data_time: 0.0779  memory: 1708  loss: 4.3838  loss_cls: 2.9299  loss_bbox: 1.4539
2025/06/22 13:42:10 - mmengine - INFO - Epoch(train)  [7][3600/9162]  lr: 2.0000e-03  eta: 1 day, 8:41:32  time: 0.6487  data_time: 0.0702  memory: 1708  loss: 4.3803  loss_cls: 2.9335  loss_bbox: 1.4468
2025/06/22 13:42:43 - mmengine - INFO - Epoch(train)  [7][3650/9162]  lr: 2.0000e-03  eta: 1 day, 8:40:45  time: 0.6592  data_time: 0.0642  memory: 1708  loss: 4.4563  loss_cls: 2.9921  loss_bbox: 1.4642
2025/06/22 13:43:16 - mmengine - INFO - Epoch(train)  [7][3700/9162]  lr: 2.0000e-03  eta: 1 day, 8:40:00  time: 0.6645  data_time: 0.0752  memory: 1708  loss: 4.4600  loss_cls: 2.9553  loss_bbox: 1.5047
2025/06/22 13:43:49 - mmengine - INFO - Epoch(train)  [7][3750/9162]  lr: 2.0000e-03  eta: 1 day, 8:39:15  time: 0.6691  data_time: 0.0710  memory: 1708  loss: 4.4505  loss_cls: 2.9534  loss_bbox: 1.4971
2025/06/22 13:44:22 - mmengine - INFO - Epoch(train)  [7][3800/9162]  lr: 2.0000e-03  eta: 1 day, 8:38:27  time: 0.6421  data_time: 0.0597  memory: 1708  loss: 4.3999  loss_cls: 2.9387  loss_bbox: 1.4612
2025/06/22 13:44:55 - mmengine - INFO - Epoch(train)  [7][3850/9162]  lr: 2.0000e-03  eta: 1 day, 8:37:43  time: 0.6759  data_time: 0.0586  memory: 1708  loss: 4.4541  loss_cls: 2.9654  loss_bbox: 1.4887
2025/06/22 13:45:29 - mmengine - INFO - Epoch(train)  [7][3900/9162]  lr: 2.0000e-03  eta: 1 day, 8:36:59  time: 0.6747  data_time: 0.0805  memory: 1708  loss: 4.4233  loss_cls: 2.9208  loss_bbox: 1.5025
2025/06/22 13:46:03 - mmengine - INFO - Epoch(train)  [7][3950/9162]  lr: 2.0000e-03  eta: 1 day, 8:36:17  time: 0.6856  data_time: 0.0928  memory: 1708  loss: 4.2557  loss_cls: 2.8889  loss_bbox: 1.3668
2025/06/22 13:46:38 - mmengine - INFO - Epoch(train)  [7][4000/9162]  lr: 2.0000e-03  eta: 1 day, 8:35:34  time: 0.6847  data_time: 0.0948  memory: 1708  loss: 4.4998  loss_cls: 3.0343  loss_bbox: 1.4655
2025/06/22 13:46:57 - mmengine - INFO - Exp name: ssd300_coco_20250622_013555
2025/06/22 13:47:11 - mmengine - INFO - Epoch(train)  [7][4050/9162]  lr: 2.0000e-03  eta: 1 day, 8:34:49  time: 0.6668  data_time: 0.0771  memory: 1708  loss: 4.4547  loss_cls: 2.9283  loss_bbox: 1.5264
2025/06/22 13:47:45 - mmengine - INFO - Epoch(train)  [7][4100/9162]  lr: 2.0000e-03  eta: 1 day, 8:34:06  time: 0.6812  data_time: 0.0699  memory: 1708  loss: 4.3851  loss_cls: 2.9635  loss_bbox: 1.4216
2025/06/22 13:48:19 - mmengine - INFO - Epoch(train)  [7][4150/9162]  lr: 2.0000e-03  eta: 1 day, 8:33:22  time: 0.6711  data_time: 0.0915  memory: 1708  loss: 4.4053  loss_cls: 2.9451  loss_bbox: 1.4602
2025/06/22 13:48:53 - mmengine - INFO - Epoch(train)  [7][4200/9162]  lr: 2.0000e-03  eta: 1 day, 8:32:38  time: 0.6777  data_time: 0.0885  memory: 1708  loss: 4.3185  loss_cls: 2.8655  loss_bbox: 1.4530
2025/06/22 13:49:26 - mmengine - INFO - Epoch(train)  [7][4250/9162]  lr: 2.0000e-03  eta: 1 day, 8:31:53  time: 0.6604  data_time: 0.0715  memory: 1708  loss: 4.4223  loss_cls: 2.9892  loss_bbox: 1.4331
2025/06/22 13:50:00 - mmengine - INFO - Epoch(train)  [7][4300/9162]  lr: 2.0000e-03  eta: 1 day, 8:31:09  time: 0.6784  data_time: 0.0888  memory: 1708  loss: 4.5126  loss_cls: 3.0194  loss_bbox: 1.4932
2025/06/22 13:50:34 - mmengine - INFO - Epoch(train)  [7][4350/9162]  lr: 2.0000e-03  eta: 1 day, 8:30:26  time: 0.6763  data_time: 0.0640  memory: 1708  loss: 4.4829  loss_cls: 3.0051  loss_bbox: 1.4778
2025/06/22 13:51:07 - mmengine - INFO - Epoch(train)  [7][4400/9162]  lr: 2.0000e-03  eta: 1 day, 8:29:42  time: 0.6730  data_time: 0.0702  memory: 1708  loss: 4.4261  loss_cls: 2.9552  loss_bbox: 1.4709
2025/06/22 13:51:41 - mmengine - INFO - Epoch(train)  [7][4450/9162]  lr: 2.0000e-03  eta: 1 day, 8:28:58  time: 0.6779  data_time: 0.0779  memory: 1708  loss: 4.3056  loss_cls: 2.8886  loss_bbox: 1.4170
2025/06/22 13:52:15 - mmengine - INFO - Epoch(train)  [7][4500/9162]  lr: 2.0000e-03  eta: 1 day, 8:28:14  time: 0.6701  data_time: 0.0621  memory: 1708  loss: 4.4658  loss_cls: 2.9475  loss_bbox: 1.5183
2025/06/22 13:52:49 - mmengine - INFO - Epoch(train)  [7][4550/9162]  lr: 2.0000e-03  eta: 1 day, 8:27:32  time: 0.6836  data_time: 0.0923  memory: 1708  loss: 4.4183  loss_cls: 2.9513  loss_bbox: 1.4670
2025/06/22 13:53:26 - mmengine - INFO - Epoch(train)  [7][4600/9162]  lr: 2.0000e-03  eta: 1 day, 8:26:56  time: 0.7333  data_time: 0.0976  memory: 1708  loss: 4.3786  loss_cls: 2.9308  loss_bbox: 1.4478
2025/06/22 13:54:01 - mmengine - INFO - Epoch(train)  [7][4650/9162]  lr: 2.0000e-03  eta: 1 day, 8:26:16  time: 0.7030  data_time: 0.0919  memory: 1708  loss: 4.4578  loss_cls: 2.9584  loss_bbox: 1.4995
2025/06/22 13:54:35 - mmengine - INFO - Epoch(train)  [7][4700/9162]  lr: 2.0000e-03  eta: 1 day, 8:25:33  time: 0.6826  data_time: 0.0696  memory: 1708  loss: 4.3020  loss_cls: 2.9129  loss_bbox: 1.3891
2025/06/22 13:55:10 - mmengine - INFO - Epoch(train)  [7][4750/9162]  lr: 2.0000e-03  eta: 1 day, 8:24:52  time: 0.6898  data_time: 0.0806  memory: 1708  loss: 4.4295  loss_cls: 2.9776  loss_bbox: 1.4519
2025/06/22 13:55:44 - mmengine - INFO - Epoch(train)  [7][4800/9162]  lr: 2.0000e-03  eta: 1 day, 8:24:09  time: 0.6835  data_time: 0.0806  memory: 1708  loss: 4.3733  loss_cls: 2.9272  loss_bbox: 1.4462
2025/06/22 13:56:18 - mmengine - INFO - Epoch(train)  [7][4850/9162]  lr: 2.0000e-03  eta: 1 day, 8:23:27  time: 0.6826  data_time: 0.0727  memory: 1708  loss: 4.2813  loss_cls: 2.9072  loss_bbox: 1.3741
2025/06/22 13:56:51 - mmengine - INFO - Epoch(train)  [7][4900/9162]  lr: 2.0000e-03  eta: 1 day, 8:22:42  time: 0.6706  data_time: 0.0797  memory: 1708  loss: 4.4516  loss_cls: 2.9813  loss_bbox: 1.4703
2025/06/22 13:57:28 - mmengine - INFO - Epoch(train)  [7][4950/9162]  lr: 2.0000e-03  eta: 1 day, 8:22:07  time: 0.7388  data_time: 0.0976  memory: 1708  loss: 4.4133  loss_cls: 2.9235  loss_bbox: 1.4898
2025/06/22 13:58:07 - mmengine - INFO - Epoch(train)  [7][5000/9162]  lr: 2.0000e-03  eta: 1 day, 8:21:36  time: 0.7669  data_time: 0.1056  memory: 1708  loss: 4.3109  loss_cls: 2.8900  loss_bbox: 1.4210
2025/06/22 13:58:28 - mmengine - INFO - Exp name: ssd300_coco_20250622_013555
2025/06/22 13:58:44 - mmengine - INFO - Epoch(train)  [7][5050/9162]  lr: 2.0000e-03  eta: 1 day, 8:21:02  time: 0.7472  data_time: 0.1008  memory: 1708  loss: 4.4172  loss_cls: 2.9450  loss_bbox: 1.4723
2025/06/22 13:59:22 - mmengine - INFO - Epoch(train)  [7][5100/9162]  lr: 2.0000e-03  eta: 1 day, 8:20:29  time: 0.7525  data_time: 0.0979  memory: 1708  loss: 4.4233  loss_cls: 2.9432  loss_bbox: 1.4801
2025/06/22 13:59:59 - mmengine - INFO - Epoch(train)  [7][5150/9162]  lr: 2.0000e-03  eta: 1 day, 8:19:56  time: 0.7510  data_time: 0.1021  memory: 1708  loss: 4.4440  loss_cls: 2.9858  loss_bbox: 1.4582
2025/06/22 14:00:37 - mmengine - INFO - Epoch(train)  [7][5200/9162]  lr: 2.0000e-03  eta: 1 day, 8:19:23  time: 0.7571  data_time: 0.1044  memory: 1708  loss: 4.3650  loss_cls: 2.9434  loss_bbox: 1.4216
2025/06/22 14:01:15 - mmengine - INFO - Epoch(train)  [7][5250/9162]  lr: 2.0000e-03  eta: 1 day, 8:18:49  time: 0.7508  data_time: 0.1252  memory: 1708  loss: 4.3725  loss_cls: 2.9267  loss_bbox: 1.4458
2025/06/22 14:01:53 - mmengine - INFO - Epoch(train)  [7][5300/9162]  lr: 2.0000e-03  eta: 1 day, 8:18:17  time: 0.7605  data_time: 0.1480  memory: 1708  loss: 4.4166  loss_cls: 2.9576  loss_bbox: 1.4590
2025/06/22 14:02:31 - mmengine - INFO - Epoch(train)  [7][5350/9162]  lr: 2.0000e-03  eta: 1 day, 8:17:45  time: 0.7609  data_time: 0.1316  memory: 1708  loss: 4.4491  loss_cls: 2.9770  loss_bbox: 1.4721
2025/06/22 14:03:09 - mmengine - INFO - Epoch(train)  [7][5400/9162]  lr: 2.0000e-03  eta: 1 day, 8:17:13  time: 0.7652  data_time: 0.1367  memory: 1708  loss: 4.2854  loss_cls: 2.8695  loss_bbox: 1.4159
2025/06/22 14:03:48 - mmengine - INFO - Epoch(train)  [7][5450/9162]  lr: 2.0000e-03  eta: 1 day, 8:16:43  time: 0.7718  data_time: 0.1112  memory: 1708  loss: 4.4172  loss_cls: 2.8924  loss_bbox: 1.5248
2025/06/22 14:04:19 - mmengine - INFO - Epoch(train)  [7][5500/9162]  lr: 2.0000e-03  eta: 1 day, 8:15:53  time: 0.6268  data_time: 0.0415  memory: 1708  loss: 4.3689  loss_cls: 2.9537  loss_bbox: 1.4152
2025/06/22 14:04:53 - mmengine - INFO - Epoch(train)  [7][5550/9162]  lr: 2.0000e-03  eta: 1 day, 8:15:09  time: 0.6736  data_time: 0.0685  memory: 1708  loss: 4.3696  loss_cls: 2.9537  loss_bbox: 1.4159
2025/06/22 14:05:27 - mmengine - INFO - Epoch(train)  [7][5600/9162]  lr: 2.0000e-03  eta: 1 day, 8:14:27  time: 0.6873  data_time: 0.0854  memory: 1708  loss: 4.3253  loss_cls: 2.9028  loss_bbox: 1.4225
2025/06/22 14:06:00 - mmengine - INFO - Epoch(train)  [7][5650/9162]  lr: 2.0000e-03  eta: 1 day, 8:13:41  time: 0.6558  data_time: 0.0680  memory: 1708  loss: 4.3404  loss_cls: 2.8963  loss_bbox: 1.4441
2025/06/22 14:06:32 - mmengine - INFO - Epoch(train)  [7][5700/9162]  lr: 2.0000e-03  eta: 1 day, 8:12:53  time: 0.6403  data_time: 0.0621  memory: 1708  loss: 4.3635  loss_cls: 2.9190  loss_bbox: 1.4445
2025/06/22 14:07:04 - mmengine - INFO - Epoch(train)  [7][5750/9162]  lr: 2.0000e-03  eta: 1 day, 8:12:04  time: 0.6278  data_time: 0.0608  memory: 1708  loss: 4.3259  loss_cls: 2.8891  loss_bbox: 1.4368
2025/06/22 14:07:37 - mmengine - INFO - Epoch(train)  [7][5800/9162]  lr: 2.0000e-03  eta: 1 day, 8:11:18  time: 0.6565  data_time: 0.0689  memory: 1708  loss: 4.3471  loss_cls: 2.8856  loss_bbox: 1.4616
2025/06/22 14:08:10 - mmengine - INFO - Epoch(train)  [7][5850/9162]  lr: 2.0000e-03  eta: 1 day, 8:10:34  time: 0.6715  data_time: 0.0800  memory: 1708  loss: 4.3613  loss_cls: 2.8867  loss_bbox: 1.4746
2025/06/22 14:08:43 - mmengine - INFO - Epoch(train)  [7][5900/9162]  lr: 2.0000e-03  eta: 1 day, 8:09:48  time: 0.6529  data_time: 0.0546  memory: 1708  loss: 4.4836  loss_cls: 2.9742  loss_bbox: 1.5094
2025/06/22 14:09:17 - mmengine - INFO - Epoch(train)  [7][5950/9162]  lr: 2.0000e-03  eta: 1 day, 8:09:04  time: 0.6732  data_time: 0.0747  memory: 1708  loss: 4.4034  loss_cls: 2.9238  loss_bbox: 1.4796
2025/06/22 14:09:51 - mmengine - INFO - Epoch(train)  [7][6000/9162]  lr: 2.0000e-03  eta: 1 day, 8:08:22  time: 0.6866  data_time: 0.0878  memory: 1708  loss: 4.4374  loss_cls: 2.9594  loss_bbox: 1.4780
2025/06/22 14:10:09 - mmengine - INFO - Exp name: ssd300_coco_20250622_013555
2025/06/22 14:10:24 - mmengine - INFO - Epoch(train)  [7][6050/9162]  lr: 2.0000e-03  eta: 1 day, 8:07:36  time: 0.6527  data_time: 0.0557  memory: 1708  loss: 4.4278  loss_cls: 2.9397  loss_bbox: 1.4881
2025/06/22 14:10:58 - mmengine - INFO - Epoch(train)  [7][6100/9162]  lr: 2.0000e-03  eta: 1 day, 8:06:54  time: 0.6800  data_time: 0.0988  memory: 1708  loss: 4.2871  loss_cls: 2.9186  loss_bbox: 1.3685
2025/06/22 14:11:30 - mmengine - INFO - Epoch(train)  [7][6150/9162]  lr: 2.0000e-03  eta: 1 day, 8:06:07  time: 0.6522  data_time: 0.0680  memory: 1708  loss: 4.4540  loss_cls: 2.9747  loss_bbox: 1.4793
2025/06/22 14:12:04 - mmengine - INFO - Epoch(train)  [7][6200/9162]  lr: 2.0000e-03  eta: 1 day, 8:05:25  time: 0.6800  data_time: 0.0953  memory: 1708  loss: 4.3794  loss_cls: 2.9386  loss_bbox: 1.4408
2025/06/22 14:12:38 - mmengine - INFO - Epoch(train)  [7][6250/9162]  lr: 2.0000e-03  eta: 1 day, 8:04:41  time: 0.6713  data_time: 0.0852  memory: 1708  loss: 4.4179  loss_cls: 2.9499  loss_bbox: 1.4681
2025/06/22 14:13:11 - mmengine - INFO - Epoch(train)  [7][6300/9162]  lr: 2.0000e-03  eta: 1 day, 8:03:56  time: 0.6635  data_time: 0.0783  memory: 1708  loss: 4.3680  loss_cls: 2.9571  loss_bbox: 1.4109
2025/06/22 14:13:44 - mmengine - INFO - Epoch(train)  [7][6350/9162]  lr: 2.0000e-03  eta: 1 day, 8:03:12  time: 0.6643  data_time: 0.0889  memory: 1708  loss: 4.2746  loss_cls: 2.8926  loss_bbox: 1.3820
2025/06/22 14:14:18 - mmengine - INFO - Epoch(train)  [7][6400/9162]  lr: 2.0000e-03  eta: 1 day, 8:02:28  time: 0.6701  data_time: 0.0747  memory: 1708  loss: 4.4002  loss_cls: 2.9541  loss_bbox: 1.4461
2025/06/22 14:14:52 - mmengine - INFO - Epoch(train)  [7][6450/9162]  lr: 2.0000e-03  eta: 1 day, 8:01:44  time: 0.6728  data_time: 0.0808  memory: 1708  loss: 4.4160  loss_cls: 2.9457  loss_bbox: 1.4704
2025/06/22 14:15:24 - mmengine - INFO - Epoch(train)  [7][6500/9162]  lr: 2.0000e-03  eta: 1 day, 8:00:58  time: 0.6495  data_time: 0.0525  memory: 1708  loss: 4.4960  loss_cls: 2.9907  loss_bbox: 1.5053
2025/06/22 14:15:59 - mmengine - INFO - Epoch(train)  [7][6550/9162]  lr: 2.0000e-03  eta: 1 day, 8:00:17  time: 0.6895  data_time: 0.0879  memory: 1708  loss: 4.4090  loss_cls: 2.9685  loss_bbox: 1.4405
2025/06/22 14:16:33 - mmengine - INFO - Epoch(train)  [7][6600/9162]  lr: 2.0000e-03  eta: 1 day, 7:59:35  time: 0.6862  data_time: 0.0940  memory: 1708  loss: 4.2236  loss_cls: 2.8298  loss_bbox: 1.3938
2025/06/22 14:17:06 - mmengine - INFO - Epoch(train)  [7][6650/9162]  lr: 2.0000e-03  eta: 1 day, 7:58:51  time: 0.6705  data_time: 0.0832  memory: 1708  loss: 4.4302  loss_cls: 2.9028  loss_bbox: 1.5274
2025/06/22 14:17:40 - mmengine - INFO - Epoch(train)  [7][6700/9162]  lr: 2.0000e-03  eta: 1 day, 7:58:06  time: 0.6615  data_time: 0.0698  memory: 1708  loss: 4.2682  loss_cls: 2.8596  loss_bbox: 1.4086
2025/06/22 14:18:13 - mmengine - INFO - Epoch(train)  [7][6750/9162]  lr: 2.0000e-03  eta: 1 day, 7:57:22  time: 0.6653  data_time: 0.0757  memory: 1708  loss: 4.3678  loss_cls: 2.9413  loss_bbox: 1.4265
2025/06/22 14:18:47 - mmengine - INFO - Epoch(train)  [7][6800/9162]  lr: 2.0000e-03  eta: 1 day, 7:56:40  time: 0.6804  data_time: 0.0741  memory: 1708  loss: 4.5605  loss_cls: 3.0515  loss_bbox: 1.5090
2025/06/22 14:19:21 - mmengine - INFO - Epoch(train)  [7][6850/9162]  lr: 2.0000e-03  eta: 1 day, 7:55:56  time: 0.6733  data_time: 0.0784  memory: 1708  loss: 4.4658  loss_cls: 2.9792  loss_bbox: 1.4866
2025/06/22 14:19:53 - mmengine - INFO - Epoch(train)  [7][6900/9162]  lr: 2.0000e-03  eta: 1 day, 7:55:11  time: 0.6536  data_time: 0.0580  memory: 1708  loss: 4.3472  loss_cls: 2.8914  loss_bbox: 1.4558
2025/06/22 14:20:25 - mmengine - INFO - Epoch(train)  [7][6950/9162]  lr: 2.0000e-03  eta: 1 day, 7:54:23  time: 0.6364  data_time: 0.0524  memory: 1708  loss: 4.3331  loss_cls: 2.9027  loss_bbox: 1.4304
2025/06/22 14:20:58 - mmengine - INFO - Epoch(train)  [7][7000/9162]  lr: 2.0000e-03  eta: 1 day, 7:53:37  time: 0.6551  data_time: 0.0619  memory: 1708  loss: 4.2977  loss_cls: 2.9082  loss_bbox: 1.3895
2025/06/22 14:21:17 - mmengine - INFO - Exp name: ssd300_coco_20250622_013555
2025/06/22 14:21:31 - mmengine - INFO - Epoch(train)  [7][7050/9162]  lr: 2.0000e-03  eta: 1 day, 7:52:52  time: 0.6543  data_time: 0.0471  memory: 1708  loss: 4.3529  loss_cls: 2.9345  loss_bbox: 1.4184
2025/06/22 14:22:05 - mmengine - INFO - Epoch(train)  [7][7100/9162]  lr: 2.0000e-03  eta: 1 day, 7:52:09  time: 0.6814  data_time: 0.0766  memory: 1708  loss: 4.2112  loss_cls: 2.8573  loss_bbox: 1.3539
2025/06/22 14:22:37 - mmengine - INFO - Epoch(train)  [7][7150/9162]  lr: 2.0000e-03  eta: 1 day, 7:51:22  time: 0.6400  data_time: 0.0567  memory: 1708  loss: 4.4362  loss_cls: 2.9767  loss_bbox: 1.4595
2025/06/22 14:23:12 - mmengine - INFO - Epoch(train)  [7][7200/9162]  lr: 2.0000e-03  eta: 1 day, 7:50:42  time: 0.6958  data_time: 0.1011  memory: 1708  loss: 4.3400  loss_cls: 2.8826  loss_bbox: 1.4574
2025/06/22 14:23:45 - mmengine - INFO - Epoch(train)  [7][7250/9162]  lr: 2.0000e-03  eta: 1 day, 7:49:58  time: 0.6679  data_time: 0.0832  memory: 1708  loss: 4.4560  loss_cls: 2.9807  loss_bbox: 1.4753
2025/06/22 14:24:17 - mmengine - INFO - Epoch(train)  [7][7300/9162]  lr: 2.0000e-03  eta: 1 day, 7:49:09  time: 0.6277  data_time: 0.0504  memory: 1708  loss: 4.3041  loss_cls: 2.9045  loss_bbox: 1.3996
2025/06/22 14:24:48 - mmengine - INFO - Epoch(train)  [7][7350/9162]  lr: 2.0000e-03  eta: 1 day, 7:48:19  time: 0.6192  data_time: 0.0483  memory: 1708  loss: 4.4867  loss_cls: 2.9599  loss_bbox: 1.5269
2025/06/22 14:25:17 - mmengine - INFO - Epoch(train)  [7][7400/9162]  lr: 2.0000e-03  eta: 1 day, 7:47:27  time: 0.5987  data_time: 0.0313  memory: 1708  loss: 4.3598  loss_cls: 2.9251  loss_bbox: 1.4347
2025/06/22 14:25:51 - mmengine - INFO - Epoch(train)  [7][7450/9162]  lr: 2.0000e-03  eta: 1 day, 7:46:43  time: 0.6654  data_time: 0.0582  memory: 1708  loss: 4.3976  loss_cls: 2.9187  loss_bbox: 1.4790
2025/06/22 14:26:25 - mmengine - INFO - Epoch(train)  [7][7500/9162]  lr: 2.0000e-03  eta: 1 day, 7:46:00  time: 0.6784  data_time: 0.1028  memory: 1708  loss: 4.4973  loss_cls: 2.9782  loss_bbox: 1.5191
2025/06/22 14:26:59 - mmengine - INFO - Epoch(train)  [7][7550/9162]  lr: 2.0000e-03  eta: 1 day, 7:45:18  time: 0.6760  data_time: 0.0818  memory: 1708  loss: 4.3459  loss_cls: 2.8844  loss_bbox: 1.4615
2025/06/22 14:27:32 - mmengine - INFO - Epoch(train)  [7][7600/9162]  lr: 2.0000e-03  eta: 1 day, 7:44:35  time: 0.6759  data_time: 0.0899  memory: 1708  loss: 4.2488  loss_cls: 2.8755  loss_bbox: 1.3733
2025/06/22 14:28:06 - mmengine - INFO - Epoch(train)  [7][7650/9162]  lr: 2.0000e-03  eta: 1 day, 7:43:53  time: 0.6803  data_time: 0.0931  memory: 1708  loss: 4.4794  loss_cls: 2.9938  loss_bbox: 1.4856
2025/06/22 14:28:40 - mmengine - INFO - Epoch(train)  [7][7700/9162]  lr: 2.0000e-03  eta: 1 day, 7:43:10  time: 0.6731  data_time: 0.0806  memory: 1708  loss: 4.3658  loss_cls: 2.9074  loss_bbox: 1.4584
2025/06/22 14:29:14 - mmengine - INFO - Epoch(train)  [7][7750/9162]  lr: 2.0000e-03  eta: 1 day, 7:42:27  time: 0.6770  data_time: 0.0716  memory: 1708  loss: 4.3722  loss_cls: 2.9032  loss_bbox: 1.4689
2025/06/22 14:29:48 - mmengine - INFO - Epoch(train)  [7][7800/9162]  lr: 2.0000e-03  eta: 1 day, 7:41:44  time: 0.6729  data_time: 0.0679  memory: 1708  loss: 4.5013  loss_cls: 2.9810  loss_bbox: 1.5203
2025/06/22 14:30:22 - mmengine - INFO - Epoch(train)  [7][7850/9162]  lr: 2.0000e-03  eta: 1 day, 7:41:03  time: 0.6882  data_time: 0.0896  memory: 1708  loss: 4.4274  loss_cls: 2.9774  loss_bbox: 1.4499
2025/06/22 14:30:56 - mmengine - INFO - Epoch(train)  [7][7900/9162]  lr: 2.0000e-03  eta: 1 day, 7:40:22  time: 0.6838  data_time: 0.0939  memory: 1708  loss: 4.4319  loss_cls: 2.9362  loss_bbox: 1.4957
2025/06/22 14:31:29 - mmengine - INFO - Epoch(train)  [7][7950/9162]  lr: 2.0000e-03  eta: 1 day, 7:39:35  time: 0.6442  data_time: 0.0564  memory: 1708  loss: 4.3507  loss_cls: 2.9262  loss_bbox: 1.4246
2025/06/22 14:32:02 - mmengine - INFO - Epoch(train)  [7][8000/9162]  lr: 2.0000e-03  eta: 1 day, 7:38:52  time: 0.6728  data_time: 0.0815  memory: 1708  loss: 4.4266  loss_cls: 2.9728  loss_bbox: 1.4537
2025/06/22 14:32:20 - mmengine - INFO - Exp name: ssd300_coco_20250622_013555
2025/06/22 14:32:35 - mmengine - INFO - Epoch(train)  [7][8050/9162]  lr: 2.0000e-03  eta: 1 day, 7:38:08  time: 0.6623  data_time: 0.0782  memory: 1708  loss: 4.3942  loss_cls: 2.9457  loss_bbox: 1.4484
2025/06/22 14:33:09 - mmengine - INFO - Epoch(train)  [7][8100/9162]  lr: 2.0000e-03  eta: 1 day, 7:37:24  time: 0.6683  data_time: 0.0820  memory: 1708  loss: 4.3955  loss_cls: 2.9129  loss_bbox: 1.4826
2025/06/22 14:33:43 - mmengine - INFO - Epoch(train)  [7][8150/9162]  lr: 2.0000e-03  eta: 1 day, 7:36:43  time: 0.6842  data_time: 0.0733  memory: 1708  loss: 4.3694  loss_cls: 2.9148  loss_bbox: 1.4546
2025/06/22 14:34:17 - mmengine - INFO - Epoch(train)  [7][8200/9162]  lr: 2.0000e-03  eta: 1 day, 7:36:02  time: 0.6873  data_time: 0.0905  memory: 1708  loss: 4.2742  loss_cls: 2.8781  loss_bbox: 1.3961
2025/06/22 14:34:51 - mmengine - INFO - Epoch(train)  [7][8250/9162]  lr: 2.0000e-03  eta: 1 day, 7:35:19  time: 0.6758  data_time: 0.0875  memory: 1708  loss: 4.4213  loss_cls: 2.9610  loss_bbox: 1.4603
2025/06/22 14:35:24 - mmengine - INFO - Epoch(train)  [7][8300/9162]  lr: 2.0000e-03  eta: 1 day, 7:34:35  time: 0.6584  data_time: 0.0652  memory: 1708  loss: 4.3812  loss_cls: 2.9529  loss_bbox: 1.4283
2025/06/22 14:35:59 - mmengine - INFO - Epoch(train)  [7][8350/9162]  lr: 2.0000e-03  eta: 1 day, 7:33:54  time: 0.6899  data_time: 0.0844  memory: 1708  loss: 4.4025  loss_cls: 2.9308  loss_bbox: 1.4717
2025/06/22 14:36:32 - mmengine - INFO - Epoch(train)  [7][8400/9162]  lr: 2.0000e-03  eta: 1 day, 7:33:10  time: 0.6635  data_time: 0.0762  memory: 1708  loss: 4.3055  loss_cls: 2.9436  loss_bbox: 1.3619
2025/06/22 14:37:06 - mmengine - INFO - Epoch(train)  [7][8450/9162]  lr: 2.0000e-03  eta: 1 day, 7:32:28  time: 0.6765  data_time: 0.0904  memory: 1708  loss: 4.4193  loss_cls: 2.9490  loss_bbox: 1.4703
2025/06/22 14:37:39 - mmengine - INFO - Epoch(train)  [7][8500/9162]  lr: 2.0000e-03  eta: 1 day, 7:31:44  time: 0.6630  data_time: 0.0509  memory: 1708  loss: 4.3368  loss_cls: 2.9367  loss_bbox: 1.4001
2025/06/22 14:38:13 - mmengine - INFO - Epoch(train)  [7][8550/9162]  lr: 2.0000e-03  eta: 1 day, 7:31:02  time: 0.6838  data_time: 0.0805  memory: 1708  loss: 4.2736  loss_cls: 2.8589  loss_bbox: 1.4146
2025/06/22 14:38:47 - mmengine - INFO - Epoch(train)  [7][8600/9162]  lr: 2.0000e-03  eta: 1 day, 7:30:19  time: 0.6741  data_time: 0.0873  memory: 1708  loss: 4.3527  loss_cls: 2.9275  loss_bbox: 1.4252
2025/06/22 14:39:21 - mmengine - INFO - Epoch(train)  [7][8650/9162]  lr: 2.0000e-03  eta: 1 day, 7:29:37  time: 0.6756  data_time: 0.0830  memory: 1708  loss: 4.1581  loss_cls: 2.8279  loss_bbox: 1.3302
2025/06/22 14:39:55 - mmengine - INFO - Epoch(train)  [7][8700/9162]  lr: 2.0000e-03  eta: 1 day, 7:28:55  time: 0.6749  data_time: 0.0775  memory: 1708  loss: 4.3651  loss_cls: 2.9211  loss_bbox: 1.4440
2025/06/22 14:40:27 - mmengine - INFO - Epoch(train)  [7][8750/9162]  lr: 2.0000e-03  eta: 1 day, 7:28:09  time: 0.6502  data_time: 0.0745  memory: 1708  loss: 4.3385  loss_cls: 2.9195  loss_bbox: 1.4191
2025/06/22 14:40:59 - mmengine - INFO - Epoch(train)  [7][8800/9162]  lr: 2.0000e-03  eta: 1 day, 7:27:22  time: 0.6405  data_time: 0.0537  memory: 1708  loss: 4.2991  loss_cls: 2.8935  loss_bbox: 1.4055
2025/06/22 14:41:34 - mmengine - INFO - Epoch(train)  [7][8850/9162]  lr: 2.0000e-03  eta: 1 day, 7:26:42  time: 0.6910  data_time: 0.1069  memory: 1708  loss: 4.3690  loss_cls: 2.9185  loss_bbox: 1.4506
2025/06/22 14:42:07 - mmengine - INFO - Epoch(train)  [7][8900/9162]  lr: 2.0000e-03  eta: 1 day, 7:25:59  time: 0.6735  data_time: 0.0847  memory: 1708  loss: 4.3843  loss_cls: 2.9261  loss_bbox: 1.4581
2025/06/22 14:42:42 - mmengine - INFO - Epoch(train)  [7][8950/9162]  lr: 2.0000e-03  eta: 1 day, 7:25:19  time: 0.6890  data_time: 0.0589  memory: 1708  loss: 4.3119  loss_cls: 2.9129  loss_bbox: 1.3990
2025/06/22 14:43:16 - mmengine - INFO - Epoch(train)  [7][9000/9162]  lr: 2.0000e-03  eta: 1 day, 7:24:36  time: 0.6758  data_time: 0.0890  memory: 1708  loss: 4.5167  loss_cls: 3.0474  loss_bbox: 1.4692
2025/06/22 14:43:34 - mmengine - INFO - Exp name: ssd300_coco_20250622_013555
2025/06/22 14:43:48 - mmengine - INFO - Epoch(train)  [7][9050/9162]  lr: 2.0000e-03  eta: 1 day, 7:23:51  time: 0.6493  data_time: 0.0557  memory: 1708  loss: 4.2903  loss_cls: 2.8854  loss_bbox: 1.4049
2025/06/22 14:44:19 - mmengine - INFO - Epoch(train)  [7][9100/9162]  lr: 2.0000e-03  eta: 1 day, 7:23:00  time: 0.6072  data_time: 0.0373  memory: 1708  loss: 4.2724  loss_cls: 2.8547  loss_bbox: 1.4177
2025/06/22 14:44:49 - mmengine - INFO - Epoch(train)  [7][9150/9162]  lr: 2.0000e-03  eta: 1 day, 7:22:10  time: 0.6097  data_time: 0.0341  memory: 1708  loss: 4.4081  loss_cls: 2.9721  loss_bbox: 1.4360
2025/06/22 14:44:56 - mmengine - INFO - Exp name: ssd300_coco_20250622_013555
2025/06/22 14:44:56 - mmengine - INFO - Saving checkpoint at 7 epochs
2025/06/22 14:45:10 - mmengine - INFO - Epoch(val)  [7][ 50/157]    eta: 0:00:26  time: 0.2445  data_time: 0.0456  memory: 1708  
2025/06/22 14:45:21 - mmengine - INFO - Epoch(val)  [7][100/157]    eta: 0:00:13  time: 0.2376  data_time: 0.0417  memory: 851  
2025/06/22 14:45:33 - mmengine - INFO - Epoch(val)  [7][150/157]    eta: 0:00:01  time: 0.2274  data_time: 0.0294  memory: 851  
2025/06/22 14:45:50 - mmengine - INFO - Evaluating bbox...
2025/06/22 14:47:15 - mmengine - INFO - bbox_mAP_copypaste: 0.198 0.367 0.196 0.054 0.210 0.319
2025/06/22 14:47:17 - mmengine - INFO - Epoch(val) [7][157/157]    coco/bbox_mAP: 0.1980  coco/bbox_mAP_50: 0.3670  coco/bbox_mAP_75: 0.1960  coco/bbox_mAP_s: 0.0540  coco/bbox_mAP_m: 0.2100  coco/bbox_mAP_l: 0.3190  data_time: 0.0377  time: 0.2337
2025/06/22 14:47:50 - mmengine - INFO - Epoch(train)  [8][  50/9162]  lr: 2.0000e-03  eta: 1 day, 7:21:14  time: 0.6710  data_time: 0.0759  memory: 1708  loss: 4.3649  loss_cls: 2.9439  loss_bbox: 1.4210
2025/06/22 14:48:23 - mmengine - INFO - Epoch(train)  [8][ 100/9162]  lr: 2.0000e-03  eta: 1 day, 7:20:29  time: 0.6525  data_time: 0.0572  memory: 1708  loss: 4.4951  loss_cls: 3.0273  loss_bbox: 1.4678
2025/06/22 14:48:57 - mmengine - INFO - Epoch(train)  [8][ 150/9162]  lr: 2.0000e-03  eta: 1 day, 7:19:47  time: 0.6778  data_time: 0.0800  memory: 1708  loss: 4.4108  loss_cls: 2.9420  loss_bbox: 1.4688
2025/06/22 14:49:29 - mmengine - INFO - Epoch(train)  [8][ 200/9162]  lr: 2.0000e-03  eta: 1 day, 7:19:01  time: 0.6413  data_time: 0.0613  memory: 1708  loss: 4.3472  loss_cls: 2.9060  loss_bbox: 1.4412
2025/06/22 14:49:59 - mmengine - INFO - Epoch(train)  [8][ 250/9162]  lr: 2.0000e-03  eta: 1 day, 7:18:09  time: 0.5974  data_time: 0.0311  memory: 1708  loss: 4.3595  loss_cls: 2.9299  loss_bbox: 1.4297
2025/06/22 14:50:29 - mmengine - INFO - Epoch(train)  [8][ 300/9162]  lr: 2.0000e-03  eta: 1 day, 7:17:17  time: 0.5961  data_time: 0.0295  memory: 1708  loss: 4.3637  loss_cls: 2.9235  loss_bbox: 1.4402
2025/06/22 14:50:59 - mmengine - INFO - Epoch(train)  [8][ 350/9162]  lr: 2.0000e-03  eta: 1 day, 7:16:27  time: 0.6037  data_time: 0.0304  memory: 1708  loss: 4.2907  loss_cls: 2.9064  loss_bbox: 1.3843
2025/06/22 14:51:29 - mmengine - INFO - Epoch(train)  [8][ 400/9162]  lr: 2.0000e-03  eta: 1 day, 7:15:35  time: 0.5999  data_time: 0.0312  memory: 1708  loss: 4.2504  loss_cls: 2.8684  loss_bbox: 1.3820
2025/06/22 14:51:59 - mmengine - INFO - Epoch(train)  [8][ 450/9162]  lr: 2.0000e-03  eta: 1 day, 7:14:44  time: 0.6002  data_time: 0.0333  memory: 1708  loss: 4.4283  loss_cls: 2.9659  loss_bbox: 1.4624
2025/06/22 14:52:30 - mmengine - INFO - Epoch(train)  [8][ 500/9162]  lr: 2.0000e-03  eta: 1 day, 7:13:57  time: 0.6291  data_time: 0.0521  memory: 1708  loss: 4.3703  loss_cls: 2.8927  loss_bbox: 1.4777
2025/06/22 14:53:03 - mmengine - INFO - Epoch(train)  [8][ 550/9162]  lr: 2.0000e-03  eta: 1 day, 7:13:12  time: 0.6532  data_time: 0.0634  memory: 1708  loss: 4.3533  loss_cls: 2.9136  loss_bbox: 1.4397
2025/06/22 14:53:37 - mmengine - INFO - Epoch(train)  [8][ 600/9162]  lr: 2.0000e-03  eta: 1 day, 7:12:30  time: 0.6739  data_time: 0.0707  memory: 1708  loss: 4.3727  loss_cls: 2.9595  loss_bbox: 1.4132
2025/06/22 14:54:11 - mmengine - INFO - Epoch(train)  [8][ 650/9162]  lr: 2.0000e-03  eta: 1 day, 7:11:48  time: 0.6787  data_time: 0.0818  memory: 1708  loss: 4.3191  loss_cls: 2.9078  loss_bbox: 1.4113
2025/06/22 14:54:45 - mmengine - INFO - Epoch(train)  [8][ 700/9162]  lr: 2.0000e-03  eta: 1 day, 7:11:06  time: 0.6725  data_time: 0.0917  memory: 1708  loss: 4.2879  loss_cls: 2.8790  loss_bbox: 1.4089
2025/06/22 14:55:17 - mmengine - INFO - Epoch(train)  [8][ 750/9162]  lr: 2.0000e-03  eta: 1 day, 7:10:22  time: 0.6589  data_time: 0.0857  memory: 1708  loss: 4.2782  loss_cls: 2.8726  loss_bbox: 1.4056
2025/06/22 14:55:50 - mmengine - INFO - Epoch(train)  [8][ 800/9162]  lr: 2.0000e-03  eta: 1 day, 7:09:36  time: 0.6483  data_time: 0.0616  memory: 1708  loss: 4.3935  loss_cls: 2.9044  loss_bbox: 1.4892
2025/06/22 14:56:22 - mmengine - INFO - Epoch(train)  [8][ 850/9162]  lr: 2.0000e-03  eta: 1 day, 7:08:51  time: 0.6447  data_time: 0.0706  memory: 1708  loss: 4.4326  loss_cls: 2.9577  loss_bbox: 1.4749
2025/06/22 14:56:32 - mmengine - INFO - Exp name: ssd300_coco_20250622_013555
2025/06/22 14:56:53 - mmengine - INFO - Epoch(train)  [8][ 900/9162]  lr: 2.0000e-03  eta: 1 day, 7:08:01  time: 0.6098  data_time: 0.0348  memory: 1708  loss: 4.3389  loss_cls: 2.8765  loss_bbox: 1.4624
2025/06/22 14:57:22 - mmengine - INFO - Epoch(train)  [8][ 950/9162]  lr: 2.0000e-03  eta: 1 day, 7:07:09  time: 0.5943  data_time: 0.0297  memory: 1708  loss: 4.4573  loss_cls: 2.9604  loss_bbox: 1.4968
2025/06/22 14:57:53 - mmengine - INFO - Epoch(train)  [8][1000/9162]  lr: 2.0000e-03  eta: 1 day, 7:06:20  time: 0.6105  data_time: 0.0438  memory: 1708  loss: 4.2749  loss_cls: 2.8543  loss_bbox: 1.4205
2025/06/22 14:58:24 - mmengine - INFO - Epoch(train)  [8][1050/9162]  lr: 2.0000e-03  eta: 1 day, 7:05:31  time: 0.6138  data_time: 0.0428  memory: 1708  loss: 4.4080  loss_cls: 2.9479  loss_bbox: 1.4601
2025/06/22 14:58:54 - mmengine - INFO - Epoch(train)  [8][1100/9162]  lr: 2.0000e-03  eta: 1 day, 7:04:40  time: 0.6030  data_time: 0.0317  memory: 1708  loss: 4.3106  loss_cls: 2.9126  loss_bbox: 1.3980
2025/06/22 14:59:26 - mmengine - INFO - Epoch(train)  [8][1150/9162]  lr: 2.0000e-03  eta: 1 day, 7:03:54  time: 0.6436  data_time: 0.0659  memory: 1708  loss: 4.3395  loss_cls: 2.8658  loss_bbox: 1.4737
2025/06/22 14:59:59 - mmengine - INFO - Epoch(train)  [8][1200/9162]  lr: 2.0000e-03  eta: 1 day, 7:03:09  time: 0.6466  data_time: 0.0727  memory: 1708  loss: 4.3412  loss_cls: 2.8854  loss_bbox: 1.4559
2025/06/22 15:00:32 - mmengine - INFO - Epoch(train)  [8][1250/9162]  lr: 2.0000e-03  eta: 1 day, 7:02:26  time: 0.6634  data_time: 0.0819  memory: 1708  loss: 4.2580  loss_cls: 2.8686  loss_bbox: 1.3894
2025/06/22 15:01:05 - mmengine - INFO - Epoch(train)  [8][1300/9162]  lr: 2.0000e-03  eta: 1 day, 7:01:43  time: 0.6663  data_time: 0.0900  memory: 1708  loss: 4.4058  loss_cls: 2.9205  loss_bbox: 1.4853
2025/06/22 15:01:38 - mmengine - INFO - Epoch(train)  [8][1350/9162]  lr: 2.0000e-03  eta: 1 day, 7:01:00  time: 0.6658  data_time: 0.0856  memory: 1708  loss: 4.2395  loss_cls: 2.8315  loss_bbox: 1.4080
2025/06/22 15:02:12 - mmengine - INFO - Epoch(train)  [8][1400/9162]  lr: 2.0000e-03  eta: 1 day, 7:00:18  time: 0.6714  data_time: 0.0812  memory: 1708  loss: 4.2897  loss_cls: 2.8780  loss_bbox: 1.4117
2025/06/22 15:02:46 - mmengine - INFO - Epoch(train)  [8][1450/9162]  lr: 2.0000e-03  eta: 1 day, 6:59:36  time: 0.6768  data_time: 0.0926  memory: 1708  loss: 4.4277  loss_cls: 2.9389  loss_bbox: 1.4888
2025/06/22 15:03:16 - mmengine - INFO - Epoch(train)  [8][1500/9162]  lr: 2.0000e-03  eta: 1 day, 6:58:47  time: 0.6111  data_time: 0.0409  memory: 1708  loss: 4.3212  loss_cls: 2.9138  loss_bbox: 1.4074
2025/06/22 15:03:46 - mmengine - INFO - Epoch(train)  [8][1550/9162]  lr: 2.0000e-03  eta: 1 day, 6:57:56  time: 0.5932  data_time: 0.0290  memory: 1708  loss: 4.3808  loss_cls: 2.9450  loss_bbox: 1.4358
2025/06/22 15:04:16 - mmengine - INFO - Epoch(train)  [8][1600/9162]  lr: 2.0000e-03  eta: 1 day, 6:57:05  time: 0.6013  data_time: 0.0313  memory: 1708  loss: 4.2294  loss_cls: 2.8672  loss_bbox: 1.3622
2025/06/22 15:04:46 - mmengine - INFO - Epoch(train)  [8][1650/9162]  lr: 2.0000e-03  eta: 1 day, 6:56:14  time: 0.5958  data_time: 0.0331  memory: 1708  loss: 4.3094  loss_cls: 2.9010  loss_bbox: 1.4084
2025/06/22 15:05:16 - mmengine - INFO - Epoch(train)  [8][1700/9162]  lr: 2.0000e-03  eta: 1 day, 6:55:24  time: 0.5987  data_time: 0.0323  memory: 1708  loss: 4.3499  loss_cls: 2.9328  loss_bbox: 1.4171
2025/06/22 15:05:46 - mmengine - INFO - Epoch(train)  [8][1750/9162]  lr: 2.0000e-03  eta: 1 day, 6:54:34  time: 0.6058  data_time: 0.0306  memory: 1708  loss: 4.3247  loss_cls: 2.8959  loss_bbox: 1.4287
2025/06/22 15:06:16 - mmengine - INFO - Epoch(train)  [8][1800/9162]  lr: 2.0000e-03  eta: 1 day, 6:53:43  time: 0.5955  data_time: 0.0289  memory: 1708  loss: 4.3079  loss_cls: 2.9073  loss_bbox: 1.4006
2025/06/22 15:06:46 - mmengine - INFO - Epoch(train)  [8][1850/9162]  lr: 2.0000e-03  eta: 1 day, 6:52:52  time: 0.5942  data_time: 0.0307  memory: 1708  loss: 4.3577  loss_cls: 2.9223  loss_bbox: 1.4353
2025/06/22 15:06:55 - mmengine - INFO - Exp name: ssd300_coco_20250622_013555
2025/06/22 15:07:16 - mmengine - INFO - Epoch(train)  [8][1900/9162]  lr: 2.0000e-03  eta: 1 day, 6:52:01  time: 0.5965  data_time: 0.0302  memory: 1708  loss: 4.4032  loss_cls: 2.9537  loss_bbox: 1.4495
2025/06/22 15:07:46 - mmengine - INFO - Epoch(train)  [8][1950/9162]  lr: 2.0000e-03  eta: 1 day, 6:51:10  time: 0.5957  data_time: 0.0324  memory: 1708  loss: 4.3714  loss_cls: 2.9357  loss_bbox: 1.4357
2025/06/22 15:08:16 - mmengine - INFO - Epoch(train)  [8][2000/9162]  lr: 2.0000e-03  eta: 1 day, 6:50:20  time: 0.5987  data_time: 0.0306  memory: 1708  loss: 4.3496  loss_cls: 2.9347  loss_bbox: 1.4149
2025/06/22 15:08:46 - mmengine - INFO - Epoch(train)  [8][2050/9162]  lr: 2.0000e-03  eta: 1 day, 6:49:30  time: 0.6059  data_time: 0.0354  memory: 1708  loss: 4.2848  loss_cls: 2.8632  loss_bbox: 1.4216
2025/06/22 15:09:16 - mmengine - INFO - Epoch(train)  [8][2100/9162]  lr: 2.0000e-03  eta: 1 day, 6:48:39  time: 0.5955  data_time: 0.0296  memory: 1708  loss: 4.2775  loss_cls: 2.8495  loss_bbox: 1.4281
2025/06/22 15:09:46 - mmengine - INFO - Epoch(train)  [8][2150/9162]  lr: 2.0000e-03  eta: 1 day, 6:47:49  time: 0.5983  data_time: 0.0300  memory: 1708  loss: 4.2754  loss_cls: 2.8762  loss_bbox: 1.3992
2025/06/22 15:10:16 - mmengine - INFO - Epoch(train)  [8][2200/9162]  lr: 2.0000e-03  eta: 1 day, 6:46:58  time: 0.5978  data_time: 0.0299  memory: 1708  loss: 4.2740  loss_cls: 2.8613  loss_bbox: 1.4127
2025/06/22 15:10:46 - mmengine - INFO - Epoch(train)  [8][2250/9162]  lr: 2.0000e-03  eta: 1 day, 6:46:09  time: 0.6045  data_time: 0.0330  memory: 1708  loss: 4.3638  loss_cls: 2.9198  loss_bbox: 1.4439
2025/06/22 15:11:16 - mmengine - INFO - Epoch(train)  [8][2300/9162]  lr: 2.0000e-03  eta: 1 day, 6:45:19  time: 0.6024  data_time: 0.0303  memory: 1708  loss: 4.2025  loss_cls: 2.8368  loss_bbox: 1.3657
2025/06/22 15:11:46 - mmengine - INFO - Epoch(train)  [8][2350/9162]  lr: 2.0000e-03  eta: 1 day, 6:44:28  time: 0.5939  data_time: 0.0303  memory: 1708  loss: 4.3230  loss_cls: 2.9175  loss_bbox: 1.4055
2025/06/22 15:12:16 - mmengine - INFO - Epoch(train)  [8][2400/9162]  lr: 2.0000e-03  eta: 1 day, 6:43:38  time: 0.5991  data_time: 0.0312  memory: 1708  loss: 4.3269  loss_cls: 2.9182  loss_bbox: 1.4087
2025/06/22 15:12:45 - mmengine - INFO - Epoch(train)  [8][2450/9162]  lr: 2.0000e-03  eta: 1 day, 6:42:47  time: 0.5962  data_time: 0.0341  memory: 1708  loss: 4.3212  loss_cls: 2.8902  loss_bbox: 1.4310
2025/06/22 15:13:15 - mmengine - INFO - Epoch(train)  [8][2500/9162]  lr: 2.0000e-03  eta: 1 day, 6:41:57  time: 0.5980  data_time: 0.0313  memory: 1708  loss: 4.3844  loss_cls: 2.9180  loss_bbox: 1.4664
2025/06/22 15:13:46 - mmengine - INFO - Epoch(train)  [8][2550/9162]  lr: 2.0000e-03  eta: 1 day, 6:41:08  time: 0.6020  data_time: 0.0309  memory: 1708  loss: 4.3694  loss_cls: 2.9315  loss_bbox: 1.4379
2025/06/22 15:14:15 - mmengine - INFO - Epoch(train)  [8][2600/9162]  lr: 2.0000e-03  eta: 1 day, 6:40:17  time: 0.5933  data_time: 0.0305  memory: 1708  loss: 4.2135  loss_cls: 2.8760  loss_bbox: 1.3375
2025/06/22 15:14:45 - mmengine - INFO - Epoch(train)  [8][2650/9162]  lr: 2.0000e-03  eta: 1 day, 6:39:27  time: 0.6010  data_time: 0.0294  memory: 1708  loss: 4.4053  loss_cls: 2.9559  loss_bbox: 1.4494
2025/06/22 15:15:15 - mmengine - INFO - Epoch(train)  [8][2700/9162]  lr: 2.0000e-03  eta: 1 day, 6:38:37  time: 0.6004  data_time: 0.0319  memory: 1708  loss: 4.3041  loss_cls: 2.8785  loss_bbox: 1.4256
2025/06/22 15:15:46 - mmengine - INFO - Epoch(train)  [8][2750/9162]  lr: 2.0000e-03  eta: 1 day, 6:37:48  time: 0.6060  data_time: 0.0314  memory: 1708  loss: 4.4146  loss_cls: 2.9081  loss_bbox: 1.5066
2025/06/22 15:16:19 - mmengine - INFO - Epoch(train)  [8][2800/9162]  lr: 2.0000e-03  eta: 1 day, 6:37:05  time: 0.6589  data_time: 0.0629  memory: 1708  loss: 4.1882  loss_cls: 2.8139  loss_bbox: 1.3743
2025/06/22 15:16:53 - mmengine - INFO - Epoch(train)  [8][2850/9162]  lr: 2.0000e-03  eta: 1 day, 6:36:24  time: 0.6805  data_time: 0.0767  memory: 1708  loss: 4.3379  loss_cls: 2.8889  loss_bbox: 1.4490
2025/06/22 15:17:04 - mmengine - INFO - Exp name: ssd300_coco_20250622_013555
2025/06/22 15:17:26 - mmengine - INFO - Epoch(train)  [8][2900/9162]  lr: 2.0000e-03  eta: 1 day, 6:35:42  time: 0.6659  data_time: 0.0896  memory: 1708  loss: 4.2554  loss_cls: 2.8382  loss_bbox: 1.4172
2025/06/22 15:18:00 - mmengine - INFO - Epoch(train)  [8][2950/9162]  lr: 2.0000e-03  eta: 1 day, 6:35:01  time: 0.6738  data_time: 0.0890  memory: 1708  loss: 4.3841  loss_cls: 2.9449  loss_bbox: 1.4392
2025/06/22 15:18:33 - mmengine - INFO - Epoch(train)  [8][3000/9162]  lr: 2.0000e-03  eta: 1 day, 6:34:18  time: 0.6627  data_time: 0.0780  memory: 1708  loss: 4.3079  loss_cls: 2.8994  loss_bbox: 1.4085
2025/06/22 15:19:07 - mmengine - INFO - Epoch(train)  [8][3050/9162]  lr: 2.0000e-03  eta: 1 day, 6:33:37  time: 0.6802  data_time: 0.0734  memory: 1708  loss: 4.2181  loss_cls: 2.8594  loss_bbox: 1.3586
2025/06/22 15:19:44 - mmengine - INFO - Epoch(train)  [8][3100/9162]  lr: 2.0000e-03  eta: 1 day, 6:33:04  time: 0.7419  data_time: 0.0819  memory: 1708  loss: 4.3558  loss_cls: 2.9107  loss_bbox: 1.4451
2025/06/22 15:20:22 - mmengine - INFO - Epoch(train)  [8][3150/9162]  lr: 2.0000e-03  eta: 1 day, 6:32:32  time: 0.7563  data_time: 0.1107  memory: 1708  loss: 4.3331  loss_cls: 2.9257  loss_bbox: 1.4073
2025/06/22 15:21:00 - mmengine - INFO - Epoch(train)  [8][3200/9162]  lr: 2.0000e-03  eta: 1 day, 6:32:00  time: 0.7604  data_time: 0.1022  memory: 1708  loss: 4.4118  loss_cls: 2.9571  loss_bbox: 1.4547
2025/06/22 15:21:38 - mmengine - INFO - Epoch(train)  [8][3250/9162]  lr: 2.0000e-03  eta: 1 day, 6:31:28  time: 0.7528  data_time: 0.0942  memory: 1708  loss: 4.3136  loss_cls: 2.8847  loss_bbox: 1.4289
2025/06/22 15:22:15 - mmengine - INFO - Epoch(train)  [8][3300/9162]  lr: 2.0000e-03  eta: 1 day, 6:30:55  time: 0.7480  data_time: 0.1202  memory: 1708  loss: 4.3236  loss_cls: 2.8890  loss_bbox: 1.4346
2025/06/22 15:22:53 - mmengine - INFO - Epoch(train)  [8][3350/9162]  lr: 2.0000e-03  eta: 1 day, 6:30:23  time: 0.7535  data_time: 0.1413  memory: 1708  loss: 4.1618  loss_cls: 2.8262  loss_bbox: 1.3356
2025/06/22 15:23:27 - mmengine - INFO - Epoch(train)  [8][3400/9162]  lr: 2.0000e-03  eta: 1 day, 6:29:43  time: 0.6900  data_time: 0.1092  memory: 1708  loss: 4.3453  loss_cls: 2.9097  loss_bbox: 1.4357
2025/06/22 15:23:58 - mmengine - INFO - Epoch(train)  [8][3450/9162]  lr: 2.0000e-03  eta: 1 day, 6:28:55  time: 0.6094  data_time: 0.0370  memory: 1708  loss: 4.3369  loss_cls: 2.8936  loss_bbox: 1.4433
2025/06/22 15:24:28 - mmengine - INFO - Epoch(train)  [8][3500/9162]  lr: 2.0000e-03  eta: 1 day, 6:28:06  time: 0.6033  data_time: 0.0308  memory: 1708  loss: 4.3485  loss_cls: 2.9344  loss_bbox: 1.4141
2025/06/22 15:25:03 - mmengine - INFO - Epoch(train)  [8][3550/9162]  lr: 2.0000e-03  eta: 1 day, 6:27:26  time: 0.6886  data_time: 0.0899  memory: 1708  loss: 4.4283  loss_cls: 2.9654  loss_bbox: 1.4629
2025/06/22 15:25:37 - mmengine - INFO - Epoch(train)  [8][3600/9162]  lr: 2.0000e-03  eta: 1 day, 6:26:46  time: 0.6858  data_time: 0.1104  memory: 1708  loss: 4.3221  loss_cls: 2.8668  loss_bbox: 1.4552
2025/06/22 15:26:11 - mmengine - INFO - Epoch(train)  [8][3650/9162]  lr: 2.0000e-03  eta: 1 day, 6:26:05  time: 0.6749  data_time: 0.0919  memory: 1708  loss: 4.2534  loss_cls: 2.8653  loss_bbox: 1.3881
2025/06/22 15:26:42 - mmengine - INFO - Epoch(train)  [8][3700/9162]  lr: 2.0000e-03  eta: 1 day, 6:25:19  time: 0.6339  data_time: 0.0607  memory: 1708  loss: 4.3233  loss_cls: 2.9093  loss_bbox: 1.4140
2025/06/22 15:27:14 - mmengine - INFO - Epoch(train)  [8][3750/9162]  lr: 2.0000e-03  eta: 1 day, 6:24:34  time: 0.6392  data_time: 0.0612  memory: 1708  loss: 4.4271  loss_cls: 2.9778  loss_bbox: 1.4493
2025/06/22 15:27:46 - mmengine - INFO - Epoch(train)  [8][3800/9162]  lr: 2.0000e-03  eta: 1 day, 6:23:49  time: 0.6377  data_time: 0.0484  memory: 1708  loss: 4.3859  loss_cls: 2.9187  loss_bbox: 1.4672
2025/06/22 15:28:18 - mmengine - INFO - Epoch(train)  [8][3850/9162]  lr: 2.0000e-03  eta: 1 day, 6:23:03  time: 0.6288  data_time: 0.0591  memory: 1708  loss: 4.2893  loss_cls: 2.8866  loss_bbox: 1.4027
2025/06/22 15:28:28 - mmengine - INFO - Exp name: ssd300_coco_20250622_013555
2025/06/22 15:28:49 - mmengine - INFO - Epoch(train)  [8][3900/9162]  lr: 2.0000e-03  eta: 1 day, 6:22:15  time: 0.6163  data_time: 0.0459  memory: 1708  loss: 4.3569  loss_cls: 2.9083  loss_bbox: 1.4486
2025/06/22 15:29:19 - mmengine - INFO - Epoch(train)  [8][3950/9162]  lr: 2.0000e-03  eta: 1 day, 6:21:26  time: 0.6045  data_time: 0.0342  memory: 1708  loss: 4.2690  loss_cls: 2.8634  loss_bbox: 1.4055
2025/06/22 15:29:51 - mmengine - INFO - Epoch(train)  [8][4000/9162]  lr: 2.0000e-03  eta: 1 day, 6:20:41  time: 0.6358  data_time: 0.0558  memory: 1708  loss: 4.3121  loss_cls: 2.8952  loss_bbox: 1.4169
2025/06/22 15:30:24 - mmengine - INFO - Epoch(train)  [8][4050/9162]  lr: 2.0000e-03  eta: 1 day, 6:20:00  time: 0.6739  data_time: 0.0799  memory: 1708  loss: 4.3585  loss_cls: 2.9360  loss_bbox: 1.4225
2025/06/22 15:30:56 - mmengine - INFO - Epoch(train)  [8][4100/9162]  lr: 2.0000e-03  eta: 1 day, 6:19:14  time: 0.6288  data_time: 0.0518  memory: 1708  loss: 4.2982  loss_cls: 2.8728  loss_bbox: 1.4254
2025/06/22 15:31:29 - mmengine - INFO - Epoch(train)  [8][4150/9162]  lr: 2.0000e-03  eta: 1 day, 6:18:32  time: 0.6664  data_time: 0.0651  memory: 1708  loss: 4.3291  loss_cls: 2.9244  loss_bbox: 1.4048
2025/06/22 15:32:02 - mmengine - INFO - Epoch(train)  [8][4200/9162]  lr: 2.0000e-03  eta: 1 day, 6:17:49  time: 0.6608  data_time: 0.0689  memory: 1708  loss: 4.3282  loss_cls: 2.8983  loss_bbox: 1.4299
2025/06/22 15:32:36 - mmengine - INFO - Epoch(train)  [8][4250/9162]  lr: 2.0000e-03  eta: 1 day, 6:17:09  time: 0.6809  data_time: 0.0936  memory: 1708  loss: 4.3801  loss_cls: 2.9377  loss_bbox: 1.4424
2025/06/22 15:33:10 - mmengine - INFO - Epoch(train)  [8][4300/9162]  lr: 2.0000e-03  eta: 1 day, 6:16:29  time: 0.6800  data_time: 0.0911  memory: 1708  loss: 4.3562  loss_cls: 2.9296  loss_bbox: 1.4266
2025/06/22 15:33:44 - mmengine - INFO - Epoch(train)  [8][4350/9162]  lr: 2.0000e-03  eta: 1 day, 6:15:47  time: 0.6731  data_time: 0.0803  memory: 1708  loss: 4.3972  loss_cls: 2.9203  loss_bbox: 1.4769
2025/06/22 15:34:18 - mmengine - INFO - Epoch(train)  [8][4400/9162]  lr: 2.0000e-03  eta: 1 day, 6:15:07  time: 0.6823  data_time: 0.0857  memory: 1708  loss: 4.3291  loss_cls: 2.9325  loss_bbox: 1.3966
2025/06/22 15:34:52 - mmengine - INFO - Epoch(train)  [8][4450/9162]  lr: 2.0000e-03  eta: 1 day, 6:14:25  time: 0.6643  data_time: 0.0716  memory: 1708  loss: 4.3809  loss_cls: 2.9192  loss_bbox: 1.4617
2025/06/22 15:35:26 - mmengine - INFO - Epoch(train)  [8][4500/9162]  lr: 2.0000e-03  eta: 1 day, 6:13:45  time: 0.6827  data_time: 0.0897  memory: 1708  loss: 4.2983  loss_cls: 2.9097  loss_bbox: 1.3886
2025/06/22 15:36:00 - mmengine - INFO - Epoch(train)  [8][4550/9162]  lr: 2.0000e-03  eta: 1 day, 6:13:06  time: 0.6862  data_time: 0.0790  memory: 1708  loss: 4.4552  loss_cls: 3.0231  loss_bbox: 1.4321
2025/06/22 15:36:35 - mmengine - INFO - Epoch(train)  [8][4600/9162]  lr: 2.0000e-03  eta: 1 day, 6:12:27  time: 0.6944  data_time: 0.1028  memory: 1708  loss: 4.4424  loss_cls: 2.9754  loss_bbox: 1.4670
2025/06/22 15:37:08 - mmengine - INFO - Epoch(train)  [8][4650/9162]  lr: 2.0000e-03  eta: 1 day, 6:11:44  time: 0.6589  data_time: 0.0646  memory: 1708  loss: 4.2805  loss_cls: 2.8964  loss_bbox: 1.3841
2025/06/22 15:37:42 - mmengine - INFO - Epoch(train)  [8][4700/9162]  lr: 2.0000e-03  eta: 1 day, 6:11:05  time: 0.6927  data_time: 0.0846  memory: 1708  loss: 4.2711  loss_cls: 2.8826  loss_bbox: 1.3886
2025/06/22 15:38:16 - mmengine - INFO - Epoch(train)  [8][4750/9162]  lr: 2.0000e-03  eta: 1 day, 6:10:25  time: 0.6762  data_time: 0.0763  memory: 1708  loss: 4.3631  loss_cls: 2.9067  loss_bbox: 1.4564
2025/06/22 15:38:50 - mmengine - INFO - Epoch(train)  [8][4800/9162]  lr: 2.0000e-03  eta: 1 day, 6:09:44  time: 0.6754  data_time: 0.0847  memory: 1708  loss: 4.1960  loss_cls: 2.8108  loss_bbox: 1.3851
2025/06/22 15:39:23 - mmengine - INFO - Epoch(train)  [8][4850/9162]  lr: 2.0000e-03  eta: 1 day, 6:09:01  time: 0.6581  data_time: 0.0602  memory: 1708  loss: 4.2456  loss_cls: 2.8397  loss_bbox: 1.4059
2025/06/22 15:39:34 - mmengine - INFO - Exp name: ssd300_coco_20250622_013555
2025/06/22 15:39:57 - mmengine - INFO - Epoch(train)  [8][4900/9162]  lr: 2.0000e-03  eta: 1 day, 6:08:20  time: 0.6760  data_time: 0.0886  memory: 1708  loss: 4.3343  loss_cls: 2.9157  loss_bbox: 1.4186
2025/06/22 15:40:31 - mmengine - INFO - Epoch(train)  [8][4950/9162]  lr: 2.0000e-03  eta: 1 day, 6:07:40  time: 0.6753  data_time: 0.0849  memory: 1708  loss: 4.3573  loss_cls: 2.8974  loss_bbox: 1.4599
2025/06/22 15:41:04 - mmengine - INFO - Epoch(train)  [8][5000/9162]  lr: 2.0000e-03  eta: 1 day, 6:06:59  time: 0.6745  data_time: 0.0885  memory: 1708  loss: 4.2800  loss_cls: 2.8543  loss_bbox: 1.4257
2025/06/22 15:41:37 - mmengine - INFO - Epoch(train)  [8][5050/9162]  lr: 2.0000e-03  eta: 1 day, 6:06:16  time: 0.6555  data_time: 0.0712  memory: 1708  loss: 4.3729  loss_cls: 2.9103  loss_bbox: 1.4626
2025/06/22 15:42:08 - mmengine - INFO - Epoch(train)  [8][5100/9162]  lr: 2.0000e-03  eta: 1 day, 6:05:28  time: 0.6101  data_time: 0.0326  memory: 1708  loss: 4.3590  loss_cls: 2.9316  loss_bbox: 1.4273
2025/06/22 15:42:39 - mmengine - INFO - Epoch(train)  [8][5150/9162]  lr: 2.0000e-03  eta: 1 day, 6:04:43  time: 0.6297  data_time: 0.0583  memory: 1708  loss: 4.3932  loss_cls: 2.9153  loss_bbox: 1.4779
2025/06/22 15:43:13 - mmengine - INFO - Epoch(train)  [8][5200/9162]  lr: 2.0000e-03  eta: 1 day, 6:04:01  time: 0.6692  data_time: 0.0790  memory: 1708  loss: 4.2043  loss_cls: 2.8344  loss_bbox: 1.3699
2025/06/22 15:43:47 - mmengine - INFO - Epoch(train)  [8][5250/9162]  lr: 2.0000e-03  eta: 1 day, 6:03:21  time: 0.6758  data_time: 0.0748  memory: 1708  loss: 4.2544  loss_cls: 2.8565  loss_bbox: 1.3979
2025/06/22 15:44:20 - mmengine - INFO - Epoch(train)  [8][5300/9162]  lr: 2.0000e-03  eta: 1 day, 6:02:39  time: 0.6695  data_time: 0.0799  memory: 1708  loss: 4.3389  loss_cls: 2.9429  loss_bbox: 1.3960
2025/06/22 15:44:55 - mmengine - INFO - Epoch(train)  [8][5350/9162]  lr: 2.0000e-03  eta: 1 day, 6:02:00  time: 0.6918  data_time: 0.0952  memory: 1708  loss: 4.3449  loss_cls: 2.9102  loss_bbox: 1.4348
2025/06/22 15:45:27 - mmengine - INFO - Epoch(train)  [8][5400/9162]  lr: 2.0000e-03  eta: 1 day, 6:01:16  time: 0.6447  data_time: 0.0681  memory: 1708  loss: 4.4140  loss_cls: 2.9602  loss_bbox: 1.4538
2025/06/22 15:45:57 - mmengine - INFO - Epoch(train)  [8][5450/9162]  lr: 2.0000e-03  eta: 1 day, 6:00:28  time: 0.6056  data_time: 0.0344  memory: 1708  loss: 4.2472  loss_cls: 2.8381  loss_bbox: 1.4091
2025/06/22 15:46:29 - mmengine - INFO - Epoch(train)  [8][5500/9162]  lr: 2.0000e-03  eta: 1 day, 5:59:42  time: 0.6266  data_time: 0.0424  memory: 1708  loss: 4.2967  loss_cls: 2.9306  loss_bbox: 1.3660
2025/06/22 15:46:58 - mmengine - INFO - Epoch(train)  [8][5550/9162]  lr: 2.0000e-03  eta: 1 day, 5:58:53  time: 0.5954  data_time: 0.0299  memory: 1708  loss: 4.3235  loss_cls: 2.9284  loss_bbox: 1.3951
2025/06/22 15:47:29 - mmengine - INFO - Epoch(train)  [8][5600/9162]  lr: 2.0000e-03  eta: 1 day, 5:58:04  time: 0.6004  data_time: 0.0301  memory: 1708  loss: 4.4865  loss_cls: 2.9783  loss_bbox: 1.5082
2025/06/22 15:47:59 - mmengine - INFO - Epoch(train)  [8][5650/9162]  lr: 2.0000e-03  eta: 1 day, 5:57:16  time: 0.6009  data_time: 0.0314  memory: 1708  loss: 4.2861  loss_cls: 2.8966  loss_bbox: 1.3895
2025/06/22 15:48:29 - mmengine - INFO - Epoch(train)  [8][5700/9162]  lr: 2.0000e-03  eta: 1 day, 5:56:28  time: 0.6024  data_time: 0.0283  memory: 1708  loss: 4.3397  loss_cls: 2.8502  loss_bbox: 1.4895
2025/06/22 15:48:58 - mmengine - INFO - Epoch(train)  [8][5750/9162]  lr: 2.0000e-03  eta: 1 day, 5:55:38  time: 0.5933  data_time: 0.0296  memory: 1708  loss: 4.3995  loss_cls: 2.9804  loss_bbox: 1.4191
2025/06/22 15:49:29 - mmengine - INFO - Epoch(train)  [8][5800/9162]  lr: 2.0000e-03  eta: 1 day, 5:54:50  time: 0.6057  data_time: 0.0301  memory: 1708  loss: 4.1654  loss_cls: 2.8182  loss_bbox: 1.3472
2025/06/22 15:49:59 - mmengine - INFO - Epoch(train)  [8][5850/9162]  lr: 2.0000e-03  eta: 1 day, 5:54:02  time: 0.5994  data_time: 0.0297  memory: 1708  loss: 4.3480  loss_cls: 2.9095  loss_bbox: 1.4385
2025/06/22 15:50:08 - mmengine - INFO - Exp name: ssd300_coco_20250622_013555
2025/06/22 15:50:29 - mmengine - INFO - Epoch(train)  [8][5900/9162]  lr: 2.0000e-03  eta: 1 day, 5:53:13  time: 0.5985  data_time: 0.0308  memory: 1708  loss: 4.2482  loss_cls: 2.8612  loss_bbox: 1.3870
2025/06/22 15:50:59 - mmengine - INFO - Epoch(train)  [8][5950/9162]  lr: 2.0000e-03  eta: 1 day, 5:52:24  time: 0.5987  data_time: 0.0346  memory: 1708  loss: 4.3288  loss_cls: 2.9414  loss_bbox: 1.3874
2025/06/22 15:51:29 - mmengine - INFO - Epoch(train)  [8][6000/9162]  lr: 2.0000e-03  eta: 1 day, 5:51:36  time: 0.6048  data_time: 0.0300  memory: 1708  loss: 4.3135  loss_cls: 2.8837  loss_bbox: 1.4299
2025/06/22 15:51:59 - mmengine - INFO - Epoch(train)  [8][6050/9162]  lr: 2.0000e-03  eta: 1 day, 5:50:47  time: 0.5951  data_time: 0.0300  memory: 1708  loss: 4.3600  loss_cls: 2.8931  loss_bbox: 1.4669
2025/06/22 15:52:29 - mmengine - INFO - Epoch(train)  [8][6100/9162]  lr: 2.0000e-03  eta: 1 day, 5:49:58  time: 0.5962  data_time: 0.0307  memory: 1708  loss: 4.3734  loss_cls: 2.9732  loss_bbox: 1.4003
2025/06/22 15:52:59 - mmengine - INFO - Epoch(train)  [8][6150/9162]  lr: 2.0000e-03  eta: 1 day, 5:49:10  time: 0.5996  data_time: 0.0321  memory: 1708  loss: 4.2033  loss_cls: 2.8337  loss_bbox: 1.3696
2025/06/22 15:53:29 - mmengine - INFO - Epoch(train)  [8][6200/9162]  lr: 2.0000e-03  eta: 1 day, 5:48:22  time: 0.6078  data_time: 0.0323  memory: 1708  loss: 4.3246  loss_cls: 2.8787  loss_bbox: 1.4459
2025/06/22 15:53:59 - mmengine - INFO - Epoch(train)  [8][6250/9162]  lr: 2.0000e-03  eta: 1 day, 5:47:34  time: 0.6008  data_time: 0.0338  memory: 1708  loss: 4.2992  loss_cls: 2.8655  loss_bbox: 1.4337
2025/06/22 15:54:30 - mmengine - INFO - Epoch(train)  [8][6300/9162]  lr: 2.0000e-03  eta: 1 day, 5:46:47  time: 0.6098  data_time: 0.0306  memory: 1708  loss: 4.3275  loss_cls: 2.8929  loss_bbox: 1.4345
2025/06/22 15:54:59 - mmengine - INFO - Epoch(train)  [8][6350/9162]  lr: 2.0000e-03  eta: 1 day, 5:45:58  time: 0.5961  data_time: 0.0293  memory: 1708  loss: 4.4144  loss_cls: 2.9886  loss_bbox: 1.4258
2025/06/22 15:55:29 - mmengine - INFO - Epoch(train)  [8][6400/9162]  lr: 2.0000e-03  eta: 1 day, 5:45:09  time: 0.5912  data_time: 0.0301  memory: 1708  loss: 4.2993  loss_cls: 2.8588  loss_bbox: 1.4405
2025/06/22 15:55:59 - mmengine - INFO - Epoch(train)  [8][6450/9162]  lr: 2.0000e-03  eta: 1 day, 5:44:21  time: 0.6000  data_time: 0.0293  memory: 1708  loss: 4.3592  loss_cls: 2.9464  loss_bbox: 1.4128
2025/06/22 15:56:29 - mmengine - INFO - Epoch(train)  [8][6500/9162]  lr: 2.0000e-03  eta: 1 day, 5:43:32  time: 0.5982  data_time: 0.0296  memory: 1708  loss: 4.4360  loss_cls: 2.9353  loss_bbox: 1.5007
2025/06/22 15:56:59 - mmengine - INFO - Epoch(train)  [8][6550/9162]  lr: 2.0000e-03  eta: 1 day, 5:42:45  time: 0.6058  data_time: 0.0308  memory: 1708  loss: 4.3382  loss_cls: 2.8664  loss_bbox: 1.4718
2025/06/22 15:57:29 - mmengine - INFO - Epoch(train)  [8][6600/9162]  lr: 2.0000e-03  eta: 1 day, 5:41:56  time: 0.5958  data_time: 0.0305  memory: 1708  loss: 4.3733  loss_cls: 2.9171  loss_bbox: 1.4562
2025/06/22 15:57:59 - mmengine - INFO - Epoch(train)  [8][6650/9162]  lr: 2.0000e-03  eta: 1 day, 5:41:08  time: 0.5981  data_time: 0.0325  memory: 1708  loss: 4.3230  loss_cls: 2.8931  loss_bbox: 1.4299
2025/06/22 15:58:29 - mmengine - INFO - Epoch(train)  [8][6700/9162]  lr: 2.0000e-03  eta: 1 day, 5:40:20  time: 0.6011  data_time: 0.0334  memory: 1708  loss: 4.2943  loss_cls: 2.9043  loss_bbox: 1.3900
2025/06/22 15:58:59 - mmengine - INFO - Epoch(train)  [8][6750/9162]  lr: 2.0000e-03  eta: 1 day, 5:39:32  time: 0.6036  data_time: 0.0342  memory: 1708  loss: 4.3374  loss_cls: 2.9168  loss_bbox: 1.4206
2025/06/22 15:59:29 - mmengine - INFO - Epoch(train)  [8][6800/9162]  lr: 2.0000e-03  eta: 1 day, 5:38:44  time: 0.5998  data_time: 0.0300  memory: 1708  loss: 4.3452  loss_cls: 2.8910  loss_bbox: 1.4542
2025/06/22 16:00:00 - mmengine - INFO - Epoch(train)  [8][6850/9162]  lr: 2.0000e-03  eta: 1 day, 5:37:57  time: 0.6095  data_time: 0.0300  memory: 1708  loss: 4.2219  loss_cls: 2.8481  loss_bbox: 1.3738
2025/06/22 16:00:09 - mmengine - INFO - Exp name: ssd300_coco_20250622_013555
2025/06/22 16:00:30 - mmengine - INFO - Epoch(train)  [8][6900/9162]  lr: 2.0000e-03  eta: 1 day, 5:37:08  time: 0.5952  data_time: 0.0289  memory: 1708  loss: 4.2289  loss_cls: 2.8398  loss_bbox: 1.3891
2025/06/22 16:01:00 - mmengine - INFO - Epoch(train)  [8][6950/9162]  lr: 2.0000e-03  eta: 1 day, 5:36:20  time: 0.5978  data_time: 0.0304  memory: 1708  loss: 4.2966  loss_cls: 2.8543  loss_bbox: 1.4423
2025/06/22 16:01:30 - mmengine - INFO - Epoch(train)  [8][7000/9162]  lr: 2.0000e-03  eta: 1 day, 5:35:32  time: 0.5966  data_time: 0.0299  memory: 1708  loss: 4.2189  loss_cls: 2.8389  loss_bbox: 1.3800
2025/06/22 16:01:59 - mmengine - INFO - Epoch(train)  [8][7050/9162]  lr: 2.0000e-03  eta: 1 day, 5:34:44  time: 0.5974  data_time: 0.0298  memory: 1708  loss: 4.3270  loss_cls: 2.9064  loss_bbox: 1.4206
2025/06/22 16:02:29 - mmengine - INFO - Epoch(train)  [8][7100/9162]  lr: 2.0000e-03  eta: 1 day, 5:33:56  time: 0.5993  data_time: 0.0301  memory: 1708  loss: 4.3785  loss_cls: 2.9115  loss_bbox: 1.4669
2025/06/22 16:03:00 - mmengine - INFO - Epoch(train)  [8][7150/9162]  lr: 2.0000e-03  eta: 1 day, 5:33:08  time: 0.6022  data_time: 0.0306  memory: 1708  loss: 4.3838  loss_cls: 2.8691  loss_bbox: 1.5147
2025/06/22 16:03:29 - mmengine - INFO - Epoch(train)  [8][7200/9162]  lr: 2.0000e-03  eta: 1 day, 5:32:19  time: 0.5928  data_time: 0.0301  memory: 1708  loss: 4.3658  loss_cls: 2.9163  loss_bbox: 1.4495
2025/06/22 16:03:59 - mmengine - INFO - Epoch(train)  [8][7250/9162]  lr: 2.0000e-03  eta: 1 day, 5:31:31  time: 0.5948  data_time: 0.0302  memory: 1708  loss: 4.2863  loss_cls: 2.8699  loss_bbox: 1.4164
2025/06/22 16:04:29 - mmengine - INFO - Epoch(train)  [8][7300/9162]  lr: 2.0000e-03  eta: 1 day, 5:30:44  time: 0.6088  data_time: 0.0304  memory: 1708  loss: 4.3807  loss_cls: 2.9192  loss_bbox: 1.4615
2025/06/22 16:05:00 - mmengine - INFO - Epoch(train)  [8][7350/9162]  lr: 2.0000e-03  eta: 1 day, 5:29:56  time: 0.6006  data_time: 0.0296  memory: 1708  loss: 4.3208  loss_cls: 2.8936  loss_bbox: 1.4273
2025/06/22 16:05:29 - mmengine - INFO - Epoch(train)  [8][7400/9162]  lr: 2.0000e-03  eta: 1 day, 5:29:08  time: 0.5967  data_time: 0.0304  memory: 1708  loss: 4.3717  loss_cls: 2.9043  loss_bbox: 1.4674
2025/06/22 16:06:00 - mmengine - INFO - Epoch(train)  [8][7450/9162]  lr: 2.0000e-03  eta: 1 day, 5:28:21  time: 0.6044  data_time: 0.0325  memory: 1708  loss: 4.2935  loss_cls: 2.8970  loss_bbox: 1.3965
2025/06/22 16:06:31 - mmengine - INFO - Epoch(train)  [8][7500/9162]  lr: 2.0000e-03  eta: 1 day, 5:27:35  time: 0.6167  data_time: 0.0299  memory: 1708  loss: 4.2968  loss_cls: 2.8838  loss_bbox: 1.4130
2025/06/22 16:07:00 - mmengine - INFO - Epoch(train)  [8][7550/9162]  lr: 2.0000e-03  eta: 1 day, 5:26:47  time: 0.5963  data_time: 0.0304  memory: 1708  loss: 4.3345  loss_cls: 2.9029  loss_bbox: 1.4316
2025/06/22 16:07:30 - mmengine - INFO - Epoch(train)  [8][7600/9162]  lr: 2.0000e-03  eta: 1 day, 5:25:59  time: 0.5960  data_time: 0.0320  memory: 1708  loss: 4.3339  loss_cls: 2.9274  loss_bbox: 1.4065
2025/06/22 16:08:00 - mmengine - INFO - Epoch(train)  [8][7650/9162]  lr: 2.0000e-03  eta: 1 day, 5:25:11  time: 0.5948  data_time: 0.0303  memory: 1708  loss: 4.3717  loss_cls: 2.9055  loss_bbox: 1.4662
2025/06/22 16:08:30 - mmengine - INFO - Epoch(train)  [8][7700/9162]  lr: 2.0000e-03  eta: 1 day, 5:24:23  time: 0.5967  data_time: 0.0305  memory: 1708  loss: 4.3057  loss_cls: 2.9033  loss_bbox: 1.4024
2025/06/22 16:09:00 - mmengine - INFO - Epoch(train)  [8][7750/9162]  lr: 2.0000e-03  eta: 1 day, 5:23:36  time: 0.6056  data_time: 0.0311  memory: 1708  loss: 4.3925  loss_cls: 2.9587  loss_bbox: 1.4337
2025/06/22 16:09:31 - mmengine - INFO - Epoch(train)  [8][7800/9162]  lr: 2.0000e-03  eta: 1 day, 5:22:49  time: 0.6065  data_time: 0.0302  memory: 1708  loss: 4.2838  loss_cls: 2.8758  loss_bbox: 1.4080
2025/06/22 16:10:00 - mmengine - INFO - Epoch(train)  [8][7850/9162]  lr: 2.0000e-03  eta: 1 day, 5:22:01  time: 0.5956  data_time: 0.0307  memory: 1708  loss: 4.3639  loss_cls: 2.8909  loss_bbox: 1.4730
2025/06/22 16:10:10 - mmengine - INFO - Exp name: ssd300_coco_20250622_013555
2025/06/22 16:10:30 - mmengine - INFO - Epoch(train)  [8][7900/9162]  lr: 2.0000e-03  eta: 1 day, 5:21:13  time: 0.5956  data_time: 0.0295  memory: 1708  loss: 4.2739  loss_cls: 2.8934  loss_bbox: 1.3806
2025/06/22 16:11:02 - mmengine - INFO - Epoch(train)  [8][7950/9162]  lr: 2.0000e-03  eta: 1 day, 5:20:28  time: 0.6281  data_time: 0.0407  memory: 1708  loss: 4.2705  loss_cls: 2.8394  loss_bbox: 1.4311
2025/06/22 16:11:39 - mmengine - INFO - Epoch(train)  [8][8000/9162]  lr: 2.0000e-03  eta: 1 day, 5:19:56  time: 0.7462  data_time: 0.0895  memory: 1708  loss: 4.3079  loss_cls: 2.9126  loss_bbox: 1.3953
2025/06/22 16:12:15 - mmengine - INFO - Epoch(train)  [8][8050/9162]  lr: 2.0000e-03  eta: 1 day, 5:19:21  time: 0.7287  data_time: 0.0928  memory: 1708  loss: 4.3046  loss_cls: 2.8942  loss_bbox: 1.4104
2025/06/22 16:12:52 - mmengine - INFO - Epoch(train)  [8][8100/9162]  lr: 2.0000e-03  eta: 1 day, 5:18:47  time: 0.7298  data_time: 0.0923  memory: 1708  loss: 4.3045  loss_cls: 2.8975  loss_bbox: 1.4070
2025/06/22 16:13:29 - mmengine - INFO - Epoch(train)  [8][8150/9162]  lr: 2.0000e-03  eta: 1 day, 5:18:14  time: 0.7407  data_time: 0.1195  memory: 1708  loss: 4.3842  loss_cls: 2.9335  loss_bbox: 1.4507
2025/06/22 16:14:06 - mmengine - INFO - Epoch(train)  [8][8200/9162]  lr: 2.0000e-03  eta: 1 day, 5:17:41  time: 0.7380  data_time: 0.0942  memory: 1708  loss: 4.4130  loss_cls: 2.9511  loss_bbox: 1.4618
2025/06/22 16:14:43 - mmengine - INFO - Epoch(train)  [8][8250/9162]  lr: 2.0000e-03  eta: 1 day, 5:17:07  time: 0.7312  data_time: 0.1240  memory: 1708  loss: 4.2157  loss_cls: 2.8384  loss_bbox: 1.3773
2025/06/22 16:15:20 - mmengine - INFO - Epoch(train)  [8][8300/9162]  lr: 2.0000e-03  eta: 1 day, 5:16:35  time: 0.7520  data_time: 0.1177  memory: 1708  loss: 4.2485  loss_cls: 2.8735  loss_bbox: 1.3751
2025/06/22 16:15:58 - mmengine - INFO - Epoch(train)  [8][8350/9162]  lr: 2.0000e-03  eta: 1 day, 5:16:04  time: 0.7592  data_time: 0.1337  memory: 1708  loss: 4.3597  loss_cls: 2.8969  loss_bbox: 1.4628
2025/06/22 16:16:36 - mmengine - INFO - Epoch(train)  [8][8400/9162]  lr: 2.0000e-03  eta: 1 day, 5:15:32  time: 0.7586  data_time: 0.1114  memory: 1708  loss: 4.2411  loss_cls: 2.8400  loss_bbox: 1.4011
2025/06/22 16:17:14 - mmengine - INFO - Epoch(train)  [8][8450/9162]  lr: 2.0000e-03  eta: 1 day, 5:15:00  time: 0.7520  data_time: 0.1267  memory: 1708  loss: 4.3123  loss_cls: 2.8888  loss_bbox: 1.4235
2025/06/22 16:17:52 - mmengine - INFO - Epoch(train)  [8][8500/9162]  lr: 2.0000e-03  eta: 1 day, 5:14:28  time: 0.7536  data_time: 0.1023  memory: 1708  loss: 4.3286  loss_cls: 2.9006  loss_bbox: 1.4281
2025/06/22 16:18:29 - mmengine - INFO - Epoch(train)  [8][8550/9162]  lr: 2.0000e-03  eta: 1 day, 5:13:56  time: 0.7510  data_time: 0.1190  memory: 1708  loss: 4.2680  loss_cls: 2.8726  loss_bbox: 1.3954
2025/06/22 16:19:07 - mmengine - INFO - Epoch(train)  [8][8600/9162]  lr: 2.0000e-03  eta: 1 day, 5:13:24  time: 0.7491  data_time: 0.1302  memory: 1708  loss: 4.3363  loss_cls: 2.8950  loss_bbox: 1.4413
2025/06/22 16:19:44 - mmengine - INFO - Epoch(train)  [8][8650/9162]  lr: 2.0000e-03  eta: 1 day, 5:12:51  time: 0.7408  data_time: 0.1434  memory: 1708  loss: 4.4376  loss_cls: 2.9345  loss_bbox: 1.5031
2025/06/22 16:20:21 - mmengine - INFO - Epoch(train)  [8][8700/9162]  lr: 2.0000e-03  eta: 1 day, 5:12:18  time: 0.7461  data_time: 0.1303  memory: 1708  loss: 4.2547  loss_cls: 2.8905  loss_bbox: 1.3642
2025/06/22 16:20:58 - mmengine - INFO - Epoch(train)  [8][8750/9162]  lr: 2.0000e-03  eta: 1 day, 5:11:46  time: 0.7446  data_time: 0.1278  memory: 1708  loss: 4.3283  loss_cls: 2.8678  loss_bbox: 1.4605
2025/06/22 16:21:36 - mmengine - INFO - Epoch(train)  [8][8800/9162]  lr: 2.0000e-03  eta: 1 day, 5:11:14  time: 0.7553  data_time: 0.1393  memory: 1708  loss: 4.2957  loss_cls: 2.8882  loss_bbox: 1.4075
2025/06/22 16:22:13 - mmengine - INFO - Epoch(train)  [8][8850/9162]  lr: 2.0000e-03  eta: 1 day, 5:10:41  time: 0.7398  data_time: 0.1421  memory: 1708  loss: 4.2408  loss_cls: 2.8512  loss_bbox: 1.3896
2025/06/22 16:22:26 - mmengine - INFO - Exp name: ssd300_coco_20250622_013555
2025/06/22 16:22:51 - mmengine - INFO - Epoch(train)  [8][8900/9162]  lr: 2.0000e-03  eta: 1 day, 5:10:08  time: 0.7464  data_time: 0.1326  memory: 1708  loss: 4.4545  loss_cls: 2.9930  loss_bbox: 1.4615
2025/06/22 16:23:28 - mmengine - INFO - Epoch(train)  [8][8950/9162]  lr: 2.0000e-03  eta: 1 day, 5:09:35  time: 0.7379  data_time: 0.1126  memory: 1708  loss: 4.2992  loss_cls: 2.8896  loss_bbox: 1.4096
2025/06/22 16:24:05 - mmengine - INFO - Epoch(train)  [8][9000/9162]  lr: 2.0000e-03  eta: 1 day, 5:09:02  time: 0.7435  data_time: 0.1234  memory: 1708  loss: 4.1993  loss_cls: 2.8002  loss_bbox: 1.3992
2025/06/22 16:24:42 - mmengine - INFO - Epoch(train)  [8][9050/9162]  lr: 2.0000e-03  eta: 1 day, 5:08:28  time: 0.7381  data_time: 0.1230  memory: 1708  loss: 4.3065  loss_cls: 2.8951  loss_bbox: 1.4113
2025/06/22 16:25:20 - mmengine - INFO - Epoch(train)  [8][9100/9162]  lr: 2.0000e-03  eta: 1 day, 5:07:57  time: 0.7556  data_time: 0.1211  memory: 1708  loss: 4.2656  loss_cls: 2.8880  loss_bbox: 1.3776
2025/06/22 16:25:56 - mmengine - INFO - Epoch(train)  [8][9150/9162]  lr: 2.0000e-03  eta: 1 day, 5:07:23  time: 0.7375  data_time: 0.1196  memory: 1708  loss: 4.3209  loss_cls: 2.8986  loss_bbox: 1.4223
2025/06/22 16:26:05 - mmengine - INFO - Exp name: ssd300_coco_20250622_013555
2025/06/22 16:26:05 - mmengine - INFO - Saving checkpoint at 8 epochs
2025/06/22 16:26:19 - mmengine - INFO - Epoch(val)  [8][ 50/157]    eta: 0:00:28  time: 0.2621  data_time: 0.0535  memory: 1708  
2025/06/22 16:26:32 - mmengine - INFO - Epoch(val)  [8][100/157]    eta: 0:00:14  time: 0.2548  data_time: 0.0486  memory: 851  
2025/06/22 16:26:45 - mmengine - INFO - Epoch(val)  [8][150/157]    eta: 0:00:01  time: 0.2483  data_time: 0.0433  memory: 851  
2025/06/22 16:27:04 - mmengine - INFO - Evaluating bbox...
2025/06/22 16:28:03 - mmengine - INFO - bbox_mAP_copypaste: 0.204 0.374 0.202 0.054 0.213 0.334
2025/06/22 16:28:04 - mmengine - INFO - Epoch(val) [8][157/157]    coco/bbox_mAP: 0.2040  coco/bbox_mAP_50: 0.3740  coco/bbox_mAP_75: 0.2020  coco/bbox_mAP_s: 0.0540  coco/bbox_mAP_m: 0.2130  coco/bbox_mAP_l: 0.3340  data_time: 0.0476  time: 0.2521
2025/06/22 16:28:40 - mmengine - INFO - Epoch(train)  [9][  50/9162]  lr: 2.0000e-03  eta: 1 day, 5:06:37  time: 0.7056  data_time: 0.0773  memory: 1708  loss: 4.1845  loss_cls: 2.8352  loss_bbox: 1.3493
2025/06/22 16:29:17 - mmengine - INFO - Epoch(train)  [9][ 100/9162]  lr: 2.0000e-03  eta: 1 day, 5:06:05  time: 0.7475  data_time: 0.1141  memory: 1708  loss: 4.3003  loss_cls: 2.8668  loss_bbox: 1.4336
2025/06/22 16:29:54 - mmengine - INFO - Epoch(train)  [9][ 150/9162]  lr: 2.0000e-03  eta: 1 day, 5:05:32  time: 0.7410  data_time: 0.1222  memory: 1708  loss: 4.3497  loss_cls: 2.8998  loss_bbox: 1.4499
2025/06/22 16:30:31 - mmengine - INFO - Epoch(train)  [9][ 200/9162]  lr: 2.0000e-03  eta: 1 day, 5:04:59  time: 0.7405  data_time: 0.1314  memory: 1708  loss: 4.3122  loss_cls: 2.9271  loss_bbox: 1.3851
2025/06/22 16:31:09 - mmengine - INFO - Epoch(train)  [9][ 250/9162]  lr: 2.0000e-03  eta: 1 day, 5:04:26  time: 0.7434  data_time: 0.1054  memory: 1708  loss: 4.2408  loss_cls: 2.8567  loss_bbox: 1.3840
2025/06/22 16:31:46 - mmengine - INFO - Epoch(train)  [9][ 300/9162]  lr: 2.0000e-03  eta: 1 day, 5:03:52  time: 0.7377  data_time: 0.0883  memory: 1708  loss: 4.2263  loss_cls: 2.8622  loss_bbox: 1.3641
2025/06/22 16:32:22 - mmengine - INFO - Epoch(train)  [9][ 350/9162]  lr: 2.0000e-03  eta: 1 day, 5:03:18  time: 0.7353  data_time: 0.1022  memory: 1708  loss: 4.2742  loss_cls: 2.8764  loss_bbox: 1.3978
2025/06/22 16:32:59 - mmengine - INFO - Epoch(train)  [9][ 400/9162]  lr: 2.0000e-03  eta: 1 day, 5:02:45  time: 0.7349  data_time: 0.0978  memory: 1708  loss: 4.3443  loss_cls: 2.9441  loss_bbox: 1.4002
2025/06/22 16:33:36 - mmengine - INFO - Epoch(train)  [9][ 450/9162]  lr: 2.0000e-03  eta: 1 day, 5:02:12  time: 0.7469  data_time: 0.1186  memory: 1708  loss: 4.3241  loss_cls: 2.8675  loss_bbox: 1.4566
2025/06/22 16:34:14 - mmengine - INFO - Epoch(train)  [9][ 500/9162]  lr: 2.0000e-03  eta: 1 day, 5:01:40  time: 0.7558  data_time: 0.1088  memory: 1708  loss: 4.3428  loss_cls: 2.8962  loss_bbox: 1.4466
2025/06/22 16:34:51 - mmengine - INFO - Epoch(train)  [9][ 550/9162]  lr: 2.0000e-03  eta: 1 day, 5:01:07  time: 0.7397  data_time: 0.0999  memory: 1708  loss: 4.2978  loss_cls: 2.9077  loss_bbox: 1.3901
2025/06/22 16:35:29 - mmengine - INFO - Epoch(train)  [9][ 600/9162]  lr: 2.0000e-03  eta: 1 day, 5:00:35  time: 0.7543  data_time: 0.1334  memory: 1708  loss: 4.3119  loss_cls: 2.8904  loss_bbox: 1.4215
2025/06/22 16:36:06 - mmengine - INFO - Epoch(train)  [9][ 650/9162]  lr: 2.0000e-03  eta: 1 day, 5:00:02  time: 0.7454  data_time: 0.1052  memory: 1708  loss: 4.2188  loss_cls: 2.8494  loss_bbox: 1.3694
2025/06/22 16:36:43 - mmengine - INFO - Epoch(train)  [9][ 700/9162]  lr: 2.0000e-03  eta: 1 day, 4:59:29  time: 0.7387  data_time: 0.1311  memory: 1708  loss: 4.2763  loss_cls: 2.8786  loss_bbox: 1.3977
2025/06/22 16:36:46 - mmengine - INFO - Exp name: ssd300_coco_20250622_013555
2025/06/22 16:37:21 - mmengine - INFO - Epoch(train)  [9][ 750/9162]  lr: 2.0000e-03  eta: 1 day, 4:58:56  time: 0.7487  data_time: 0.1294  memory: 1708  loss: 4.3167  loss_cls: 2.9135  loss_bbox: 1.4032
2025/06/22 16:37:58 - mmengine - INFO - Epoch(train)  [9][ 800/9162]  lr: 2.0000e-03  eta: 1 day, 4:58:22  time: 0.7365  data_time: 0.1066  memory: 1708  loss: 4.3849  loss_cls: 2.9199  loss_bbox: 1.4650
2025/06/22 16:38:35 - mmengine - INFO - Epoch(train)  [9][ 850/9162]  lr: 2.0000e-03  eta: 1 day, 4:57:49  time: 0.7415  data_time: 0.1143  memory: 1708  loss: 4.2237  loss_cls: 2.8700  loss_bbox: 1.3536
2025/06/22 16:39:12 - mmengine - INFO - Epoch(train)  [9][ 900/9162]  lr: 2.0000e-03  eta: 1 day, 4:57:16  time: 0.7423  data_time: 0.1036  memory: 1708  loss: 4.1885  loss_cls: 2.8242  loss_bbox: 1.3643
2025/06/22 16:39:50 - mmengine - INFO - Epoch(train)  [9][ 950/9162]  lr: 2.0000e-03  eta: 1 day, 4:56:44  time: 0.7542  data_time: 0.1286  memory: 1708  loss: 4.3259  loss_cls: 2.8905  loss_bbox: 1.4354
2025/06/22 16:40:27 - mmengine - INFO - Epoch(train)  [9][1000/9162]  lr: 2.0000e-03  eta: 1 day, 4:56:11  time: 0.7450  data_time: 0.1366  memory: 1708  loss: 4.3818  loss_cls: 2.8787  loss_bbox: 1.5032
2025/06/22 16:41:05 - mmengine - INFO - Epoch(train)  [9][1050/9162]  lr: 2.0000e-03  eta: 1 day, 4:55:39  time: 0.7522  data_time: 0.1281  memory: 1708  loss: 4.3088  loss_cls: 2.8635  loss_bbox: 1.4454
2025/06/22 16:41:42 - mmengine - INFO - Epoch(train)  [9][1100/9162]  lr: 2.0000e-03  eta: 1 day, 4:55:05  time: 0.7380  data_time: 0.0992  memory: 1708  loss: 4.3142  loss_cls: 2.9150  loss_bbox: 1.3992
2025/06/22 16:42:19 - mmengine - INFO - Epoch(train)  [9][1150/9162]  lr: 2.0000e-03  eta: 1 day, 4:54:32  time: 0.7432  data_time: 0.0994  memory: 1708  loss: 4.3835  loss_cls: 2.9052  loss_bbox: 1.4783
2025/06/22 16:42:56 - mmengine - INFO - Epoch(train)  [9][1200/9162]  lr: 2.0000e-03  eta: 1 day, 4:53:59  time: 0.7375  data_time: 0.1205  memory: 1708  loss: 4.3680  loss_cls: 2.9027  loss_bbox: 1.4653
2025/06/22 16:43:33 - mmengine - INFO - Epoch(train)  [9][1250/9162]  lr: 2.0000e-03  eta: 1 day, 4:53:26  time: 0.7445  data_time: 0.1182  memory: 1708  loss: 4.1676  loss_cls: 2.8135  loss_bbox: 1.3541
2025/06/22 16:44:10 - mmengine - INFO - Epoch(train)  [9][1300/9162]  lr: 2.0000e-03  eta: 1 day, 4:52:53  time: 0.7420  data_time: 0.1346  memory: 1708  loss: 4.1501  loss_cls: 2.7866  loss_bbox: 1.3635
2025/06/22 16:44:47 - mmengine - INFO - Epoch(train)  [9][1350/9162]  lr: 2.0000e-03  eta: 1 day, 4:52:19  time: 0.7411  data_time: 0.0948  memory: 1708  loss: 4.2632  loss_cls: 2.8285  loss_bbox: 1.4347
2025/06/22 16:45:25 - mmengine - INFO - Epoch(train)  [9][1400/9162]  lr: 2.0000e-03  eta: 1 day, 4:51:47  time: 0.7511  data_time: 0.1307  memory: 1708  loss: 4.3360  loss_cls: 2.9202  loss_bbox: 1.4158
2025/06/22 16:46:02 - mmengine - INFO - Epoch(train)  [9][1450/9162]  lr: 2.0000e-03  eta: 1 day, 4:51:14  time: 0.7447  data_time: 0.1380  memory: 1708  loss: 4.2997  loss_cls: 2.9236  loss_bbox: 1.3761
2025/06/22 16:46:39 - mmengine - INFO - Epoch(train)  [9][1500/9162]  lr: 2.0000e-03  eta: 1 day, 4:50:40  time: 0.7388  data_time: 0.1118  memory: 1708  loss: 4.2514  loss_cls: 2.8433  loss_bbox: 1.4081
2025/06/22 16:47:16 - mmengine - INFO - Epoch(train)  [9][1550/9162]  lr: 2.0000e-03  eta: 1 day, 4:50:07  time: 0.7397  data_time: 0.1243  memory: 1708  loss: 4.2985  loss_cls: 2.8804  loss_bbox: 1.4181
2025/06/22 16:47:53 - mmengine - INFO - Epoch(train)  [9][1600/9162]  lr: 2.0000e-03  eta: 1 day, 4:49:33  time: 0.7383  data_time: 0.1245  memory: 1708  loss: 4.3599  loss_cls: 2.8839  loss_bbox: 1.4760
2025/06/22 16:48:30 - mmengine - INFO - Epoch(train)  [9][1650/9162]  lr: 2.0000e-03  eta: 1 day, 4:48:59  time: 0.7301  data_time: 0.0956  memory: 1708  loss: 4.3229  loss_cls: 2.8924  loss_bbox: 1.4305
2025/06/22 16:49:07 - mmengine - INFO - Epoch(train)  [9][1700/9162]  lr: 2.0000e-03  eta: 1 day, 4:48:27  time: 0.7519  data_time: 0.0930  memory: 1708  loss: 4.2427  loss_cls: 2.8490  loss_bbox: 1.3936
2025/06/22 16:49:10 - mmengine - INFO - Exp name: ssd300_coco_20250622_013555
2025/06/22 16:49:44 - mmengine - INFO - Epoch(train)  [9][1750/9162]  lr: 2.0000e-03  eta: 1 day, 4:47:53  time: 0.7416  data_time: 0.1273  memory: 1708  loss: 4.3898  loss_cls: 2.9440  loss_bbox: 1.4458
2025/06/22 16:50:22 - mmengine - INFO - Epoch(train)  [9][1800/9162]  lr: 2.0000e-03  eta: 1 day, 4:47:21  time: 0.7517  data_time: 0.1113  memory: 1708  loss: 4.3509  loss_cls: 2.9010  loss_bbox: 1.4499
2025/06/22 16:50:59 - mmengine - INFO - Epoch(train)  [9][1850/9162]  lr: 2.0000e-03  eta: 1 day, 4:46:47  time: 0.7336  data_time: 0.1063  memory: 1708  loss: 4.3364  loss_cls: 2.8975  loss_bbox: 1.4388
2025/06/22 16:51:36 - mmengine - INFO - Epoch(train)  [9][1900/9162]  lr: 2.0000e-03  eta: 1 day, 4:46:14  time: 0.7405  data_time: 0.1244  memory: 1708  loss: 4.2208  loss_cls: 2.8352  loss_bbox: 1.3856
2025/06/22 16:52:13 - mmengine - INFO - Epoch(train)  [9][1950/9162]  lr: 2.0000e-03  eta: 1 day, 4:45:40  time: 0.7430  data_time: 0.1014  memory: 1708  loss: 4.3278  loss_cls: 2.9038  loss_bbox: 1.4240
2025/06/22 16:52:50 - mmengine - INFO - Epoch(train)  [9][2000/9162]  lr: 2.0000e-03  eta: 1 day, 4:45:07  time: 0.7405  data_time: 0.1407  memory: 1708  loss: 4.2519  loss_cls: 2.8407  loss_bbox: 1.4112
2025/06/22 16:53:27 - mmengine - INFO - Epoch(train)  [9][2050/9162]  lr: 2.0000e-03  eta: 1 day, 4:44:34  time: 0.7425  data_time: 0.1348  memory: 1708  loss: 4.3603  loss_cls: 2.9012  loss_bbox: 1.4591
2025/06/22 16:54:04 - mmengine - INFO - Epoch(train)  [9][2100/9162]  lr: 2.0000e-03  eta: 1 day, 4:44:00  time: 0.7401  data_time: 0.1379  memory: 1708  loss: 4.2946  loss_cls: 2.8682  loss_bbox: 1.4264
2025/06/22 16:54:41 - mmengine - INFO - Epoch(train)  [9][2150/9162]  lr: 2.0000e-03  eta: 1 day, 4:43:26  time: 0.7359  data_time: 0.1145  memory: 1708  loss: 4.2546  loss_cls: 2.8425  loss_bbox: 1.4121
2025/06/22 16:55:18 - mmengine - INFO - Epoch(train)  [9][2200/9162]  lr: 2.0000e-03  eta: 1 day, 4:42:53  time: 0.7383  data_time: 0.1246  memory: 1708  loss: 4.2096  loss_cls: 2.8526  loss_bbox: 1.3570
2025/06/22 16:55:55 - mmengine - INFO - Epoch(train)  [9][2250/9162]  lr: 2.0000e-03  eta: 1 day, 4:42:20  time: 0.7442  data_time: 0.1181  memory: 1708  loss: 4.2927  loss_cls: 2.8629  loss_bbox: 1.4298
2025/06/22 16:56:33 - mmengine - INFO - Epoch(train)  [9][2300/9162]  lr: 2.0000e-03  eta: 1 day, 4:41:47  time: 0.7463  data_time: 0.1098  memory: 1708  loss: 4.2293  loss_cls: 2.8055  loss_bbox: 1.4238
2025/06/22 16:57:10 - mmengine - INFO - Epoch(train)  [9][2350/9162]  lr: 2.0000e-03  eta: 1 day, 4:41:13  time: 0.7414  data_time: 0.1382  memory: 1708  loss: 4.1339  loss_cls: 2.8053  loss_bbox: 1.3287
2025/06/22 16:57:47 - mmengine - INFO - Epoch(train)  [9][2400/9162]  lr: 2.0000e-03  eta: 1 day, 4:40:40  time: 0.7463  data_time: 0.1356  memory: 1708  loss: 4.2903  loss_cls: 2.9021  loss_bbox: 1.3882
2025/06/22 16:58:24 - mmengine - INFO - Epoch(train)  [9][2450/9162]  lr: 2.0000e-03  eta: 1 day, 4:40:07  time: 0.7388  data_time: 0.1221  memory: 1708  loss: 4.2759  loss_cls: 2.8649  loss_bbox: 1.4110
2025/06/22 16:59:01 - mmengine - INFO - Epoch(train)  [9][2500/9162]  lr: 2.0000e-03  eta: 1 day, 4:39:34  time: 0.7437  data_time: 0.1329  memory: 1708  loss: 4.2859  loss_cls: 2.8960  loss_bbox: 1.3898
2025/06/22 16:59:39 - mmengine - INFO - Epoch(train)  [9][2550/9162]  lr: 2.0000e-03  eta: 1 day, 4:39:01  time: 0.7483  data_time: 0.1184  memory: 1708  loss: 4.3247  loss_cls: 2.8797  loss_bbox: 1.4450
2025/06/22 17:00:16 - mmengine - INFO - Epoch(train)  [9][2600/9162]  lr: 2.0000e-03  eta: 1 day, 4:38:28  time: 0.7469  data_time: 0.1391  memory: 1708  loss: 4.2027  loss_cls: 2.8474  loss_bbox: 1.3553
2025/06/22 17:00:53 - mmengine - INFO - Epoch(train)  [9][2650/9162]  lr: 2.0000e-03  eta: 1 day, 4:37:55  time: 0.7420  data_time: 0.1450  memory: 1708  loss: 4.1978  loss_cls: 2.8022  loss_bbox: 1.3956
2025/06/22 17:01:30 - mmengine - INFO - Epoch(train)  [9][2700/9162]  lr: 2.0000e-03  eta: 1 day, 4:37:21  time: 0.7372  data_time: 0.0996  memory: 1708  loss: 4.3375  loss_cls: 2.9311  loss_bbox: 1.4064
2025/06/22 17:01:33 - mmengine - INFO - Exp name: ssd300_coco_20250622_013555
2025/06/22 17:02:07 - mmengine - INFO - Epoch(train)  [9][2750/9162]  lr: 2.0000e-03  eta: 1 day, 4:36:47  time: 0.7368  data_time: 0.1025  memory: 1708  loss: 4.2363  loss_cls: 2.8375  loss_bbox: 1.3988
2025/06/22 17:02:45 - mmengine - INFO - Epoch(train)  [9][2800/9162]  lr: 2.0000e-03  eta: 1 day, 4:36:15  time: 0.7520  data_time: 0.1263  memory: 1708  loss: 4.3056  loss_cls: 2.8669  loss_bbox: 1.4387
2025/06/22 17:03:22 - mmengine - INFO - Epoch(train)  [9][2850/9162]  lr: 2.0000e-03  eta: 1 day, 4:35:41  time: 0.7346  data_time: 0.1248  memory: 1708  loss: 4.2838  loss_cls: 2.8661  loss_bbox: 1.4177
2025/06/22 17:03:59 - mmengine - INFO - Epoch(train)  [9][2900/9162]  lr: 2.0000e-03  eta: 1 day, 4:35:07  time: 0.7390  data_time: 0.1289  memory: 1708  loss: 4.3131  loss_cls: 2.8786  loss_bbox: 1.4345
2025/06/22 17:04:36 - mmengine - INFO - Epoch(train)  [9][2950/9162]  lr: 2.0000e-03  eta: 1 day, 4:34:34  time: 0.7449  data_time: 0.1336  memory: 1708  loss: 4.3058  loss_cls: 2.8629  loss_bbox: 1.4428
2025/06/22 17:05:13 - mmengine - INFO - Epoch(train)  [9][3000/9162]  lr: 2.0000e-03  eta: 1 day, 4:34:00  time: 0.7425  data_time: 0.1354  memory: 1708  loss: 4.2676  loss_cls: 2.8357  loss_bbox: 1.4319
2025/06/22 17:05:50 - mmengine - INFO - Epoch(train)  [9][3050/9162]  lr: 2.0000e-03  eta: 1 day, 4:33:27  time: 0.7422  data_time: 0.1179  memory: 1708  loss: 4.1935  loss_cls: 2.8383  loss_bbox: 1.3552
2025/06/22 17:06:28 - mmengine - INFO - Epoch(train)  [9][3100/9162]  lr: 2.0000e-03  eta: 1 day, 4:32:54  time: 0.7473  data_time: 0.1189  memory: 1708  loss: 4.2137  loss_cls: 2.8350  loss_bbox: 1.3787
2025/06/22 17:07:05 - mmengine - INFO - Epoch(train)  [9][3150/9162]  lr: 2.0000e-03  eta: 1 day, 4:32:21  time: 0.7413  data_time: 0.1122  memory: 1708  loss: 4.1720  loss_cls: 2.8058  loss_bbox: 1.3662
2025/06/22 17:07:41 - mmengine - INFO - Epoch(train)  [9][3200/9162]  lr: 2.0000e-03  eta: 1 day, 4:31:46  time: 0.7323  data_time: 0.0896  memory: 1708  loss: 4.2288  loss_cls: 2.8506  loss_bbox: 1.3781
2025/06/22 17:08:18 - mmengine - INFO - Epoch(train)  [9][3250/9162]  lr: 2.0000e-03  eta: 1 day, 4:31:13  time: 0.7390  data_time: 0.1014  memory: 1708  loss: 4.1560  loss_cls: 2.7936  loss_bbox: 1.3624
2025/06/22 17:08:55 - mmengine - INFO - Epoch(train)  [9][3300/9162]  lr: 2.0000e-03  eta: 1 day, 4:30:39  time: 0.7389  data_time: 0.1277  memory: 1708  loss: 4.2435  loss_cls: 2.8540  loss_bbox: 1.3896
2025/06/22 17:09:32 - mmengine - INFO - Epoch(train)  [9][3350/9162]  lr: 2.0000e-03  eta: 1 day, 4:30:05  time: 0.7372  data_time: 0.1291  memory: 1708  loss: 4.2368  loss_cls: 2.8351  loss_bbox: 1.4018
2025/06/22 17:10:09 - mmengine - INFO - Epoch(train)  [9][3400/9162]  lr: 2.0000e-03  eta: 1 day, 4:29:31  time: 0.7381  data_time: 0.1199  memory: 1708  loss: 4.1750  loss_cls: 2.8255  loss_bbox: 1.3495
2025/06/22 17:10:47 - mmengine - INFO - Epoch(train)  [9][3450/9162]  lr: 2.0000e-03  eta: 1 day, 4:28:58  time: 0.7470  data_time: 0.1146  memory: 1708  loss: 4.2718  loss_cls: 2.8954  loss_bbox: 1.3764
2025/06/22 17:11:24 - mmengine - INFO - Epoch(train)  [9][3500/9162]  lr: 2.0000e-03  eta: 1 day, 4:28:25  time: 0.7409  data_time: 0.1395  memory: 1708  loss: 4.1753  loss_cls: 2.8334  loss_bbox: 1.3419
2025/06/22 17:12:01 - mmengine - INFO - Epoch(train)  [9][3550/9162]  lr: 2.0000e-03  eta: 1 day, 4:27:51  time: 0.7405  data_time: 0.1251  memory: 1708  loss: 4.2926  loss_cls: 2.8806  loss_bbox: 1.4120
2025/06/22 17:12:38 - mmengine - INFO - Epoch(train)  [9][3600/9162]  lr: 2.0000e-03  eta: 1 day, 4:27:18  time: 0.7426  data_time: 0.1140  memory: 1708  loss: 4.2983  loss_cls: 2.8679  loss_bbox: 1.4304
2025/06/22 17:13:15 - mmengine - INFO - Epoch(train)  [9][3650/9162]  lr: 2.0000e-03  eta: 1 day, 4:26:44  time: 0.7413  data_time: 0.1239  memory: 1708  loss: 4.1649  loss_cls: 2.8136  loss_bbox: 1.3513
2025/06/22 17:13:52 - mmengine - INFO - Epoch(train)  [9][3700/9162]  lr: 2.0000e-03  eta: 1 day, 4:26:12  time: 0.7475  data_time: 0.1124  memory: 1708  loss: 4.2927  loss_cls: 2.8842  loss_bbox: 1.4084
2025/06/22 17:13:55 - mmengine - INFO - Exp name: ssd300_coco_20250622_013555
2025/06/22 17:14:29 - mmengine - INFO - Epoch(train)  [9][3750/9162]  lr: 2.0000e-03  eta: 1 day, 4:25:38  time: 0.7375  data_time: 0.1095  memory: 1708  loss: 4.2424  loss_cls: 2.8422  loss_bbox: 1.4002
2025/06/22 17:15:07 - mmengine - INFO - Epoch(train)  [9][3800/9162]  lr: 2.0000e-03  eta: 1 day, 4:25:05  time: 0.7477  data_time: 0.1176  memory: 1708  loss: 4.3506  loss_cls: 2.8969  loss_bbox: 1.4537
2025/06/22 17:15:44 - mmengine - INFO - Epoch(train)  [9][3850/9162]  lr: 2.0000e-03  eta: 1 day, 4:24:31  time: 0.7399  data_time: 0.0977  memory: 1708  loss: 4.4431  loss_cls: 2.9614  loss_bbox: 1.4817
2025/06/22 17:16:21 - mmengine - INFO - Epoch(train)  [9][3900/9162]  lr: 2.0000e-03  eta: 1 day, 4:23:57  time: 0.7381  data_time: 0.1020  memory: 1708  loss: 4.3047  loss_cls: 2.9087  loss_bbox: 1.3959
2025/06/22 17:16:58 - mmengine - INFO - Epoch(train)  [9][3950/9162]  lr: 2.0000e-03  eta: 1 day, 4:23:24  time: 0.7478  data_time: 0.0877  memory: 1708  loss: 4.3785  loss_cls: 2.9138  loss_bbox: 1.4647
2025/06/22 17:17:36 - mmengine - INFO - Epoch(train)  [9][4000/9162]  lr: 2.0000e-03  eta: 1 day, 4:22:52  time: 0.7491  data_time: 0.1405  memory: 1708  loss: 4.3598  loss_cls: 2.8866  loss_bbox: 1.4731
2025/06/22 17:18:13 - mmengine - INFO - Epoch(train)  [9][4050/9162]  lr: 2.0000e-03  eta: 1 day, 4:22:19  time: 0.7471  data_time: 0.1423  memory: 1708  loss: 4.2474  loss_cls: 2.8111  loss_bbox: 1.4363
2025/06/22 17:18:51 - mmengine - INFO - Epoch(train)  [9][4100/9162]  lr: 2.0000e-03  eta: 1 day, 4:21:46  time: 0.7481  data_time: 0.1183  memory: 1708  loss: 4.2751  loss_cls: 2.8957  loss_bbox: 1.3794
2025/06/22 17:19:28 - mmengine - INFO - Epoch(train)  [9][4150/9162]  lr: 2.0000e-03  eta: 1 day, 4:21:13  time: 0.7465  data_time: 0.1245  memory: 1708  loss: 4.3366  loss_cls: 2.8969  loss_bbox: 1.4396
2025/06/22 17:20:05 - mmengine - INFO - Epoch(train)  [9][4200/9162]  lr: 2.0000e-03  eta: 1 day, 4:20:39  time: 0.7423  data_time: 0.1067  memory: 1708  loss: 4.2840  loss_cls: 2.8851  loss_bbox: 1.3989
2025/06/22 17:20:42 - mmengine - INFO - Epoch(train)  [9][4250/9162]  lr: 2.0000e-03  eta: 1 day, 4:20:06  time: 0.7440  data_time: 0.1370  memory: 1708  loss: 4.2721  loss_cls: 2.8924  loss_bbox: 1.3797
2025/06/22 17:21:20 - mmengine - INFO - Epoch(train)  [9][4300/9162]  lr: 2.0000e-03  eta: 1 day, 4:19:33  time: 0.7540  data_time: 0.1352  memory: 1708  loss: 4.2239  loss_cls: 2.8625  loss_bbox: 1.3614
2025/06/22 17:21:58 - mmengine - INFO - Epoch(train)  [9][4350/9162]  lr: 2.0000e-03  eta: 1 day, 4:19:00  time: 0.7494  data_time: 0.1416  memory: 1708  loss: 4.2370  loss_cls: 2.8238  loss_bbox: 1.4132
2025/06/22 17:22:35 - mmengine - INFO - Epoch(train)  [9][4400/9162]  lr: 2.0000e-03  eta: 1 day, 4:18:27  time: 0.7405  data_time: 0.1004  memory: 1708  loss: 4.3443  loss_cls: 2.8773  loss_bbox: 1.4670
2025/06/22 17:23:11 - mmengine - INFO - Epoch(train)  [9][4450/9162]  lr: 2.0000e-03  eta: 1 day, 4:17:53  time: 0.7350  data_time: 0.1164  memory: 1708  loss: 4.2386  loss_cls: 2.8501  loss_bbox: 1.3885
2025/06/22 17:23:49 - mmengine - INFO - Epoch(train)  [9][4500/9162]  lr: 2.0000e-03  eta: 1 day, 4:17:20  time: 0.7539  data_time: 0.1220  memory: 1708  loss: 4.3825  loss_cls: 2.9754  loss_bbox: 1.4072
2025/06/22 17:24:26 - mmengine - INFO - Epoch(train)  [9][4550/9162]  lr: 2.0000e-03  eta: 1 day, 4:16:46  time: 0.7333  data_time: 0.0980  memory: 1708  loss: 4.3631  loss_cls: 2.9028  loss_bbox: 1.4603
2025/06/22 17:25:03 - mmengine - INFO - Epoch(train)  [9][4600/9162]  lr: 2.0000e-03  eta: 1 day, 4:16:13  time: 0.7469  data_time: 0.1241  memory: 1708  loss: 4.2407  loss_cls: 2.8540  loss_bbox: 1.3867
2025/06/22 17:25:41 - mmengine - INFO - Epoch(train)  [9][4650/9162]  lr: 2.0000e-03  eta: 1 day, 4:15:40  time: 0.7449  data_time: 0.1108  memory: 1708  loss: 4.2829  loss_cls: 2.8491  loss_bbox: 1.4338
2025/06/22 17:26:18 - mmengine - INFO - Epoch(train)  [9][4700/9162]  lr: 2.0000e-03  eta: 1 day, 4:15:07  time: 0.7554  data_time: 0.1428  memory: 1708  loss: 4.3980  loss_cls: 2.9241  loss_bbox: 1.4740
2025/06/22 17:26:21 - mmengine - INFO - Exp name: ssd300_coco_20250622_013555
2025/06/22 17:26:56 - mmengine - INFO - Epoch(train)  [9][4750/9162]  lr: 2.0000e-03  eta: 1 day, 4:14:34  time: 0.7491  data_time: 0.1360  memory: 1708  loss: 4.3935  loss_cls: 2.9156  loss_bbox: 1.4779
2025/06/22 17:27:29 - mmengine - INFO - Epoch(train)  [9][4800/9162]  lr: 2.0000e-03  eta: 1 day, 4:13:53  time: 0.6582  data_time: 0.0576  memory: 1708  loss: 4.3134  loss_cls: 2.9165  loss_bbox: 1.3969
2025/06/22 17:28:06 - mmengine - INFO - Epoch(train)  [9][4850/9162]  lr: 2.0000e-03  eta: 1 day, 4:13:19  time: 0.7405  data_time: 0.1126  memory: 1708  loss: 4.2604  loss_cls: 2.8486  loss_bbox: 1.4118
2025/06/22 17:28:43 - mmengine - INFO - Epoch(train)  [9][4900/9162]  lr: 2.0000e-03  eta: 1 day, 4:12:46  time: 0.7403  data_time: 0.0989  memory: 1708  loss: 4.1875  loss_cls: 2.8222  loss_bbox: 1.3653
2025/06/22 17:29:20 - mmengine - INFO - Epoch(train)  [9][4950/9162]  lr: 2.0000e-03  eta: 1 day, 4:12:12  time: 0.7398  data_time: 0.1116  memory: 1708  loss: 4.2624  loss_cls: 2.8490  loss_bbox: 1.4134
2025/06/22 17:29:57 - mmengine - INFO - Epoch(train)  [9][5000/9162]  lr: 2.0000e-03  eta: 1 day, 4:11:38  time: 0.7406  data_time: 0.1008  memory: 1708  loss: 4.2271  loss_cls: 2.8358  loss_bbox: 1.3913
2025/06/22 17:30:35 - mmengine - INFO - Epoch(train)  [9][5050/9162]  lr: 2.0000e-03  eta: 1 day, 4:11:05  time: 0.7486  data_time: 0.1176  memory: 1708  loss: 4.1600  loss_cls: 2.8026  loss_bbox: 1.3573
2025/06/22 17:31:12 - mmengine - INFO - Epoch(train)  [9][5100/9162]  lr: 2.0000e-03  eta: 1 day, 4:10:32  time: 0.7420  data_time: 0.1169  memory: 1708  loss: 4.2474  loss_cls: 2.8865  loss_bbox: 1.3609
2025/06/22 17:31:49 - mmengine - INFO - Epoch(train)  [9][5150/9162]  lr: 2.0000e-03  eta: 1 day, 4:09:58  time: 0.7431  data_time: 0.0874  memory: 1708  loss: 4.4007  loss_cls: 2.9246  loss_bbox: 1.4761
2025/06/22 17:32:26 - mmengine - INFO - Epoch(train)  [9][5200/9162]  lr: 2.0000e-03  eta: 1 day, 4:09:25  time: 0.7461  data_time: 0.1084  memory: 1708  loss: 4.2078  loss_cls: 2.8365  loss_bbox: 1.3713
2025/06/22 17:33:03 - mmengine - INFO - Epoch(train)  [9][5250/9162]  lr: 2.0000e-03  eta: 1 day, 4:08:51  time: 0.7402  data_time: 0.1122  memory: 1708  loss: 4.2729  loss_cls: 2.8208  loss_bbox: 1.4521
2025/06/22 17:33:40 - mmengine - INFO - Epoch(train)  [9][5300/9162]  lr: 2.0000e-03  eta: 1 day, 4:08:18  time: 0.7396  data_time: 0.1054  memory: 1708  loss: 4.2606  loss_cls: 2.8894  loss_bbox: 1.3713
2025/06/22 17:34:18 - mmengine - INFO - Epoch(train)  [9][5350/9162]  lr: 2.0000e-03  eta: 1 day, 4:07:45  time: 0.7497  data_time: 0.1310  memory: 1708  loss: 4.3386  loss_cls: 2.8657  loss_bbox: 1.4729
2025/06/22 17:34:55 - mmengine - INFO - Epoch(train)  [9][5400/9162]  lr: 2.0000e-03  eta: 1 day, 4:07:11  time: 0.7409  data_time: 0.1116  memory: 1708  loss: 4.3066  loss_cls: 2.8718  loss_bbox: 1.4349
2025/06/22 17:35:32 - mmengine - INFO - Epoch(train)  [9][5450/9162]  lr: 2.0000e-03  eta: 1 day, 4:06:37  time: 0.7390  data_time: 0.1042  memory: 1708  loss: 4.3445  loss_cls: 2.9013  loss_bbox: 1.4432
2025/06/22 17:36:10 - mmengine - INFO - Epoch(train)  [9][5500/9162]  lr: 2.0000e-03  eta: 1 day, 4:06:04  time: 0.7518  data_time: 0.1326  memory: 1708  loss: 4.2231  loss_cls: 2.8764  loss_bbox: 1.3467
2025/06/22 17:36:47 - mmengine - INFO - Epoch(train)  [9][5550/9162]  lr: 2.0000e-03  eta: 1 day, 4:05:32  time: 0.7520  data_time: 0.1119  memory: 1708  loss: 4.2916  loss_cls: 2.8665  loss_bbox: 1.4251
2025/06/22 17:37:25 - mmengine - INFO - Epoch(train)  [9][5600/9162]  lr: 2.0000e-03  eta: 1 day, 4:04:59  time: 0.7533  data_time: 0.1113  memory: 1708  loss: 4.2364  loss_cls: 2.8684  loss_bbox: 1.3680
2025/06/22 17:38:03 - mmengine - INFO - Epoch(train)  [9][5650/9162]  lr: 2.0000e-03  eta: 1 day, 4:04:26  time: 0.7542  data_time: 0.1096  memory: 1708  loss: 4.3302  loss_cls: 2.8956  loss_bbox: 1.4346
2025/06/22 17:38:41 - mmengine - INFO - Epoch(train)  [9][5700/9162]  lr: 2.0000e-03  eta: 1 day, 4:03:54  time: 0.7576  data_time: 0.1126  memory: 1708  loss: 4.2678  loss_cls: 2.8668  loss_bbox: 1.4011
2025/06/22 17:38:44 - mmengine - INFO - Exp name: ssd300_coco_20250622_013555
2025/06/22 17:39:19 - mmengine - INFO - Epoch(train)  [9][5750/9162]  lr: 2.0000e-03  eta: 1 day, 4:03:22  time: 0.7565  data_time: 0.1334  memory: 1708  loss: 4.3752  loss_cls: 2.9037  loss_bbox: 1.4715
2025/06/22 17:39:57 - mmengine - INFO - Epoch(train)  [9][5800/9162]  lr: 2.0000e-03  eta: 1 day, 4:02:50  time: 0.7656  data_time: 0.1192  memory: 1708  loss: 4.2578  loss_cls: 2.8935  loss_bbox: 1.3643
2025/06/22 17:40:35 - mmengine - INFO - Epoch(train)  [9][5850/9162]  lr: 2.0000e-03  eta: 1 day, 4:02:18  time: 0.7559  data_time: 0.1101  memory: 1708  loss: 4.2005  loss_cls: 2.8432  loss_bbox: 1.3574
2025/06/22 17:41:12 - mmengine - INFO - Epoch(train)  [9][5900/9162]  lr: 2.0000e-03  eta: 1 day, 4:01:44  time: 0.7391  data_time: 0.0957  memory: 1708  loss: 4.2979  loss_cls: 2.8747  loss_bbox: 1.4232
2025/06/22 17:41:50 - mmengine - INFO - Epoch(train)  [9][5950/9162]  lr: 2.0000e-03  eta: 1 day, 4:01:12  time: 0.7589  data_time: 0.1067  memory: 1708  loss: 4.2050  loss_cls: 2.8453  loss_bbox: 1.3598
2025/06/22 17:42:27 - mmengine - INFO - Epoch(train)  [9][6000/9162]  lr: 2.0000e-03  eta: 1 day, 4:00:39  time: 0.7500  data_time: 0.1041  memory: 1708  loss: 4.2666  loss_cls: 2.8614  loss_bbox: 1.4052
2025/06/22 17:43:04 - mmengine - INFO - Epoch(train)  [9][6050/9162]  lr: 2.0000e-03  eta: 1 day, 4:00:05  time: 0.7445  data_time: 0.0987  memory: 1708  loss: 4.2566  loss_cls: 2.8638  loss_bbox: 1.3928
2025/06/22 17:43:42 - mmengine - INFO - Epoch(train)  [9][6100/9162]  lr: 2.0000e-03  eta: 1 day, 3:59:32  time: 0.7487  data_time: 0.1210  memory: 1708  loss: 4.3222  loss_cls: 2.8821  loss_bbox: 1.4401
2025/06/22 17:44:19 - mmengine - INFO - Epoch(train)  [9][6150/9162]  lr: 2.0000e-03  eta: 1 day, 3:58:59  time: 0.7466  data_time: 0.1357  memory: 1708  loss: 4.2842  loss_cls: 2.8451  loss_bbox: 1.4391
2025/06/22 17:44:56 - mmengine - INFO - Epoch(train)  [9][6200/9162]  lr: 2.0000e-03  eta: 1 day, 3:58:25  time: 0.7417  data_time: 0.1221  memory: 1708  loss: 4.4138  loss_cls: 2.9083  loss_bbox: 1.5055
2025/06/22 17:45:34 - mmengine - INFO - Epoch(train)  [9][6250/9162]  lr: 2.0000e-03  eta: 1 day, 3:57:53  time: 0.7562  data_time: 0.1195  memory: 1708  loss: 4.3342  loss_cls: 2.9058  loss_bbox: 1.4284
2025/06/22 17:46:12 - mmengine - INFO - Epoch(train)  [9][6300/9162]  lr: 2.0000e-03  eta: 1 day, 3:57:20  time: 0.7498  data_time: 0.0909  memory: 1708  loss: 4.1820  loss_cls: 2.8043  loss_bbox: 1.3777
2025/06/22 17:46:50 - mmengine - INFO - Epoch(train)  [9][6350/9162]  lr: 2.0000e-03  eta: 1 day, 3:56:48  time: 0.7658  data_time: 0.1205  memory: 1708  loss: 4.2403  loss_cls: 2.8602  loss_bbox: 1.3802
2025/06/22 17:47:28 - mmengine - INFO - Epoch(train)  [9][6400/9162]  lr: 2.0000e-03  eta: 1 day, 3:56:15  time: 0.7507  data_time: 0.1102  memory: 1708  loss: 4.2505  loss_cls: 2.8620  loss_bbox: 1.3885
2025/06/22 17:48:05 - mmengine - INFO - Epoch(train)  [9][6450/9162]  lr: 2.0000e-03  eta: 1 day, 3:55:42  time: 0.7490  data_time: 0.1165  memory: 1708  loss: 4.1579  loss_cls: 2.7911  loss_bbox: 1.3668
2025/06/22 17:48:44 - mmengine - INFO - Epoch(train)  [9][6500/9162]  lr: 2.0000e-03  eta: 1 day, 3:55:11  time: 0.7661  data_time: 0.1393  memory: 1708  loss: 4.2206  loss_cls: 2.8783  loss_bbox: 1.3422
2025/06/22 17:49:22 - mmengine - INFO - Epoch(train)  [9][6550/9162]  lr: 2.0000e-03  eta: 1 day, 3:54:39  time: 0.7611  data_time: 0.1281  memory: 1708  loss: 4.3565  loss_cls: 2.8920  loss_bbox: 1.4644
2025/06/22 17:50:00 - mmengine - INFO - Epoch(train)  [9][6600/9162]  lr: 2.0000e-03  eta: 1 day, 3:54:07  time: 0.7668  data_time: 0.1271  memory: 1708  loss: 4.2510  loss_cls: 2.8453  loss_bbox: 1.4057
2025/06/22 17:50:38 - mmengine - INFO - Epoch(train)  [9][6650/9162]  lr: 2.0000e-03  eta: 1 day, 3:53:34  time: 0.7501  data_time: 0.1019  memory: 1708  loss: 4.2007  loss_cls: 2.8467  loss_bbox: 1.3540
2025/06/22 17:51:15 - mmengine - INFO - Epoch(train)  [9][6700/9162]  lr: 2.0000e-03  eta: 1 day, 3:53:01  time: 0.7461  data_time: 0.1155  memory: 1708  loss: 4.1449  loss_cls: 2.8001  loss_bbox: 1.3448
2025/06/22 17:51:18 - mmengine - INFO - Exp name: ssd300_coco_20250622_013555
2025/06/22 17:51:52 - mmengine - INFO - Epoch(train)  [9][6750/9162]  lr: 2.0000e-03  eta: 1 day, 3:52:27  time: 0.7388  data_time: 0.1086  memory: 1708  loss: 4.3232  loss_cls: 2.8858  loss_bbox: 1.4374
2025/06/22 17:52:29 - mmengine - INFO - Epoch(train)  [9][6800/9162]  lr: 2.0000e-03  eta: 1 day, 3:51:52  time: 0.7373  data_time: 0.1170  memory: 1708  loss: 4.3449  loss_cls: 2.9023  loss_bbox: 1.4426
2025/06/22 17:53:06 - mmengine - INFO - Epoch(train)  [9][6850/9162]  lr: 2.0000e-03  eta: 1 day, 3:51:19  time: 0.7441  data_time: 0.1088  memory: 1708  loss: 4.2444  loss_cls: 2.8395  loss_bbox: 1.4050
2025/06/22 17:53:43 - mmengine - INFO - Epoch(train)  [9][6900/9162]  lr: 2.0000e-03  eta: 1 day, 3:50:45  time: 0.7414  data_time: 0.1067  memory: 1708  loss: 4.2909  loss_cls: 2.8950  loss_bbox: 1.3959
2025/06/22 17:54:21 - mmengine - INFO - Epoch(train)  [9][6950/9162]  lr: 2.0000e-03  eta: 1 day, 3:50:12  time: 0.7513  data_time: 0.1397  memory: 1708  loss: 4.2821  loss_cls: 2.8373  loss_bbox: 1.4448
2025/06/22 17:54:59 - mmengine - INFO - Epoch(train)  [9][7000/9162]  lr: 2.0000e-03  eta: 1 day, 3:49:39  time: 0.7531  data_time: 0.1336  memory: 1708  loss: 4.3118  loss_cls: 2.8706  loss_bbox: 1.4411
2025/06/22 17:55:37 - mmengine - INFO - Epoch(train)  [9][7050/9162]  lr: 2.0000e-03  eta: 1 day, 3:49:08  time: 0.7649  data_time: 0.1302  memory: 1708  loss: 4.2527  loss_cls: 2.8413  loss_bbox: 1.4114
2025/06/22 17:56:15 - mmengine - INFO - Epoch(train)  [9][7100/9162]  lr: 2.0000e-03  eta: 1 day, 3:48:36  time: 0.7648  data_time: 0.1258  memory: 1708  loss: 4.4029  loss_cls: 2.9447  loss_bbox: 1.4582
2025/06/22 17:56:53 - mmengine - INFO - Epoch(train)  [9][7150/9162]  lr: 2.0000e-03  eta: 1 day, 3:48:03  time: 0.7532  data_time: 0.1311  memory: 1708  loss: 4.2894  loss_cls: 2.8976  loss_bbox: 1.3918
2025/06/22 17:57:31 - mmengine - INFO - Epoch(train)  [9][7200/9162]  lr: 2.0000e-03  eta: 1 day, 3:47:31  time: 0.7594  data_time: 0.1414  memory: 1708  loss: 4.3170  loss_cls: 2.8899  loss_bbox: 1.4271
2025/06/22 17:58:09 - mmengine - INFO - Epoch(train)  [9][7250/9162]  lr: 2.0000e-03  eta: 1 day, 3:46:58  time: 0.7533  data_time: 0.1132  memory: 1708  loss: 4.3718  loss_cls: 2.9038  loss_bbox: 1.4680
2025/06/22 17:58:45 - mmengine - INFO - Epoch(train)  [9][7300/9162]  lr: 2.0000e-03  eta: 1 day, 3:46:23  time: 0.7304  data_time: 0.1094  memory: 1708  loss: 4.2629  loss_cls: 2.8695  loss_bbox: 1.3934
2025/06/22 17:59:22 - mmengine - INFO - Epoch(train)  [9][7350/9162]  lr: 2.0000e-03  eta: 1 day, 3:45:49  time: 0.7329  data_time: 0.1169  memory: 1708  loss: 4.2174  loss_cls: 2.8395  loss_bbox: 1.3780
2025/06/22 17:59:58 - mmengine - INFO - Epoch(train)  [9][7400/9162]  lr: 2.0000e-03  eta: 1 day, 3:45:14  time: 0.7317  data_time: 0.0883  memory: 1708  loss: 4.2891  loss_cls: 2.8919  loss_bbox: 1.3972
2025/06/22 18:00:35 - mmengine - INFO - Epoch(train)  [9][7450/9162]  lr: 2.0000e-03  eta: 1 day, 3:44:40  time: 0.7387  data_time: 0.1159  memory: 1708  loss: 4.2706  loss_cls: 2.8404  loss_bbox: 1.4301
2025/06/22 18:01:13 - mmengine - INFO - Epoch(train)  [9][7500/9162]  lr: 2.0000e-03  eta: 1 day, 3:44:07  time: 0.7522  data_time: 0.1107  memory: 1708  loss: 4.1990  loss_cls: 2.8447  loss_bbox: 1.3543
2025/06/22 18:01:51 - mmengine - INFO - Epoch(train)  [9][7550/9162]  lr: 2.0000e-03  eta: 1 day, 3:43:34  time: 0.7524  data_time: 0.1075  memory: 1708  loss: 4.2294  loss_cls: 2.8411  loss_bbox: 1.3882
2025/06/22 18:02:29 - mmengine - INFO - Epoch(train)  [9][7600/9162]  lr: 2.0000e-03  eta: 1 day, 3:43:02  time: 0.7675  data_time: 0.1092  memory: 1708  loss: 4.1646  loss_cls: 2.8024  loss_bbox: 1.3622
2025/06/22 18:03:06 - mmengine - INFO - Epoch(train)  [9][7650/9162]  lr: 2.0000e-03  eta: 1 day, 3:42:29  time: 0.7438  data_time: 0.0945  memory: 1708  loss: 4.3510  loss_cls: 2.9358  loss_bbox: 1.4152
2025/06/22 18:03:44 - mmengine - INFO - Epoch(train)  [9][7700/9162]  lr: 2.0000e-03  eta: 1 day, 3:41:55  time: 0.7480  data_time: 0.1254  memory: 1708  loss: 4.2665  loss_cls: 2.8348  loss_bbox: 1.4317
2025/06/22 18:03:47 - mmengine - INFO - Exp name: ssd300_coco_20250622_013555
2025/06/22 18:04:22 - mmengine - INFO - Epoch(train)  [9][7750/9162]  lr: 2.0000e-03  eta: 1 day, 3:41:22  time: 0.7536  data_time: 0.1437  memory: 1708  loss: 4.2454  loss_cls: 2.8164  loss_bbox: 1.4290
2025/06/22 18:04:59 - mmengine - INFO - Epoch(train)  [9][7800/9162]  lr: 2.0000e-03  eta: 1 day, 3:40:49  time: 0.7485  data_time: 0.1113  memory: 1708  loss: 4.3480  loss_cls: 2.8802  loss_bbox: 1.4678
2025/06/22 18:05:36 - mmengine - INFO - Epoch(train)  [9][7850/9162]  lr: 2.0000e-03  eta: 1 day, 3:40:16  time: 0.7459  data_time: 0.0948  memory: 1708  loss: 4.1680  loss_cls: 2.8057  loss_bbox: 1.3623
2025/06/22 18:06:14 - mmengine - INFO - Epoch(train)  [9][7900/9162]  lr: 2.0000e-03  eta: 1 day, 3:39:42  time: 0.7468  data_time: 0.1368  memory: 1708  loss: 4.1289  loss_cls: 2.7994  loss_bbox: 1.3295
2025/06/22 18:06:51 - mmengine - INFO - Epoch(train)  [9][7950/9162]  lr: 2.0000e-03  eta: 1 day, 3:39:08  time: 0.7425  data_time: 0.1155  memory: 1708  loss: 4.2931  loss_cls: 2.8761  loss_bbox: 1.4171
2025/06/22 18:07:28 - mmengine - INFO - Epoch(train)  [9][8000/9162]  lr: 2.0000e-03  eta: 1 day, 3:38:35  time: 0.7421  data_time: 0.1175  memory: 1708  loss: 4.3141  loss_cls: 2.8622  loss_bbox: 1.4519
2025/06/22 18:08:05 - mmengine - INFO - Epoch(train)  [9][8050/9162]  lr: 2.0000e-03  eta: 1 day, 3:38:01  time: 0.7421  data_time: 0.1359  memory: 1708  loss: 4.2392  loss_cls: 2.8389  loss_bbox: 1.4003
2025/06/22 18:08:43 - mmengine - INFO - Epoch(train)  [9][8100/9162]  lr: 2.0000e-03  eta: 1 day, 3:37:27  time: 0.7473  data_time: 0.0969  memory: 1708  loss: 4.3905  loss_cls: 2.9363  loss_bbox: 1.4542
2025/06/22 18:09:20 - mmengine - INFO - Epoch(train)  [9][8150/9162]  lr: 2.0000e-03  eta: 1 day, 3:36:54  time: 0.7458  data_time: 0.1112  memory: 1708  loss: 4.1250  loss_cls: 2.7932  loss_bbox: 1.3318
2025/06/22 18:09:58 - mmengine - INFO - Epoch(train)  [9][8200/9162]  lr: 2.0000e-03  eta: 1 day, 3:36:21  time: 0.7597  data_time: 0.1202  memory: 1708  loss: 4.2022  loss_cls: 2.8366  loss_bbox: 1.3656
2025/06/22 18:10:35 - mmengine - INFO - Epoch(train)  [9][8250/9162]  lr: 2.0000e-03  eta: 1 day, 3:35:48  time: 0.7453  data_time: 0.1185  memory: 1708  loss: 4.3181  loss_cls: 2.8846  loss_bbox: 1.4335
2025/06/22 18:11:12 - mmengine - INFO - Epoch(train)  [9][8300/9162]  lr: 2.0000e-03  eta: 1 day, 3:35:14  time: 0.7407  data_time: 0.1302  memory: 1708  loss: 4.1208  loss_cls: 2.7661  loss_bbox: 1.3546
2025/06/22 18:11:50 - mmengine - INFO - Epoch(train)  [9][8350/9162]  lr: 2.0000e-03  eta: 1 day, 3:34:41  time: 0.7535  data_time: 0.1155  memory: 1708  loss: 4.2422  loss_cls: 2.8436  loss_bbox: 1.3986
2025/06/22 18:12:27 - mmengine - INFO - Epoch(train)  [9][8400/9162]  lr: 2.0000e-03  eta: 1 day, 3:34:07  time: 0.7407  data_time: 0.1190  memory: 1708  loss: 4.2729  loss_cls: 2.8263  loss_bbox: 1.4466
2025/06/22 18:13:04 - mmengine - INFO - Epoch(train)  [9][8450/9162]  lr: 2.0000e-03  eta: 1 day, 3:33:32  time: 0.7355  data_time: 0.1020  memory: 1708  loss: 4.2366  loss_cls: 2.8378  loss_bbox: 1.3988
2025/06/22 18:13:41 - mmengine - INFO - Epoch(train)  [9][8500/9162]  lr: 2.0000e-03  eta: 1 day, 3:32:58  time: 0.7412  data_time: 0.0979  memory: 1708  loss: 4.2366  loss_cls: 2.8225  loss_bbox: 1.4141
2025/06/22 18:14:18 - mmengine - INFO - Epoch(train)  [9][8550/9162]  lr: 2.0000e-03  eta: 1 day, 3:32:25  time: 0.7453  data_time: 0.1417  memory: 1708  loss: 4.3673  loss_cls: 2.9636  loss_bbox: 1.4037
2025/06/22 18:14:56 - mmengine - INFO - Epoch(train)  [9][8600/9162]  lr: 2.0000e-03  eta: 1 day, 3:31:52  time: 0.7540  data_time: 0.1242  memory: 1708  loss: 4.2237  loss_cls: 2.8191  loss_bbox: 1.4046
2025/06/22 18:15:33 - mmengine - INFO - Epoch(train)  [9][8650/9162]  lr: 2.0000e-03  eta: 1 day, 3:31:18  time: 0.7375  data_time: 0.1146  memory: 1708  loss: 4.3426  loss_cls: 2.8732  loss_bbox: 1.4694
2025/06/22 18:16:10 - mmengine - INFO - Epoch(train)  [9][8700/9162]  lr: 2.0000e-03  eta: 1 day, 3:30:44  time: 0.7402  data_time: 0.1235  memory: 1708  loss: 4.3014  loss_cls: 2.8796  loss_bbox: 1.4219
2025/06/22 18:16:14 - mmengine - INFO - Exp name: ssd300_coco_20250622_013555
2025/06/22 18:16:48 - mmengine - INFO - Epoch(train)  [9][8750/9162]  lr: 2.0000e-03  eta: 1 day, 3:30:11  time: 0.7601  data_time: 0.1155  memory: 1708  loss: 4.3338  loss_cls: 2.8838  loss_bbox: 1.4500
2025/06/22 18:17:25 - mmengine - INFO - Epoch(train)  [9][8800/9162]  lr: 2.0000e-03  eta: 1 day, 3:29:37  time: 0.7439  data_time: 0.1129  memory: 1708  loss: 4.2413  loss_cls: 2.8162  loss_bbox: 1.4251
2025/06/22 18:18:03 - mmengine - INFO - Epoch(train)  [9][8850/9162]  lr: 2.0000e-03  eta: 1 day, 3:29:04  time: 0.7448  data_time: 0.1048  memory: 1708  loss: 4.2534  loss_cls: 2.8325  loss_bbox: 1.4209
2025/06/22 18:18:40 - mmengine - INFO - Epoch(train)  [9][8900/9162]  lr: 2.0000e-03  eta: 1 day, 3:28:30  time: 0.7405  data_time: 0.1063  memory: 1708  loss: 4.3104  loss_cls: 2.8762  loss_bbox: 1.4342
2025/06/22 18:19:17 - mmengine - INFO - Epoch(train)  [9][8950/9162]  lr: 2.0000e-03  eta: 1 day, 3:27:56  time: 0.7495  data_time: 0.1404  memory: 1708  loss: 4.2147  loss_cls: 2.8276  loss_bbox: 1.3871
2025/06/22 18:19:55 - mmengine - INFO - Epoch(train)  [9][9000/9162]  lr: 2.0000e-03  eta: 1 day, 3:27:23  time: 0.7453  data_time: 0.1206  memory: 1708  loss: 4.2873  loss_cls: 2.8299  loss_bbox: 1.4574
2025/06/22 18:20:32 - mmengine - INFO - Epoch(train)  [9][9050/9162]  lr: 2.0000e-03  eta: 1 day, 3:26:49  time: 0.7492  data_time: 0.1316  memory: 1708  loss: 4.2298  loss_cls: 2.8472  loss_bbox: 1.3826
2025/06/22 18:21:09 - mmengine - INFO - Epoch(train)  [9][9100/9162]  lr: 2.0000e-03  eta: 1 day, 3:26:15  time: 0.7428  data_time: 0.1144  memory: 1708  loss: 4.1986  loss_cls: 2.8357  loss_bbox: 1.3629
2025/06/22 18:21:47 - mmengine - INFO - Epoch(train)  [9][9150/9162]  lr: 2.0000e-03  eta: 1 day, 3:25:42  time: 0.7446  data_time: 0.1221  memory: 1708  loss: 4.3140  loss_cls: 2.8610  loss_bbox: 1.4531
2025/06/22 18:21:55 - mmengine - INFO - Exp name: ssd300_coco_20250622_013555
2025/06/22 18:21:55 - mmengine - INFO - Saving checkpoint at 9 epochs
2025/06/22 18:22:11 - mmengine - INFO - Epoch(val)  [9][ 50/157]    eta: 0:00:28  time: 0.2692  data_time: 0.0651  memory: 1708  
2025/06/22 18:22:23 - mmengine - INFO - Epoch(val)  [9][100/157]    eta: 0:00:14  time: 0.2439  data_time: 0.0405  memory: 851  
2025/06/22 18:22:36 - mmengine - INFO - Epoch(val)  [9][150/157]    eta: 0:00:01  time: 0.2521  data_time: 0.0455  memory: 851  
2025/06/22 18:22:55 - mmengine - INFO - Evaluating bbox...
2025/06/22 18:23:53 - mmengine - INFO - bbox_mAP_copypaste: 0.209 0.383 0.210 0.056 0.220 0.340
2025/06/22 18:23:55 - mmengine - INFO - Epoch(val) [9][157/157]    coco/bbox_mAP: 0.2090  coco/bbox_mAP_50: 0.3830  coco/bbox_mAP_75: 0.2100  coco/bbox_mAP_s: 0.0560  coco/bbox_mAP_m: 0.2200  coco/bbox_mAP_l: 0.3400  data_time: 0.0494  time: 0.2521
2025/06/22 18:24:30 - mmengine - INFO - Epoch(train) [10][  50/9162]  lr: 2.0000e-03  eta: 1 day, 3:24:56  time: 0.7058  data_time: 0.0821  memory: 1708  loss: 4.1960  loss_cls: 2.8159  loss_bbox: 1.3802
2025/06/22 18:25:07 - mmengine - INFO - Epoch(train) [10][ 100/9162]  lr: 2.0000e-03  eta: 1 day, 3:24:23  time: 0.7498  data_time: 0.1344  memory: 1708  loss: 4.2288  loss_cls: 2.8244  loss_bbox: 1.4044
2025/06/22 18:25:45 - mmengine - INFO - Epoch(train) [10][ 150/9162]  lr: 2.0000e-03  eta: 1 day, 3:23:49  time: 0.7424  data_time: 0.0844  memory: 1708  loss: 4.2636  loss_cls: 2.8955  loss_bbox: 1.3680
2025/06/22 18:26:22 - mmengine - INFO - Epoch(train) [10][ 200/9162]  lr: 2.0000e-03  eta: 1 day, 3:23:15  time: 0.7387  data_time: 0.1011  memory: 1708  loss: 4.1489  loss_cls: 2.7824  loss_bbox: 1.3666
2025/06/22 18:26:59 - mmengine - INFO - Epoch(train) [10][ 250/9162]  lr: 2.0000e-03  eta: 1 day, 3:22:41  time: 0.7491  data_time: 0.1292  memory: 1708  loss: 4.2289  loss_cls: 2.8377  loss_bbox: 1.3912
2025/06/22 18:27:36 - mmengine - INFO - Epoch(train) [10][ 300/9162]  lr: 2.0000e-03  eta: 1 day, 3:22:07  time: 0.7435  data_time: 0.1130  memory: 1708  loss: 4.2126  loss_cls: 2.8048  loss_bbox: 1.4078
2025/06/22 18:28:14 - mmengine - INFO - Epoch(train) [10][ 350/9162]  lr: 2.0000e-03  eta: 1 day, 3:21:33  time: 0.7434  data_time: 0.1295  memory: 1708  loss: 4.1366  loss_cls: 2.7991  loss_bbox: 1.3375
2025/06/22 18:28:51 - mmengine - INFO - Epoch(train) [10][ 400/9162]  lr: 2.0000e-03  eta: 1 day, 3:20:59  time: 0.7394  data_time: 0.1180  memory: 1708  loss: 4.2481  loss_cls: 2.8536  loss_bbox: 1.3945
2025/06/22 18:29:28 - mmengine - INFO - Epoch(train) [10][ 450/9162]  lr: 2.0000e-03  eta: 1 day, 3:20:25  time: 0.7400  data_time: 0.1250  memory: 1708  loss: 4.2353  loss_cls: 2.8614  loss_bbox: 1.3739
2025/06/22 18:30:05 - mmengine - INFO - Epoch(train) [10][ 500/9162]  lr: 2.0000e-03  eta: 1 day, 3:19:51  time: 0.7392  data_time: 0.1181  memory: 1708  loss: 4.3661  loss_cls: 2.8735  loss_bbox: 1.4926
2025/06/22 18:30:36 - mmengine - INFO - Exp name: ssd300_coco_20250622_013555
2025/06/22 18:30:42 - mmengine - INFO - Epoch(train) [10][ 550/9162]  lr: 2.0000e-03  eta: 1 day, 3:19:17  time: 0.7455  data_time: 0.0835  memory: 1708  loss: 4.3864  loss_cls: 2.9143  loss_bbox: 1.4721
2025/06/22 18:31:19 - mmengine - INFO - Epoch(train) [10][ 600/9162]  lr: 2.0000e-03  eta: 1 day, 3:18:43  time: 0.7401  data_time: 0.1180  memory: 1708  loss: 4.2331  loss_cls: 2.8556  loss_bbox: 1.3775
2025/06/22 18:31:57 - mmengine - INFO - Epoch(train) [10][ 650/9162]  lr: 2.0000e-03  eta: 1 day, 3:18:10  time: 0.7551  data_time: 0.0900  memory: 1708  loss: 4.4348  loss_cls: 2.9412  loss_bbox: 1.4937
2025/06/22 18:32:34 - mmengine - INFO - Epoch(train) [10][ 700/9162]  lr: 2.0000e-03  eta: 1 day, 3:17:36  time: 0.7420  data_time: 0.1061  memory: 1708  loss: 4.1687  loss_cls: 2.7794  loss_bbox: 1.3893
2025/06/22 18:33:12 - mmengine - INFO - Epoch(train) [10][ 750/9162]  lr: 2.0000e-03  eta: 1 day, 3:17:03  time: 0.7585  data_time: 0.1262  memory: 1708  loss: 4.2814  loss_cls: 2.8357  loss_bbox: 1.4458
2025/06/22 18:33:50 - mmengine - INFO - Epoch(train) [10][ 800/9162]  lr: 2.0000e-03  eta: 1 day, 3:16:30  time: 0.7518  data_time: 0.1310  memory: 1708  loss: 4.2558  loss_cls: 2.8312  loss_bbox: 1.4246
2025/06/22 18:34:28 - mmengine - INFO - Epoch(train) [10][ 850/9162]  lr: 2.0000e-03  eta: 1 day, 3:15:58  time: 0.7613  data_time: 0.1317  memory: 1708  loss: 4.2159  loss_cls: 2.8364  loss_bbox: 1.3795
2025/06/22 18:35:04 - mmengine - INFO - Epoch(train) [10][ 900/9162]  lr: 2.0000e-03  eta: 1 day, 3:15:23  time: 0.7332  data_time: 0.0969  memory: 1708  loss: 4.2461  loss_cls: 2.8508  loss_bbox: 1.3953
2025/06/22 18:35:41 - mmengine - INFO - Epoch(train) [10][ 950/9162]  lr: 2.0000e-03  eta: 1 day, 3:14:48  time: 0.7276  data_time: 0.0755  memory: 1708  loss: 4.2006  loss_cls: 2.8462  loss_bbox: 1.3544
2025/06/22 18:36:18 - mmengine - INFO - Epoch(train) [10][1000/9162]  lr: 2.0000e-03  eta: 1 day, 3:14:13  time: 0.7373  data_time: 0.1322  memory: 1708  loss: 4.2500  loss_cls: 2.8473  loss_bbox: 1.4028
2025/06/22 18:36:55 - mmengine - INFO - Epoch(train) [10][1050/9162]  lr: 2.0000e-03  eta: 1 day, 3:13:39  time: 0.7419  data_time: 0.1397  memory: 1708  loss: 4.2240  loss_cls: 2.8637  loss_bbox: 1.3604
2025/06/22 18:37:32 - mmengine - INFO - Epoch(train) [10][1100/9162]  lr: 2.0000e-03  eta: 1 day, 3:13:05  time: 0.7410  data_time: 0.1309  memory: 1708  loss: 4.2044  loss_cls: 2.8312  loss_bbox: 1.3732
2025/06/22 18:38:08 - mmengine - INFO - Epoch(train) [10][1150/9162]  lr: 2.0000e-03  eta: 1 day, 3:12:30  time: 0.7297  data_time: 0.1106  memory: 1708  loss: 4.2321  loss_cls: 2.8292  loss_bbox: 1.4030
2025/06/22 18:38:47 - mmengine - INFO - Epoch(train) [10][1200/9162]  lr: 2.0000e-03  eta: 1 day, 3:11:58  time: 0.7614  data_time: 0.1312  memory: 1708  loss: 4.2771  loss_cls: 2.8643  loss_bbox: 1.4128
2025/06/22 18:39:24 - mmengine - INFO - Epoch(train) [10][1250/9162]  lr: 2.0000e-03  eta: 1 day, 3:11:24  time: 0.7489  data_time: 0.0989  memory: 1708  loss: 4.3048  loss_cls: 2.8660  loss_bbox: 1.4388
2025/06/22 18:40:01 - mmengine - INFO - Epoch(train) [10][1300/9162]  lr: 2.0000e-03  eta: 1 day, 3:10:50  time: 0.7422  data_time: 0.1137  memory: 1708  loss: 4.3014  loss_cls: 2.8467  loss_bbox: 1.4546
2025/06/22 18:40:39 - mmengine - INFO - Epoch(train) [10][1350/9162]  lr: 2.0000e-03  eta: 1 day, 3:10:17  time: 0.7505  data_time: 0.1115  memory: 1708  loss: 4.2292  loss_cls: 2.8388  loss_bbox: 1.3904
2025/06/22 18:41:16 - mmengine - INFO - Epoch(train) [10][1400/9162]  lr: 2.0000e-03  eta: 1 day, 3:09:43  time: 0.7414  data_time: 0.1218  memory: 1708  loss: 4.1495  loss_cls: 2.8079  loss_bbox: 1.3416
2025/06/22 18:41:53 - mmengine - INFO - Epoch(train) [10][1450/9162]  lr: 2.0000e-03  eta: 1 day, 3:09:09  time: 0.7432  data_time: 0.1397  memory: 1708  loss: 4.1476  loss_cls: 2.8098  loss_bbox: 1.3378
2025/06/22 18:42:30 - mmengine - INFO - Epoch(train) [10][1500/9162]  lr: 2.0000e-03  eta: 1 day, 3:08:34  time: 0.7376  data_time: 0.1162  memory: 1708  loss: 4.2666  loss_cls: 2.8444  loss_bbox: 1.4222
2025/06/22 18:43:01 - mmengine - INFO - Exp name: ssd300_coco_20250622_013555
2025/06/22 18:43:07 - mmengine - INFO - Epoch(train) [10][1550/9162]  lr: 2.0000e-03  eta: 1 day, 3:08:00  time: 0.7324  data_time: 0.1043  memory: 1708  loss: 4.1538  loss_cls: 2.8459  loss_bbox: 1.3080
2025/06/22 18:43:44 - mmengine - INFO - Epoch(train) [10][1600/9162]  lr: 2.0000e-03  eta: 1 day, 3:07:25  time: 0.7405  data_time: 0.1379  memory: 1708  loss: 4.2552  loss_cls: 2.8761  loss_bbox: 1.3792
2025/06/22 18:44:21 - mmengine - INFO - Epoch(train) [10][1650/9162]  lr: 2.0000e-03  eta: 1 day, 3:06:51  time: 0.7357  data_time: 0.1213  memory: 1708  loss: 4.1560  loss_cls: 2.8197  loss_bbox: 1.3362
2025/06/22 18:44:58 - mmengine - INFO - Epoch(train) [10][1700/9162]  lr: 2.0000e-03  eta: 1 day, 3:06:17  time: 0.7437  data_time: 0.1247  memory: 1708  loss: 4.2225  loss_cls: 2.8493  loss_bbox: 1.3732
2025/06/22 18:45:35 - mmengine - INFO - Epoch(train) [10][1750/9162]  lr: 2.0000e-03  eta: 1 day, 3:05:43  time: 0.7453  data_time: 0.0986  memory: 1708  loss: 4.3104  loss_cls: 2.9173  loss_bbox: 1.3930
2025/06/22 18:46:12 - mmengine - INFO - Epoch(train) [10][1800/9162]  lr: 2.0000e-03  eta: 1 day, 3:05:09  time: 0.7394  data_time: 0.1321  memory: 1708  loss: 4.2807  loss_cls: 2.8588  loss_bbox: 1.4219
2025/06/22 18:46:49 - mmengine - INFO - Epoch(train) [10][1850/9162]  lr: 2.0000e-03  eta: 1 day, 3:04:35  time: 0.7430  data_time: 0.1279  memory: 1708  loss: 4.1780  loss_cls: 2.8264  loss_bbox: 1.3516
2025/06/22 18:47:27 - mmengine - INFO - Epoch(train) [10][1900/9162]  lr: 2.0000e-03  eta: 1 day, 3:04:01  time: 0.7487  data_time: 0.1398  memory: 1708  loss: 4.2955  loss_cls: 2.8346  loss_bbox: 1.4609
2025/06/22 18:48:04 - mmengine - INFO - Epoch(train) [10][1950/9162]  lr: 2.0000e-03  eta: 1 day, 3:03:27  time: 0.7440  data_time: 0.1365  memory: 1708  loss: 4.1506  loss_cls: 2.7957  loss_bbox: 1.3548
2025/06/22 18:48:41 - mmengine - INFO - Epoch(train) [10][2000/9162]  lr: 2.0000e-03  eta: 1 day, 3:02:53  time: 0.7375  data_time: 0.1113  memory: 1708  loss: 4.2487  loss_cls: 2.8269  loss_bbox: 1.4218
2025/06/22 18:49:18 - mmengine - INFO - Epoch(train) [10][2050/9162]  lr: 2.0000e-03  eta: 1 day, 3:02:18  time: 0.7408  data_time: 0.1397  memory: 1708  loss: 4.1938  loss_cls: 2.8271  loss_bbox: 1.3667
2025/06/22 18:49:55 - mmengine - INFO - Epoch(train) [10][2100/9162]  lr: 2.0000e-03  eta: 1 day, 3:01:45  time: 0.7440  data_time: 0.1436  memory: 1708  loss: 4.3158  loss_cls: 2.8771  loss_bbox: 1.4387
2025/06/22 18:50:32 - mmengine - INFO - Epoch(train) [10][2150/9162]  lr: 2.0000e-03  eta: 1 day, 3:01:10  time: 0.7340  data_time: 0.1135  memory: 1708  loss: 4.1389  loss_cls: 2.8024  loss_bbox: 1.3365
2025/06/22 18:51:09 - mmengine - INFO - Epoch(train) [10][2200/9162]  lr: 2.0000e-03  eta: 1 day, 3:00:36  time: 0.7398  data_time: 0.1299  memory: 1708  loss: 4.3493  loss_cls: 2.9213  loss_bbox: 1.4279
2025/06/22 18:51:47 - mmengine - INFO - Epoch(train) [10][2250/9162]  lr: 2.0000e-03  eta: 1 day, 3:00:02  time: 0.7502  data_time: 0.0917  memory: 1708  loss: 4.2229  loss_cls: 2.8549  loss_bbox: 1.3680
2025/06/22 18:52:24 - mmengine - INFO - Epoch(train) [10][2300/9162]  lr: 2.0000e-03  eta: 1 day, 2:59:29  time: 0.7551  data_time: 0.1047  memory: 1708  loss: 4.2180  loss_cls: 2.8149  loss_bbox: 1.4031
2025/06/22 18:53:02 - mmengine - INFO - Epoch(train) [10][2350/9162]  lr: 2.0000e-03  eta: 1 day, 2:58:56  time: 0.7515  data_time: 0.1232  memory: 1708  loss: 4.3205  loss_cls: 2.8612  loss_bbox: 1.4593
2025/06/22 18:53:40 - mmengine - INFO - Epoch(train) [10][2400/9162]  lr: 2.0000e-03  eta: 1 day, 2:58:23  time: 0.7639  data_time: 0.1204  memory: 1708  loss: 4.2910  loss_cls: 2.8840  loss_bbox: 1.4069
2025/06/22 18:54:18 - mmengine - INFO - Epoch(train) [10][2450/9162]  lr: 2.0000e-03  eta: 1 day, 2:57:50  time: 0.7499  data_time: 0.1234  memory: 1708  loss: 4.1140  loss_cls: 2.7608  loss_bbox: 1.3533
2025/06/22 18:54:55 - mmengine - INFO - Epoch(train) [10][2500/9162]  lr: 2.0000e-03  eta: 1 day, 2:57:16  time: 0.7430  data_time: 0.1190  memory: 1708  loss: 4.3130  loss_cls: 2.9148  loss_bbox: 1.3982
2025/06/22 18:55:26 - mmengine - INFO - Exp name: ssd300_coco_20250622_013555
2025/06/22 18:55:32 - mmengine - INFO - Epoch(train) [10][2550/9162]  lr: 2.0000e-03  eta: 1 day, 2:56:42  time: 0.7443  data_time: 0.1251  memory: 1708  loss: 4.2712  loss_cls: 2.8603  loss_bbox: 1.4109
2025/06/22 18:56:09 - mmengine - INFO - Epoch(train) [10][2600/9162]  lr: 2.0000e-03  eta: 1 day, 2:56:07  time: 0.7340  data_time: 0.0994  memory: 1708  loss: 4.3568  loss_cls: 2.9059  loss_bbox: 1.4509
2025/06/22 18:56:46 - mmengine - INFO - Epoch(train) [10][2650/9162]  lr: 2.0000e-03  eta: 1 day, 2:55:33  time: 0.7429  data_time: 0.1282  memory: 1708  loss: 4.1832  loss_cls: 2.8446  loss_bbox: 1.3386
2025/06/22 18:57:23 - mmengine - INFO - Epoch(train) [10][2700/9162]  lr: 2.0000e-03  eta: 1 day, 2:54:59  time: 0.7404  data_time: 0.0987  memory: 1708  loss: 4.2481  loss_cls: 2.8605  loss_bbox: 1.3876
2025/06/22 18:58:00 - mmengine - INFO - Epoch(train) [10][2750/9162]  lr: 2.0000e-03  eta: 1 day, 2:54:24  time: 0.7417  data_time: 0.1330  memory: 1708  loss: 4.1787  loss_cls: 2.8172  loss_bbox: 1.3615
2025/06/22 18:58:38 - mmengine - INFO - Epoch(train) [10][2800/9162]  lr: 2.0000e-03  eta: 1 day, 2:53:50  time: 0.7439  data_time: 0.1151  memory: 1708  loss: 4.2021  loss_cls: 2.7988  loss_bbox: 1.4033
2025/06/22 18:59:15 - mmengine - INFO - Epoch(train) [10][2850/9162]  lr: 2.0000e-03  eta: 1 day, 2:53:16  time: 0.7404  data_time: 0.1189  memory: 1708  loss: 4.2585  loss_cls: 2.8592  loss_bbox: 1.3993
2025/06/22 18:59:52 - mmengine - INFO - Epoch(train) [10][2900/9162]  lr: 2.0000e-03  eta: 1 day, 2:52:42  time: 0.7382  data_time: 0.0809  memory: 1708  loss: 4.1593  loss_cls: 2.8124  loss_bbox: 1.3469
2025/06/22 19:00:30 - mmengine - INFO - Epoch(train) [10][2950/9162]  lr: 2.0000e-03  eta: 1 day, 2:52:09  time: 0.7563  data_time: 0.1293  memory: 1708  loss: 4.2976  loss_cls: 2.8853  loss_bbox: 1.4123
2025/06/22 19:01:07 - mmengine - INFO - Epoch(train) [10][3000/9162]  lr: 2.0000e-03  eta: 1 day, 2:51:34  time: 0.7427  data_time: 0.0918  memory: 1708  loss: 4.2595  loss_cls: 2.8446  loss_bbox: 1.4150
2025/06/22 19:01:44 - mmengine - INFO - Epoch(train) [10][3050/9162]  lr: 2.0000e-03  eta: 1 day, 2:51:00  time: 0.7407  data_time: 0.1028  memory: 1708  loss: 4.1808  loss_cls: 2.8328  loss_bbox: 1.3479
2025/06/22 19:02:21 - mmengine - INFO - Epoch(train) [10][3100/9162]  lr: 2.0000e-03  eta: 1 day, 2:50:26  time: 0.7385  data_time: 0.0940  memory: 1708  loss: 4.2221  loss_cls: 2.8662  loss_bbox: 1.3559
2025/06/22 19:02:58 - mmengine - INFO - Epoch(train) [10][3150/9162]  lr: 2.0000e-03  eta: 1 day, 2:49:51  time: 0.7386  data_time: 0.0955  memory: 1708  loss: 4.2820  loss_cls: 2.9062  loss_bbox: 1.3757
2025/06/22 19:03:35 - mmengine - INFO - Epoch(train) [10][3200/9162]  lr: 2.0000e-03  eta: 1 day, 2:49:16  time: 0.7350  data_time: 0.1120  memory: 1708  loss: 4.1409  loss_cls: 2.7938  loss_bbox: 1.3470
2025/06/22 19:04:12 - mmengine - INFO - Epoch(train) [10][3250/9162]  lr: 2.0000e-03  eta: 1 day, 2:48:42  time: 0.7381  data_time: 0.1226  memory: 1708  loss: 4.1685  loss_cls: 2.8164  loss_bbox: 1.3521
2025/06/22 19:04:49 - mmengine - INFO - Epoch(train) [10][3300/9162]  lr: 2.0000e-03  eta: 1 day, 2:48:08  time: 0.7419  data_time: 0.1229  memory: 1708  loss: 4.2119  loss_cls: 2.8254  loss_bbox: 1.3866
2025/06/22 19:05:26 - mmengine - INFO - Epoch(train) [10][3350/9162]  lr: 2.0000e-03  eta: 1 day, 2:47:34  time: 0.7412  data_time: 0.1250  memory: 1708  loss: 4.1760  loss_cls: 2.8232  loss_bbox: 1.3528
2025/06/22 19:06:03 - mmengine - INFO - Epoch(train) [10][3400/9162]  lr: 2.0000e-03  eta: 1 day, 2:47:00  time: 0.7479  data_time: 0.1334  memory: 1708  loss: 4.1980  loss_cls: 2.8303  loss_bbox: 1.3677
2025/06/22 19:06:41 - mmengine - INFO - Epoch(train) [10][3450/9162]  lr: 2.0000e-03  eta: 1 day, 2:46:26  time: 0.7541  data_time: 0.1147  memory: 1708  loss: 4.1750  loss_cls: 2.8030  loss_bbox: 1.3719
2025/06/22 19:07:19 - mmengine - INFO - Epoch(train) [10][3500/9162]  lr: 2.0000e-03  eta: 1 day, 2:45:53  time: 0.7501  data_time: 0.1222  memory: 1708  loss: 4.1331  loss_cls: 2.7779  loss_bbox: 1.3552
2025/06/22 19:07:50 - mmengine - INFO - Exp name: ssd300_coco_20250622_013555
2025/06/22 19:07:56 - mmengine - INFO - Epoch(train) [10][3550/9162]  lr: 2.0000e-03  eta: 1 day, 2:45:19  time: 0.7511  data_time: 0.1223  memory: 1708  loss: 4.1819  loss_cls: 2.8410  loss_bbox: 1.3410
2025/06/22 19:08:33 - mmengine - INFO - Epoch(train) [10][3600/9162]  lr: 2.0000e-03  eta: 1 day, 2:44:44  time: 0.7262  data_time: 0.0973  memory: 1708  loss: 4.2694  loss_cls: 2.8776  loss_bbox: 1.3919
2025/06/22 19:09:09 - mmengine - INFO - Epoch(train) [10][3650/9162]  lr: 2.0000e-03  eta: 1 day, 2:44:09  time: 0.7383  data_time: 0.1062  memory: 1708  loss: 4.3376  loss_cls: 2.8663  loss_bbox: 1.4713
2025/06/22 19:09:47 - mmengine - INFO - Epoch(train) [10][3700/9162]  lr: 2.0000e-03  eta: 1 day, 2:43:35  time: 0.7416  data_time: 0.1309  memory: 1708  loss: 4.1856  loss_cls: 2.8115  loss_bbox: 1.3741
2025/06/22 19:10:23 - mmengine - INFO - Epoch(train) [10][3750/9162]  lr: 2.0000e-03  eta: 1 day, 2:43:01  time: 0.7362  data_time: 0.1292  memory: 1708  loss: 4.2308  loss_cls: 2.8658  loss_bbox: 1.3650
2025/06/22 19:11:00 - mmengine - INFO - Epoch(train) [10][3800/9162]  lr: 2.0000e-03  eta: 1 day, 2:42:26  time: 0.7397  data_time: 0.0942  memory: 1708  loss: 4.2951  loss_cls: 2.8844  loss_bbox: 1.4107
2025/06/22 19:11:38 - mmengine - INFO - Epoch(train) [10][3850/9162]  lr: 2.0000e-03  eta: 1 day, 2:41:52  time: 0.7434  data_time: 0.0960  memory: 1708  loss: 4.2492  loss_cls: 2.8713  loss_bbox: 1.3778
2025/06/22 19:12:14 - mmengine - INFO - Epoch(train) [10][3900/9162]  lr: 2.0000e-03  eta: 1 day, 2:41:17  time: 0.7319  data_time: 0.0995  memory: 1708  loss: 4.2950  loss_cls: 2.8606  loss_bbox: 1.4343
2025/06/22 19:12:52 - mmengine - INFO - Epoch(train) [10][3950/9162]  lr: 2.0000e-03  eta: 1 day, 2:40:43  time: 0.7442  data_time: 0.1187  memory: 1708  loss: 4.2619  loss_cls: 2.8489  loss_bbox: 1.4130
2025/06/22 19:13:29 - mmengine - INFO - Epoch(train) [10][4000/9162]  lr: 2.0000e-03  eta: 1 day, 2:40:09  time: 0.7522  data_time: 0.1385  memory: 1708  loss: 4.2732  loss_cls: 2.8745  loss_bbox: 1.3987
2025/06/22 19:14:07 - mmengine - INFO - Epoch(train) [10][4050/9162]  lr: 2.0000e-03  eta: 1 day, 2:39:36  time: 0.7580  data_time: 0.1259  memory: 1708  loss: 4.1821  loss_cls: 2.8002  loss_bbox: 1.3819
2025/06/22 19:14:44 - mmengine - INFO - Epoch(train) [10][4100/9162]  lr: 2.0000e-03  eta: 1 day, 2:39:02  time: 0.7442  data_time: 0.1170  memory: 1708  loss: 4.1245  loss_cls: 2.7841  loss_bbox: 1.3404
2025/06/22 19:15:22 - mmengine - INFO - Epoch(train) [10][4150/9162]  lr: 2.0000e-03  eta: 1 day, 2:38:29  time: 0.7539  data_time: 0.1185  memory: 1708  loss: 4.1698  loss_cls: 2.8358  loss_bbox: 1.3340
2025/06/22 19:15:59 - mmengine - INFO - Epoch(train) [10][4200/9162]  lr: 2.0000e-03  eta: 1 day, 2:37:55  time: 0.7396  data_time: 0.1088  memory: 1708  loss: 4.1934  loss_cls: 2.7960  loss_bbox: 1.3974
2025/06/22 19:16:36 - mmengine - INFO - Epoch(train) [10][4250/9162]  lr: 2.0000e-03  eta: 1 day, 2:37:20  time: 0.7436  data_time: 0.1072  memory: 1708  loss: 4.2047  loss_cls: 2.7889  loss_bbox: 1.4159
2025/06/22 19:17:14 - mmengine - INFO - Epoch(train) [10][4300/9162]  lr: 2.0000e-03  eta: 1 day, 2:36:46  time: 0.7431  data_time: 0.1076  memory: 1708  loss: 4.2661  loss_cls: 2.8809  loss_bbox: 1.3852
2025/06/22 19:17:51 - mmengine - INFO - Epoch(train) [10][4350/9162]  lr: 2.0000e-03  eta: 1 day, 2:36:12  time: 0.7431  data_time: 0.0960  memory: 1708  loss: 4.1833  loss_cls: 2.8080  loss_bbox: 1.3753
2025/06/22 19:18:28 - mmengine - INFO - Epoch(train) [10][4400/9162]  lr: 2.0000e-03  eta: 1 day, 2:35:38  time: 0.7399  data_time: 0.0724  memory: 1708  loss: 4.1485  loss_cls: 2.8012  loss_bbox: 1.3473
2025/06/22 19:19:05 - mmengine - INFO - Epoch(train) [10][4450/9162]  lr: 2.0000e-03  eta: 1 day, 2:35:03  time: 0.7401  data_time: 0.1154  memory: 1708  loss: 4.1936  loss_cls: 2.8240  loss_bbox: 1.3696
2025/06/22 19:19:42 - mmengine - INFO - Epoch(train) [10][4500/9162]  lr: 2.0000e-03  eta: 1 day, 2:34:28  time: 0.7362  data_time: 0.1005  memory: 1708  loss: 4.1677  loss_cls: 2.8447  loss_bbox: 1.3230
2025/06/22 19:20:13 - mmengine - INFO - Exp name: ssd300_coco_20250622_013555
2025/06/22 19:20:19 - mmengine - INFO - Epoch(train) [10][4550/9162]  lr: 2.0000e-03  eta: 1 day, 2:33:55  time: 0.7493  data_time: 0.1080  memory: 1708  loss: 4.2799  loss_cls: 2.8878  loss_bbox: 1.3921
2025/06/22 19:20:57 - mmengine - INFO - Epoch(train) [10][4600/9162]  lr: 2.0000e-03  eta: 1 day, 2:33:21  time: 0.7442  data_time: 0.1113  memory: 1708  loss: 4.0979  loss_cls: 2.7906  loss_bbox: 1.3073
2025/06/22 19:21:34 - mmengine - INFO - Epoch(train) [10][4650/9162]  lr: 2.0000e-03  eta: 1 day, 2:32:47  time: 0.7508  data_time: 0.0956  memory: 1708  loss: 4.1673  loss_cls: 2.8266  loss_bbox: 1.3407
2025/06/22 19:22:12 - mmengine - INFO - Epoch(train) [10][4700/9162]  lr: 2.0000e-03  eta: 1 day, 2:32:13  time: 0.7484  data_time: 0.1107  memory: 1708  loss: 4.2558  loss_cls: 2.8448  loss_bbox: 1.4110
2025/06/22 19:22:48 - mmengine - INFO - Epoch(train) [10][4750/9162]  lr: 2.0000e-03  eta: 1 day, 2:31:38  time: 0.7358  data_time: 0.0842  memory: 1708  loss: 4.2791  loss_cls: 2.8775  loss_bbox: 1.4016
2025/06/22 19:23:26 - mmengine - INFO - Epoch(train) [10][4800/9162]  lr: 2.0000e-03  eta: 1 day, 2:31:04  time: 0.7446  data_time: 0.1333  memory: 1708  loss: 4.1536  loss_cls: 2.8081  loss_bbox: 1.3455
2025/06/22 19:24:03 - mmengine - INFO - Epoch(train) [10][4850/9162]  lr: 2.0000e-03  eta: 1 day, 2:30:30  time: 0.7402  data_time: 0.1045  memory: 1708  loss: 4.1228  loss_cls: 2.7796  loss_bbox: 1.3432
2025/06/22 19:24:40 - mmengine - INFO - Epoch(train) [10][4900/9162]  lr: 2.0000e-03  eta: 1 day, 2:29:56  time: 0.7416  data_time: 0.1183  memory: 1708  loss: 4.2176  loss_cls: 2.8766  loss_bbox: 1.3409
2025/06/22 19:25:17 - mmengine - INFO - Epoch(train) [10][4950/9162]  lr: 2.0000e-03  eta: 1 day, 2:29:21  time: 0.7427  data_time: 0.1127  memory: 1708  loss: 4.2483  loss_cls: 2.8416  loss_bbox: 1.4068
2025/06/22 19:25:54 - mmengine - INFO - Epoch(train) [10][5000/9162]  lr: 2.0000e-03  eta: 1 day, 2:28:47  time: 0.7431  data_time: 0.1290  memory: 1708  loss: 4.2263  loss_cls: 2.8450  loss_bbox: 1.3813
2025/06/22 19:26:31 - mmengine - INFO - Epoch(train) [10][5050/9162]  lr: 2.0000e-03  eta: 1 day, 2:28:12  time: 0.7372  data_time: 0.1169  memory: 1708  loss: 4.2341  loss_cls: 2.8689  loss_bbox: 1.3652
2025/06/22 19:27:09 - mmengine - INFO - Epoch(train) [10][5100/9162]  lr: 2.0000e-03  eta: 1 day, 2:27:39  time: 0.7602  data_time: 0.1291  memory: 1708  loss: 4.2214  loss_cls: 2.8157  loss_bbox: 1.4057
2025/06/22 19:27:47 - mmengine - INFO - Epoch(train) [10][5150/9162]  lr: 2.0000e-03  eta: 1 day, 2:27:06  time: 0.7519  data_time: 0.1373  memory: 1708  loss: 4.2272  loss_cls: 2.8772  loss_bbox: 1.3500
2025/06/22 19:28:25 - mmengine - INFO - Epoch(train) [10][5200/9162]  lr: 2.0000e-03  eta: 1 day, 2:26:33  time: 0.7637  data_time: 0.0875  memory: 1708  loss: 4.2202  loss_cls: 2.8168  loss_bbox: 1.4034
2025/06/22 19:29:03 - mmengine - INFO - Epoch(train) [10][5250/9162]  lr: 2.0000e-03  eta: 1 day, 2:25:59  time: 0.7485  data_time: 0.1326  memory: 1708  loss: 4.2596  loss_cls: 2.8784  loss_bbox: 1.3812
2025/06/22 19:29:40 - mmengine - INFO - Epoch(train) [10][5300/9162]  lr: 2.0000e-03  eta: 1 day, 2:25:26  time: 0.7489  data_time: 0.1352  memory: 1708  loss: 4.2856  loss_cls: 2.8614  loss_bbox: 1.4242
2025/06/22 19:30:18 - mmengine - INFO - Epoch(train) [10][5350/9162]  lr: 2.0000e-03  eta: 1 day, 2:24:51  time: 0.7456  data_time: 0.1255  memory: 1708  loss: 4.1934  loss_cls: 2.8331  loss_bbox: 1.3603
2025/06/22 19:30:55 - mmengine - INFO - Epoch(train) [10][5400/9162]  lr: 2.0000e-03  eta: 1 day, 2:24:18  time: 0.7525  data_time: 0.1130  memory: 1708  loss: 4.2738  loss_cls: 2.8249  loss_bbox: 1.4489
2025/06/22 19:31:33 - mmengine - INFO - Epoch(train) [10][5450/9162]  lr: 2.0000e-03  eta: 1 day, 2:23:44  time: 0.7500  data_time: 0.1106  memory: 1708  loss: 4.3020  loss_cls: 2.8603  loss_bbox: 1.4417
2025/06/22 19:32:11 - mmengine - INFO - Epoch(train) [10][5500/9162]  lr: 2.0000e-03  eta: 1 day, 2:23:11  time: 0.7621  data_time: 0.1300  memory: 1708  loss: 4.3385  loss_cls: 2.9005  loss_bbox: 1.4379
2025/06/22 19:32:43 - mmengine - INFO - Exp name: ssd300_coco_20250622_013555
2025/06/22 19:32:49 - mmengine - INFO - Epoch(train) [10][5550/9162]  lr: 2.0000e-03  eta: 1 day, 2:22:38  time: 0.7510  data_time: 0.1240  memory: 1708  loss: 4.2224  loss_cls: 2.8251  loss_bbox: 1.3974
2025/06/22 19:33:26 - mmengine - INFO - Epoch(train) [10][5600/9162]  lr: 2.0000e-03  eta: 1 day, 2:22:04  time: 0.7544  data_time: 0.1332  memory: 1708  loss: 4.2625  loss_cls: 2.8537  loss_bbox: 1.4088
2025/06/22 19:34:04 - mmengine - INFO - Epoch(train) [10][5650/9162]  lr: 2.0000e-03  eta: 1 day, 2:21:31  time: 0.7617  data_time: 0.1181  memory: 1708  loss: 4.3313  loss_cls: 2.8940  loss_bbox: 1.4373
2025/06/22 19:34:42 - mmengine - INFO - Epoch(train) [10][5700/9162]  lr: 2.0000e-03  eta: 1 day, 2:20:58  time: 0.7565  data_time: 0.1104  memory: 1708  loss: 4.1908  loss_cls: 2.8230  loss_bbox: 1.3678
2025/06/22 19:35:20 - mmengine - INFO - Epoch(train) [10][5750/9162]  lr: 2.0000e-03  eta: 1 day, 2:20:25  time: 0.7557  data_time: 0.1342  memory: 1708  loss: 4.2341  loss_cls: 2.8689  loss_bbox: 1.3652
2025/06/22 19:35:57 - mmengine - INFO - Epoch(train) [10][5800/9162]  lr: 2.0000e-03  eta: 1 day, 2:19:50  time: 0.7393  data_time: 0.0981  memory: 1708  loss: 4.1832  loss_cls: 2.8129  loss_bbox: 1.3703
2025/06/22 19:36:34 - mmengine - INFO - Epoch(train) [10][5850/9162]  lr: 2.0000e-03  eta: 1 day, 2:19:16  time: 0.7461  data_time: 0.0940  memory: 1708  loss: 4.2538  loss_cls: 2.8796  loss_bbox: 1.3742
2025/06/22 19:37:12 - mmengine - INFO - Epoch(train) [10][5900/9162]  lr: 2.0000e-03  eta: 1 day, 2:18:43  time: 0.7556  data_time: 0.1447  memory: 1708  loss: 4.2240  loss_cls: 2.8402  loss_bbox: 1.3838
2025/06/22 19:37:50 - mmengine - INFO - Epoch(train) [10][5950/9162]  lr: 2.0000e-03  eta: 1 day, 2:18:10  time: 0.7591  data_time: 0.1341  memory: 1708  loss: 4.1586  loss_cls: 2.7873  loss_bbox: 1.3713
2025/06/22 19:38:28 - mmengine - INFO - Epoch(train) [10][6000/9162]  lr: 2.0000e-03  eta: 1 day, 2:17:35  time: 0.7444  data_time: 0.1361  memory: 1708  loss: 4.1523  loss_cls: 2.7962  loss_bbox: 1.3561
2025/06/22 19:39:05 - mmengine - INFO - Epoch(train) [10][6050/9162]  lr: 2.0000e-03  eta: 1 day, 2:17:01  time: 0.7409  data_time: 0.1457  memory: 1708  loss: 4.1789  loss_cls: 2.7970  loss_bbox: 1.3820
2025/06/22 19:39:41 - mmengine - INFO - Epoch(train) [10][6100/9162]  lr: 2.0000e-03  eta: 1 day, 2:16:25  time: 0.7237  data_time: 0.0895  memory: 1708  loss: 4.2455  loss_cls: 2.8387  loss_bbox: 1.4068
2025/06/22 19:40:17 - mmengine - INFO - Epoch(train) [10][6150/9162]  lr: 2.0000e-03  eta: 1 day, 2:15:50  time: 0.7299  data_time: 0.1398  memory: 1708  loss: 4.1980  loss_cls: 2.8244  loss_bbox: 1.3735
2025/06/22 19:40:54 - mmengine - INFO - Epoch(train) [10][6200/9162]  lr: 2.0000e-03  eta: 1 day, 2:15:15  time: 0.7356  data_time: 0.1328  memory: 1708  loss: 4.2505  loss_cls: 2.8373  loss_bbox: 1.4133
2025/06/22 19:41:31 - mmengine - INFO - Epoch(train) [10][6250/9162]  lr: 2.0000e-03  eta: 1 day, 2:14:40  time: 0.7374  data_time: 0.1235  memory: 1708  loss: 4.3975  loss_cls: 2.9239  loss_bbox: 1.4736
2025/06/22 19:42:09 - mmengine - INFO - Epoch(train) [10][6300/9162]  lr: 2.0000e-03  eta: 1 day, 2:14:08  time: 0.7643  data_time: 0.1301  memory: 1708  loss: 4.1575  loss_cls: 2.8198  loss_bbox: 1.3377
2025/06/22 19:42:46 - mmengine - INFO - Epoch(train) [10][6350/9162]  lr: 2.0000e-03  eta: 1 day, 2:13:32  time: 0.7233  data_time: 0.1146  memory: 1708  loss: 4.2238  loss_cls: 2.8733  loss_bbox: 1.3505
2025/06/22 19:43:21 - mmengine - INFO - Epoch(train) [10][6400/9162]  lr: 2.0000e-03  eta: 1 day, 2:12:55  time: 0.7125  data_time: 0.0680  memory: 1708  loss: 4.2169  loss_cls: 2.8295  loss_bbox: 1.3874
2025/06/22 19:43:58 - mmengine - INFO - Epoch(train) [10][6450/9162]  lr: 2.0000e-03  eta: 1 day, 2:12:20  time: 0.7264  data_time: 0.1081  memory: 1708  loss: 4.2137  loss_cls: 2.8390  loss_bbox: 1.3747
2025/06/22 19:44:34 - mmengine - INFO - Epoch(train) [10][6500/9162]  lr: 2.0000e-03  eta: 1 day, 2:11:44  time: 0.7278  data_time: 0.1341  memory: 1708  loss: 4.2259  loss_cls: 2.8823  loss_bbox: 1.3436
2025/06/22 19:45:05 - mmengine - INFO - Exp name: ssd300_coco_20250622_013555
2025/06/22 19:45:11 - mmengine - INFO - Epoch(train) [10][6550/9162]  lr: 2.0000e-03  eta: 1 day, 2:11:09  time: 0.7311  data_time: 0.1320  memory: 1708  loss: 4.2324  loss_cls: 2.8566  loss_bbox: 1.3758
2025/06/22 19:45:47 - mmengine - INFO - Epoch(train) [10][6600/9162]  lr: 2.0000e-03  eta: 1 day, 2:10:34  time: 0.7288  data_time: 0.1279  memory: 1708  loss: 4.2343  loss_cls: 2.8384  loss_bbox: 1.3959
2025/06/22 19:46:24 - mmengine - INFO - Epoch(train) [10][6650/9162]  lr: 2.0000e-03  eta: 1 day, 2:09:58  time: 0.7303  data_time: 0.1223  memory: 1708  loss: 4.3458  loss_cls: 2.8749  loss_bbox: 1.4709
2025/06/22 19:47:00 - mmengine - INFO - Epoch(train) [10][6700/9162]  lr: 2.0000e-03  eta: 1 day, 2:09:23  time: 0.7310  data_time: 0.1267  memory: 1708  loss: 4.1984  loss_cls: 2.8392  loss_bbox: 1.3592
2025/06/22 19:47:37 - mmengine - INFO - Epoch(train) [10][6750/9162]  lr: 2.0000e-03  eta: 1 day, 2:08:48  time: 0.7300  data_time: 0.1180  memory: 1708  loss: 4.3052  loss_cls: 2.8936  loss_bbox: 1.4116
2025/06/22 19:48:12 - mmengine - INFO - Epoch(train) [10][6800/9162]  lr: 2.0000e-03  eta: 1 day, 2:08:10  time: 0.7004  data_time: 0.0684  memory: 1708  loss: 4.2662  loss_cls: 2.8786  loss_bbox: 1.3876
2025/06/22 19:48:48 - mmengine - INFO - Epoch(train) [10][6850/9162]  lr: 2.0000e-03  eta: 1 day, 2:07:34  time: 0.7168  data_time: 0.1138  memory: 1708  loss: 4.2880  loss_cls: 2.8215  loss_bbox: 1.4666
2025/06/22 19:49:24 - mmengine - INFO - Epoch(train) [10][6900/9162]  lr: 2.0000e-03  eta: 1 day, 2:06:59  time: 0.7318  data_time: 0.1098  memory: 1708  loss: 4.2471  loss_cls: 2.8380  loss_bbox: 1.4091
2025/06/22 19:50:01 - mmengine - INFO - Epoch(train) [10][6950/9162]  lr: 2.0000e-03  eta: 1 day, 2:06:23  time: 0.7263  data_time: 0.0921  memory: 1708  loss: 4.1858  loss_cls: 2.7937  loss_bbox: 1.3921
2025/06/22 19:50:37 - mmengine - INFO - Epoch(train) [10][7000/9162]  lr: 2.0000e-03  eta: 1 day, 2:05:48  time: 0.7296  data_time: 0.0670  memory: 1708  loss: 4.2700  loss_cls: 2.8556  loss_bbox: 1.4145
2025/06/22 19:51:13 - mmengine - INFO - Epoch(train) [10][7050/9162]  lr: 2.0000e-03  eta: 1 day, 2:05:12  time: 0.7212  data_time: 0.0664  memory: 1708  loss: 4.3207  loss_cls: 2.8981  loss_bbox: 1.4225
2025/06/22 19:51:50 - mmengine - INFO - Epoch(train) [10][7100/9162]  lr: 2.0000e-03  eta: 1 day, 2:04:36  time: 0.7258  data_time: 0.0967  memory: 1708  loss: 4.1866  loss_cls: 2.8084  loss_bbox: 1.3782
2025/06/22 19:52:26 - mmengine - INFO - Epoch(train) [10][7150/9162]  lr: 2.0000e-03  eta: 1 day, 2:04:01  time: 0.7243  data_time: 0.0833  memory: 1708  loss: 4.1675  loss_cls: 2.8101  loss_bbox: 1.3574
2025/06/22 19:53:02 - mmengine - INFO - Epoch(train) [10][7200/9162]  lr: 2.0000e-03  eta: 1 day, 2:03:25  time: 0.7192  data_time: 0.0719  memory: 1708  loss: 4.2726  loss_cls: 2.8630  loss_bbox: 1.4096
2025/06/22 19:53:38 - mmengine - INFO - Epoch(train) [10][7250/9162]  lr: 2.0000e-03  eta: 1 day, 2:02:49  time: 0.7235  data_time: 0.0914  memory: 1708  loss: 4.2161  loss_cls: 2.8024  loss_bbox: 1.4137
2025/06/22 19:54:15 - mmengine - INFO - Epoch(train) [10][7300/9162]  lr: 2.0000e-03  eta: 1 day, 2:02:13  time: 0.7281  data_time: 0.0770  memory: 1708  loss: 4.1750  loss_cls: 2.8142  loss_bbox: 1.3607
2025/06/22 19:54:52 - mmengine - INFO - Epoch(train) [10][7350/9162]  lr: 2.0000e-03  eta: 1 day, 2:01:38  time: 0.7364  data_time: 0.0998  memory: 1708  loss: 4.1618  loss_cls: 2.8359  loss_bbox: 1.3259
2025/06/22 19:55:26 - mmengine - INFO - Epoch(train) [10][7400/9162]  lr: 2.0000e-03  eta: 1 day, 2:01:00  time: 0.6855  data_time: 0.0816  memory: 1708  loss: 4.2458  loss_cls: 2.8273  loss_bbox: 1.4185
2025/06/22 19:56:03 - mmengine - INFO - Epoch(train) [10][7450/9162]  lr: 2.0000e-03  eta: 1 day, 2:00:25  time: 0.7358  data_time: 0.1187  memory: 1708  loss: 4.2567  loss_cls: 2.8475  loss_bbox: 1.4092
2025/06/22 19:56:38 - mmengine - INFO - Epoch(train) [10][7500/9162]  lr: 2.0000e-03  eta: 1 day, 1:59:48  time: 0.7115  data_time: 0.0897  memory: 1708  loss: 4.1401  loss_cls: 2.7772  loss_bbox: 1.3629
2025/06/22 19:57:07 - mmengine - INFO - Exp name: ssd300_coco_20250622_013555
2025/06/22 19:57:13 - mmengine - INFO - Epoch(train) [10][7550/9162]  lr: 2.0000e-03  eta: 1 day, 1:59:10  time: 0.6939  data_time: 0.0578  memory: 1708  loss: 4.2095  loss_cls: 2.8481  loss_bbox: 1.3614
2025/06/22 19:57:48 - mmengine - INFO - Epoch(train) [10][7600/9162]  lr: 2.0000e-03  eta: 1 day, 1:58:33  time: 0.7025  data_time: 0.0544  memory: 1708  loss: 4.2135  loss_cls: 2.8231  loss_bbox: 1.3903
2025/06/22 19:58:25 - mmengine - INFO - Epoch(train) [10][7650/9162]  lr: 2.0000e-03  eta: 1 day, 1:57:57  time: 0.7251  data_time: 0.0851  memory: 1708  loss: 4.2834  loss_cls: 2.8711  loss_bbox: 1.4123
2025/06/22 19:59:01 - mmengine - INFO - Epoch(train) [10][7700/9162]  lr: 2.0000e-03  eta: 1 day, 1:57:22  time: 0.7262  data_time: 0.1221  memory: 1708  loss: 4.2531  loss_cls: 2.8699  loss_bbox: 1.3832
2025/06/22 19:59:37 - mmengine - INFO - Epoch(train) [10][7750/9162]  lr: 2.0000e-03  eta: 1 day, 1:56:46  time: 0.7192  data_time: 0.1198  memory: 1708  loss: 4.1685  loss_cls: 2.8012  loss_bbox: 1.3673
2025/06/22 20:00:14 - mmengine - INFO - Epoch(train) [10][7800/9162]  lr: 2.0000e-03  eta: 1 day, 1:56:11  time: 0.7342  data_time: 0.1403  memory: 1708  loss: 4.2917  loss_cls: 2.8333  loss_bbox: 1.4584
2025/06/22 20:00:50 - mmengine - INFO - Epoch(train) [10][7850/9162]  lr: 2.0000e-03  eta: 1 day, 1:55:36  time: 0.7320  data_time: 0.1376  memory: 1708  loss: 4.2658  loss_cls: 2.8821  loss_bbox: 1.3837
2025/06/22 20:01:27 - mmengine - INFO - Epoch(train) [10][7900/9162]  lr: 2.0000e-03  eta: 1 day, 1:55:01  time: 0.7369  data_time: 0.1163  memory: 1708  loss: 4.2895  loss_cls: 2.8639  loss_bbox: 1.4256
2025/06/22 20:02:04 - mmengine - INFO - Epoch(train) [10][7950/9162]  lr: 2.0000e-03  eta: 1 day, 1:54:26  time: 0.7397  data_time: 0.1367  memory: 1708  loss: 4.1492  loss_cls: 2.7667  loss_bbox: 1.3824
2025/06/22 20:02:41 - mmengine - INFO - Epoch(train) [10][8000/9162]  lr: 2.0000e-03  eta: 1 day, 1:53:51  time: 0.7352  data_time: 0.1417  memory: 1708  loss: 4.3408  loss_cls: 2.9145  loss_bbox: 1.4263
2025/06/22 20:03:18 - mmengine - INFO - Epoch(train) [10][8050/9162]  lr: 2.0000e-03  eta: 1 day, 1:53:16  time: 0.7361  data_time: 0.1134  memory: 1708  loss: 4.2400  loss_cls: 2.8634  loss_bbox: 1.3766
2025/06/22 20:03:54 - mmengine - INFO - Epoch(train) [10][8100/9162]  lr: 2.0000e-03  eta: 1 day, 1:52:40  time: 0.7200  data_time: 0.0785  memory: 1708  loss: 4.2828  loss_cls: 2.8659  loss_bbox: 1.4168
2025/06/22 20:04:31 - mmengine - INFO - Epoch(train) [10][8150/9162]  lr: 2.0000e-03  eta: 1 day, 1:52:05  time: 0.7354  data_time: 0.1336  memory: 1708  loss: 4.2927  loss_cls: 2.8503  loss_bbox: 1.4424
2025/06/22 20:05:07 - mmengine - INFO - Epoch(train) [10][8200/9162]  lr: 2.0000e-03  eta: 1 day, 1:51:30  time: 0.7313  data_time: 0.1233  memory: 1708  loss: 4.2902  loss_cls: 2.8542  loss_bbox: 1.4360
2025/06/22 20:05:44 - mmengine - INFO - Epoch(train) [10][8250/9162]  lr: 2.0000e-03  eta: 1 day, 1:50:55  time: 0.7327  data_time: 0.1245  memory: 1708  loss: 4.1584  loss_cls: 2.8342  loss_bbox: 1.3242
2025/06/22 20:06:20 - mmengine - INFO - Epoch(train) [10][8300/9162]  lr: 2.0000e-03  eta: 1 day, 1:50:19  time: 0.7254  data_time: 0.0950  memory: 1708  loss: 4.1192  loss_cls: 2.7841  loss_bbox: 1.3351
2025/06/22 20:06:57 - mmengine - INFO - Epoch(train) [10][8350/9162]  lr: 2.0000e-03  eta: 1 day, 1:49:44  time: 0.7290  data_time: 0.1187  memory: 1708  loss: 4.2925  loss_cls: 2.8969  loss_bbox: 1.3956
2025/06/22 20:07:33 - mmengine - INFO - Epoch(train) [10][8400/9162]  lr: 2.0000e-03  eta: 1 day, 1:49:08  time: 0.7219  data_time: 0.0976  memory: 1708  loss: 4.3459  loss_cls: 2.9036  loss_bbox: 1.4423
2025/06/22 20:08:10 - mmengine - INFO - Epoch(train) [10][8450/9162]  lr: 2.0000e-03  eta: 1 day, 1:48:34  time: 0.7442  data_time: 0.1286  memory: 1708  loss: 4.2427  loss_cls: 2.8385  loss_bbox: 1.4042
2025/06/22 20:08:47 - mmengine - INFO - Epoch(train) [10][8500/9162]  lr: 2.0000e-03  eta: 1 day, 1:47:58  time: 0.7303  data_time: 0.1207  memory: 1708  loss: 4.2082  loss_cls: 2.8453  loss_bbox: 1.3628
2025/06/22 20:09:18 - mmengine - INFO - Exp name: ssd300_coco_20250622_013555
2025/06/22 20:09:24 - mmengine - INFO - Epoch(train) [10][8550/9162]  lr: 2.0000e-03  eta: 1 day, 1:47:24  time: 0.7380  data_time: 0.1063  memory: 1708  loss: 4.2223  loss_cls: 2.8286  loss_bbox: 1.3937
2025/06/22 20:10:00 - mmengine - INFO - Epoch(train) [10][8600/9162]  lr: 2.0000e-03  eta: 1 day, 1:46:48  time: 0.7281  data_time: 0.1020  memory: 1708  loss: 4.2983  loss_cls: 2.8916  loss_bbox: 1.4067
2025/06/22 20:10:37 - mmengine - INFO - Epoch(train) [10][8650/9162]  lr: 2.0000e-03  eta: 1 day, 1:46:14  time: 0.7416  data_time: 0.1372  memory: 1708  loss: 4.2126  loss_cls: 2.8236  loss_bbox: 1.3889
2025/06/22 20:11:14 - mmengine - INFO - Epoch(train) [10][8700/9162]  lr: 2.0000e-03  eta: 1 day, 1:45:39  time: 0.7407  data_time: 0.0967  memory: 1708  loss: 4.2134  loss_cls: 2.8201  loss_bbox: 1.3933
2025/06/22 20:11:52 - mmengine - INFO - Epoch(train) [10][8750/9162]  lr: 2.0000e-03  eta: 1 day, 1:45:05  time: 0.7457  data_time: 0.1316  memory: 1708  loss: 4.2874  loss_cls: 2.8508  loss_bbox: 1.4366
2025/06/22 20:12:28 - mmengine - INFO - Epoch(train) [10][8800/9162]  lr: 2.0000e-03  eta: 1 day, 1:44:30  time: 0.7339  data_time: 0.1332  memory: 1708  loss: 4.1651  loss_cls: 2.8165  loss_bbox: 1.3486
2025/06/22 20:13:04 - mmengine - INFO - Epoch(train) [10][8850/9162]  lr: 2.0000e-03  eta: 1 day, 1:43:52  time: 0.7030  data_time: 0.0932  memory: 1708  loss: 4.2480  loss_cls: 2.8394  loss_bbox: 1.4086
2025/06/22 20:13:39 - mmengine - INFO - Epoch(train) [10][8900/9162]  lr: 2.0000e-03  eta: 1 day, 1:43:15  time: 0.7080  data_time: 0.1035  memory: 1708  loss: 4.2869  loss_cls: 2.8737  loss_bbox: 1.4132
2025/06/22 20:14:16 - mmengine - INFO - Epoch(train) [10][8950/9162]  lr: 2.0000e-03  eta: 1 day, 1:42:40  time: 0.7292  data_time: 0.0803  memory: 1708  loss: 4.3000  loss_cls: 2.8736  loss_bbox: 1.4264
2025/06/22 20:14:52 - mmengine - INFO - Epoch(train) [10][9000/9162]  lr: 2.0000e-03  eta: 1 day, 1:42:04  time: 0.7253  data_time: 0.0896  memory: 1708  loss: 4.2672  loss_cls: 2.8688  loss_bbox: 1.3985
2025/06/22 20:15:29 - mmengine - INFO - Epoch(train) [10][9050/9162]  lr: 2.0000e-03  eta: 1 day, 1:41:29  time: 0.7318  data_time: 0.1063  memory: 1708  loss: 4.2578  loss_cls: 2.8325  loss_bbox: 1.4253
2025/06/22 20:16:06 - mmengine - INFO - Epoch(train) [10][9100/9162]  lr: 2.0000e-03  eta: 1 day, 1:40:54  time: 0.7378  data_time: 0.0854  memory: 1708  loss: 4.1042  loss_cls: 2.7883  loss_bbox: 1.3159
2025/06/22 20:16:42 - mmengine - INFO - Epoch(train) [10][9150/9162]  lr: 2.0000e-03  eta: 1 day, 1:40:19  time: 0.7266  data_time: 0.1127  memory: 1708  loss: 4.1597  loss_cls: 2.7932  loss_bbox: 1.3665
2025/06/22 20:16:50 - mmengine - INFO - Exp name: ssd300_coco_20250622_013555
2025/06/22 20:16:50 - mmengine - INFO - Saving checkpoint at 10 epochs
2025/06/22 20:17:04 - mmengine - INFO - Epoch(val) [10][ 50/157]    eta: 0:00:26  time: 0.2440  data_time: 0.0382  memory: 1708  
2025/06/22 20:17:16 - mmengine - INFO - Epoch(val) [10][100/157]    eta: 0:00:13  time: 0.2361  data_time: 0.0314  memory: 851  
2025/06/22 20:17:27 - mmengine - INFO - Epoch(val) [10][150/157]    eta: 0:00:01  time: 0.2351  data_time: 0.0282  memory: 851  
2025/06/22 20:17:44 - mmengine - INFO - Evaluating bbox...
2025/06/22 20:18:34 - mmengine - INFO - bbox_mAP_copypaste: 0.211 0.389 0.210 0.058 0.221 0.347
2025/06/22 20:18:35 - mmengine - INFO - Epoch(val) [10][157/157]    coco/bbox_mAP: 0.2110  coco/bbox_mAP_50: 0.3890  coco/bbox_mAP_75: 0.2100  coco/bbox_mAP_s: 0.0580  coco/bbox_mAP_m: 0.2210  coco/bbox_mAP_l: 0.3470  data_time: 0.0333  time: 0.2373
2025/06/22 20:19:07 - mmengine - INFO - Epoch(train) [11][  50/9162]  lr: 2.0000e-03  eta: 1 day, 1:39:28  time: 0.6429  data_time: 0.0530  memory: 1708  loss: 4.2047  loss_cls: 2.8268  loss_bbox: 1.3779
2025/06/22 20:19:43 - mmengine - INFO - Epoch(train) [11][ 100/9162]  lr: 2.0000e-03  eta: 1 day, 1:38:51  time: 0.7057  data_time: 0.0631  memory: 1708  loss: 4.2264  loss_cls: 2.8375  loss_bbox: 1.3889
2025/06/22 20:20:19 - mmengine - INFO - Epoch(train) [11][ 150/9162]  lr: 2.0000e-03  eta: 1 day, 1:38:16  time: 0.7277  data_time: 0.1065  memory: 1708  loss: 4.3024  loss_cls: 2.8953  loss_bbox: 1.4071
2025/06/22 20:20:56 - mmengine - INFO - Epoch(train) [11][ 200/9162]  lr: 2.0000e-03  eta: 1 day, 1:37:40  time: 0.7263  data_time: 0.1346  memory: 1708  loss: 4.1830  loss_cls: 2.8065  loss_bbox: 1.3766
2025/06/22 20:21:32 - mmengine - INFO - Epoch(train) [11][ 250/9162]  lr: 2.0000e-03  eta: 1 day, 1:37:05  time: 0.7318  data_time: 0.1305  memory: 1708  loss: 4.2479  loss_cls: 2.8506  loss_bbox: 1.3973
2025/06/22 20:22:09 - mmengine - INFO - Epoch(train) [11][ 300/9162]  lr: 2.0000e-03  eta: 1 day, 1:36:29  time: 0.7281  data_time: 0.1182  memory: 1708  loss: 4.1221  loss_cls: 2.7959  loss_bbox: 1.3262
2025/06/22 20:22:45 - mmengine - INFO - Epoch(train) [11][ 350/9162]  lr: 2.0000e-03  eta: 1 day, 1:35:54  time: 0.7276  data_time: 0.1000  memory: 1708  loss: 4.1639  loss_cls: 2.7997  loss_bbox: 1.3642
2025/06/22 20:23:07 - mmengine - INFO - Exp name: ssd300_coco_20250622_013555
2025/06/22 20:23:21 - mmengine - INFO - Epoch(train) [11][ 400/9162]  lr: 2.0000e-03  eta: 1 day, 1:35:18  time: 0.7233  data_time: 0.0922  memory: 1708  loss: 4.3175  loss_cls: 2.8645  loss_bbox: 1.4529
2025/06/22 20:23:58 - mmengine - INFO - Epoch(train) [11][ 450/9162]  lr: 2.0000e-03  eta: 1 day, 1:34:42  time: 0.7247  data_time: 0.1142  memory: 1708  loss: 4.1523  loss_cls: 2.8218  loss_bbox: 1.3305
2025/06/22 20:24:34 - mmengine - INFO - Epoch(train) [11][ 500/9162]  lr: 2.0000e-03  eta: 1 day, 1:34:07  time: 0.7339  data_time: 0.0897  memory: 1708  loss: 4.2590  loss_cls: 2.8803  loss_bbox: 1.3787
2025/06/22 20:25:11 - mmengine - INFO - Epoch(train) [11][ 550/9162]  lr: 2.0000e-03  eta: 1 day, 1:33:33  time: 0.7392  data_time: 0.1029  memory: 1708  loss: 4.1101  loss_cls: 2.7526  loss_bbox: 1.3575
2025/06/22 20:25:47 - mmengine - INFO - Epoch(train) [11][ 600/9162]  lr: 2.0000e-03  eta: 1 day, 1:32:56  time: 0.7171  data_time: 0.0813  memory: 1708  loss: 4.2089  loss_cls: 2.8295  loss_bbox: 1.3794
2025/06/22 20:26:23 - mmengine - INFO - Epoch(train) [11][ 650/9162]  lr: 2.0000e-03  eta: 1 day, 1:32:21  time: 0.7251  data_time: 0.1107  memory: 1708  loss: 4.1885  loss_cls: 2.8248  loss_bbox: 1.3637
2025/06/22 20:27:00 - mmengine - INFO - Epoch(train) [11][ 700/9162]  lr: 2.0000e-03  eta: 1 day, 1:31:45  time: 0.7313  data_time: 0.1377  memory: 1708  loss: 4.1535  loss_cls: 2.8158  loss_bbox: 1.3377
2025/06/22 20:27:37 - mmengine - INFO - Epoch(train) [11][ 750/9162]  lr: 2.0000e-03  eta: 1 day, 1:31:10  time: 0.7323  data_time: 0.1285  memory: 1708  loss: 4.1377  loss_cls: 2.7975  loss_bbox: 1.3403
2025/06/22 20:28:13 - mmengine - INFO - Epoch(train) [11][ 800/9162]  lr: 2.0000e-03  eta: 1 day, 1:30:35  time: 0.7272  data_time: 0.1379  memory: 1708  loss: 4.2519  loss_cls: 2.8406  loss_bbox: 1.4112
2025/06/22 20:28:49 - mmengine - INFO - Epoch(train) [11][ 850/9162]  lr: 2.0000e-03  eta: 1 day, 1:29:59  time: 0.7204  data_time: 0.1099  memory: 1708  loss: 4.2045  loss_cls: 2.8414  loss_bbox: 1.3631
2025/06/22 20:29:26 - mmengine - INFO - Epoch(train) [11][ 900/9162]  lr: 2.0000e-03  eta: 1 day, 1:29:23  time: 0.7278  data_time: 0.1246  memory: 1708  loss: 4.2052  loss_cls: 2.8505  loss_bbox: 1.3546
2025/06/22 20:30:02 - mmengine - INFO - Epoch(train) [11][ 950/9162]  lr: 2.0000e-03  eta: 1 day, 1:28:48  time: 0.7328  data_time: 0.1322  memory: 1708  loss: 4.2179  loss_cls: 2.8486  loss_bbox: 1.3693
2025/06/22 20:30:38 - mmengine - INFO - Epoch(train) [11][1000/9162]  lr: 2.0000e-03  eta: 1 day, 1:28:11  time: 0.7103  data_time: 0.0993  memory: 1708  loss: 4.2239  loss_cls: 2.8087  loss_bbox: 1.4152
2025/06/22 20:31:13 - mmengine - INFO - Epoch(train) [11][1050/9162]  lr: 2.0000e-03  eta: 1 day, 1:27:34  time: 0.7075  data_time: 0.1136  memory: 1708  loss: 4.1792  loss_cls: 2.7998  loss_bbox: 1.3794
2025/06/22 20:31:50 - mmengine - INFO - Epoch(train) [11][1100/9162]  lr: 2.0000e-03  eta: 1 day, 1:27:00  time: 0.7407  data_time: 0.0922  memory: 1708  loss: 4.2737  loss_cls: 2.8619  loss_bbox: 1.4118
2025/06/22 20:32:26 - mmengine - INFO - Epoch(train) [11][1150/9162]  lr: 2.0000e-03  eta: 1 day, 1:26:23  time: 0.7096  data_time: 0.0828  memory: 1708  loss: 3.9777  loss_cls: 2.7094  loss_bbox: 1.2684
2025/06/22 20:33:01 - mmengine - INFO - Epoch(train) [11][1200/9162]  lr: 2.0000e-03  eta: 1 day, 1:25:45  time: 0.6926  data_time: 0.0833  memory: 1708  loss: 4.1632  loss_cls: 2.7932  loss_bbox: 1.3700
2025/06/22 20:33:37 - mmengine - INFO - Epoch(train) [11][1250/9162]  lr: 2.0000e-03  eta: 1 day, 1:25:09  time: 0.7254  data_time: 0.0929  memory: 1708  loss: 4.2083  loss_cls: 2.8036  loss_bbox: 1.4047
2025/06/22 20:34:13 - mmengine - INFO - Epoch(train) [11][1300/9162]  lr: 2.0000e-03  eta: 1 day, 1:24:33  time: 0.7209  data_time: 0.0903  memory: 1708  loss: 4.2915  loss_cls: 2.8686  loss_bbox: 1.4229
2025/06/22 20:34:49 - mmengine - INFO - Epoch(train) [11][1350/9162]  lr: 2.0000e-03  eta: 1 day, 1:23:57  time: 0.7206  data_time: 0.0856  memory: 1708  loss: 4.2994  loss_cls: 2.8908  loss_bbox: 1.4085
2025/06/22 20:35:11 - mmengine - INFO - Exp name: ssd300_coco_20250622_013555
2025/06/22 20:35:25 - mmengine - INFO - Epoch(train) [11][1400/9162]  lr: 2.0000e-03  eta: 1 day, 1:23:21  time: 0.7233  data_time: 0.1018  memory: 1708  loss: 4.2385  loss_cls: 2.8565  loss_bbox: 1.3819
2025/06/22 20:36:01 - mmengine - INFO - Epoch(train) [11][1450/9162]  lr: 2.0000e-03  eta: 1 day, 1:22:45  time: 0.7142  data_time: 0.1149  memory: 1708  loss: 4.0924  loss_cls: 2.7420  loss_bbox: 1.3504
2025/06/22 20:36:38 - mmengine - INFO - Epoch(train) [11][1500/9162]  lr: 2.0000e-03  eta: 1 day, 1:22:10  time: 0.7374  data_time: 0.1454  memory: 1708  loss: 4.2527  loss_cls: 2.8482  loss_bbox: 1.4045
2025/06/22 20:37:15 - mmengine - INFO - Epoch(train) [11][1550/9162]  lr: 2.0000e-03  eta: 1 day, 1:21:35  time: 0.7316  data_time: 0.1356  memory: 1708  loss: 4.1406  loss_cls: 2.7907  loss_bbox: 1.3499
2025/06/22 20:37:51 - mmengine - INFO - Epoch(train) [11][1600/9162]  lr: 2.0000e-03  eta: 1 day, 1:20:59  time: 0.7302  data_time: 0.1358  memory: 1708  loss: 4.1532  loss_cls: 2.7894  loss_bbox: 1.3639
2025/06/22 20:38:28 - mmengine - INFO - Epoch(train) [11][1650/9162]  lr: 2.0000e-03  eta: 1 day, 1:20:25  time: 0.7417  data_time: 0.1293  memory: 1708  loss: 4.2312  loss_cls: 2.8495  loss_bbox: 1.3817
2025/06/22 20:39:05 - mmengine - INFO - Epoch(train) [11][1700/9162]  lr: 2.0000e-03  eta: 1 day, 1:19:50  time: 0.7363  data_time: 0.1182  memory: 1708  loss: 4.1249  loss_cls: 2.7704  loss_bbox: 1.3545
2025/06/22 20:39:41 - mmengine - INFO - Epoch(train) [11][1750/9162]  lr: 2.0000e-03  eta: 1 day, 1:19:14  time: 0.7231  data_time: 0.1079  memory: 1708  loss: 4.1810  loss_cls: 2.8103  loss_bbox: 1.3707
2025/06/22 20:40:17 - mmengine - INFO - Epoch(train) [11][1800/9162]  lr: 2.0000e-03  eta: 1 day, 1:18:38  time: 0.7202  data_time: 0.1284  memory: 1708  loss: 4.2434  loss_cls: 2.8380  loss_bbox: 1.4054
2025/06/22 20:40:52 - mmengine - INFO - Epoch(train) [11][1850/9162]  lr: 2.0000e-03  eta: 1 day, 1:18:01  time: 0.7012  data_time: 0.0893  memory: 1708  loss: 4.2054  loss_cls: 2.8137  loss_bbox: 1.3917
2025/06/22 20:41:29 - mmengine - INFO - Epoch(train) [11][1900/9162]  lr: 2.0000e-03  eta: 1 day, 1:17:25  time: 0.7272  data_time: 0.1273  memory: 1708  loss: 4.1328  loss_cls: 2.7963  loss_bbox: 1.3364
2025/06/22 20:42:05 - mmengine - INFO - Epoch(train) [11][1950/9162]  lr: 2.0000e-03  eta: 1 day, 1:16:50  time: 0.7266  data_time: 0.0740  memory: 1708  loss: 4.2837  loss_cls: 2.8780  loss_bbox: 1.4057
2025/06/22 20:42:42 - mmengine - INFO - Epoch(train) [11][2000/9162]  lr: 2.0000e-03  eta: 1 day, 1:16:14  time: 0.7305  data_time: 0.1129  memory: 1708  loss: 4.2087  loss_cls: 2.8598  loss_bbox: 1.3490
2025/06/22 20:43:18 - mmengine - INFO - Epoch(train) [11][2050/9162]  lr: 2.0000e-03  eta: 1 day, 1:15:39  time: 0.7317  data_time: 0.1309  memory: 1708  loss: 4.2987  loss_cls: 2.8708  loss_bbox: 1.4279
2025/06/22 20:43:55 - mmengine - INFO - Epoch(train) [11][2100/9162]  lr: 2.0000e-03  eta: 1 day, 1:15:04  time: 0.7313  data_time: 0.1128  memory: 1708  loss: 4.3109  loss_cls: 2.8935  loss_bbox: 1.4174
2025/06/22 20:44:31 - mmengine - INFO - Epoch(train) [11][2150/9162]  lr: 2.0000e-03  eta: 1 day, 1:14:27  time: 0.7181  data_time: 0.0689  memory: 1708  loss: 4.2156  loss_cls: 2.8282  loss_bbox: 1.3874
2025/06/22 20:45:08 - mmengine - INFO - Epoch(train) [11][2200/9162]  lr: 2.0000e-03  eta: 1 day, 1:13:52  time: 0.7356  data_time: 0.1035  memory: 1708  loss: 4.2213  loss_cls: 2.8282  loss_bbox: 1.3930
2025/06/22 20:45:44 - mmengine - INFO - Epoch(train) [11][2250/9162]  lr: 2.0000e-03  eta: 1 day, 1:13:16  time: 0.7193  data_time: 0.1059  memory: 1708  loss: 4.2469  loss_cls: 2.8414  loss_bbox: 1.4056
2025/06/22 20:46:20 - mmengine - INFO - Epoch(train) [11][2300/9162]  lr: 2.0000e-03  eta: 1 day, 1:12:41  time: 0.7293  data_time: 0.1113  memory: 1708  loss: 4.2156  loss_cls: 2.8108  loss_bbox: 1.4048
2025/06/22 20:46:57 - mmengine - INFO - Epoch(train) [11][2350/9162]  lr: 2.0000e-03  eta: 1 day, 1:12:05  time: 0.7290  data_time: 0.1242  memory: 1708  loss: 4.1949  loss_cls: 2.7897  loss_bbox: 1.4052
2025/06/22 20:47:19 - mmengine - INFO - Exp name: ssd300_coco_20250622_013555
2025/06/22 20:47:33 - mmengine - INFO - Epoch(train) [11][2400/9162]  lr: 2.0000e-03  eta: 1 day, 1:11:30  time: 0.7248  data_time: 0.1096  memory: 1708  loss: 4.1428  loss_cls: 2.7492  loss_bbox: 1.3935
2025/06/22 20:48:10 - mmengine - INFO - Epoch(train) [11][2450/9162]  lr: 2.0000e-03  eta: 1 day, 1:10:55  time: 0.7398  data_time: 0.1177  memory: 1708  loss: 4.2656  loss_cls: 2.8659  loss_bbox: 1.3997
2025/06/22 20:48:47 - mmengine - INFO - Epoch(train) [11][2500/9162]  lr: 2.0000e-03  eta: 1 day, 1:10:20  time: 0.7336  data_time: 0.1383  memory: 1708  loss: 4.1474  loss_cls: 2.7801  loss_bbox: 1.3673
2025/06/22 20:49:23 - mmengine - INFO - Epoch(train) [11][2550/9162]  lr: 2.0000e-03  eta: 1 day, 1:09:44  time: 0.7278  data_time: 0.1296  memory: 1708  loss: 4.1402  loss_cls: 2.7705  loss_bbox: 1.3697
2025/06/22 20:50:00 - mmengine - INFO - Epoch(train) [11][2600/9162]  lr: 2.0000e-03  eta: 1 day, 1:09:09  time: 0.7277  data_time: 0.1252  memory: 1708  loss: 4.2570  loss_cls: 2.8459  loss_bbox: 1.4111
2025/06/22 20:50:36 - mmengine - INFO - Epoch(train) [11][2650/9162]  lr: 2.0000e-03  eta: 1 day, 1:08:33  time: 0.7225  data_time: 0.0935  memory: 1708  loss: 4.1502  loss_cls: 2.7856  loss_bbox: 1.3646
2025/06/22 20:51:11 - mmengine - INFO - Epoch(train) [11][2700/9162]  lr: 2.0000e-03  eta: 1 day, 1:07:56  time: 0.7084  data_time: 0.0851  memory: 1708  loss: 4.2120  loss_cls: 2.8351  loss_bbox: 1.3769
2025/06/22 20:51:48 - mmengine - INFO - Epoch(train) [11][2750/9162]  lr: 2.0000e-03  eta: 1 day, 1:07:20  time: 0.7249  data_time: 0.0570  memory: 1708  loss: 4.1500  loss_cls: 2.8249  loss_bbox: 1.3251
2025/06/22 20:52:24 - mmengine - INFO - Epoch(train) [11][2800/9162]  lr: 2.0000e-03  eta: 1 day, 1:06:45  time: 0.7332  data_time: 0.1020  memory: 1708  loss: 4.1474  loss_cls: 2.7944  loss_bbox: 1.3530
2025/06/22 20:53:02 - mmengine - INFO - Epoch(train) [11][2850/9162]  lr: 2.0000e-03  eta: 1 day, 1:06:11  time: 0.7457  data_time: 0.1196  memory: 1708  loss: 4.1087  loss_cls: 2.8038  loss_bbox: 1.3050
2025/06/22 20:53:38 - mmengine - INFO - Epoch(train) [11][2900/9162]  lr: 2.0000e-03  eta: 1 day, 1:05:35  time: 0.7299  data_time: 0.1083  memory: 1708  loss: 4.1693  loss_cls: 2.8100  loss_bbox: 1.3593
2025/06/22 20:54:15 - mmengine - INFO - Epoch(train) [11][2950/9162]  lr: 2.0000e-03  eta: 1 day, 1:05:00  time: 0.7266  data_time: 0.0837  memory: 1708  loss: 4.2094  loss_cls: 2.8157  loss_bbox: 1.3937
2025/06/22 20:54:51 - mmengine - INFO - Epoch(train) [11][3000/9162]  lr: 2.0000e-03  eta: 1 day, 1:04:24  time: 0.7278  data_time: 0.1159  memory: 1708  loss: 4.2556  loss_cls: 2.8829  loss_bbox: 1.3726
2025/06/22 20:55:28 - mmengine - INFO - Epoch(train) [11][3050/9162]  lr: 2.0000e-03  eta: 1 day, 1:03:50  time: 0.7442  data_time: 0.1383  memory: 1708  loss: 4.2658  loss_cls: 2.8314  loss_bbox: 1.4344
2025/06/22 20:56:05 - mmengine - INFO - Epoch(train) [11][3100/9162]  lr: 2.0000e-03  eta: 1 day, 1:03:14  time: 0.7337  data_time: 0.1293  memory: 1708  loss: 4.2043  loss_cls: 2.7708  loss_bbox: 1.4334
2025/06/22 20:56:42 - mmengine - INFO - Epoch(train) [11][3150/9162]  lr: 2.0000e-03  eta: 1 day, 1:02:40  time: 0.7370  data_time: 0.1235  memory: 1708  loss: 4.1514  loss_cls: 2.7973  loss_bbox: 1.3542
2025/06/22 20:57:19 - mmengine - INFO - Epoch(train) [11][3200/9162]  lr: 2.0000e-03  eta: 1 day, 1:02:05  time: 0.7366  data_time: 0.1255  memory: 1708  loss: 4.2831  loss_cls: 2.8289  loss_bbox: 1.4542
2025/06/22 20:57:55 - mmengine - INFO - Epoch(train) [11][3250/9162]  lr: 2.0000e-03  eta: 1 day, 1:01:28  time: 0.7178  data_time: 0.0863  memory: 1708  loss: 4.2484  loss_cls: 2.8776  loss_bbox: 1.3709
2025/06/22 20:58:32 - mmengine - INFO - Epoch(train) [11][3300/9162]  lr: 2.0000e-03  eta: 1 day, 1:00:54  time: 0.7446  data_time: 0.1303  memory: 1708  loss: 4.2562  loss_cls: 2.8194  loss_bbox: 1.4369
2025/06/22 20:59:06 - mmengine - INFO - Epoch(train) [11][3350/9162]  lr: 2.0000e-03  eta: 1 day, 1:00:15  time: 0.6777  data_time: 0.0567  memory: 1708  loss: 4.2561  loss_cls: 2.8563  loss_bbox: 1.3998
2025/06/22 20:59:28 - mmengine - INFO - Exp name: ssd300_coco_20250622_013555
2025/06/22 20:59:43 - mmengine - INFO - Epoch(train) [11][3400/9162]  lr: 2.0000e-03  eta: 1 day, 0:59:40  time: 0.7420  data_time: 0.1238  memory: 1708  loss: 4.2110  loss_cls: 2.8107  loss_bbox: 1.4003
2025/06/22 21:00:20 - mmengine - INFO - Epoch(train) [11][3450/9162]  lr: 2.0000e-03  eta: 1 day, 0:59:05  time: 0.7254  data_time: 0.1066  memory: 1708  loss: 4.2577  loss_cls: 2.8954  loss_bbox: 1.3624
2025/06/22 21:00:56 - mmengine - INFO - Epoch(train) [11][3500/9162]  lr: 2.0000e-03  eta: 1 day, 0:58:29  time: 0.7333  data_time: 0.1133  memory: 1708  loss: 4.1786  loss_cls: 2.8037  loss_bbox: 1.3749
2025/06/22 21:01:33 - mmengine - INFO - Epoch(train) [11][3550/9162]  lr: 2.0000e-03  eta: 1 day, 0:57:54  time: 0.7283  data_time: 0.1185  memory: 1708  loss: 4.3223  loss_cls: 2.9209  loss_bbox: 1.4014
2025/06/22 21:02:09 - mmengine - INFO - Epoch(train) [11][3600/9162]  lr: 2.0000e-03  eta: 1 day, 0:57:18  time: 0.7288  data_time: 0.1243  memory: 1708  loss: 4.2349  loss_cls: 2.8621  loss_bbox: 1.3728
2025/06/22 21:02:46 - mmengine - INFO - Epoch(train) [11][3650/9162]  lr: 2.0000e-03  eta: 1 day, 0:56:43  time: 0.7294  data_time: 0.1366  memory: 1708  loss: 4.3181  loss_cls: 2.9176  loss_bbox: 1.4006
2025/06/22 21:03:23 - mmengine - INFO - Epoch(train) [11][3700/9162]  lr: 2.0000e-03  eta: 1 day, 0:56:08  time: 0.7394  data_time: 0.1401  memory: 1708  loss: 4.1325  loss_cls: 2.7795  loss_bbox: 1.3529
2025/06/22 21:03:59 - mmengine - INFO - Epoch(train) [11][3750/9162]  lr: 2.0000e-03  eta: 1 day, 0:55:33  time: 0.7305  data_time: 0.1050  memory: 1708  loss: 4.1588  loss_cls: 2.7944  loss_bbox: 1.3644
2025/06/22 21:04:35 - mmengine - INFO - Epoch(train) [11][3800/9162]  lr: 2.0000e-03  eta: 1 day, 0:54:57  time: 0.7183  data_time: 0.0868  memory: 1708  loss: 4.2930  loss_cls: 2.8590  loss_bbox: 1.4340
2025/06/22 21:05:12 - mmengine - INFO - Epoch(train) [11][3850/9162]  lr: 2.0000e-03  eta: 1 day, 0:54:22  time: 0.7352  data_time: 0.1188  memory: 1708  loss: 4.0652  loss_cls: 2.7695  loss_bbox: 1.2957
2025/06/22 21:05:48 - mmengine - INFO - Epoch(train) [11][3900/9162]  lr: 2.0000e-03  eta: 1 day, 0:53:46  time: 0.7238  data_time: 0.0931  memory: 1708  loss: 4.2740  loss_cls: 2.8466  loss_bbox: 1.4274
2025/06/22 21:06:24 - mmengine - INFO - Epoch(train) [11][3950/9162]  lr: 2.0000e-03  eta: 1 day, 0:53:10  time: 0.7223  data_time: 0.1008  memory: 1708  loss: 4.1173  loss_cls: 2.7806  loss_bbox: 1.3368
2025/06/22 21:07:00 - mmengine - INFO - Epoch(train) [11][4000/9162]  lr: 2.0000e-03  eta: 1 day, 0:52:33  time: 0.7150  data_time: 0.0853  memory: 1708  loss: 4.1891  loss_cls: 2.8593  loss_bbox: 1.3298
2025/06/22 21:07:37 - mmengine - INFO - Epoch(train) [11][4050/9162]  lr: 2.0000e-03  eta: 1 day, 0:51:58  time: 0.7277  data_time: 0.0908  memory: 1708  loss: 4.2104  loss_cls: 2.8281  loss_bbox: 1.3822
2025/06/22 21:08:12 - mmengine - INFO - Epoch(train) [11][4100/9162]  lr: 2.0000e-03  eta: 1 day, 0:51:21  time: 0.7150  data_time: 0.1197  memory: 1708  loss: 4.2284  loss_cls: 2.8473  loss_bbox: 1.3810
2025/06/22 21:08:49 - mmengine - INFO - Epoch(train) [11][4150/9162]  lr: 2.0000e-03  eta: 1 day, 0:50:46  time: 0.7322  data_time: 0.1379  memory: 1708  loss: 4.3233  loss_cls: 2.8628  loss_bbox: 1.4605
2025/06/22 21:09:25 - mmengine - INFO - Epoch(train) [11][4200/9162]  lr: 2.0000e-03  eta: 1 day, 0:50:10  time: 0.7167  data_time: 0.1138  memory: 1708  loss: 4.2166  loss_cls: 2.8347  loss_bbox: 1.3819
2025/06/22 21:10:01 - mmengine - INFO - Epoch(train) [11][4250/9162]  lr: 2.0000e-03  eta: 1 day, 0:49:34  time: 0.7259  data_time: 0.0961  memory: 1708  loss: 4.2251  loss_cls: 2.8357  loss_bbox: 1.3894
2025/06/22 21:10:38 - mmengine - INFO - Epoch(train) [11][4300/9162]  lr: 2.0000e-03  eta: 1 day, 0:48:58  time: 0.7259  data_time: 0.1200  memory: 1708  loss: 4.1844  loss_cls: 2.8176  loss_bbox: 1.3668
2025/06/22 21:11:14 - mmengine - INFO - Epoch(train) [11][4350/9162]  lr: 2.0000e-03  eta: 1 day, 0:48:23  time: 0.7290  data_time: 0.1308  memory: 1708  loss: 4.0790  loss_cls: 2.7516  loss_bbox: 1.3274
2025/06/22 21:11:36 - mmengine - INFO - Exp name: ssd300_coco_20250622_013555
2025/06/22 21:11:51 - mmengine - INFO - Epoch(train) [11][4400/9162]  lr: 2.0000e-03  eta: 1 day, 0:47:48  time: 0.7310  data_time: 0.1017  memory: 1708  loss: 4.1489  loss_cls: 2.8039  loss_bbox: 1.3450
2025/06/22 21:12:27 - mmengine - INFO - Epoch(train) [11][4450/9162]  lr: 2.0000e-03  eta: 1 day, 0:47:12  time: 0.7238  data_time: 0.0845  memory: 1708  loss: 4.1152  loss_cls: 2.7861  loss_bbox: 1.3291
2025/06/22 21:13:04 - mmengine - INFO - Epoch(train) [11][4500/9162]  lr: 2.0000e-03  eta: 1 day, 0:46:37  time: 0.7383  data_time: 0.1382  memory: 1708  loss: 4.1766  loss_cls: 2.7937  loss_bbox: 1.3829
2025/06/22 21:13:41 - mmengine - INFO - Epoch(train) [11][4550/9162]  lr: 2.0000e-03  eta: 1 day, 0:46:01  time: 0.7308  data_time: 0.1381  memory: 1708  loss: 4.1881  loss_cls: 2.8296  loss_bbox: 1.3584
2025/06/22 21:14:17 - mmengine - INFO - Epoch(train) [11][4600/9162]  lr: 2.0000e-03  eta: 1 day, 0:45:26  time: 0.7273  data_time: 0.1138  memory: 1708  loss: 4.1441  loss_cls: 2.7767  loss_bbox: 1.3674
2025/06/22 21:14:53 - mmengine - INFO - Epoch(train) [11][4650/9162]  lr: 2.0000e-03  eta: 1 day, 0:44:50  time: 0.7259  data_time: 0.1166  memory: 1708  loss: 4.2292  loss_cls: 2.8139  loss_bbox: 1.4153
2025/06/22 21:15:29 - mmengine - INFO - Epoch(train) [11][4700/9162]  lr: 2.0000e-03  eta: 1 day, 0:44:14  time: 0.7194  data_time: 0.0765  memory: 1708  loss: 4.1263  loss_cls: 2.8074  loss_bbox: 1.3190
2025/06/22 21:16:06 - mmengine - INFO - Epoch(train) [11][4750/9162]  lr: 2.0000e-03  eta: 1 day, 0:43:38  time: 0.7250  data_time: 0.0787  memory: 1708  loss: 4.2682  loss_cls: 2.8448  loss_bbox: 1.4233
2025/06/22 21:16:42 - mmengine - INFO - Epoch(train) [11][4800/9162]  lr: 2.0000e-03  eta: 1 day, 0:43:02  time: 0.7246  data_time: 0.0930  memory: 1708  loss: 4.1209  loss_cls: 2.7867  loss_bbox: 1.3342
2025/06/22 21:17:19 - mmengine - INFO - Epoch(train) [11][4850/9162]  lr: 2.0000e-03  eta: 1 day, 0:42:27  time: 0.7368  data_time: 0.1128  memory: 1708  loss: 4.2736  loss_cls: 2.8828  loss_bbox: 1.3908
2025/06/22 21:17:55 - mmengine - INFO - Epoch(train) [11][4900/9162]  lr: 2.0000e-03  eta: 1 day, 0:41:52  time: 0.7315  data_time: 0.1111  memory: 1708  loss: 4.2392  loss_cls: 2.8894  loss_bbox: 1.3499
2025/06/22 21:18:32 - mmengine - INFO - Epoch(train) [11][4950/9162]  lr: 2.0000e-03  eta: 1 day, 0:41:16  time: 0.7224  data_time: 0.1048  memory: 1708  loss: 4.1387  loss_cls: 2.7913  loss_bbox: 1.3474
2025/06/22 21:19:08 - mmengine - INFO - Epoch(train) [11][5000/9162]  lr: 2.0000e-03  eta: 1 day, 0:40:41  time: 0.7349  data_time: 0.0871  memory: 1708  loss: 4.2504  loss_cls: 2.8055  loss_bbox: 1.4448
2025/06/22 21:19:44 - mmengine - INFO - Epoch(train) [11][5050/9162]  lr: 2.0000e-03  eta: 1 day, 0:40:04  time: 0.7117  data_time: 0.0991  memory: 1708  loss: 4.2053  loss_cls: 2.8508  loss_bbox: 1.3545
2025/06/22 21:20:21 - mmengine - INFO - Epoch(train) [11][5100/9162]  lr: 2.0000e-03  eta: 1 day, 0:39:30  time: 0.7424  data_time: 0.1163  memory: 1708  loss: 4.2691  loss_cls: 2.8961  loss_bbox: 1.3730
2025/06/22 21:20:58 - mmengine - INFO - Epoch(train) [11][5150/9162]  lr: 2.0000e-03  eta: 1 day, 0:38:54  time: 0.7297  data_time: 0.1355  memory: 1708  loss: 4.2117  loss_cls: 2.8426  loss_bbox: 1.3691
2025/06/22 21:21:34 - mmengine - INFO - Epoch(train) [11][5200/9162]  lr: 2.0000e-03  eta: 1 day, 0:38:18  time: 0.7221  data_time: 0.1168  memory: 1708  loss: 4.2559  loss_cls: 2.8501  loss_bbox: 1.4058
2025/06/22 21:22:10 - mmengine - INFO - Epoch(train) [11][5250/9162]  lr: 2.0000e-03  eta: 1 day, 0:37:42  time: 0.7216  data_time: 0.0846  memory: 1708  loss: 4.1689  loss_cls: 2.7862  loss_bbox: 1.3826
2025/06/22 21:22:46 - mmengine - INFO - Epoch(train) [11][5300/9162]  lr: 2.0000e-03  eta: 1 day, 0:37:06  time: 0.7171  data_time: 0.0724  memory: 1708  loss: 4.0999  loss_cls: 2.7711  loss_bbox: 1.3288
2025/06/22 21:23:23 - mmengine - INFO - Epoch(train) [11][5350/9162]  lr: 2.0000e-03  eta: 1 day, 0:36:31  time: 0.7319  data_time: 0.1292  memory: 1708  loss: 4.1126  loss_cls: 2.7694  loss_bbox: 1.3432
2025/06/22 21:23:45 - mmengine - INFO - Exp name: ssd300_coco_20250622_013555
2025/06/22 21:23:59 - mmengine - INFO - Epoch(train) [11][5400/9162]  lr: 2.0000e-03  eta: 1 day, 0:35:56  time: 0.7335  data_time: 0.1114  memory: 1708  loss: 4.2283  loss_cls: 2.8646  loss_bbox: 1.3637
2025/06/22 21:24:36 - mmengine - INFO - Epoch(train) [11][5450/9162]  lr: 2.0000e-03  eta: 1 day, 0:35:20  time: 0.7272  data_time: 0.1134  memory: 1708  loss: 4.1846  loss_cls: 2.7994  loss_bbox: 1.3852
2025/06/22 21:25:12 - mmengine - INFO - Epoch(train) [11][5500/9162]  lr: 2.0000e-03  eta: 1 day, 0:34:44  time: 0.7290  data_time: 0.1062  memory: 1708  loss: 4.2363  loss_cls: 2.8355  loss_bbox: 1.4008
2025/06/22 21:25:49 - mmengine - INFO - Epoch(train) [11][5550/9162]  lr: 2.0000e-03  eta: 1 day, 0:34:09  time: 0.7331  data_time: 0.0471  memory: 1708  loss: 4.1723  loss_cls: 2.7949  loss_bbox: 1.3774
2025/06/22 21:26:26 - mmengine - INFO - Epoch(train) [11][5600/9162]  lr: 2.0000e-03  eta: 1 day, 0:33:34  time: 0.7324  data_time: 0.0739  memory: 1708  loss: 4.1217  loss_cls: 2.7889  loss_bbox: 1.3328
2025/06/22 21:27:02 - mmengine - INFO - Epoch(train) [11][5650/9162]  lr: 2.0000e-03  eta: 1 day, 0:32:58  time: 0.7260  data_time: 0.1058  memory: 1708  loss: 4.2674  loss_cls: 2.8803  loss_bbox: 1.3870
2025/06/22 21:27:38 - mmengine - INFO - Epoch(train) [11][5700/9162]  lr: 2.0000e-03  eta: 1 day, 0:32:22  time: 0.7262  data_time: 0.1092  memory: 1708  loss: 4.2455  loss_cls: 2.8540  loss_bbox: 1.3915
2025/06/22 21:28:13 - mmengine - INFO - Epoch(train) [11][5750/9162]  lr: 2.0000e-03  eta: 1 day, 0:31:45  time: 0.7016  data_time: 0.0995  memory: 1708  loss: 4.1918  loss_cls: 2.7935  loss_bbox: 1.3983
2025/06/22 21:28:50 - mmengine - INFO - Epoch(train) [11][5800/9162]  lr: 2.0000e-03  eta: 1 day, 0:31:10  time: 0.7268  data_time: 0.1192  memory: 1708  loss: 4.1700  loss_cls: 2.8403  loss_bbox: 1.3297
2025/06/22 21:29:27 - mmengine - INFO - Epoch(train) [11][5850/9162]  lr: 2.0000e-03  eta: 1 day, 0:30:35  time: 0.7371  data_time: 0.1451  memory: 1708  loss: 4.2859  loss_cls: 2.8732  loss_bbox: 1.4127
2025/06/22 21:30:03 - mmengine - INFO - Epoch(train) [11][5900/9162]  lr: 2.0000e-03  eta: 1 day, 0:29:59  time: 0.7338  data_time: 0.1316  memory: 1708  loss: 4.2411  loss_cls: 2.8243  loss_bbox: 1.4168
2025/06/22 21:30:40 - mmengine - INFO - Epoch(train) [11][5950/9162]  lr: 2.0000e-03  eta: 1 day, 0:29:24  time: 0.7380  data_time: 0.1256  memory: 1708  loss: 4.1529  loss_cls: 2.8014  loss_bbox: 1.3515
2025/06/22 21:31:17 - mmengine - INFO - Epoch(train) [11][6000/9162]  lr: 2.0000e-03  eta: 1 day, 0:28:49  time: 0.7349  data_time: 0.1276  memory: 1708  loss: 4.2133  loss_cls: 2.8091  loss_bbox: 1.4041
2025/06/22 21:31:54 - mmengine - INFO - Epoch(train) [11][6050/9162]  lr: 2.0000e-03  eta: 1 day, 0:28:14  time: 0.7337  data_time: 0.1355  memory: 1708  loss: 4.1477  loss_cls: 2.7747  loss_bbox: 1.3730
2025/06/22 21:32:31 - mmengine - INFO - Epoch(train) [11][6100/9162]  lr: 2.0000e-03  eta: 1 day, 0:27:39  time: 0.7431  data_time: 0.1281  memory: 1708  loss: 4.0653  loss_cls: 2.8024  loss_bbox: 1.2629
2025/06/22 21:33:08 - mmengine - INFO - Epoch(train) [11][6150/9162]  lr: 2.0000e-03  eta: 1 day, 0:27:05  time: 0.7426  data_time: 0.1215  memory: 1708  loss: 4.1469  loss_cls: 2.8102  loss_bbox: 1.3367
2025/06/22 21:33:46 - mmengine - INFO - Epoch(train) [11][6200/9162]  lr: 2.0000e-03  eta: 1 day, 0:26:30  time: 0.7465  data_time: 0.1235  memory: 1708  loss: 4.2804  loss_cls: 2.8483  loss_bbox: 1.4321
2025/06/22 21:34:22 - mmengine - INFO - Epoch(train) [11][6250/9162]  lr: 2.0000e-03  eta: 1 day, 0:25:55  time: 0.7359  data_time: 0.1279  memory: 1708  loss: 4.2490  loss_cls: 2.8506  loss_bbox: 1.3984
2025/06/22 21:34:59 - mmengine - INFO - Epoch(train) [11][6300/9162]  lr: 2.0000e-03  eta: 1 day, 0:25:20  time: 0.7361  data_time: 0.1400  memory: 1708  loss: 4.1931  loss_cls: 2.8307  loss_bbox: 1.3624
2025/06/22 21:35:36 - mmengine - INFO - Epoch(train) [11][6350/9162]  lr: 2.0000e-03  eta: 1 day, 0:24:45  time: 0.7340  data_time: 0.1113  memory: 1708  loss: 4.2280  loss_cls: 2.8478  loss_bbox: 1.3802
2025/06/22 21:35:58 - mmengine - INFO - Exp name: ssd300_coco_20250622_013555
2025/06/22 21:36:13 - mmengine - INFO - Epoch(train) [11][6400/9162]  lr: 2.0000e-03  eta: 1 day, 0:24:10  time: 0.7408  data_time: 0.1319  memory: 1708  loss: 4.1869  loss_cls: 2.8137  loss_bbox: 1.3732
2025/06/22 21:36:51 - mmengine - INFO - Epoch(train) [11][6450/9162]  lr: 2.0000e-03  eta: 1 day, 0:23:36  time: 0.7549  data_time: 0.1434  memory: 1708  loss: 4.2569  loss_cls: 2.8759  loss_bbox: 1.3810
2025/06/22 21:37:28 - mmengine - INFO - Epoch(train) [11][6500/9162]  lr: 2.0000e-03  eta: 1 day, 0:23:01  time: 0.7423  data_time: 0.1233  memory: 1708  loss: 4.2912  loss_cls: 2.8563  loss_bbox: 1.4349
2025/06/22 21:38:05 - mmengine - INFO - Epoch(train) [11][6550/9162]  lr: 2.0000e-03  eta: 1 day, 0:22:26  time: 0.7338  data_time: 0.1162  memory: 1708  loss: 4.3290  loss_cls: 2.8846  loss_bbox: 1.4444
2025/06/22 21:38:42 - mmengine - INFO - Epoch(train) [11][6600/9162]  lr: 2.0000e-03  eta: 1 day, 0:21:51  time: 0.7346  data_time: 0.1348  memory: 1708  loss: 4.1352  loss_cls: 2.8006  loss_bbox: 1.3346
2025/06/22 21:39:18 - mmengine - INFO - Epoch(train) [11][6650/9162]  lr: 2.0000e-03  eta: 1 day, 0:21:16  time: 0.7355  data_time: 0.1168  memory: 1708  loss: 4.2424  loss_cls: 2.8512  loss_bbox: 1.3912
2025/06/22 21:39:55 - mmengine - INFO - Epoch(train) [11][6700/9162]  lr: 2.0000e-03  eta: 1 day, 0:20:40  time: 0.7319  data_time: 0.1131  memory: 1708  loss: 4.1397  loss_cls: 2.7763  loss_bbox: 1.3634
2025/06/22 21:40:31 - mmengine - INFO - Epoch(train) [11][6750/9162]  lr: 2.0000e-03  eta: 1 day, 0:20:04  time: 0.7171  data_time: 0.0924  memory: 1708  loss: 4.2117  loss_cls: 2.8324  loss_bbox: 1.3793
2025/06/22 21:41:08 - mmengine - INFO - Epoch(train) [11][6800/9162]  lr: 2.0000e-03  eta: 1 day, 0:19:29  time: 0.7416  data_time: 0.1099  memory: 1708  loss: 4.1461  loss_cls: 2.7731  loss_bbox: 1.3730
2025/06/22 21:41:45 - mmengine - INFO - Epoch(train) [11][6850/9162]  lr: 2.0000e-03  eta: 1 day, 0:18:54  time: 0.7356  data_time: 0.1120  memory: 1708  loss: 4.3248  loss_cls: 2.8378  loss_bbox: 1.4870
2025/06/22 21:42:21 - mmengine - INFO - Epoch(train) [11][6900/9162]  lr: 2.0000e-03  eta: 1 day, 0:18:18  time: 0.7249  data_time: 0.1163  memory: 1708  loss: 4.1889  loss_cls: 2.8375  loss_bbox: 1.3514
2025/06/22 21:42:57 - mmengine - INFO - Epoch(train) [11][6950/9162]  lr: 2.0000e-03  eta: 1 day, 0:17:42  time: 0.7206  data_time: 0.1242  memory: 1708  loss: 4.2213  loss_cls: 2.8191  loss_bbox: 1.4021
2025/06/22 21:43:33 - mmengine - INFO - Epoch(train) [11][7000/9162]  lr: 2.0000e-03  eta: 1 day, 0:17:06  time: 0.7204  data_time: 0.0809  memory: 1708  loss: 4.1205  loss_cls: 2.7481  loss_bbox: 1.3725
2025/06/22 21:44:10 - mmengine - INFO - Epoch(train) [11][7050/9162]  lr: 2.0000e-03  eta: 1 day, 0:16:31  time: 0.7396  data_time: 0.1226  memory: 1708  loss: 4.2416  loss_cls: 2.8451  loss_bbox: 1.3965
2025/06/22 21:44:47 - mmengine - INFO - Epoch(train) [11][7100/9162]  lr: 2.0000e-03  eta: 1 day, 0:15:56  time: 0.7332  data_time: 0.1123  memory: 1708  loss: 4.1859  loss_cls: 2.8312  loss_bbox: 1.3547
2025/06/22 21:45:24 - mmengine - INFO - Epoch(train) [11][7150/9162]  lr: 2.0000e-03  eta: 1 day, 0:15:20  time: 0.7274  data_time: 0.1057  memory: 1708  loss: 4.0850  loss_cls: 2.7517  loss_bbox: 1.3334
2025/06/22 21:46:01 - mmengine - INFO - Epoch(train) [11][7200/9162]  lr: 2.0000e-03  eta: 1 day, 0:14:46  time: 0.7442  data_time: 0.1161  memory: 1708  loss: 4.1089  loss_cls: 2.7670  loss_bbox: 1.3419
2025/06/22 21:46:37 - mmengine - INFO - Epoch(train) [11][7250/9162]  lr: 2.0000e-03  eta: 1 day, 0:14:10  time: 0.7256  data_time: 0.1237  memory: 1708  loss: 4.1162  loss_cls: 2.8028  loss_bbox: 1.3135
2025/06/22 21:47:14 - mmengine - INFO - Epoch(train) [11][7300/9162]  lr: 2.0000e-03  eta: 1 day, 0:13:35  time: 0.7311  data_time: 0.1216  memory: 1708  loss: 4.2453  loss_cls: 2.8420  loss_bbox: 1.4033
2025/06/22 21:47:50 - mmengine - INFO - Epoch(train) [11][7350/9162]  lr: 2.0000e-03  eta: 1 day, 0:12:59  time: 0.7293  data_time: 0.0926  memory: 1708  loss: 4.1661  loss_cls: 2.7637  loss_bbox: 1.4024
2025/06/22 21:48:12 - mmengine - INFO - Exp name: ssd300_coco_20250622_013555
2025/06/22 21:48:27 - mmengine - INFO - Epoch(train) [11][7400/9162]  lr: 2.0000e-03  eta: 1 day, 0:12:23  time: 0.7283  data_time: 0.0961  memory: 1708  loss: 4.1532  loss_cls: 2.7698  loss_bbox: 1.3834
2025/06/22 21:49:03 - mmengine - INFO - Epoch(train) [11][7450/9162]  lr: 2.0000e-03  eta: 1 day, 0:11:47  time: 0.7203  data_time: 0.1027  memory: 1708  loss: 4.2535  loss_cls: 2.8525  loss_bbox: 1.4010
2025/06/22 21:49:39 - mmengine - INFO - Epoch(train) [11][7500/9162]  lr: 2.0000e-03  eta: 1 day, 0:11:12  time: 0.7297  data_time: 0.1219  memory: 1708  loss: 4.1686  loss_cls: 2.8227  loss_bbox: 1.3460
2025/06/22 21:51:21 - mmengine - INFO - Epoch(train) [11][7550/9162]  lr: 2.0000e-03  eta: 1 day, 0:11:56  time: 2.0356  data_time: 1.4249  memory: 1708  loss: 4.1155  loss_cls: 2.7523  loss_bbox: 1.3632
2025/06/22 21:51:56 - mmengine - INFO - Epoch(train) [11][7600/9162]  lr: 2.0000e-03  eta: 1 day, 0:11:18  time: 0.6920  data_time: 0.0571  memory: 1708  loss: 4.1591  loss_cls: 2.7837  loss_bbox: 1.3754
2025/06/22 21:52:31 - mmengine - INFO - Epoch(train) [11][7650/9162]  lr: 2.0000e-03  eta: 1 day, 0:10:40  time: 0.6973  data_time: 0.0613  memory: 1708  loss: 4.2157  loss_cls: 2.8370  loss_bbox: 1.3787
2025/06/22 21:53:05 - mmengine - INFO - Epoch(train) [11][7700/9162]  lr: 2.0000e-03  eta: 1 day, 0:10:02  time: 0.6909  data_time: 0.0636  memory: 1708  loss: 4.1739  loss_cls: 2.8203  loss_bbox: 1.3537
2025/06/22 21:53:41 - mmengine - INFO - Epoch(train) [11][7750/9162]  lr: 2.0000e-03  eta: 1 day, 0:09:26  time: 0.7227  data_time: 0.0681  memory: 1708  loss: 4.0662  loss_cls: 2.7222  loss_bbox: 1.3440
2025/06/22 21:54:17 - mmengine - INFO - Epoch(train) [11][7800/9162]  lr: 2.0000e-03  eta: 1 day, 0:08:50  time: 0.7080  data_time: 0.0615  memory: 1708  loss: 4.2340  loss_cls: 2.8190  loss_bbox: 1.4150
2025/06/22 21:54:53 - mmengine - INFO - Epoch(train) [11][7850/9162]  lr: 2.0000e-03  eta: 1 day, 0:08:14  time: 0.7259  data_time: 0.0656  memory: 1708  loss: 4.2800  loss_cls: 2.8576  loss_bbox: 1.4223
2025/06/22 21:55:29 - mmengine - INFO - Epoch(train) [11][7900/9162]  lr: 2.0000e-03  eta: 1 day, 0:07:37  time: 0.7069  data_time: 0.0818  memory: 1708  loss: 4.1481  loss_cls: 2.8034  loss_bbox: 1.3446
2025/06/22 21:56:05 - mmengine - INFO - Epoch(train) [11][7950/9162]  lr: 2.0000e-03  eta: 1 day, 0:07:01  time: 0.7307  data_time: 0.1229  memory: 1708  loss: 4.2565  loss_cls: 2.8222  loss_bbox: 1.4343
2025/06/22 21:56:42 - mmengine - INFO - Epoch(train) [11][8000/9162]  lr: 2.0000e-03  eta: 1 day, 0:06:26  time: 0.7334  data_time: 0.1287  memory: 1708  loss: 4.2321  loss_cls: 2.8394  loss_bbox: 1.3927
2025/06/22 21:57:18 - mmengine - INFO - Epoch(train) [11][8050/9162]  lr: 2.0000e-03  eta: 1 day, 0:05:50  time: 0.7215  data_time: 0.1201  memory: 1708  loss: 4.2315  loss_cls: 2.8092  loss_bbox: 1.4224
2025/06/22 21:57:55 - mmengine - INFO - Epoch(train) [11][8100/9162]  lr: 2.0000e-03  eta: 1 day, 0:05:14  time: 0.7312  data_time: 0.0963  memory: 1708  loss: 4.2566  loss_cls: 2.8087  loss_bbox: 1.4480
2025/06/22 21:58:31 - mmengine - INFO - Epoch(train) [11][8150/9162]  lr: 2.0000e-03  eta: 1 day, 0:04:39  time: 0.7297  data_time: 0.1219  memory: 1708  loss: 4.3215  loss_cls: 2.8638  loss_bbox: 1.4577
2025/06/22 21:59:07 - mmengine - INFO - Epoch(train) [11][8200/9162]  lr: 2.0000e-03  eta: 1 day, 0:04:03  time: 0.7219  data_time: 0.1013  memory: 1708  loss: 4.1548  loss_cls: 2.7987  loss_bbox: 1.3561
2025/06/22 21:59:43 - mmengine - INFO - Epoch(train) [11][8250/9162]  lr: 2.0000e-03  eta: 1 day, 0:03:26  time: 0.7195  data_time: 0.0734  memory: 1708  loss: 4.2694  loss_cls: 2.8611  loss_bbox: 1.4082
2025/06/22 22:00:20 - mmengine - INFO - Epoch(train) [11][8300/9162]  lr: 2.0000e-03  eta: 1 day, 0:02:50  time: 0.7220  data_time: 0.0914  memory: 1708  loss: 4.1839  loss_cls: 2.8145  loss_bbox: 1.3694
2025/06/22 22:00:56 - mmengine - INFO - Epoch(train) [11][8350/9162]  lr: 2.0000e-03  eta: 1 day, 0:02:15  time: 0.7277  data_time: 0.1117  memory: 1708  loss: 4.2440  loss_cls: 2.8681  loss_bbox: 1.3759
2025/06/22 22:01:18 - mmengine - INFO - Exp name: ssd300_coco_20250622_013555
2025/06/22 22:01:33 - mmengine - INFO - Epoch(train) [11][8400/9162]  lr: 2.0000e-03  eta: 1 day, 0:01:40  time: 0.7398  data_time: 0.1166  memory: 1708  loss: 4.1889  loss_cls: 2.8106  loss_bbox: 1.3783
2025/06/22 22:02:10 - mmengine - INFO - Epoch(train) [11][8450/9162]  lr: 2.0000e-03  eta: 1 day, 0:01:04  time: 0.7324  data_time: 0.1215  memory: 1708  loss: 4.2663  loss_cls: 2.8647  loss_bbox: 1.4016
2025/06/22 22:02:46 - mmengine - INFO - Epoch(train) [11][8500/9162]  lr: 2.0000e-03  eta: 1 day, 0:00:28  time: 0.7257  data_time: 0.0788  memory: 1708  loss: 4.2200  loss_cls: 2.8235  loss_bbox: 1.3964
2025/06/22 22:03:19 - mmengine - INFO - Epoch(train) [11][8550/9162]  lr: 2.0000e-03  eta: 23:59:48  time: 0.6583  data_time: 0.0606  memory: 1708  loss: 4.2640  loss_cls: 2.8018  loss_bbox: 1.4621
2025/06/22 22:03:54 - mmengine - INFO - Epoch(train) [11][8600/9162]  lr: 2.0000e-03  eta: 23:59:11  time: 0.7011  data_time: 0.1040  memory: 1708  loss: 4.2250  loss_cls: 2.8481  loss_bbox: 1.3770
2025/06/22 22:04:29 - mmengine - INFO - Epoch(train) [11][8650/9162]  lr: 2.0000e-03  eta: 23:58:34  time: 0.6966  data_time: 0.0940  memory: 1708  loss: 4.1327  loss_cls: 2.7707  loss_bbox: 1.3621
2025/06/22 22:05:06 - mmengine - INFO - Epoch(train) [11][8700/9162]  lr: 2.0000e-03  eta: 23:57:59  time: 0.7400  data_time: 0.1365  memory: 1708  loss: 4.3231  loss_cls: 2.8682  loss_bbox: 1.4549
2025/06/22 22:05:42 - mmengine - INFO - Epoch(train) [11][8750/9162]  lr: 2.0000e-03  eta: 23:57:23  time: 0.7224  data_time: 0.1243  memory: 1708  loss: 4.2778  loss_cls: 2.8667  loss_bbox: 1.4111
2025/06/22 22:06:18 - mmengine - INFO - Epoch(train) [11][8800/9162]  lr: 2.0000e-03  eta: 23:56:46  time: 0.7151  data_time: 0.0895  memory: 1708  loss: 4.1553  loss_cls: 2.7875  loss_bbox: 1.3678
2025/06/22 22:06:54 - mmengine - INFO - Epoch(train) [11][8850/9162]  lr: 2.0000e-03  eta: 23:56:10  time: 0.7251  data_time: 0.1193  memory: 1708  loss: 4.2589  loss_cls: 2.8779  loss_bbox: 1.3811
2025/06/22 22:07:31 - mmengine - INFO - Epoch(train) [11][8900/9162]  lr: 2.0000e-03  eta: 23:55:35  time: 0.7435  data_time: 0.0948  memory: 1708  loss: 4.1173  loss_cls: 2.7738  loss_bbox: 1.3435
2025/06/22 22:08:07 - mmengine - INFO - Epoch(train) [11][8950/9162]  lr: 2.0000e-03  eta: 23:54:59  time: 0.7152  data_time: 0.0775  memory: 1708  loss: 4.1443  loss_cls: 2.7962  loss_bbox: 1.3481
2025/06/22 22:08:43 - mmengine - INFO - Epoch(train) [11][9000/9162]  lr: 2.0000e-03  eta: 23:54:23  time: 0.7236  data_time: 0.0660  memory: 1708  loss: 4.2294  loss_cls: 2.8365  loss_bbox: 1.3928
2025/06/22 22:09:19 - mmengine - INFO - Epoch(train) [11][9050/9162]  lr: 2.0000e-03  eta: 23:53:47  time: 0.7152  data_time: 0.0665  memory: 1708  loss: 4.0725  loss_cls: 2.7538  loss_bbox: 1.3187
2025/06/22 22:09:55 - mmengine - INFO - Epoch(train) [11][9100/9162]  lr: 2.0000e-03  eta: 23:53:11  time: 0.7226  data_time: 0.0997  memory: 1708  loss: 4.2808  loss_cls: 2.8606  loss_bbox: 1.4203
2025/06/22 22:10:32 - mmengine - INFO - Epoch(train) [11][9150/9162]  lr: 2.0000e-03  eta: 23:52:34  time: 0.7202  data_time: 0.0802  memory: 1708  loss: 4.2107  loss_cls: 2.8650  loss_bbox: 1.3457
2025/06/22 22:10:40 - mmengine - INFO - Exp name: ssd300_coco_20250622_013555
2025/06/22 22:10:40 - mmengine - INFO - Saving checkpoint at 11 epochs
2025/06/22 22:10:55 - mmengine - INFO - Epoch(val) [11][ 50/157]    eta: 0:00:28  time: 0.2650  data_time: 0.0588  memory: 1708  
2025/06/22 22:11:07 - mmengine - INFO - Epoch(val) [11][100/157]    eta: 0:00:14  time: 0.2507  data_time: 0.0461  memory: 851  
2025/06/22 22:11:20 - mmengine - INFO - Epoch(val) [11][150/157]    eta: 0:00:01  time: 0.2595  data_time: 0.0533  memory: 851  
2025/06/22 22:11:35 - mmengine - INFO - Evaluating bbox...
2025/06/22 22:12:24 - mmengine - INFO - bbox_mAP_copypaste: 0.218 0.394 0.218 0.062 0.235 0.356
2025/06/22 22:12:25 - mmengine - INFO - Epoch(val) [11][157/157]    coco/bbox_mAP: 0.2180  coco/bbox_mAP_50: 0.3940  coco/bbox_mAP_75: 0.2180  coco/bbox_mAP_s: 0.0620  coco/bbox_mAP_m: 0.2350  coco/bbox_mAP_l: 0.3560  data_time: 0.0522  time: 0.2562
2025/06/22 22:12:58 - mmengine - INFO - Epoch(train) [12][  50/9162]  lr: 2.0000e-03  eta: 23:51:45  time: 0.6457  data_time: 0.0596  memory: 1708  loss: 4.1864  loss_cls: 2.8420  loss_bbox: 1.3444
2025/06/22 22:13:34 - mmengine - INFO - Epoch(train) [12][ 100/9162]  lr: 2.0000e-03  eta: 23:51:08  time: 0.7164  data_time: 0.0904  memory: 1708  loss: 4.1958  loss_cls: 2.8469  loss_bbox: 1.3489
2025/06/22 22:14:10 - mmengine - INFO - Epoch(train) [12][ 150/9162]  lr: 2.0000e-03  eta: 23:50:32  time: 0.7232  data_time: 0.0638  memory: 1708  loss: 4.0823  loss_cls: 2.8052  loss_bbox: 1.2771
2025/06/22 22:14:47 - mmengine - INFO - Epoch(train) [12][ 200/9162]  lr: 2.0000e-03  eta: 23:49:57  time: 0.7344  data_time: 0.1189  memory: 1708  loss: 4.2372  loss_cls: 2.8519  loss_bbox: 1.3852
2025/06/22 22:14:59 - mmengine - INFO - Exp name: ssd300_coco_20250622_013555
2025/06/22 22:15:21 - mmengine - INFO - Epoch(train) [12][ 250/9162]  lr: 2.0000e-03  eta: 23:49:19  time: 0.6918  data_time: 0.0611  memory: 1708  loss: 4.1798  loss_cls: 2.7849  loss_bbox: 1.3949
2025/06/22 22:15:58 - mmengine - INFO - Epoch(train) [12][ 300/9162]  lr: 2.0000e-03  eta: 23:48:44  time: 0.7300  data_time: 0.1094  memory: 1708  loss: 4.2559  loss_cls: 2.8262  loss_bbox: 1.4296
2025/06/22 22:16:34 - mmengine - INFO - Epoch(train) [12][ 350/9162]  lr: 2.0000e-03  eta: 23:48:08  time: 0.7285  data_time: 0.1283  memory: 1708  loss: 4.1984  loss_cls: 2.8428  loss_bbox: 1.3556
2025/06/22 22:17:11 - mmengine - INFO - Epoch(train) [12][ 400/9162]  lr: 2.0000e-03  eta: 23:47:32  time: 0.7268  data_time: 0.1196  memory: 1708  loss: 4.1642  loss_cls: 2.8348  loss_bbox: 1.3294
2025/06/22 22:17:47 - mmengine - INFO - Epoch(train) [12][ 450/9162]  lr: 2.0000e-03  eta: 23:46:56  time: 0.7219  data_time: 0.0902  memory: 1708  loss: 4.0954  loss_cls: 2.7676  loss_bbox: 1.3278
2025/06/22 22:18:23 - mmengine - INFO - Epoch(train) [12][ 500/9162]  lr: 2.0000e-03  eta: 23:46:20  time: 0.7237  data_time: 0.0916  memory: 1708  loss: 4.1630  loss_cls: 2.8085  loss_bbox: 1.3545
2025/06/22 22:18:59 - mmengine - INFO - Epoch(train) [12][ 550/9162]  lr: 2.0000e-03  eta: 23:45:44  time: 0.7258  data_time: 0.1025  memory: 1708  loss: 4.1296  loss_cls: 2.7803  loss_bbox: 1.3493
2025/06/22 22:19:36 - mmengine - INFO - Epoch(train) [12][ 600/9162]  lr: 2.0000e-03  eta: 23:45:09  time: 0.7273  data_time: 0.1267  memory: 1708  loss: 4.2454  loss_cls: 2.8629  loss_bbox: 1.3825
2025/06/22 22:20:12 - mmengine - INFO - Epoch(train) [12][ 650/9162]  lr: 2.0000e-03  eta: 23:44:32  time: 0.7200  data_time: 0.1149  memory: 1708  loss: 4.2637  loss_cls: 2.8648  loss_bbox: 1.3989
2025/06/22 22:20:48 - mmengine - INFO - Epoch(train) [12][ 700/9162]  lr: 2.0000e-03  eta: 23:43:57  time: 0.7323  data_time: 0.1193  memory: 1708  loss: 4.1500  loss_cls: 2.7721  loss_bbox: 1.3780
2025/06/22 22:21:24 - mmengine - INFO - Epoch(train) [12][ 750/9162]  lr: 2.0000e-03  eta: 23:43:21  time: 0.7176  data_time: 0.0852  memory: 1708  loss: 4.1832  loss_cls: 2.7982  loss_bbox: 1.3850
2025/06/22 22:22:01 - mmengine - INFO - Epoch(train) [12][ 800/9162]  lr: 2.0000e-03  eta: 23:42:45  time: 0.7270  data_time: 0.1083  memory: 1708  loss: 4.2127  loss_cls: 2.8344  loss_bbox: 1.3783
2025/06/22 22:22:37 - mmengine - INFO - Epoch(train) [12][ 850/9162]  lr: 2.0000e-03  eta: 23:42:09  time: 0.7165  data_time: 0.1121  memory: 1708  loss: 4.2105  loss_cls: 2.8267  loss_bbox: 1.3838
2025/06/22 22:23:14 - mmengine - INFO - Epoch(train) [12][ 900/9162]  lr: 2.0000e-03  eta: 23:41:34  time: 0.7419  data_time: 0.1327  memory: 1708  loss: 4.1898  loss_cls: 2.7624  loss_bbox: 1.4273
2025/06/22 22:23:51 - mmengine - INFO - Epoch(train) [12][ 950/9162]  lr: 2.0000e-03  eta: 23:40:58  time: 0.7341  data_time: 0.1426  memory: 1708  loss: 4.1380  loss_cls: 2.7789  loss_bbox: 1.3591
2025/06/22 22:24:27 - mmengine - INFO - Epoch(train) [12][1000/9162]  lr: 2.0000e-03  eta: 23:40:23  time: 0.7291  data_time: 0.1219  memory: 1708  loss: 4.2120  loss_cls: 2.8538  loss_bbox: 1.3582
2025/06/22 22:25:03 - mmengine - INFO - Epoch(train) [12][1050/9162]  lr: 2.0000e-03  eta: 23:39:47  time: 0.7199  data_time: 0.0984  memory: 1708  loss: 4.1256  loss_cls: 2.7832  loss_bbox: 1.3424
2025/06/22 22:25:39 - mmengine - INFO - Epoch(train) [12][1100/9162]  lr: 2.0000e-03  eta: 23:39:11  time: 0.7245  data_time: 0.0937  memory: 1708  loss: 4.2771  loss_cls: 2.8525  loss_bbox: 1.4246
2025/06/22 22:26:15 - mmengine - INFO - Epoch(train) [12][1150/9162]  lr: 2.0000e-03  eta: 23:38:34  time: 0.7202  data_time: 0.1007  memory: 1708  loss: 4.1838  loss_cls: 2.8153  loss_bbox: 1.3685
2025/06/22 22:26:51 - mmengine - INFO - Epoch(train) [12][1200/9162]  lr: 2.0000e-03  eta: 23:37:58  time: 0.7168  data_time: 0.0812  memory: 1708  loss: 4.1852  loss_cls: 2.8534  loss_bbox: 1.3318
2025/06/22 22:27:04 - mmengine - INFO - Exp name: ssd300_coco_20250622_013555
2025/06/22 22:27:27 - mmengine - INFO - Epoch(train) [12][1250/9162]  lr: 2.0000e-03  eta: 23:37:21  time: 0.7095  data_time: 0.0875  memory: 1708  loss: 4.2514  loss_cls: 2.8594  loss_bbox: 1.3920
2025/06/22 22:28:03 - mmengine - INFO - Epoch(train) [12][1300/9162]  lr: 2.0000e-03  eta: 23:36:45  time: 0.7204  data_time: 0.0741  memory: 1708  loss: 4.1461  loss_cls: 2.7781  loss_bbox: 1.3680
2025/06/22 22:28:39 - mmengine - INFO - Epoch(train) [12][1350/9162]  lr: 2.0000e-03  eta: 23:36:09  time: 0.7268  data_time: 0.1136  memory: 1708  loss: 4.0435  loss_cls: 2.7642  loss_bbox: 1.2793
2025/06/22 22:29:16 - mmengine - INFO - Epoch(train) [12][1400/9162]  lr: 2.0000e-03  eta: 23:35:34  time: 0.7274  data_time: 0.1118  memory: 1708  loss: 4.2114  loss_cls: 2.8450  loss_bbox: 1.3664
2025/06/22 22:29:53 - mmengine - INFO - Epoch(train) [12][1450/9162]  lr: 2.0000e-03  eta: 23:34:59  time: 0.7380  data_time: 0.0973  memory: 1708  loss: 4.0921  loss_cls: 2.7457  loss_bbox: 1.3463
2025/06/22 22:30:29 - mmengine - INFO - Epoch(train) [12][1500/9162]  lr: 2.0000e-03  eta: 23:34:22  time: 0.7202  data_time: 0.1059  memory: 1708  loss: 4.0009  loss_cls: 2.6984  loss_bbox: 1.3025
2025/06/22 22:31:05 - mmengine - INFO - Epoch(train) [12][1550/9162]  lr: 2.0000e-03  eta: 23:33:46  time: 0.7157  data_time: 0.1010  memory: 1708  loss: 4.2281  loss_cls: 2.8025  loss_bbox: 1.4256
2025/06/22 22:31:41 - mmengine - INFO - Epoch(train) [12][1600/9162]  lr: 2.0000e-03  eta: 23:33:10  time: 0.7259  data_time: 0.1047  memory: 1708  loss: 4.1611  loss_cls: 2.8094  loss_bbox: 1.3516
2025/06/22 22:32:18 - mmengine - INFO - Epoch(train) [12][1650/9162]  lr: 2.0000e-03  eta: 23:32:35  time: 0.7312  data_time: 0.1160  memory: 1708  loss: 4.1371  loss_cls: 2.7843  loss_bbox: 1.3528
2025/06/22 22:32:54 - mmengine - INFO - Epoch(train) [12][1700/9162]  lr: 2.0000e-03  eta: 23:31:59  time: 0.7323  data_time: 0.1205  memory: 1708  loss: 4.2004  loss_cls: 2.7979  loss_bbox: 1.4025
2025/06/22 22:33:31 - mmengine - INFO - Epoch(train) [12][1750/9162]  lr: 2.0000e-03  eta: 23:31:23  time: 0.7270  data_time: 0.1065  memory: 1708  loss: 4.2823  loss_cls: 2.8664  loss_bbox: 1.4160
2025/06/22 22:34:07 - mmengine - INFO - Epoch(train) [12][1800/9162]  lr: 2.0000e-03  eta: 23:30:48  time: 0.7292  data_time: 0.1165  memory: 1708  loss: 4.1893  loss_cls: 2.8154  loss_bbox: 1.3739
2025/06/22 22:34:41 - mmengine - INFO - Epoch(train) [12][1850/9162]  lr: 2.0000e-03  eta: 23:30:10  time: 0.6850  data_time: 0.0627  memory: 1708  loss: 4.0918  loss_cls: 2.7820  loss_bbox: 1.3098
2025/06/22 22:35:16 - mmengine - INFO - Epoch(train) [12][1900/9162]  lr: 2.0000e-03  eta: 23:29:32  time: 0.6873  data_time: 0.0723  memory: 1708  loss: 4.1819  loss_cls: 2.8377  loss_bbox: 1.3443
2025/06/22 22:35:50 - mmengine - INFO - Epoch(train) [12][1950/9162]  lr: 2.0000e-03  eta: 23:28:53  time: 0.6834  data_time: 0.0440  memory: 1708  loss: 4.2177  loss_cls: 2.8276  loss_bbox: 1.3901
2025/06/22 22:36:26 - mmengine - INFO - Epoch(train) [12][2000/9162]  lr: 2.0000e-03  eta: 23:28:17  time: 0.7157  data_time: 0.0734  memory: 1708  loss: 4.1762  loss_cls: 2.8156  loss_bbox: 1.3606
2025/06/22 22:36:58 - mmengine - INFO - Epoch(train) [12][2050/9162]  lr: 2.0000e-03  eta: 23:27:36  time: 0.6360  data_time: 0.0430  memory: 1708  loss: 4.2058  loss_cls: 2.7979  loss_bbox: 1.4079
2025/06/22 22:37:30 - mmengine - INFO - Epoch(train) [12][2100/9162]  lr: 2.0000e-03  eta: 23:26:55  time: 0.6432  data_time: 0.0664  memory: 1708  loss: 4.3623  loss_cls: 2.9017  loss_bbox: 1.4606
2025/06/22 22:38:04 - mmengine - INFO - Epoch(train) [12][2150/9162]  lr: 2.0000e-03  eta: 23:26:17  time: 0.6739  data_time: 0.0801  memory: 1708  loss: 4.0158  loss_cls: 2.7250  loss_bbox: 1.2908
2025/06/22 22:38:37 - mmengine - INFO - Epoch(train) [12][2200/9162]  lr: 2.0000e-03  eta: 23:25:37  time: 0.6647  data_time: 0.0519  memory: 1708  loss: 4.2059  loss_cls: 2.7809  loss_bbox: 1.4250
2025/06/22 22:38:48 - mmengine - INFO - Exp name: ssd300_coco_20250622_013555
2025/06/22 22:39:09 - mmengine - INFO - Epoch(train) [12][2250/9162]  lr: 2.0000e-03  eta: 23:24:57  time: 0.6477  data_time: 0.0659  memory: 1708  loss: 4.1317  loss_cls: 2.7819  loss_bbox: 1.3498
2025/06/22 22:39:41 - mmengine - INFO - Epoch(train) [12][2300/9162]  lr: 2.0000e-03  eta: 23:24:16  time: 0.6321  data_time: 0.0667  memory: 1708  loss: 4.2136  loss_cls: 2.8354  loss_bbox: 1.3782
2025/06/22 22:40:16 - mmengine - INFO - Epoch(train) [12][2350/9162]  lr: 2.0000e-03  eta: 23:23:39  time: 0.6980  data_time: 0.0967  memory: 1708  loss: 4.1076  loss_cls: 2.7553  loss_bbox: 1.3523
2025/06/22 22:40:52 - mmengine - INFO - Epoch(train) [12][2400/9162]  lr: 2.0000e-03  eta: 23:23:02  time: 0.7124  data_time: 0.0941  memory: 1708  loss: 4.0957  loss_cls: 2.7355  loss_bbox: 1.3602
2025/06/22 22:41:26 - mmengine - INFO - Epoch(train) [12][2450/9162]  lr: 2.0000e-03  eta: 23:22:24  time: 0.6896  data_time: 0.0834  memory: 1708  loss: 4.1400  loss_cls: 2.7952  loss_bbox: 1.3448
2025/06/22 22:42:03 - mmengine - INFO - Epoch(train) [12][2500/9162]  lr: 2.0000e-03  eta: 23:21:48  time: 0.7282  data_time: 0.1155  memory: 1708  loss: 4.1381  loss_cls: 2.7754  loss_bbox: 1.3627
2025/06/22 22:42:40 - mmengine - INFO - Epoch(train) [12][2550/9162]  lr: 2.0000e-03  eta: 23:21:14  time: 0.7496  data_time: 0.1266  memory: 1708  loss: 4.2363  loss_cls: 2.8503  loss_bbox: 1.3860
2025/06/22 22:43:16 - mmengine - INFO - Epoch(train) [12][2600/9162]  lr: 2.0000e-03  eta: 23:20:38  time: 0.7248  data_time: 0.1089  memory: 1708  loss: 4.1069  loss_cls: 2.7176  loss_bbox: 1.3892
2025/06/22 22:43:52 - mmengine - INFO - Epoch(train) [12][2650/9162]  lr: 2.0000e-03  eta: 23:20:02  time: 0.7183  data_time: 0.1176  memory: 1708  loss: 4.2755  loss_cls: 2.8483  loss_bbox: 1.4272
2025/06/22 22:44:29 - mmengine - INFO - Epoch(train) [12][2700/9162]  lr: 2.0000e-03  eta: 23:19:26  time: 0.7266  data_time: 0.0954  memory: 1708  loss: 4.2029  loss_cls: 2.8365  loss_bbox: 1.3664
2025/06/22 22:45:05 - mmengine - INFO - Epoch(train) [12][2750/9162]  lr: 2.0000e-03  eta: 23:18:50  time: 0.7211  data_time: 0.1162  memory: 1708  loss: 4.0988  loss_cls: 2.7787  loss_bbox: 1.3201
2025/06/22 22:45:41 - mmengine - INFO - Epoch(train) [12][2800/9162]  lr: 2.0000e-03  eta: 23:18:14  time: 0.7223  data_time: 0.1097  memory: 1708  loss: 4.2139  loss_cls: 2.8382  loss_bbox: 1.3757
2025/06/22 22:46:16 - mmengine - INFO - Epoch(train) [12][2850/9162]  lr: 2.0000e-03  eta: 23:17:36  time: 0.6920  data_time: 0.0922  memory: 1708  loss: 4.0837  loss_cls: 2.7817  loss_bbox: 1.3020
2025/06/22 22:46:50 - mmengine - INFO - Epoch(train) [12][2900/9162]  lr: 2.0000e-03  eta: 23:16:58  time: 0.6761  data_time: 0.0774  memory: 1708  loss: 4.0941  loss_cls: 2.7947  loss_bbox: 1.2994
2025/06/22 22:47:22 - mmengine - INFO - Epoch(train) [12][2950/9162]  lr: 2.0000e-03  eta: 23:16:18  time: 0.6507  data_time: 0.0484  memory: 1708  loss: 4.1048  loss_cls: 2.7987  loss_bbox: 1.3061
2025/06/22 22:47:54 - mmengine - INFO - Epoch(train) [12][3000/9162]  lr: 2.0000e-03  eta: 23:15:36  time: 0.6297  data_time: 0.0366  memory: 1708  loss: 4.3268  loss_cls: 2.8636  loss_bbox: 1.4633
2025/06/22 22:48:27 - mmengine - INFO - Epoch(train) [12][3050/9162]  lr: 2.0000e-03  eta: 23:14:58  time: 0.6703  data_time: 0.0594  memory: 1708  loss: 4.0763  loss_cls: 2.7487  loss_bbox: 1.3276
2025/06/22 22:49:03 - mmengine - INFO - Epoch(train) [12][3100/9162]  lr: 2.0000e-03  eta: 23:14:21  time: 0.7033  data_time: 0.0988  memory: 1708  loss: 4.1405  loss_cls: 2.7920  loss_bbox: 1.3485
2025/06/22 22:49:39 - mmengine - INFO - Epoch(train) [12][3150/9162]  lr: 2.0000e-03  eta: 23:13:45  time: 0.7340  data_time: 0.1059  memory: 1708  loss: 4.2327  loss_cls: 2.8546  loss_bbox: 1.3781
2025/06/22 22:50:16 - mmengine - INFO - Epoch(train) [12][3200/9162]  lr: 2.0000e-03  eta: 23:13:09  time: 0.7271  data_time: 0.0889  memory: 1708  loss: 4.1977  loss_cls: 2.8115  loss_bbox: 1.3861
2025/06/22 22:50:29 - mmengine - INFO - Exp name: ssd300_coco_20250622_013555
2025/06/22 22:50:51 - mmengine - INFO - Epoch(train) [12][3250/9162]  lr: 2.0000e-03  eta: 23:12:33  time: 0.7141  data_time: 0.0937  memory: 1708  loss: 4.1710  loss_cls: 2.8022  loss_bbox: 1.3688
2025/06/22 22:51:27 - mmengine - INFO - Epoch(train) [12][3300/9162]  lr: 2.0000e-03  eta: 23:11:57  time: 0.7196  data_time: 0.0906  memory: 1708  loss: 4.2003  loss_cls: 2.8503  loss_bbox: 1.3500
2025/06/22 22:52:04 - mmengine - INFO - Epoch(train) [12][3350/9162]  lr: 2.0000e-03  eta: 23:11:21  time: 0.7270  data_time: 0.1062  memory: 1708  loss: 4.2559  loss_cls: 2.8402  loss_bbox: 1.4157
2025/06/22 22:52:40 - mmengine - INFO - Epoch(train) [12][3400/9162]  lr: 2.0000e-03  eta: 23:10:45  time: 0.7264  data_time: 0.1268  memory: 1708  loss: 4.1934  loss_cls: 2.8131  loss_bbox: 1.3803
2025/06/22 22:53:17 - mmengine - INFO - Epoch(train) [12][3450/9162]  lr: 2.0000e-03  eta: 23:10:10  time: 0.7299  data_time: 0.1230  memory: 1708  loss: 4.0374  loss_cls: 2.7487  loss_bbox: 1.2887
2025/06/22 22:53:52 - mmengine - INFO - Epoch(train) [12][3500/9162]  lr: 2.0000e-03  eta: 23:09:33  time: 0.7037  data_time: 0.0836  memory: 1708  loss: 4.0956  loss_cls: 2.7646  loss_bbox: 1.3310
2025/06/22 22:54:27 - mmengine - INFO - Epoch(train) [12][3550/9162]  lr: 2.0000e-03  eta: 23:08:55  time: 0.6909  data_time: 0.0675  memory: 1708  loss: 4.2005  loss_cls: 2.8284  loss_bbox: 1.3721
2025/06/22 22:55:03 - mmengine - INFO - Epoch(train) [12][3600/9162]  lr: 2.0000e-03  eta: 23:08:19  time: 0.7313  data_time: 0.1308  memory: 1708  loss: 4.3203  loss_cls: 2.8530  loss_bbox: 1.4672
2025/06/22 22:55:40 - mmengine - INFO - Epoch(train) [12][3650/9162]  lr: 2.0000e-03  eta: 23:07:44  time: 0.7303  data_time: 0.1275  memory: 1708  loss: 4.1802  loss_cls: 2.7919  loss_bbox: 1.3882
2025/06/22 22:56:15 - mmengine - INFO - Epoch(train) [12][3700/9162]  lr: 2.0000e-03  eta: 23:07:07  time: 0.7026  data_time: 0.0794  memory: 1708  loss: 4.0603  loss_cls: 2.7462  loss_bbox: 1.3141
2025/06/22 22:56:52 - mmengine - INFO - Epoch(train) [12][3750/9162]  lr: 2.0000e-03  eta: 23:06:32  time: 0.7464  data_time: 0.1311  memory: 1708  loss: 4.0609  loss_cls: 2.7409  loss_bbox: 1.3200
2025/06/22 22:57:28 - mmengine - INFO - Epoch(train) [12][3800/9162]  lr: 2.0000e-03  eta: 23:05:56  time: 0.7189  data_time: 0.1105  memory: 1708  loss: 4.1236  loss_cls: 2.7736  loss_bbox: 1.3500
2025/06/22 22:58:05 - mmengine - INFO - Epoch(train) [12][3850/9162]  lr: 2.0000e-03  eta: 23:05:20  time: 0.7232  data_time: 0.1071  memory: 1708  loss: 4.2295  loss_cls: 2.8288  loss_bbox: 1.4007
2025/06/22 22:58:40 - mmengine - INFO - Epoch(train) [12][3900/9162]  lr: 2.0000e-03  eta: 23:04:44  time: 0.7142  data_time: 0.0700  memory: 1708  loss: 4.1959  loss_cls: 2.8287  loss_bbox: 1.3672
2025/06/22 22:59:17 - mmengine - INFO - Epoch(train) [12][3950/9162]  lr: 2.0000e-03  eta: 23:04:08  time: 0.7269  data_time: 0.1234  memory: 1708  loss: 4.2407  loss_cls: 2.8268  loss_bbox: 1.4139
2025/06/22 22:59:53 - mmengine - INFO - Epoch(train) [12][4000/9162]  lr: 2.0000e-03  eta: 23:03:32  time: 0.7187  data_time: 0.0895  memory: 1708  loss: 4.1593  loss_cls: 2.8145  loss_bbox: 1.3448
2025/06/22 23:00:29 - mmengine - INFO - Epoch(train) [12][4050/9162]  lr: 2.0000e-03  eta: 23:02:56  time: 0.7224  data_time: 0.1041  memory: 1708  loss: 4.2263  loss_cls: 2.8394  loss_bbox: 1.3870
2025/06/22 23:01:04 - mmengine - INFO - Epoch(train) [12][4100/9162]  lr: 2.0000e-03  eta: 23:02:19  time: 0.7050  data_time: 0.1119  memory: 1708  loss: 4.2072  loss_cls: 2.8487  loss_bbox: 1.3585
2025/06/22 23:01:40 - mmengine - INFO - Epoch(train) [12][4150/9162]  lr: 2.0000e-03  eta: 23:01:42  time: 0.7101  data_time: 0.1000  memory: 1708  loss: 4.1472  loss_cls: 2.7704  loss_bbox: 1.3768
2025/06/22 23:02:16 - mmengine - INFO - Epoch(train) [12][4200/9162]  lr: 2.0000e-03  eta: 23:01:07  time: 0.7333  data_time: 0.1159  memory: 1708  loss: 4.2330  loss_cls: 2.8373  loss_bbox: 1.3957
2025/06/22 23:02:29 - mmengine - INFO - Exp name: ssd300_coco_20250622_013555
2025/06/22 23:02:52 - mmengine - INFO - Epoch(train) [12][4250/9162]  lr: 2.0000e-03  eta: 23:00:30  time: 0.7117  data_time: 0.1215  memory: 1708  loss: 4.2058  loss_cls: 2.8316  loss_bbox: 1.3742
2025/06/22 23:03:28 - mmengine - INFO - Epoch(train) [12][4300/9162]  lr: 2.0000e-03  eta: 22:59:54  time: 0.7235  data_time: 0.1244  memory: 1708  loss: 4.2352  loss_cls: 2.8386  loss_bbox: 1.3966
2025/06/22 23:04:06 - mmengine - INFO - Epoch(train) [12][4350/9162]  lr: 2.0000e-03  eta: 22:59:19  time: 0.7443  data_time: 0.1246  memory: 1708  loss: 4.2105  loss_cls: 2.8292  loss_bbox: 1.3813
2025/06/22 23:04:42 - mmengine - INFO - Epoch(train) [12][4400/9162]  lr: 2.0000e-03  eta: 22:58:44  time: 0.7281  data_time: 0.1313  memory: 1708  loss: 4.1166  loss_cls: 2.7662  loss_bbox: 1.3503
2025/06/22 23:05:18 - mmengine - INFO - Epoch(train) [12][4450/9162]  lr: 2.0000e-03  eta: 22:58:08  time: 0.7278  data_time: 0.1286  memory: 1708  loss: 4.2433  loss_cls: 2.8339  loss_bbox: 1.4094
2025/06/22 23:05:55 - mmengine - INFO - Epoch(train) [12][4500/9162]  lr: 2.0000e-03  eta: 22:57:33  time: 0.7327  data_time: 0.1186  memory: 1708  loss: 4.1093  loss_cls: 2.7793  loss_bbox: 1.3300
2025/06/22 23:06:32 - mmengine - INFO - Epoch(train) [12][4550/9162]  lr: 2.0000e-03  eta: 22:56:57  time: 0.7297  data_time: 0.1129  memory: 1708  loss: 4.1768  loss_cls: 2.7985  loss_bbox: 1.3782
2025/06/22 23:07:08 - mmengine - INFO - Epoch(train) [12][4600/9162]  lr: 2.0000e-03  eta: 22:56:21  time: 0.7312  data_time: 0.1246  memory: 1708  loss: 4.2335  loss_cls: 2.8417  loss_bbox: 1.3918
2025/06/22 23:07:45 - mmengine - INFO - Epoch(train) [12][4650/9162]  lr: 2.0000e-03  eta: 22:55:46  time: 0.7256  data_time: 0.1053  memory: 1708  loss: 4.1953  loss_cls: 2.8151  loss_bbox: 1.3802
2025/06/22 23:08:21 - mmengine - INFO - Epoch(train) [12][4700/9162]  lr: 2.0000e-03  eta: 22:55:10  time: 0.7269  data_time: 0.0654  memory: 1708  loss: 4.1209  loss_cls: 2.7542  loss_bbox: 1.3667
2025/06/22 23:08:57 - mmengine - INFO - Epoch(train) [12][4750/9162]  lr: 2.0000e-03  eta: 22:54:34  time: 0.7192  data_time: 0.0954  memory: 1708  loss: 4.1237  loss_cls: 2.7758  loss_bbox: 1.3479
2025/06/22 23:09:34 - mmengine - INFO - Epoch(train) [12][4800/9162]  lr: 2.0000e-03  eta: 22:53:58  time: 0.7297  data_time: 0.1206  memory: 1708  loss: 4.2054  loss_cls: 2.8145  loss_bbox: 1.3908
2025/06/22 23:10:10 - mmengine - INFO - Epoch(train) [12][4850/9162]  lr: 2.0000e-03  eta: 22:53:23  time: 0.7365  data_time: 0.1289  memory: 1708  loss: 4.0455  loss_cls: 2.7492  loss_bbox: 1.2963
2025/06/22 23:10:48 - mmengine - INFO - Epoch(train) [12][4900/9162]  lr: 2.0000e-03  eta: 22:52:48  time: 0.7430  data_time: 0.1218  memory: 1708  loss: 4.0613  loss_cls: 2.7933  loss_bbox: 1.2679
2025/06/22 23:11:24 - mmengine - INFO - Epoch(train) [12][4950/9162]  lr: 2.0000e-03  eta: 22:52:12  time: 0.7203  data_time: 0.0995  memory: 1708  loss: 4.1728  loss_cls: 2.8056  loss_bbox: 1.3672
2025/06/22 23:12:00 - mmengine - INFO - Epoch(train) [12][5000/9162]  lr: 2.0000e-03  eta: 22:51:36  time: 0.7165  data_time: 0.0859  memory: 1708  loss: 4.1465  loss_cls: 2.7808  loss_bbox: 1.3656
2025/06/22 23:12:36 - mmengine - INFO - Epoch(train) [12][5050/9162]  lr: 2.0000e-03  eta: 22:51:00  time: 0.7225  data_time: 0.1094  memory: 1708  loss: 4.1775  loss_cls: 2.8165  loss_bbox: 1.3610
2025/06/22 23:13:12 - mmengine - INFO - Epoch(train) [12][5100/9162]  lr: 2.0000e-03  eta: 22:50:24  time: 0.7244  data_time: 0.0889  memory: 1708  loss: 4.1385  loss_cls: 2.8032  loss_bbox: 1.3353
2025/06/22 23:13:48 - mmengine - INFO - Epoch(train) [12][5150/9162]  lr: 2.0000e-03  eta: 22:49:48  time: 0.7244  data_time: 0.0773  memory: 1708  loss: 4.1082  loss_cls: 2.7538  loss_bbox: 1.3544
2025/06/22 23:14:25 - mmengine - INFO - Epoch(train) [12][5200/9162]  lr: 2.0000e-03  eta: 22:49:12  time: 0.7237  data_time: 0.0647  memory: 1708  loss: 4.2490  loss_cls: 2.8182  loss_bbox: 1.4308
2025/06/22 23:14:37 - mmengine - INFO - Exp name: ssd300_coco_20250622_013555
2025/06/22 23:15:01 - mmengine - INFO - Epoch(train) [12][5250/9162]  lr: 2.0000e-03  eta: 22:48:36  time: 0.7264  data_time: 0.0988  memory: 1708  loss: 4.2688  loss_cls: 2.8772  loss_bbox: 1.3916
2025/06/22 23:15:36 - mmengine - INFO - Epoch(train) [12][5300/9162]  lr: 2.0000e-03  eta: 22:47:59  time: 0.6987  data_time: 0.0971  memory: 1708  loss: 4.0129  loss_cls: 2.7218  loss_bbox: 1.2911
2025/06/22 23:16:11 - mmengine - INFO - Epoch(train) [12][5350/9162]  lr: 2.0000e-03  eta: 22:47:22  time: 0.7105  data_time: 0.1033  memory: 1708  loss: 4.0654  loss_cls: 2.7531  loss_bbox: 1.3122
2025/06/22 23:16:49 - mmengine - INFO - Epoch(train) [12][5400/9162]  lr: 2.0000e-03  eta: 22:46:47  time: 0.7464  data_time: 0.1298  memory: 1708  loss: 4.1062  loss_cls: 2.7544  loss_bbox: 1.3518
2025/06/22 23:17:25 - mmengine - INFO - Epoch(train) [12][5450/9162]  lr: 2.0000e-03  eta: 22:46:12  time: 0.7292  data_time: 0.0898  memory: 1708  loss: 4.2177  loss_cls: 2.8136  loss_bbox: 1.4042
2025/06/22 23:18:01 - mmengine - INFO - Epoch(train) [12][5500/9162]  lr: 2.0000e-03  eta: 22:45:35  time: 0.7131  data_time: 0.1024  memory: 1708  loss: 4.2185  loss_cls: 2.8466  loss_bbox: 1.3719
2025/06/22 23:18:37 - mmengine - INFO - Epoch(train) [12][5550/9162]  lr: 2.0000e-03  eta: 22:44:59  time: 0.7224  data_time: 0.0851  memory: 1708  loss: 4.1900  loss_cls: 2.8126  loss_bbox: 1.3774
2025/06/22 23:19:13 - mmengine - INFO - Epoch(train) [12][5600/9162]  lr: 2.0000e-03  eta: 22:44:23  time: 0.7215  data_time: 0.0900  memory: 1708  loss: 4.1900  loss_cls: 2.7982  loss_bbox: 1.3918
2025/06/22 23:19:50 - mmengine - INFO - Epoch(train) [12][5650/9162]  lr: 2.0000e-03  eta: 22:43:48  time: 0.7300  data_time: 0.1320  memory: 1708  loss: 4.2392  loss_cls: 2.8533  loss_bbox: 1.3859
2025/06/22 23:20:26 - mmengine - INFO - Epoch(train) [12][5700/9162]  lr: 2.0000e-03  eta: 22:43:11  time: 0.7138  data_time: 0.0961  memory: 1708  loss: 4.1780  loss_cls: 2.8321  loss_bbox: 1.3458
2025/06/22 23:21:00 - mmengine - INFO - Epoch(train) [12][5750/9162]  lr: 2.0000e-03  eta: 22:42:33  time: 0.6865  data_time: 0.0695  memory: 1708  loss: 4.3111  loss_cls: 2.8968  loss_bbox: 1.4144
2025/06/22 23:21:36 - mmengine - INFO - Epoch(train) [12][5800/9162]  lr: 2.0000e-03  eta: 22:41:57  time: 0.7175  data_time: 0.0813  memory: 1708  loss: 4.1962  loss_cls: 2.8186  loss_bbox: 1.3776
2025/06/22 23:22:13 - mmengine - INFO - Epoch(train) [12][5850/9162]  lr: 2.0000e-03  eta: 22:41:22  time: 0.7343  data_time: 0.1007  memory: 1708  loss: 4.0618  loss_cls: 2.7300  loss_bbox: 1.3318
2025/06/22 23:22:50 - mmengine - INFO - Epoch(train) [12][5900/9162]  lr: 2.0000e-03  eta: 22:40:47  time: 0.7420  data_time: 0.1257  memory: 1708  loss: 4.1501  loss_cls: 2.8109  loss_bbox: 1.3391
2025/06/22 23:23:27 - mmengine - INFO - Epoch(train) [12][5950/9162]  lr: 2.0000e-03  eta: 22:40:12  time: 0.7377  data_time: 0.0863  memory: 1708  loss: 4.1004  loss_cls: 2.7816  loss_bbox: 1.3189
2025/06/22 23:24:04 - mmengine - INFO - Epoch(train) [12][6000/9162]  lr: 2.0000e-03  eta: 22:39:37  time: 0.7497  data_time: 0.1004  memory: 1708  loss: 4.2316  loss_cls: 2.8523  loss_bbox: 1.3793
2025/06/22 23:24:41 - mmengine - INFO - Epoch(train) [12][6050/9162]  lr: 2.0000e-03  eta: 22:39:02  time: 0.7357  data_time: 0.1001  memory: 1708  loss: 4.2876  loss_cls: 2.8806  loss_bbox: 1.4069
2025/06/22 23:25:17 - mmengine - INFO - Epoch(train) [12][6100/9162]  lr: 2.0000e-03  eta: 22:38:26  time: 0.7256  data_time: 0.1052  memory: 1708  loss: 4.0764  loss_cls: 2.7440  loss_bbox: 1.3324
2025/06/22 23:25:54 - mmengine - INFO - Epoch(train) [12][6150/9162]  lr: 2.0000e-03  eta: 22:37:50  time: 0.7318  data_time: 0.1028  memory: 1708  loss: 4.2712  loss_cls: 2.8272  loss_bbox: 1.4441
2025/06/22 23:26:31 - mmengine - INFO - Epoch(train) [12][6200/9162]  lr: 2.0000e-03  eta: 22:37:15  time: 0.7308  data_time: 0.0908  memory: 1708  loss: 4.1130  loss_cls: 2.7854  loss_bbox: 1.3275
2025/06/22 23:26:44 - mmengine - INFO - Exp name: ssd300_coco_20250622_013555
2025/06/22 23:27:07 - mmengine - INFO - Epoch(train) [12][6250/9162]  lr: 2.0000e-03  eta: 22:36:39  time: 0.7320  data_time: 0.1054  memory: 1708  loss: 4.2934  loss_cls: 2.9005  loss_bbox: 1.3929
2025/06/22 23:27:44 - mmengine - INFO - Epoch(train) [12][6300/9162]  lr: 2.0000e-03  eta: 22:36:04  time: 0.7412  data_time: 0.1396  memory: 1708  loss: 4.1189  loss_cls: 2.7951  loss_bbox: 1.3237
2025/06/22 23:28:21 - mmengine - INFO - Epoch(train) [12][6350/9162]  lr: 2.0000e-03  eta: 22:35:29  time: 0.7371  data_time: 0.1340  memory: 1708  loss: 4.1004  loss_cls: 2.7597  loss_bbox: 1.3406
2025/06/22 23:28:59 - mmengine - INFO - Epoch(train) [12][6400/9162]  lr: 2.0000e-03  eta: 22:34:54  time: 0.7461  data_time: 0.1369  memory: 1708  loss: 4.0700  loss_cls: 2.7936  loss_bbox: 1.2764
2025/06/22 23:29:36 - mmengine - INFO - Epoch(train) [12][6450/9162]  lr: 2.0000e-03  eta: 22:34:19  time: 0.7410  data_time: 0.1316  memory: 1708  loss: 4.1706  loss_cls: 2.8191  loss_bbox: 1.3515
2025/06/22 23:30:11 - mmengine - INFO - Epoch(train) [12][6500/9162]  lr: 2.0000e-03  eta: 22:33:43  time: 0.7103  data_time: 0.0857  memory: 1708  loss: 4.2415  loss_cls: 2.8531  loss_bbox: 1.3884
2025/06/22 23:30:47 - mmengine - INFO - Epoch(train) [12][6550/9162]  lr: 2.0000e-03  eta: 22:33:06  time: 0.7109  data_time: 0.0778  memory: 1708  loss: 4.1177  loss_cls: 2.8011  loss_bbox: 1.3166
2025/06/22 23:31:21 - mmengine - INFO - Epoch(train) [12][6600/9162]  lr: 2.0000e-03  eta: 22:32:27  time: 0.6750  data_time: 0.0634  memory: 1708  loss: 4.2316  loss_cls: 2.8350  loss_bbox: 1.3967
2025/06/22 23:31:57 - mmengine - INFO - Epoch(train) [12][6650/9162]  lr: 2.0000e-03  eta: 22:31:52  time: 0.7227  data_time: 0.1047  memory: 1708  loss: 4.2051  loss_cls: 2.8121  loss_bbox: 1.3930
2025/06/22 23:32:33 - mmengine - INFO - Epoch(train) [12][6700/9162]  lr: 2.0000e-03  eta: 22:31:16  time: 0.7291  data_time: 0.1273  memory: 1708  loss: 4.1396  loss_cls: 2.7642  loss_bbox: 1.3754
2025/06/22 23:33:10 - mmengine - INFO - Epoch(train) [12][6750/9162]  lr: 2.0000e-03  eta: 22:30:40  time: 0.7244  data_time: 0.1069  memory: 1708  loss: 4.1282  loss_cls: 2.7597  loss_bbox: 1.3684
2025/06/22 23:33:46 - mmengine - INFO - Epoch(train) [12][6800/9162]  lr: 2.0000e-03  eta: 22:30:04  time: 0.7212  data_time: 0.1172  memory: 1708  loss: 4.3086  loss_cls: 2.8726  loss_bbox: 1.4360
2025/06/22 23:34:22 - mmengine - INFO - Epoch(train) [12][6850/9162]  lr: 2.0000e-03  eta: 22:29:28  time: 0.7193  data_time: 0.1049  memory: 1708  loss: 4.3165  loss_cls: 2.8643  loss_bbox: 1.4522
2025/06/22 23:34:59 - mmengine - INFO - Epoch(train) [12][6900/9162]  lr: 2.0000e-03  eta: 22:28:53  time: 0.7403  data_time: 0.1037  memory: 1708  loss: 4.1247  loss_cls: 2.7699  loss_bbox: 1.3547
2025/06/22 23:35:35 - mmengine - INFO - Epoch(train) [12][6950/9162]  lr: 2.0000e-03  eta: 22:28:17  time: 0.7271  data_time: 0.1312  memory: 1708  loss: 4.1160  loss_cls: 2.7730  loss_bbox: 1.3431
2025/06/22 23:36:12 - mmengine - INFO - Epoch(train) [12][7000/9162]  lr: 2.0000e-03  eta: 22:27:41  time: 0.7258  data_time: 0.1173  memory: 1708  loss: 4.1419  loss_cls: 2.7660  loss_bbox: 1.3760
2025/06/22 23:36:48 - mmengine - INFO - Epoch(train) [12][7050/9162]  lr: 2.0000e-03  eta: 22:27:05  time: 0.7251  data_time: 0.1185  memory: 1708  loss: 4.1633  loss_cls: 2.7917  loss_bbox: 1.3716
2025/06/22 23:37:25 - mmengine - INFO - Epoch(train) [12][7100/9162]  lr: 2.0000e-03  eta: 22:26:30  time: 0.7310  data_time: 0.1193  memory: 1708  loss: 4.1824  loss_cls: 2.7983  loss_bbox: 1.3841
2025/06/22 23:38:01 - mmengine - INFO - Epoch(train) [12][7150/9162]  lr: 2.0000e-03  eta: 22:25:54  time: 0.7275  data_time: 0.1005  memory: 1708  loss: 4.1497  loss_cls: 2.8078  loss_bbox: 1.3419
2025/06/22 23:38:37 - mmengine - INFO - Epoch(train) [12][7200/9162]  lr: 2.0000e-03  eta: 22:25:18  time: 0.7205  data_time: 0.0954  memory: 1708  loss: 4.1022  loss_cls: 2.7501  loss_bbox: 1.3521
2025/06/22 23:38:50 - mmengine - INFO - Exp name: ssd300_coco_20250622_013555
2025/06/22 23:39:13 - mmengine - INFO - Epoch(train) [12][7250/9162]  lr: 2.0000e-03  eta: 22:24:41  time: 0.7082  data_time: 0.0962  memory: 1708  loss: 4.0412  loss_cls: 2.7512  loss_bbox: 1.2900
2025/06/22 23:39:49 - mmengine - INFO - Epoch(train) [12][7300/9162]  lr: 2.0000e-03  eta: 22:24:05  time: 0.7278  data_time: 0.1320  memory: 1708  loss: 4.1778  loss_cls: 2.8133  loss_bbox: 1.3645
2025/06/22 23:40:25 - mmengine - INFO - Epoch(train) [12][7350/9162]  lr: 2.0000e-03  eta: 22:23:29  time: 0.7206  data_time: 0.1121  memory: 1708  loss: 4.1013  loss_cls: 2.7718  loss_bbox: 1.3295
2025/06/22 23:41:01 - mmengine - INFO - Epoch(train) [12][7400/9162]  lr: 2.0000e-03  eta: 22:22:53  time: 0.7223  data_time: 0.1256  memory: 1708  loss: 4.2293  loss_cls: 2.8231  loss_bbox: 1.4062
2025/06/22 23:41:38 - mmengine - INFO - Epoch(train) [12][7450/9162]  lr: 2.0000e-03  eta: 22:22:18  time: 0.7433  data_time: 0.1302  memory: 1708  loss: 4.1617  loss_cls: 2.8423  loss_bbox: 1.3193
2025/06/22 23:42:15 - mmengine - INFO - Epoch(train) [12][7500/9162]  lr: 2.0000e-03  eta: 22:21:42  time: 0.7256  data_time: 0.1222  memory: 1708  loss: 4.1796  loss_cls: 2.8144  loss_bbox: 1.3652
2025/06/22 23:42:51 - mmengine - INFO - Epoch(train) [12][7550/9162]  lr: 2.0000e-03  eta: 22:21:06  time: 0.7173  data_time: 0.1193  memory: 1708  loss: 4.1239  loss_cls: 2.7893  loss_bbox: 1.3346
2025/06/22 23:43:27 - mmengine - INFO - Epoch(train) [12][7600/9162]  lr: 2.0000e-03  eta: 22:20:30  time: 0.7275  data_time: 0.1136  memory: 1708  loss: 4.1210  loss_cls: 2.7590  loss_bbox: 1.3621
2025/06/22 23:44:04 - mmengine - INFO - Epoch(train) [12][7650/9162]  lr: 2.0000e-03  eta: 22:19:55  time: 0.7332  data_time: 0.1268  memory: 1708  loss: 4.2222  loss_cls: 2.8335  loss_bbox: 1.3887
2025/06/22 23:44:40 - mmengine - INFO - Epoch(train) [12][7700/9162]  lr: 2.0000e-03  eta: 22:19:19  time: 0.7257  data_time: 0.0924  memory: 1708  loss: 4.1683  loss_cls: 2.8015  loss_bbox: 1.3668
2025/06/22 23:45:16 - mmengine - INFO - Epoch(train) [12][7750/9162]  lr: 2.0000e-03  eta: 22:18:43  time: 0.7157  data_time: 0.0671  memory: 1708  loss: 4.2607  loss_cls: 2.8491  loss_bbox: 1.4116
2025/06/22 23:45:53 - mmengine - INFO - Epoch(train) [12][7800/9162]  lr: 2.0000e-03  eta: 22:18:07  time: 0.7303  data_time: 0.1057  memory: 1708  loss: 4.2156  loss_cls: 2.8394  loss_bbox: 1.3762
2025/06/22 23:46:29 - mmengine - INFO - Epoch(train) [12][7850/9162]  lr: 2.0000e-03  eta: 22:17:32  time: 0.7338  data_time: 0.1265  memory: 1708  loss: 4.1599  loss_cls: 2.7605  loss_bbox: 1.3994
2025/06/22 23:47:05 - mmengine - INFO - Epoch(train) [12][7900/9162]  lr: 2.0000e-03  eta: 22:16:56  time: 0.7222  data_time: 0.1373  memory: 1708  loss: 4.1420  loss_cls: 2.7975  loss_bbox: 1.3445
2025/06/22 23:47:42 - mmengine - INFO - Epoch(train) [12][7950/9162]  lr: 2.0000e-03  eta: 22:16:20  time: 0.7202  data_time: 0.1254  memory: 1708  loss: 4.2186  loss_cls: 2.8423  loss_bbox: 1.3763
2025/06/22 23:48:15 - mmengine - INFO - Epoch(train) [12][8000/9162]  lr: 2.0000e-03  eta: 22:15:41  time: 0.6657  data_time: 0.0748  memory: 1708  loss: 4.2231  loss_cls: 2.8465  loss_bbox: 1.3766
2025/06/22 23:48:51 - mmengine - INFO - Epoch(train) [12][8050/9162]  lr: 2.0000e-03  eta: 22:15:04  time: 0.7171  data_time: 0.0956  memory: 1708  loss: 4.1903  loss_cls: 2.7725  loss_bbox: 1.4177
2025/06/22 23:49:26 - mmengine - INFO - Epoch(train) [12][8100/9162]  lr: 2.0000e-03  eta: 22:14:28  time: 0.7125  data_time: 0.0851  memory: 1708  loss: 4.2221  loss_cls: 2.8173  loss_bbox: 1.4047
2025/06/22 23:50:03 - mmengine - INFO - Epoch(train) [12][8150/9162]  lr: 2.0000e-03  eta: 22:13:52  time: 0.7236  data_time: 0.1206  memory: 1708  loss: 4.2416  loss_cls: 2.7971  loss_bbox: 1.4445
2025/06/22 23:50:38 - mmengine - INFO - Epoch(train) [12][8200/9162]  lr: 2.0000e-03  eta: 22:13:15  time: 0.7076  data_time: 0.0883  memory: 1708  loss: 4.3901  loss_cls: 2.8926  loss_bbox: 1.4975
2025/06/22 23:50:51 - mmengine - INFO - Exp name: ssd300_coco_20250622_013555
2025/06/22 23:51:14 - mmengine - INFO - Epoch(train) [12][8250/9162]  lr: 2.0000e-03  eta: 22:12:39  time: 0.7199  data_time: 0.0768  memory: 1708  loss: 4.2562  loss_cls: 2.8494  loss_bbox: 1.4068
2025/06/22 23:51:50 - mmengine - INFO - Epoch(train) [12][8300/9162]  lr: 2.0000e-03  eta: 22:12:03  time: 0.7188  data_time: 0.0678  memory: 1708  loss: 4.1518  loss_cls: 2.7899  loss_bbox: 1.3620
2025/06/22 23:52:26 - mmengine - INFO - Epoch(train) [12][8350/9162]  lr: 2.0000e-03  eta: 22:11:27  time: 0.7197  data_time: 0.0757  memory: 1708  loss: 4.0880  loss_cls: 2.7754  loss_bbox: 1.3126
2025/06/22 23:53:01 - mmengine - INFO - Epoch(train) [12][8400/9162]  lr: 2.0000e-03  eta: 22:10:50  time: 0.7038  data_time: 0.0655  memory: 1708  loss: 4.2709  loss_cls: 2.8458  loss_bbox: 1.4251
2025/06/22 23:53:37 - mmengine - INFO - Epoch(train) [12][8450/9162]  lr: 2.0000e-03  eta: 22:10:13  time: 0.7145  data_time: 0.0608  memory: 1708  loss: 4.1699  loss_cls: 2.8211  loss_bbox: 1.3489
2025/06/22 23:54:13 - mmengine - INFO - Epoch(train) [12][8500/9162]  lr: 2.0000e-03  eta: 22:09:37  time: 0.7169  data_time: 0.0569  memory: 1708  loss: 4.2277  loss_cls: 2.7969  loss_bbox: 1.4308
2025/06/22 23:54:49 - mmengine - INFO - Epoch(train) [12][8550/9162]  lr: 2.0000e-03  eta: 22:09:01  time: 0.7223  data_time: 0.0784  memory: 1708  loss: 4.3330  loss_cls: 2.9007  loss_bbox: 1.4323
2025/06/22 23:55:26 - mmengine - INFO - Epoch(train) [12][8600/9162]  lr: 2.0000e-03  eta: 22:08:26  time: 0.7375  data_time: 0.1108  memory: 1708  loss: 4.2472  loss_cls: 2.8397  loss_bbox: 1.4074
2025/06/22 23:56:02 - mmengine - INFO - Epoch(train) [12][8650/9162]  lr: 2.0000e-03  eta: 22:07:50  time: 0.7176  data_time: 0.0570  memory: 1708  loss: 4.1087  loss_cls: 2.7551  loss_bbox: 1.3536
2025/06/22 23:56:38 - mmengine - INFO - Epoch(train) [12][8700/9162]  lr: 2.0000e-03  eta: 22:07:13  time: 0.7134  data_time: 0.0634  memory: 1708  loss: 4.1015  loss_cls: 2.7775  loss_bbox: 1.3240
2025/06/22 23:57:13 - mmengine - INFO - Epoch(train) [12][8750/9162]  lr: 2.0000e-03  eta: 22:06:36  time: 0.7096  data_time: 0.0800  memory: 1708  loss: 4.1324  loss_cls: 2.7939  loss_bbox: 1.3385
2025/06/22 23:57:49 - mmengine - INFO - Epoch(train) [12][8800/9162]  lr: 2.0000e-03  eta: 22:06:00  time: 0.7048  data_time: 0.0692  memory: 1708  loss: 4.0679  loss_cls: 2.7301  loss_bbox: 1.3378
2025/06/22 23:58:25 - mmengine - INFO - Epoch(train) [12][8850/9162]  lr: 2.0000e-03  eta: 22:05:23  time: 0.7218  data_time: 0.0846  memory: 1708  loss: 4.1346  loss_cls: 2.8169  loss_bbox: 1.3177
2025/06/22 23:59:01 - mmengine - INFO - Epoch(train) [12][8900/9162]  lr: 2.0000e-03  eta: 22:04:47  time: 0.7153  data_time: 0.1002  memory: 1708  loss: 4.1079  loss_cls: 2.8019  loss_bbox: 1.3059
2025/06/22 23:59:37 - mmengine - INFO - Epoch(train) [12][8950/9162]  lr: 2.0000e-03  eta: 22:04:12  time: 0.7358  data_time: 0.1201  memory: 1708  loss: 4.2031  loss_cls: 2.8289  loss_bbox: 1.3742
2025/06/23 00:00:14 - mmengine - INFO - Epoch(train) [12][9000/9162]  lr: 2.0000e-03  eta: 22:03:36  time: 0.7362  data_time: 0.1233  memory: 1708  loss: 4.2116  loss_cls: 2.8280  loss_bbox: 1.3837
2025/06/23 00:00:51 - mmengine - INFO - Epoch(train) [12][9050/9162]  lr: 2.0000e-03  eta: 22:03:01  time: 0.7264  data_time: 0.0982  memory: 1708  loss: 4.2364  loss_cls: 2.8617  loss_bbox: 1.3747
2025/06/23 00:01:27 - mmengine - INFO - Epoch(train) [12][9100/9162]  lr: 2.0000e-03  eta: 22:02:25  time: 0.7260  data_time: 0.0879  memory: 1708  loss: 4.1829  loss_cls: 2.8093  loss_bbox: 1.3737
2025/06/23 00:02:04 - mmengine - INFO - Epoch(train) [12][9150/9162]  lr: 2.0000e-03  eta: 22:01:49  time: 0.7279  data_time: 0.0922  memory: 1708  loss: 4.1493  loss_cls: 2.8248  loss_bbox: 1.3244
2025/06/23 00:02:12 - mmengine - INFO - Exp name: ssd300_coco_20250622_013555
2025/06/23 00:02:12 - mmengine - INFO - Saving checkpoint at 12 epochs
2025/06/23 00:02:24 - mmengine - INFO - Epoch(val) [12][ 50/157]    eta: 0:00:22  time: 0.2067  data_time: 0.0200  memory: 1708  
2025/06/23 00:02:34 - mmengine - INFO - Epoch(val) [12][100/157]    eta: 0:00:11  time: 0.1886  data_time: 0.0103  memory: 851  
2025/06/23 00:02:45 - mmengine - INFO - Epoch(val) [12][150/157]    eta: 0:00:01  time: 0.2240  data_time: 0.0222  memory: 851  
2025/06/23 00:03:00 - mmengine - INFO - Evaluating bbox...
2025/06/23 00:03:51 - mmengine - INFO - bbox_mAP_copypaste: 0.218 0.393 0.221 0.060 0.232 0.350
2025/06/23 00:03:52 - mmengine - INFO - Epoch(val) [12][157/157]    coco/bbox_mAP: 0.2180  coco/bbox_mAP_50: 0.3930  coco/bbox_mAP_75: 0.2210  coco/bbox_mAP_s: 0.0600  coco/bbox_mAP_m: 0.2320  coco/bbox_mAP_l: 0.3500  data_time: 0.0177  time: 0.2055
2025/06/23 00:04:27 - mmengine - INFO - Epoch(train) [13][  50/9162]  lr: 2.0000e-03  eta: 22:01:03  time: 0.6982  data_time: 0.0618  memory: 1708  loss: 4.2671  loss_cls: 2.8188  loss_bbox: 1.4482
2025/06/23 00:04:31 - mmengine - INFO - Exp name: ssd300_coco_20250622_013555
2025/06/23 00:05:03 - mmengine - INFO - Epoch(train) [13][ 100/9162]  lr: 2.0000e-03  eta: 22:00:26  time: 0.7092  data_time: 0.0724  memory: 1708  loss: 4.1322  loss_cls: 2.7777  loss_bbox: 1.3544
2025/06/23 00:05:39 - mmengine - INFO - Epoch(train) [13][ 150/9162]  lr: 2.0000e-03  eta: 21:59:50  time: 0.7166  data_time: 0.1093  memory: 1708  loss: 4.0811  loss_cls: 2.7518  loss_bbox: 1.3293
2025/06/23 00:06:15 - mmengine - INFO - Epoch(train) [13][ 200/9162]  lr: 2.0000e-03  eta: 21:59:14  time: 0.7155  data_time: 0.1028  memory: 1708  loss: 4.1255  loss_cls: 2.7739  loss_bbox: 1.3516
2025/06/23 00:06:49 - mmengine - INFO - Epoch(train) [13][ 250/9162]  lr: 2.0000e-03  eta: 21:58:36  time: 0.6931  data_time: 0.0885  memory: 1708  loss: 4.1065  loss_cls: 2.7530  loss_bbox: 1.3535
2025/06/23 00:07:26 - mmengine - INFO - Epoch(train) [13][ 300/9162]  lr: 2.0000e-03  eta: 21:58:01  time: 0.7304  data_time: 0.1086  memory: 1708  loss: 4.0883  loss_cls: 2.7576  loss_bbox: 1.3307
2025/06/23 00:08:02 - mmengine - INFO - Epoch(train) [13][ 350/9162]  lr: 2.0000e-03  eta: 21:57:25  time: 0.7205  data_time: 0.0984  memory: 1708  loss: 4.1703  loss_cls: 2.7902  loss_bbox: 1.3802
2025/06/23 00:08:38 - mmengine - INFO - Epoch(train) [13][ 400/9162]  lr: 2.0000e-03  eta: 21:56:48  time: 0.7201  data_time: 0.1056  memory: 1708  loss: 4.2278  loss_cls: 2.8599  loss_bbox: 1.3679
2025/06/23 00:09:15 - mmengine - INFO - Epoch(train) [13][ 450/9162]  lr: 2.0000e-03  eta: 21:56:13  time: 0.7316  data_time: 0.1318  memory: 1708  loss: 4.1526  loss_cls: 2.7320  loss_bbox: 1.4206
2025/06/23 00:09:51 - mmengine - INFO - Epoch(train) [13][ 500/9162]  lr: 2.0000e-03  eta: 21:55:37  time: 0.7307  data_time: 0.1295  memory: 1708  loss: 4.1233  loss_cls: 2.8022  loss_bbox: 1.3210
2025/06/23 00:10:28 - mmengine - INFO - Epoch(train) [13][ 550/9162]  lr: 2.0000e-03  eta: 21:55:02  time: 0.7383  data_time: 0.1410  memory: 1708  loss: 4.1172  loss_cls: 2.7931  loss_bbox: 1.3240
2025/06/23 00:11:05 - mmengine - INFO - Epoch(train) [13][ 600/9162]  lr: 2.0000e-03  eta: 21:54:27  time: 0.7328  data_time: 0.1313  memory: 1708  loss: 4.2942  loss_cls: 2.8564  loss_bbox: 1.4378
2025/06/23 00:11:41 - mmengine - INFO - Epoch(train) [13][ 650/9162]  lr: 2.0000e-03  eta: 21:53:51  time: 0.7239  data_time: 0.0929  memory: 1708  loss: 4.1138  loss_cls: 2.7699  loss_bbox: 1.3439
2025/06/23 00:12:18 - mmengine - INFO - Epoch(train) [13][ 700/9162]  lr: 2.0000e-03  eta: 21:53:15  time: 0.7285  data_time: 0.1173  memory: 1708  loss: 4.0862  loss_cls: 2.7614  loss_bbox: 1.3248
2025/06/23 00:12:53 - mmengine - INFO - Epoch(train) [13][ 750/9162]  lr: 2.0000e-03  eta: 21:52:39  time: 0.7166  data_time: 0.1083  memory: 1708  loss: 4.1300  loss_cls: 2.8140  loss_bbox: 1.3160
2025/06/23 00:13:30 - mmengine - INFO - Epoch(train) [13][ 800/9162]  lr: 2.0000e-03  eta: 21:52:03  time: 0.7347  data_time: 0.1151  memory: 1708  loss: 4.1982  loss_cls: 2.7994  loss_bbox: 1.3988
2025/06/23 00:14:07 - mmengine - INFO - Epoch(train) [13][ 850/9162]  lr: 2.0000e-03  eta: 21:51:28  time: 0.7297  data_time: 0.1193  memory: 1708  loss: 4.1950  loss_cls: 2.8013  loss_bbox: 1.3937
2025/06/23 00:14:43 - mmengine - INFO - Epoch(train) [13][ 900/9162]  lr: 2.0000e-03  eta: 21:50:52  time: 0.7286  data_time: 0.1358  memory: 1708  loss: 4.1915  loss_cls: 2.7983  loss_bbox: 1.3933
2025/06/23 00:15:20 - mmengine - INFO - Epoch(train) [13][ 950/9162]  lr: 2.0000e-03  eta: 21:50:16  time: 0.7271  data_time: 0.1184  memory: 1708  loss: 4.2367  loss_cls: 2.8516  loss_bbox: 1.3850
2025/06/23 00:15:56 - mmengine - INFO - Epoch(train) [13][1000/9162]  lr: 2.0000e-03  eta: 21:49:40  time: 0.7171  data_time: 0.1068  memory: 1708  loss: 4.1992  loss_cls: 2.7939  loss_bbox: 1.4053
2025/06/23 00:16:31 - mmengine - INFO - Epoch(train) [13][1050/9162]  lr: 2.0000e-03  eta: 21:49:03  time: 0.7149  data_time: 0.0848  memory: 1708  loss: 4.1166  loss_cls: 2.7531  loss_bbox: 1.3635
2025/06/23 00:16:36 - mmengine - INFO - Exp name: ssd300_coco_20250622_013555
2025/06/23 00:17:06 - mmengine - INFO - Epoch(train) [13][1100/9162]  lr: 2.0000e-03  eta: 21:48:26  time: 0.7005  data_time: 0.0457  memory: 1708  loss: 4.2241  loss_cls: 2.8055  loss_bbox: 1.4187
2025/06/23 00:17:42 - mmengine - INFO - Epoch(train) [13][1150/9162]  lr: 2.0000e-03  eta: 21:47:49  time: 0.7017  data_time: 0.0564  memory: 1708  loss: 4.1435  loss_cls: 2.7707  loss_bbox: 1.3729
2025/06/23 00:18:18 - mmengine - INFO - Epoch(train) [13][1200/9162]  lr: 2.0000e-03  eta: 21:47:14  time: 0.7264  data_time: 0.0976  memory: 1708  loss: 4.1840  loss_cls: 2.8013  loss_bbox: 1.3827
2025/06/23 00:18:55 - mmengine - INFO - Epoch(train) [13][1250/9162]  lr: 2.0000e-03  eta: 21:46:39  time: 0.7428  data_time: 0.1264  memory: 1708  loss: 4.3098  loss_cls: 2.8764  loss_bbox: 1.4335
2025/06/23 00:19:33 - mmengine - INFO - Epoch(train) [13][1300/9162]  lr: 2.0000e-03  eta: 21:46:04  time: 0.7499  data_time: 0.1345  memory: 1708  loss: 4.0591  loss_cls: 2.7425  loss_bbox: 1.3167
2025/06/23 00:20:09 - mmengine - INFO - Epoch(train) [13][1350/9162]  lr: 2.0000e-03  eta: 21:45:28  time: 0.7347  data_time: 0.1341  memory: 1708  loss: 4.0949  loss_cls: 2.7730  loss_bbox: 1.3219
2025/06/23 00:20:45 - mmengine - INFO - Epoch(train) [13][1400/9162]  lr: 2.0000e-03  eta: 21:44:52  time: 0.7096  data_time: 0.0740  memory: 1708  loss: 4.1240  loss_cls: 2.7711  loss_bbox: 1.3529
2025/06/23 00:21:20 - mmengine - INFO - Epoch(train) [13][1450/9162]  lr: 2.0000e-03  eta: 21:44:14  time: 0.6954  data_time: 0.0665  memory: 1708  loss: 4.1324  loss_cls: 2.7944  loss_bbox: 1.3380
2025/06/23 00:21:55 - mmengine - INFO - Epoch(train) [13][1500/9162]  lr: 2.0000e-03  eta: 21:43:38  time: 0.7067  data_time: 0.0836  memory: 1708  loss: 4.2116  loss_cls: 2.8059  loss_bbox: 1.4057
2025/06/23 00:22:30 - mmengine - INFO - Epoch(train) [13][1550/9162]  lr: 2.0000e-03  eta: 21:43:01  time: 0.7032  data_time: 0.0900  memory: 1708  loss: 4.0547  loss_cls: 2.7447  loss_bbox: 1.3100
2025/06/23 00:23:06 - mmengine - INFO - Epoch(train) [13][1600/9162]  lr: 2.0000e-03  eta: 21:42:24  time: 0.7046  data_time: 0.1055  memory: 1708  loss: 4.0944  loss_cls: 2.7388  loss_bbox: 1.3556
2025/06/23 00:23:42 - mmengine - INFO - Epoch(train) [13][1650/9162]  lr: 2.0000e-03  eta: 21:41:48  time: 0.7221  data_time: 0.0816  memory: 1708  loss: 4.1361  loss_cls: 2.7916  loss_bbox: 1.3445
2025/06/23 00:24:18 - mmengine - INFO - Epoch(train) [13][1700/9162]  lr: 2.0000e-03  eta: 21:41:12  time: 0.7192  data_time: 0.0881  memory: 1708  loss: 4.1050  loss_cls: 2.7432  loss_bbox: 1.3618
2025/06/23 00:24:54 - mmengine - INFO - Epoch(train) [13][1750/9162]  lr: 2.0000e-03  eta: 21:40:36  time: 0.7241  data_time: 0.0839  memory: 1708  loss: 4.1413  loss_cls: 2.7791  loss_bbox: 1.3622
2025/06/23 00:25:31 - mmengine - INFO - Epoch(train) [13][1800/9162]  lr: 2.0000e-03  eta: 21:40:00  time: 0.7321  data_time: 0.1197  memory: 1708  loss: 4.0701  loss_cls: 2.7232  loss_bbox: 1.3469
2025/06/23 00:26:08 - mmengine - INFO - Epoch(train) [13][1850/9162]  lr: 2.0000e-03  eta: 21:39:26  time: 0.7495  data_time: 0.1265  memory: 1708  loss: 4.1741  loss_cls: 2.8172  loss_bbox: 1.3568
2025/06/23 00:26:45 - mmengine - INFO - Epoch(train) [13][1900/9162]  lr: 2.0000e-03  eta: 21:38:50  time: 0.7267  data_time: 0.1267  memory: 1708  loss: 4.1234  loss_cls: 2.7801  loss_bbox: 1.3433
2025/06/23 00:27:21 - mmengine - INFO - Epoch(train) [13][1950/9162]  lr: 2.0000e-03  eta: 21:38:14  time: 0.7289  data_time: 0.1241  memory: 1708  loss: 4.1112  loss_cls: 2.7727  loss_bbox: 1.3385
2025/06/23 00:27:57 - mmengine - INFO - Epoch(train) [13][2000/9162]  lr: 2.0000e-03  eta: 21:37:37  time: 0.7105  data_time: 0.1170  memory: 1708  loss: 4.1839  loss_cls: 2.7936  loss_bbox: 1.3903
2025/06/23 00:28:33 - mmengine - INFO - Epoch(train) [13][2050/9162]  lr: 2.0000e-03  eta: 21:37:01  time: 0.7232  data_time: 0.0946  memory: 1708  loss: 4.1913  loss_cls: 2.8043  loss_bbox: 1.3870
2025/06/23 00:28:37 - mmengine - INFO - Exp name: ssd300_coco_20250622_013555
2025/06/23 00:29:09 - mmengine - INFO - Epoch(train) [13][2100/9162]  lr: 2.0000e-03  eta: 21:36:25  time: 0.7157  data_time: 0.0703  memory: 1708  loss: 4.1487  loss_cls: 2.7740  loss_bbox: 1.3746
2025/06/23 00:29:42 - mmengine - INFO - Epoch(train) [13][2150/9162]  lr: 2.0000e-03  eta: 21:35:46  time: 0.6603  data_time: 0.0469  memory: 1708  loss: 4.2402  loss_cls: 2.8142  loss_bbox: 1.4260
2025/06/23 00:30:14 - mmengine - INFO - Epoch(train) [13][2200/9162]  lr: 2.0000e-03  eta: 21:35:07  time: 0.6466  data_time: 0.0447  memory: 1708  loss: 4.2238  loss_cls: 2.8686  loss_bbox: 1.3552
2025/06/23 00:30:49 - mmengine - INFO - Epoch(train) [13][2250/9162]  lr: 2.0000e-03  eta: 21:34:29  time: 0.6985  data_time: 0.1058  memory: 1708  loss: 4.0588  loss_cls: 2.7250  loss_bbox: 1.3338
2025/06/23 00:31:25 - mmengine - INFO - Epoch(train) [13][2300/9162]  lr: 2.0000e-03  eta: 21:33:53  time: 0.7140  data_time: 0.1040  memory: 1708  loss: 4.2237  loss_cls: 2.8419  loss_bbox: 1.3818
2025/06/23 00:32:00 - mmengine - INFO - Epoch(train) [13][2350/9162]  lr: 2.0000e-03  eta: 21:33:16  time: 0.7093  data_time: 0.0670  memory: 1708  loss: 4.0794  loss_cls: 2.7599  loss_bbox: 1.3195
2025/06/23 00:32:38 - mmengine - INFO - Epoch(train) [13][2400/9162]  lr: 2.0000e-03  eta: 21:32:41  time: 0.7452  data_time: 0.1158  memory: 1708  loss: 4.2410  loss_cls: 2.8316  loss_bbox: 1.4094
2025/06/23 00:33:14 - mmengine - INFO - Epoch(train) [13][2450/9162]  lr: 2.0000e-03  eta: 21:32:06  time: 0.7325  data_time: 0.1233  memory: 1708  loss: 4.1140  loss_cls: 2.7820  loss_bbox: 1.3320
2025/06/23 00:33:51 - mmengine - INFO - Epoch(train) [13][2500/9162]  lr: 2.0000e-03  eta: 21:31:30  time: 0.7267  data_time: 0.0862  memory: 1708  loss: 4.1835  loss_cls: 2.7908  loss_bbox: 1.3926
2025/06/23 00:34:27 - mmengine - INFO - Epoch(train) [13][2550/9162]  lr: 2.0000e-03  eta: 21:30:54  time: 0.7223  data_time: 0.0950  memory: 1708  loss: 4.1041  loss_cls: 2.7674  loss_bbox: 1.3367
2025/06/23 00:35:04 - mmengine - INFO - Epoch(train) [13][2600/9162]  lr: 2.0000e-03  eta: 21:30:18  time: 0.7290  data_time: 0.1069  memory: 1708  loss: 4.0959  loss_cls: 2.7489  loss_bbox: 1.3470
2025/06/23 00:35:40 - mmengine - INFO - Epoch(train) [13][2650/9162]  lr: 2.0000e-03  eta: 21:29:43  time: 0.7307  data_time: 0.1030  memory: 1708  loss: 4.2787  loss_cls: 2.8512  loss_bbox: 1.4275
2025/06/23 00:36:17 - mmengine - INFO - Epoch(train) [13][2700/9162]  lr: 2.0000e-03  eta: 21:29:07  time: 0.7265  data_time: 0.1104  memory: 1708  loss: 4.1274  loss_cls: 2.7896  loss_bbox: 1.3378
2025/06/23 00:36:53 - mmengine - INFO - Epoch(train) [13][2750/9162]  lr: 2.0000e-03  eta: 21:28:31  time: 0.7275  data_time: 0.1166  memory: 1708  loss: 4.1885  loss_cls: 2.8059  loss_bbox: 1.3826
2025/06/23 00:37:29 - mmengine - INFO - Epoch(train) [13][2800/9162]  lr: 2.0000e-03  eta: 21:27:55  time: 0.7251  data_time: 0.0977  memory: 1708  loss: 4.1165  loss_cls: 2.7839  loss_bbox: 1.3326
2025/06/23 00:38:06 - mmengine - INFO - Epoch(train) [13][2850/9162]  lr: 2.0000e-03  eta: 21:27:20  time: 0.7317  data_time: 0.0988  memory: 1708  loss: 4.0087  loss_cls: 2.7473  loss_bbox: 1.2614
2025/06/23 00:38:41 - mmengine - INFO - Epoch(train) [13][2900/9162]  lr: 2.0000e-03  eta: 21:26:43  time: 0.7047  data_time: 0.0720  memory: 1708  loss: 4.1539  loss_cls: 2.8060  loss_bbox: 1.3479
2025/06/23 00:39:18 - mmengine - INFO - Epoch(train) [13][2950/9162]  lr: 2.0000e-03  eta: 21:26:07  time: 0.7295  data_time: 0.0898  memory: 1708  loss: 4.1017  loss_cls: 2.7730  loss_bbox: 1.3287
2025/06/23 00:39:54 - mmengine - INFO - Epoch(train) [13][3000/9162]  lr: 2.0000e-03  eta: 21:25:31  time: 0.7273  data_time: 0.1117  memory: 1708  loss: 4.1238  loss_cls: 2.7616  loss_bbox: 1.3622
2025/06/23 00:40:30 - mmengine - INFO - Epoch(train) [13][3050/9162]  lr: 2.0000e-03  eta: 21:24:56  time: 0.7261  data_time: 0.1261  memory: 1708  loss: 4.1472  loss_cls: 2.8044  loss_bbox: 1.3429
2025/06/23 00:40:35 - mmengine - INFO - Exp name: ssd300_coco_20250622_013555
2025/06/23 00:41:06 - mmengine - INFO - Epoch(train) [13][3100/9162]  lr: 2.0000e-03  eta: 21:24:19  time: 0.7183  data_time: 0.1016  memory: 1708  loss: 4.1620  loss_cls: 2.8139  loss_bbox: 1.3481
2025/06/23 00:41:43 - mmengine - INFO - Epoch(train) [13][3150/9162]  lr: 2.0000e-03  eta: 21:23:43  time: 0.7234  data_time: 0.1139  memory: 1708  loss: 4.0940  loss_cls: 2.7578  loss_bbox: 1.3362
2025/06/23 00:42:19 - mmengine - INFO - Epoch(train) [13][3200/9162]  lr: 2.0000e-03  eta: 21:23:08  time: 0.7241  data_time: 0.1087  memory: 1708  loss: 4.1594  loss_cls: 2.8249  loss_bbox: 1.3345
2025/06/23 00:42:55 - mmengine - INFO - Epoch(train) [13][3250/9162]  lr: 2.0000e-03  eta: 21:22:32  time: 0.7225  data_time: 0.0729  memory: 1708  loss: 4.1112  loss_cls: 2.7827  loss_bbox: 1.3284
2025/06/23 00:43:31 - mmengine - INFO - Epoch(train) [13][3300/9162]  lr: 2.0000e-03  eta: 21:21:56  time: 0.7235  data_time: 0.0947  memory: 1708  loss: 4.2003  loss_cls: 2.8339  loss_bbox: 1.3664
2025/06/23 00:44:08 - mmengine - INFO - Epoch(train) [13][3350/9162]  lr: 2.0000e-03  eta: 21:21:20  time: 0.7367  data_time: 0.0935  memory: 1708  loss: 4.1407  loss_cls: 2.7741  loss_bbox: 1.3666
2025/06/23 00:44:44 - mmengine - INFO - Epoch(train) [13][3400/9162]  lr: 2.0000e-03  eta: 21:20:44  time: 0.7219  data_time: 0.1182  memory: 1708  loss: 4.1349  loss_cls: 2.7828  loss_bbox: 1.3521
2025/06/23 00:45:22 - mmengine - INFO - Epoch(train) [13][3450/9162]  lr: 2.0000e-03  eta: 21:20:09  time: 0.7435  data_time: 0.1281  memory: 1708  loss: 4.2267  loss_cls: 2.7927  loss_bbox: 1.4340
2025/06/23 00:45:58 - mmengine - INFO - Epoch(train) [13][3500/9162]  lr: 2.0000e-03  eta: 21:19:33  time: 0.7285  data_time: 0.1148  memory: 1708  loss: 4.1139  loss_cls: 2.7650  loss_bbox: 1.3489
2025/06/23 00:46:34 - mmengine - INFO - Epoch(train) [13][3550/9162]  lr: 2.0000e-03  eta: 21:18:57  time: 0.7191  data_time: 0.0905  memory: 1708  loss: 4.1031  loss_cls: 2.7806  loss_bbox: 1.3224
2025/06/23 00:47:12 - mmengine - INFO - Epoch(train) [13][3600/9162]  lr: 2.0000e-03  eta: 21:18:23  time: 0.7478  data_time: 0.1219  memory: 1708  loss: 4.0887  loss_cls: 2.7549  loss_bbox: 1.3338
2025/06/23 00:47:42 - mmengine - INFO - Epoch(train) [13][3650/9162]  lr: 2.0000e-03  eta: 21:17:41  time: 0.6127  data_time: 0.0346  memory: 1708  loss: 4.1244  loss_cls: 2.7740  loss_bbox: 1.3503
2025/06/23 00:48:12 - mmengine - INFO - Epoch(train) [13][3700/9162]  lr: 2.0000e-03  eta: 21:16:59  time: 0.5945  data_time: 0.0295  memory: 1708  loss: 4.0667  loss_cls: 2.7862  loss_bbox: 1.2805
2025/06/23 00:48:42 - mmengine - INFO - Epoch(train) [13][3750/9162]  lr: 2.0000e-03  eta: 21:16:17  time: 0.5908  data_time: 0.0299  memory: 1708  loss: 4.1683  loss_cls: 2.8152  loss_bbox: 1.3530
2025/06/23 00:49:11 - mmengine - INFO - Epoch(train) [13][3800/9162]  lr: 2.0000e-03  eta: 21:15:35  time: 0.5966  data_time: 0.0289  memory: 1708  loss: 4.1614  loss_cls: 2.7942  loss_bbox: 1.3673
2025/06/23 00:49:41 - mmengine - INFO - Epoch(train) [13][3850/9162]  lr: 2.0000e-03  eta: 21:14:53  time: 0.5921  data_time: 0.0295  memory: 1708  loss: 4.1803  loss_cls: 2.7890  loss_bbox: 1.3913
2025/06/23 00:50:11 - mmengine - INFO - Epoch(train) [13][3900/9162]  lr: 2.0000e-03  eta: 21:14:12  time: 0.5994  data_time: 0.0368  memory: 1708  loss: 4.1180  loss_cls: 2.7608  loss_bbox: 1.3572
2025/06/23 00:50:41 - mmengine - INFO - Epoch(train) [13][3950/9162]  lr: 2.0000e-03  eta: 21:13:30  time: 0.5965  data_time: 0.0288  memory: 1708  loss: 4.1883  loss_cls: 2.8148  loss_bbox: 1.3735
2025/06/23 00:51:12 - mmengine - INFO - Epoch(train) [13][4000/9162]  lr: 2.0000e-03  eta: 21:12:49  time: 0.6244  data_time: 0.0286  memory: 1708  loss: 4.0779  loss_cls: 2.7290  loss_bbox: 1.3489
2025/06/23 00:51:44 - mmengine - INFO - Epoch(train) [13][4050/9162]  lr: 2.0000e-03  eta: 21:12:09  time: 0.6297  data_time: 0.0294  memory: 1708  loss: 4.0484  loss_cls: 2.7288  loss_bbox: 1.3196
2025/06/23 00:51:47 - mmengine - INFO - Exp name: ssd300_coco_20250622_013555
2025/06/23 00:52:14 - mmengine - INFO - Epoch(train) [13][4100/9162]  lr: 2.0000e-03  eta: 21:11:27  time: 0.5975  data_time: 0.0301  memory: 1708  loss: 4.1368  loss_cls: 2.7875  loss_bbox: 1.3493
2025/06/23 00:52:43 - mmengine - INFO - Epoch(train) [13][4150/9162]  lr: 2.0000e-03  eta: 21:10:45  time: 0.5913  data_time: 0.0293  memory: 1708  loss: 4.1111  loss_cls: 2.7524  loss_bbox: 1.3588
2025/06/23 00:53:14 - mmengine - INFO - Epoch(train) [13][4200/9162]  lr: 2.0000e-03  eta: 21:10:04  time: 0.6078  data_time: 0.0301  memory: 1708  loss: 4.1198  loss_cls: 2.7408  loss_bbox: 1.3790
2025/06/23 00:53:44 - mmengine - INFO - Epoch(train) [13][4250/9162]  lr: 2.0000e-03  eta: 21:09:22  time: 0.6031  data_time: 0.0300  memory: 1708  loss: 4.2703  loss_cls: 2.8452  loss_bbox: 1.4251
2025/06/23 00:54:14 - mmengine - INFO - Epoch(train) [13][4300/9162]  lr: 2.0000e-03  eta: 21:08:41  time: 0.5963  data_time: 0.0300  memory: 1708  loss: 4.1385  loss_cls: 2.7377  loss_bbox: 1.4008
2025/06/23 00:54:44 - mmengine - INFO - Epoch(train) [13][4350/9162]  lr: 2.0000e-03  eta: 21:07:59  time: 0.5922  data_time: 0.0303  memory: 1708  loss: 4.1367  loss_cls: 2.7798  loss_bbox: 1.3569
2025/06/23 00:55:15 - mmengine - INFO - Epoch(train) [13][4400/9162]  lr: 2.0000e-03  eta: 21:07:18  time: 0.6297  data_time: 0.0296  memory: 1708  loss: 4.1245  loss_cls: 2.7637  loss_bbox: 1.3608
2025/06/23 00:55:47 - mmengine - INFO - Epoch(train) [13][4450/9162]  lr: 2.0000e-03  eta: 21:06:39  time: 0.6365  data_time: 0.0288  memory: 1708  loss: 4.0552  loss_cls: 2.7485  loss_bbox: 1.3067
2025/06/23 00:56:17 - mmengine - INFO - Epoch(train) [13][4500/9162]  lr: 2.0000e-03  eta: 21:05:57  time: 0.5956  data_time: 0.0291  memory: 1708  loss: 4.0542  loss_cls: 2.7804  loss_bbox: 1.2737
2025/06/23 00:56:47 - mmengine - INFO - Epoch(train) [13][4550/9162]  lr: 2.0000e-03  eta: 21:05:15  time: 0.6032  data_time: 0.0301  memory: 1708  loss: 4.2319  loss_cls: 2.8164  loss_bbox: 1.4155
2025/06/23 00:57:17 - mmengine - INFO - Epoch(train) [13][4600/9162]  lr: 2.0000e-03  eta: 21:04:34  time: 0.5940  data_time: 0.0297  memory: 1708  loss: 4.1703  loss_cls: 2.8074  loss_bbox: 1.3629
2025/06/23 00:57:46 - mmengine - INFO - Epoch(train) [13][4650/9162]  lr: 2.0000e-03  eta: 21:03:52  time: 0.5939  data_time: 0.0297  memory: 1708  loss: 4.0768  loss_cls: 2.8025  loss_bbox: 1.2743
2025/06/23 00:58:16 - mmengine - INFO - Epoch(train) [13][4700/9162]  lr: 2.0000e-03  eta: 21:03:10  time: 0.5943  data_time: 0.0298  memory: 1708  loss: 4.1142  loss_cls: 2.7929  loss_bbox: 1.3213
2025/06/23 00:58:46 - mmengine - INFO - Epoch(train) [13][4750/9162]  lr: 2.0000e-03  eta: 21:02:28  time: 0.6007  data_time: 0.0302  memory: 1708  loss: 4.1238  loss_cls: 2.7969  loss_bbox: 1.3269
2025/06/23 00:59:16 - mmengine - INFO - Epoch(train) [13][4800/9162]  lr: 2.0000e-03  eta: 21:01:47  time: 0.5933  data_time: 0.0290  memory: 1708  loss: 4.1100  loss_cls: 2.7715  loss_bbox: 1.3386
2025/06/23 00:59:46 - mmengine - INFO - Epoch(train) [13][4850/9162]  lr: 2.0000e-03  eta: 21:01:05  time: 0.5945  data_time: 0.0301  memory: 1708  loss: 4.2350  loss_cls: 2.8345  loss_bbox: 1.4005
2025/06/23 01:00:16 - mmengine - INFO - Epoch(train) [13][4900/9162]  lr: 2.0000e-03  eta: 21:00:23  time: 0.5946  data_time: 0.0305  memory: 1708  loss: 4.1121  loss_cls: 2.7595  loss_bbox: 1.3526
2025/06/23 01:00:45 - mmengine - INFO - Epoch(train) [13][4950/9162]  lr: 2.0000e-03  eta: 20:59:41  time: 0.5937  data_time: 0.0299  memory: 1708  loss: 4.0853  loss_cls: 2.7464  loss_bbox: 1.3390
2025/06/23 01:01:16 - mmengine - INFO - Epoch(train) [13][5000/9162]  lr: 2.0000e-03  eta: 20:59:01  time: 0.6135  data_time: 0.0300  memory: 1708  loss: 4.0902  loss_cls: 2.7610  loss_bbox: 1.3292
2025/06/23 01:01:46 - mmengine - INFO - Epoch(train) [13][5050/9162]  lr: 2.0000e-03  eta: 20:58:19  time: 0.5922  data_time: 0.0296  memory: 1708  loss: 4.1776  loss_cls: 2.7794  loss_bbox: 1.3982
2025/06/23 01:01:49 - mmengine - INFO - Exp name: ssd300_coco_20250622_013555
2025/06/23 01:02:16 - mmengine - INFO - Epoch(train) [13][5100/9162]  lr: 2.0000e-03  eta: 20:57:38  time: 0.6057  data_time: 0.0300  memory: 1708  loss: 4.1459  loss_cls: 2.8107  loss_bbox: 1.3352
2025/06/23 01:02:46 - mmengine - INFO - Epoch(train) [13][5150/9162]  lr: 2.0000e-03  eta: 20:56:56  time: 0.5977  data_time: 0.0298  memory: 1708  loss: 4.0214  loss_cls: 2.7316  loss_bbox: 1.2899
2025/06/23 01:03:16 - mmengine - INFO - Epoch(train) [13][5200/9162]  lr: 2.0000e-03  eta: 20:56:14  time: 0.5955  data_time: 0.0303  memory: 1708  loss: 4.1886  loss_cls: 2.7986  loss_bbox: 1.3900
2025/06/23 01:03:46 - mmengine - INFO - Epoch(train) [13][5250/9162]  lr: 2.0000e-03  eta: 20:55:33  time: 0.5980  data_time: 0.0301  memory: 1708  loss: 4.2270  loss_cls: 2.8244  loss_bbox: 1.4026
2025/06/23 01:04:15 - mmengine - INFO - Epoch(train) [13][5300/9162]  lr: 2.0000e-03  eta: 20:54:51  time: 0.5924  data_time: 0.0302  memory: 1708  loss: 4.0600  loss_cls: 2.7535  loss_bbox: 1.3065
2025/06/23 01:04:45 - mmengine - INFO - Epoch(train) [13][5350/9162]  lr: 2.0000e-03  eta: 20:54:09  time: 0.5919  data_time: 0.0296  memory: 1708  loss: 4.1959  loss_cls: 2.8179  loss_bbox: 1.3780
2025/06/23 01:05:15 - mmengine - INFO - Epoch(train) [13][5400/9162]  lr: 2.0000e-03  eta: 20:53:28  time: 0.5920  data_time: 0.0301  memory: 1708  loss: 4.1662  loss_cls: 2.7821  loss_bbox: 1.3841
2025/06/23 01:05:44 - mmengine - INFO - Epoch(train) [13][5450/9162]  lr: 2.0000e-03  eta: 20:52:46  time: 0.5915  data_time: 0.0299  memory: 1708  loss: 4.0134  loss_cls: 2.7307  loss_bbox: 1.2827
2025/06/23 01:06:14 - mmengine - INFO - Epoch(train) [13][5500/9162]  lr: 2.0000e-03  eta: 20:52:04  time: 0.5906  data_time: 0.0285  memory: 1708  loss: 4.0347  loss_cls: 2.7266  loss_bbox: 1.3081
2025/06/23 01:06:44 - mmengine - INFO - Epoch(train) [13][5550/9162]  lr: 2.0000e-03  eta: 20:51:23  time: 0.5955  data_time: 0.0296  memory: 1708  loss: 3.9467  loss_cls: 2.6636  loss_bbox: 1.2831
2025/06/23 01:07:14 - mmengine - INFO - Epoch(train) [13][5600/9162]  lr: 2.0000e-03  eta: 20:50:41  time: 0.5997  data_time: 0.0299  memory: 1708  loss: 4.2102  loss_cls: 2.7859  loss_bbox: 1.4243
2025/06/23 01:07:44 - mmengine - INFO - Epoch(train) [13][5650/9162]  lr: 2.0000e-03  eta: 20:50:00  time: 0.6114  data_time: 0.0428  memory: 1708  loss: 4.0729  loss_cls: 2.7608  loss_bbox: 1.3121
2025/06/23 01:08:14 - mmengine - INFO - Epoch(train) [13][5700/9162]  lr: 2.0000e-03  eta: 20:49:19  time: 0.5913  data_time: 0.0285  memory: 1708  loss: 4.1348  loss_cls: 2.7846  loss_bbox: 1.3502
2025/06/23 01:08:43 - mmengine - INFO - Epoch(train) [13][5750/9162]  lr: 2.0000e-03  eta: 20:48:37  time: 0.5901  data_time: 0.0286  memory: 1708  loss: 4.1393  loss_cls: 2.7831  loss_bbox: 1.3563
2025/06/23 01:09:13 - mmengine - INFO - Epoch(train) [13][5800/9162]  lr: 2.0000e-03  eta: 20:47:56  time: 0.5990  data_time: 0.0274  memory: 1708  loss: 4.0533  loss_cls: 2.6980  loss_bbox: 1.3553
2025/06/23 01:09:43 - mmengine - INFO - Epoch(train) [13][5850/9162]  lr: 2.0000e-03  eta: 20:47:14  time: 0.5930  data_time: 0.0291  memory: 1708  loss: 4.0633  loss_cls: 2.7464  loss_bbox: 1.3169
2025/06/23 01:10:13 - mmengine - INFO - Epoch(train) [13][5900/9162]  lr: 2.0000e-03  eta: 20:46:33  time: 0.5990  data_time: 0.0301  memory: 1708  loss: 4.1995  loss_cls: 2.8362  loss_bbox: 1.3633
2025/06/23 01:10:44 - mmengine - INFO - Epoch(train) [13][5950/9162]  lr: 2.0000e-03  eta: 20:45:52  time: 0.6139  data_time: 0.0296  memory: 1708  loss: 4.1551  loss_cls: 2.7857  loss_bbox: 1.3694
2025/06/23 01:11:14 - mmengine - INFO - Epoch(train) [13][6000/9162]  lr: 2.0000e-03  eta: 20:45:11  time: 0.5986  data_time: 0.0297  memory: 1708  loss: 4.1289  loss_cls: 2.7653  loss_bbox: 1.3636
2025/06/23 01:11:44 - mmengine - INFO - Epoch(train) [13][6050/9162]  lr: 2.0000e-03  eta: 20:44:29  time: 0.5918  data_time: 0.0283  memory: 1708  loss: 4.1890  loss_cls: 2.8242  loss_bbox: 1.3649
2025/06/23 01:11:47 - mmengine - INFO - Exp name: ssd300_coco_20250622_013555
2025/06/23 01:12:13 - mmengine - INFO - Epoch(train) [13][6100/9162]  lr: 2.0000e-03  eta: 20:43:47  time: 0.5932  data_time: 0.0309  memory: 1708  loss: 4.1665  loss_cls: 2.8074  loss_bbox: 1.3591
2025/06/23 01:12:44 - mmengine - INFO - Epoch(train) [13][6150/9162]  lr: 2.0000e-03  eta: 20:43:07  time: 0.6073  data_time: 0.0298  memory: 1708  loss: 4.1977  loss_cls: 2.7871  loss_bbox: 1.4105
2025/06/23 01:13:13 - mmengine - INFO - Epoch(train) [13][6200/9162]  lr: 2.0000e-03  eta: 20:42:25  time: 0.5958  data_time: 0.0295  memory: 1708  loss: 3.9982  loss_cls: 2.6802  loss_bbox: 1.3180
2025/06/23 01:13:43 - mmengine - INFO - Epoch(train) [13][6250/9162]  lr: 2.0000e-03  eta: 20:41:44  time: 0.5932  data_time: 0.0294  memory: 1708  loss: 4.1549  loss_cls: 2.7799  loss_bbox: 1.3749
2025/06/23 01:14:13 - mmengine - INFO - Epoch(train) [13][6300/9162]  lr: 2.0000e-03  eta: 20:41:02  time: 0.5905  data_time: 0.0298  memory: 1708  loss: 4.1510  loss_cls: 2.7753  loss_bbox: 1.3757
2025/06/23 01:14:43 - mmengine - INFO - Epoch(train) [13][6350/9162]  lr: 2.0000e-03  eta: 20:40:21  time: 0.5950  data_time: 0.0308  memory: 1708  loss: 4.1433  loss_cls: 2.8144  loss_bbox: 1.3289
2025/06/23 01:15:13 - mmengine - INFO - Epoch(train) [13][6400/9162]  lr: 2.0000e-03  eta: 20:39:39  time: 0.5996  data_time: 0.0300  memory: 1708  loss: 4.0391  loss_cls: 2.7549  loss_bbox: 1.2842
2025/06/23 01:15:43 - mmengine - INFO - Epoch(train) [13][6450/9162]  lr: 2.0000e-03  eta: 20:38:58  time: 0.6006  data_time: 0.0332  memory: 1708  loss: 4.2064  loss_cls: 2.8538  loss_bbox: 1.3526
2025/06/23 01:16:12 - mmengine - INFO - Epoch(train) [13][6500/9162]  lr: 2.0000e-03  eta: 20:38:17  time: 0.5912  data_time: 0.0294  memory: 1708  loss: 4.0915  loss_cls: 2.7344  loss_bbox: 1.3571
2025/06/23 01:16:42 - mmengine - INFO - Epoch(train) [13][6550/9162]  lr: 2.0000e-03  eta: 20:37:35  time: 0.5969  data_time: 0.0308  memory: 1708  loss: 4.0901  loss_cls: 2.7818  loss_bbox: 1.3082
2025/06/23 01:17:12 - mmengine - INFO - Epoch(train) [13][6600/9162]  lr: 2.0000e-03  eta: 20:36:54  time: 0.5921  data_time: 0.0297  memory: 1708  loss: 4.2445  loss_cls: 2.8458  loss_bbox: 1.3987
2025/06/23 01:17:41 - mmengine - INFO - Epoch(train) [13][6650/9162]  lr: 2.0000e-03  eta: 20:36:12  time: 0.5914  data_time: 0.0297  memory: 1708  loss: 4.1147  loss_cls: 2.7578  loss_bbox: 1.3569
2025/06/23 01:18:12 - mmengine - INFO - Epoch(train) [13][6700/9162]  lr: 2.0000e-03  eta: 20:35:31  time: 0.6041  data_time: 0.0288  memory: 1708  loss: 4.2086  loss_cls: 2.8253  loss_bbox: 1.3833
2025/06/23 01:18:41 - mmengine - INFO - Epoch(train) [13][6750/9162]  lr: 2.0000e-03  eta: 20:34:50  time: 0.5895  data_time: 0.0293  memory: 1708  loss: 4.0960  loss_cls: 2.7547  loss_bbox: 1.3413
2025/06/23 01:19:11 - mmengine - INFO - Epoch(train) [13][6800/9162]  lr: 2.0000e-03  eta: 20:34:08  time: 0.5921  data_time: 0.0293  memory: 1708  loss: 4.1364  loss_cls: 2.7569  loss_bbox: 1.3795
2025/06/23 01:19:41 - mmengine - INFO - Epoch(train) [13][6850/9162]  lr: 2.0000e-03  eta: 20:33:27  time: 0.5971  data_time: 0.0298  memory: 1708  loss: 4.2845  loss_cls: 2.8497  loss_bbox: 1.4349
2025/06/23 01:20:10 - mmengine - INFO - Epoch(train) [13][6900/9162]  lr: 2.0000e-03  eta: 20:32:46  time: 0.5919  data_time: 0.0310  memory: 1708  loss: 4.2369  loss_cls: 2.8702  loss_bbox: 1.3667
2025/06/23 01:20:40 - mmengine - INFO - Epoch(train) [13][6950/9162]  lr: 2.0000e-03  eta: 20:32:04  time: 0.5944  data_time: 0.0294  memory: 1708  loss: 4.3433  loss_cls: 2.8980  loss_bbox: 1.4454
2025/06/23 01:21:10 - mmengine - INFO - Epoch(train) [13][7000/9162]  lr: 2.0000e-03  eta: 20:31:23  time: 0.5988  data_time: 0.0294  memory: 1708  loss: 4.2221  loss_cls: 2.8404  loss_bbox: 1.3816
2025/06/23 01:21:40 - mmengine - INFO - Epoch(train) [13][7050/9162]  lr: 2.0000e-03  eta: 20:30:42  time: 0.5929  data_time: 0.0297  memory: 1708  loss: 4.2934  loss_cls: 2.8562  loss_bbox: 1.4372
2025/06/23 01:21:43 - mmengine - INFO - Exp name: ssd300_coco_20250622_013555
2025/06/23 01:22:09 - mmengine - INFO - Epoch(train) [13][7100/9162]  lr: 2.0000e-03  eta: 20:30:00  time: 0.5910  data_time: 0.0293  memory: 1708  loss: 4.1268  loss_cls: 2.7596  loss_bbox: 1.3672
2025/06/23 01:22:39 - mmengine - INFO - Epoch(train) [13][7150/9162]  lr: 2.0000e-03  eta: 20:29:19  time: 0.5934  data_time: 0.0294  memory: 1708  loss: 4.0813  loss_cls: 2.7501  loss_bbox: 1.3312
2025/06/23 01:23:09 - mmengine - INFO - Epoch(train) [13][7200/9162]  lr: 2.0000e-03  eta: 20:28:38  time: 0.5977  data_time: 0.0298  memory: 1708  loss: 4.1212  loss_cls: 2.8008  loss_bbox: 1.3204
2025/06/23 01:23:39 - mmengine - INFO - Epoch(train) [13][7250/9162]  lr: 2.0000e-03  eta: 20:27:57  time: 0.5934  data_time: 0.0299  memory: 1708  loss: 4.2563  loss_cls: 2.8687  loss_bbox: 1.3875
2025/06/23 01:24:09 - mmengine - INFO - Epoch(train) [13][7300/9162]  lr: 2.0000e-03  eta: 20:27:16  time: 0.6069  data_time: 0.0306  memory: 1708  loss: 4.1305  loss_cls: 2.7995  loss_bbox: 1.3310
2025/06/23 01:24:39 - mmengine - INFO - Epoch(train) [13][7350/9162]  lr: 2.0000e-03  eta: 20:26:35  time: 0.5977  data_time: 0.0297  memory: 1708  loss: 4.1540  loss_cls: 2.8015  loss_bbox: 1.3525
2025/06/23 01:25:09 - mmengine - INFO - Epoch(train) [13][7400/9162]  lr: 2.0000e-03  eta: 20:25:54  time: 0.5963  data_time: 0.0297  memory: 1708  loss: 4.0457  loss_cls: 2.7579  loss_bbox: 1.2878
2025/06/23 01:25:39 - mmengine - INFO - Epoch(train) [13][7450/9162]  lr: 2.0000e-03  eta: 20:25:12  time: 0.5944  data_time: 0.0299  memory: 1708  loss: 4.1777  loss_cls: 2.8275  loss_bbox: 1.3502
2025/06/23 01:26:09 - mmengine - INFO - Epoch(train) [13][7500/9162]  lr: 2.0000e-03  eta: 20:24:31  time: 0.5956  data_time: 0.0304  memory: 1708  loss: 4.2332  loss_cls: 2.8794  loss_bbox: 1.3538
2025/06/23 01:26:39 - mmengine - INFO - Epoch(train) [13][7550/9162]  lr: 2.0000e-03  eta: 20:23:50  time: 0.6027  data_time: 0.0299  memory: 1708  loss: 4.0841  loss_cls: 2.7344  loss_bbox: 1.3497
2025/06/23 01:27:09 - mmengine - INFO - Epoch(train) [13][7600/9162]  lr: 2.0000e-03  eta: 20:23:09  time: 0.6000  data_time: 0.0293  memory: 1708  loss: 4.1158  loss_cls: 2.7448  loss_bbox: 1.3710
2025/06/23 01:27:39 - mmengine - INFO - Epoch(train) [13][7650/9162]  lr: 2.0000e-03  eta: 20:22:28  time: 0.5929  data_time: 0.0298  memory: 1708  loss: 4.1362  loss_cls: 2.7936  loss_bbox: 1.3425
2025/06/23 01:28:08 - mmengine - INFO - Epoch(train) [13][7700/9162]  lr: 2.0000e-03  eta: 20:21:47  time: 0.5963  data_time: 0.0298  memory: 1708  loss: 4.0610  loss_cls: 2.7543  loss_bbox: 1.3066
2025/06/23 01:28:38 - mmengine - INFO - Epoch(train) [13][7750/9162]  lr: 2.0000e-03  eta: 20:21:06  time: 0.5966  data_time: 0.0295  memory: 1708  loss: 4.1983  loss_cls: 2.8433  loss_bbox: 1.3550
2025/06/23 01:29:09 - mmengine - INFO - Epoch(train) [13][7800/9162]  lr: 2.0000e-03  eta: 20:20:25  time: 0.6083  data_time: 0.0294  memory: 1708  loss: 4.0236  loss_cls: 2.7404  loss_bbox: 1.2832
2025/06/23 01:29:39 - mmengine - INFO - Epoch(train) [13][7850/9162]  lr: 2.0000e-03  eta: 20:19:44  time: 0.5996  data_time: 0.0299  memory: 1708  loss: 4.2082  loss_cls: 2.8473  loss_bbox: 1.3609
2025/06/23 01:30:10 - mmengine - INFO - Epoch(train) [13][7900/9162]  lr: 2.0000e-03  eta: 20:19:05  time: 0.6326  data_time: 0.0334  memory: 1708  loss: 4.1930  loss_cls: 2.7905  loss_bbox: 1.4025
2025/06/23 01:30:42 - mmengine - INFO - Epoch(train) [13][7950/9162]  lr: 2.0000e-03  eta: 20:18:25  time: 0.6266  data_time: 0.0305  memory: 1708  loss: 4.1511  loss_cls: 2.7801  loss_bbox: 1.3710
2025/06/23 01:31:14 - mmengine - INFO - Epoch(train) [13][8000/9162]  lr: 2.0000e-03  eta: 20:17:46  time: 0.6344  data_time: 0.0299  memory: 1708  loss: 4.0296  loss_cls: 2.7519  loss_bbox: 1.2777
2025/06/23 01:31:46 - mmengine - INFO - Epoch(train) [13][8050/9162]  lr: 2.0000e-03  eta: 20:17:07  time: 0.6414  data_time: 0.0447  memory: 1708  loss: 4.1574  loss_cls: 2.8045  loss_bbox: 1.3530
2025/06/23 01:31:49 - mmengine - INFO - Exp name: ssd300_coco_20250622_013555
2025/06/23 01:32:15 - mmengine - INFO - Epoch(train) [13][8100/9162]  lr: 2.0000e-03  eta: 20:16:26  time: 0.5941  data_time: 0.0321  memory: 1708  loss: 4.1919  loss_cls: 2.8269  loss_bbox: 1.3651
2025/06/23 01:32:46 - mmengine - INFO - Epoch(train) [13][8150/9162]  lr: 2.0000e-03  eta: 20:15:45  time: 0.6106  data_time: 0.0343  memory: 1708  loss: 4.1973  loss_cls: 2.8416  loss_bbox: 1.3557
2025/06/23 01:33:16 - mmengine - INFO - Epoch(train) [13][8200/9162]  lr: 2.0000e-03  eta: 20:15:04  time: 0.5955  data_time: 0.0292  memory: 1708  loss: 4.1459  loss_cls: 2.7852  loss_bbox: 1.3607
2025/06/23 01:33:46 - mmengine - INFO - Epoch(train) [13][8250/9162]  lr: 2.0000e-03  eta: 20:14:23  time: 0.5971  data_time: 0.0302  memory: 1708  loss: 4.1005  loss_cls: 2.7390  loss_bbox: 1.3616
2025/06/23 01:34:16 - mmengine - INFO - Epoch(train) [13][8300/9162]  lr: 2.0000e-03  eta: 20:13:43  time: 0.6106  data_time: 0.0327  memory: 1708  loss: 4.0211  loss_cls: 2.7253  loss_bbox: 1.2959
2025/06/23 01:34:46 - mmengine - INFO - Epoch(train) [13][8350/9162]  lr: 2.0000e-03  eta: 20:13:02  time: 0.5974  data_time: 0.0298  memory: 1708  loss: 4.1563  loss_cls: 2.8059  loss_bbox: 1.3504
2025/06/23 01:35:16 - mmengine - INFO - Epoch(train) [13][8400/9162]  lr: 2.0000e-03  eta: 20:12:21  time: 0.5919  data_time: 0.0297  memory: 1708  loss: 4.1418  loss_cls: 2.7776  loss_bbox: 1.3642
2025/06/23 01:35:46 - mmengine - INFO - Epoch(train) [13][8450/9162]  lr: 2.0000e-03  eta: 20:11:40  time: 0.6088  data_time: 0.0372  memory: 1708  loss: 4.2440  loss_cls: 2.8333  loss_bbox: 1.4107
2025/06/23 01:36:17 - mmengine - INFO - Epoch(train) [13][8500/9162]  lr: 2.0000e-03  eta: 20:11:00  time: 0.6140  data_time: 0.0303  memory: 1708  loss: 4.1236  loss_cls: 2.7795  loss_bbox: 1.3441
2025/06/23 01:36:49 - mmengine - INFO - Epoch(train) [13][8550/9162]  lr: 2.0000e-03  eta: 20:10:21  time: 0.6330  data_time: 0.0304  memory: 1708  loss: 4.2340  loss_cls: 2.8514  loss_bbox: 1.3826
2025/06/23 01:37:22 - mmengine - INFO - Epoch(train) [13][8600/9162]  lr: 2.0000e-03  eta: 20:09:42  time: 0.6562  data_time: 0.0317  memory: 1708  loss: 4.2258  loss_cls: 2.8220  loss_bbox: 1.4038
2025/06/23 01:37:53 - mmengine - INFO - Epoch(train) [13][8650/9162]  lr: 2.0000e-03  eta: 20:09:03  time: 0.6289  data_time: 0.0318  memory: 1708  loss: 4.0659  loss_cls: 2.7406  loss_bbox: 1.3253
2025/06/23 01:38:24 - mmengine - INFO - Epoch(train) [13][8700/9162]  lr: 2.0000e-03  eta: 20:08:23  time: 0.6118  data_time: 0.0300  memory: 1708  loss: 4.1277  loss_cls: 2.7838  loss_bbox: 1.3439
2025/06/23 01:38:54 - mmengine - INFO - Epoch(train) [13][8750/9162]  lr: 2.0000e-03  eta: 20:07:42  time: 0.6020  data_time: 0.0283  memory: 1708  loss: 4.1684  loss_cls: 2.7808  loss_bbox: 1.3875
2025/06/23 01:39:24 - mmengine - INFO - Epoch(train) [13][8800/9162]  lr: 2.0000e-03  eta: 20:07:01  time: 0.6016  data_time: 0.0319  memory: 1708  loss: 4.1040  loss_cls: 2.7854  loss_bbox: 1.3186
2025/06/23 01:39:54 - mmengine - INFO - Epoch(train) [13][8850/9162]  lr: 2.0000e-03  eta: 20:06:20  time: 0.5981  data_time: 0.0301  memory: 1708  loss: 4.1827  loss_cls: 2.8179  loss_bbox: 1.3648
2025/06/23 01:40:24 - mmengine - INFO - Epoch(train) [13][8900/9162]  lr: 2.0000e-03  eta: 20:05:40  time: 0.5964  data_time: 0.0303  memory: 1708  loss: 4.2288  loss_cls: 2.8479  loss_bbox: 1.3809
2025/06/23 01:40:55 - mmengine - INFO - Epoch(train) [13][8950/9162]  lr: 2.0000e-03  eta: 20:05:00  time: 0.6218  data_time: 0.0289  memory: 1708  loss: 4.1791  loss_cls: 2.8166  loss_bbox: 1.3625
2025/06/23 01:41:27 - mmengine - INFO - Epoch(train) [13][9000/9162]  lr: 2.0000e-03  eta: 20:04:21  time: 0.6448  data_time: 0.0383  memory: 1708  loss: 4.1770  loss_cls: 2.8247  loss_bbox: 1.3523
2025/06/23 01:41:58 - mmengine - INFO - Epoch(train) [13][9050/9162]  lr: 2.0000e-03  eta: 20:03:41  time: 0.6071  data_time: 0.0292  memory: 1708  loss: 4.2090  loss_cls: 2.8054  loss_bbox: 1.4036
2025/06/23 01:42:01 - mmengine - INFO - Exp name: ssd300_coco_20250622_013555
2025/06/23 01:42:29 - mmengine - INFO - Epoch(train) [13][9100/9162]  lr: 2.0000e-03  eta: 20:03:01  time: 0.6241  data_time: 0.0297  memory: 1708  loss: 4.1459  loss_cls: 2.7849  loss_bbox: 1.3611
2025/06/23 01:42:59 - mmengine - INFO - Epoch(train) [13][9150/9162]  lr: 2.0000e-03  eta: 20:02:20  time: 0.6029  data_time: 0.0321  memory: 1708  loss: 4.0308  loss_cls: 2.7317  loss_bbox: 1.2991
2025/06/23 01:43:06 - mmengine - INFO - Exp name: ssd300_coco_20250622_013555
2025/06/23 01:43:06 - mmengine - INFO - Saving checkpoint at 13 epochs
2025/06/23 01:43:18 - mmengine - INFO - Epoch(val) [13][ 50/157]    eta: 0:00:22  time: 0.2097  data_time: 0.0140  memory: 1708  
2025/06/23 01:43:28 - mmengine - INFO - Epoch(val) [13][100/157]    eta: 0:00:11  time: 0.2057  data_time: 0.0101  memory: 851  
2025/06/23 01:43:38 - mmengine - INFO - Epoch(val) [13][150/157]    eta: 0:00:01  time: 0.2082  data_time: 0.0132  memory: 851  
2025/06/23 01:43:53 - mmengine - INFO - Evaluating bbox...
2025/06/23 01:44:54 - mmengine - INFO - bbox_mAP_copypaste: 0.216 0.395 0.216 0.059 0.237 0.348
2025/06/23 01:44:55 - mmengine - INFO - Epoch(val) [13][157/157]    coco/bbox_mAP: 0.2160  coco/bbox_mAP_50: 0.3950  coco/bbox_mAP_75: 0.2160  coco/bbox_mAP_s: 0.0590  coco/bbox_mAP_m: 0.2370  coco/bbox_mAP_l: 0.3480  data_time: 0.0122  time: 0.2058
2025/06/23 01:45:28 - mmengine - INFO - Epoch(train) [14][  50/9162]  lr: 2.0000e-03  eta: 20:01:33  time: 0.6692  data_time: 0.0805  memory: 1708  loss: 4.1349  loss_cls: 2.7804  loss_bbox: 1.3545
2025/06/23 01:46:02 - mmengine - INFO - Epoch(train) [14][ 100/9162]  lr: 2.0000e-03  eta: 20:00:55  time: 0.6731  data_time: 0.0770  memory: 1708  loss: 4.1534  loss_cls: 2.7941  loss_bbox: 1.3594
2025/06/23 01:46:36 - mmengine - INFO - Epoch(train) [14][ 150/9162]  lr: 2.0000e-03  eta: 20:00:18  time: 0.6762  data_time: 0.0797  memory: 1708  loss: 4.1745  loss_cls: 2.7918  loss_bbox: 1.3827
2025/06/23 01:47:09 - mmengine - INFO - Epoch(train) [14][ 200/9162]  lr: 2.0000e-03  eta: 19:59:40  time: 0.6657  data_time: 0.0792  memory: 1708  loss: 4.0791  loss_cls: 2.7529  loss_bbox: 1.3262
2025/06/23 01:47:43 - mmengine - INFO - Epoch(train) [14][ 250/9162]  lr: 2.0000e-03  eta: 19:59:02  time: 0.6662  data_time: 0.0611  memory: 1708  loss: 4.2030  loss_cls: 2.8167  loss_bbox: 1.3863
2025/06/23 01:48:18 - mmengine - INFO - Epoch(train) [14][ 300/9162]  lr: 2.0000e-03  eta: 19:58:26  time: 0.7093  data_time: 0.1027  memory: 1708  loss: 4.1857  loss_cls: 2.7900  loss_bbox: 1.3957
2025/06/23 01:48:49 - mmengine - INFO - Epoch(train) [14][ 350/9162]  lr: 2.0000e-03  eta: 19:57:46  time: 0.6231  data_time: 0.0463  memory: 1708  loss: 4.1805  loss_cls: 2.7665  loss_bbox: 1.4141
2025/06/23 01:49:22 - mmengine - INFO - Epoch(train) [14][ 400/9162]  lr: 2.0000e-03  eta: 19:57:07  time: 0.6448  data_time: 0.0302  memory: 1708  loss: 4.1440  loss_cls: 2.7835  loss_bbox: 1.3605
2025/06/23 01:49:55 - mmengine - INFO - Epoch(train) [14][ 450/9162]  lr: 2.0000e-03  eta: 19:56:29  time: 0.6635  data_time: 0.0296  memory: 1708  loss: 4.1657  loss_cls: 2.7883  loss_bbox: 1.3773
2025/06/23 01:50:29 - mmengine - INFO - Epoch(train) [14][ 500/9162]  lr: 2.0000e-03  eta: 19:55:52  time: 0.6746  data_time: 0.0308  memory: 1708  loss: 4.2589  loss_cls: 2.8481  loss_bbox: 1.4108
2025/06/23 01:51:02 - mmengine - INFO - Epoch(train) [14][ 550/9162]  lr: 2.0000e-03  eta: 19:55:14  time: 0.6688  data_time: 0.0319  memory: 1708  loss: 4.0806  loss_cls: 2.7538  loss_bbox: 1.3268
2025/06/23 01:51:36 - mmengine - INFO - Epoch(train) [14][ 600/9162]  lr: 2.0000e-03  eta: 19:54:37  time: 0.6734  data_time: 0.0370  memory: 1708  loss: 4.1402  loss_cls: 2.7666  loss_bbox: 1.3736
2025/06/23 01:52:09 - mmengine - INFO - Epoch(train) [14][ 650/9162]  lr: 2.0000e-03  eta: 19:53:59  time: 0.6650  data_time: 0.0298  memory: 1708  loss: 4.0445  loss_cls: 2.7051  loss_bbox: 1.3394
2025/06/23 01:52:42 - mmengine - INFO - Epoch(train) [14][ 700/9162]  lr: 2.0000e-03  eta: 19:53:21  time: 0.6599  data_time: 0.0295  memory: 1708  loss: 4.1187  loss_cls: 2.7710  loss_bbox: 1.3477
2025/06/23 01:53:16 - mmengine - INFO - Epoch(train) [14][ 750/9162]  lr: 2.0000e-03  eta: 19:52:43  time: 0.6668  data_time: 0.0313  memory: 1708  loss: 4.1413  loss_cls: 2.7690  loss_bbox: 1.3722
2025/06/23 01:53:46 - mmengine - INFO - Epoch(train) [14][ 800/9162]  lr: 2.0000e-03  eta: 19:52:03  time: 0.6151  data_time: 0.0315  memory: 1708  loss: 4.1496  loss_cls: 2.7847  loss_bbox: 1.3649
2025/06/23 01:54:17 - mmengine - INFO - Epoch(train) [14][ 850/9162]  lr: 2.0000e-03  eta: 19:51:23  time: 0.6106  data_time: 0.0295  memory: 1708  loss: 4.2286  loss_cls: 2.8385  loss_bbox: 1.3901
2025/06/23 01:54:44 - mmengine - INFO - Exp name: ssd300_coco_20250622_013555
2025/06/23 01:54:48 - mmengine - INFO - Epoch(train) [14][ 900/9162]  lr: 2.0000e-03  eta: 19:50:43  time: 0.6280  data_time: 0.0508  memory: 1708  loss: 4.1579  loss_cls: 2.8113  loss_bbox: 1.3466
2025/06/23 01:55:23 - mmengine - INFO - Epoch(train) [14][ 950/9162]  lr: 2.0000e-03  eta: 19:50:06  time: 0.6825  data_time: 0.0803  memory: 1708  loss: 4.0164  loss_cls: 2.7529  loss_bbox: 1.2635
2025/06/23 01:55:57 - mmengine - INFO - Epoch(train) [14][1000/9162]  lr: 2.0000e-03  eta: 19:49:29  time: 0.6850  data_time: 0.0896  memory: 1708  loss: 4.0969  loss_cls: 2.7648  loss_bbox: 1.3321
2025/06/23 01:56:30 - mmengine - INFO - Epoch(train) [14][1050/9162]  lr: 2.0000e-03  eta: 19:48:52  time: 0.6683  data_time: 0.0688  memory: 1708  loss: 4.0710  loss_cls: 2.7249  loss_bbox: 1.3461
2025/06/23 01:57:04 - mmengine - INFO - Epoch(train) [14][1100/9162]  lr: 2.0000e-03  eta: 19:48:14  time: 0.6753  data_time: 0.0849  memory: 1708  loss: 4.1378  loss_cls: 2.7594  loss_bbox: 1.3784
2025/06/23 01:57:38 - mmengine - INFO - Epoch(train) [14][1150/9162]  lr: 2.0000e-03  eta: 19:47:37  time: 0.6842  data_time: 0.0884  memory: 1708  loss: 4.2107  loss_cls: 2.8222  loss_bbox: 1.3885
2025/06/23 01:58:12 - mmengine - INFO - Epoch(train) [14][1200/9162]  lr: 2.0000e-03  eta: 19:46:59  time: 0.6626  data_time: 0.0746  memory: 1708  loss: 4.0249  loss_cls: 2.7577  loss_bbox: 1.2671
2025/06/23 01:58:45 - mmengine - INFO - Epoch(train) [14][1250/9162]  lr: 2.0000e-03  eta: 19:46:22  time: 0.6700  data_time: 0.0725  memory: 1708  loss: 4.0929  loss_cls: 2.7780  loss_bbox: 1.3149
2025/06/23 01:59:19 - mmengine - INFO - Epoch(train) [14][1300/9162]  lr: 2.0000e-03  eta: 19:45:44  time: 0.6698  data_time: 0.0721  memory: 1708  loss: 4.1150  loss_cls: 2.7494  loss_bbox: 1.3656
2025/06/23 01:59:52 - mmengine - INFO - Epoch(train) [14][1350/9162]  lr: 2.0000e-03  eta: 19:45:06  time: 0.6733  data_time: 0.0886  memory: 1708  loss: 4.3636  loss_cls: 2.9237  loss_bbox: 1.4400
2025/06/23 02:00:26 - mmengine - INFO - Epoch(train) [14][1400/9162]  lr: 2.0000e-03  eta: 19:44:29  time: 0.6691  data_time: 0.0771  memory: 1708  loss: 4.1889  loss_cls: 2.8147  loss_bbox: 1.3742
2025/06/23 02:01:01 - mmengine - INFO - Epoch(train) [14][1450/9162]  lr: 2.0000e-03  eta: 19:43:52  time: 0.6987  data_time: 0.0863  memory: 1708  loss: 4.1329  loss_cls: 2.7646  loss_bbox: 1.3683
2025/06/23 02:01:38 - mmengine - INFO - Epoch(train) [14][1500/9162]  lr: 2.0000e-03  eta: 19:43:17  time: 0.7350  data_time: 0.0946  memory: 1708  loss: 4.2024  loss_cls: 2.8174  loss_bbox: 1.3850
2025/06/23 02:02:17 - mmengine - INFO - Epoch(train) [14][1550/9162]  lr: 2.0000e-03  eta: 19:42:44  time: 0.7754  data_time: 0.1153  memory: 1708  loss: 3.9908  loss_cls: 2.6948  loss_bbox: 1.2960
2025/06/23 02:02:54 - mmengine - INFO - Epoch(train) [14][1600/9162]  lr: 2.0000e-03  eta: 19:42:09  time: 0.7406  data_time: 0.0917  memory: 1708  loss: 4.0207  loss_cls: 2.7080  loss_bbox: 1.3128
2025/06/23 02:03:32 - mmengine - INFO - Epoch(train) [14][1650/9162]  lr: 2.0000e-03  eta: 19:41:35  time: 0.7606  data_time: 0.1135  memory: 1708  loss: 4.2036  loss_cls: 2.8287  loss_bbox: 1.3749
2025/06/23 02:04:10 - mmengine - INFO - Epoch(train) [14][1700/9162]  lr: 2.0000e-03  eta: 19:41:02  time: 0.7643  data_time: 0.1148  memory: 1708  loss: 4.2093  loss_cls: 2.7989  loss_bbox: 1.4104
2025/06/23 02:04:45 - mmengine - INFO - Epoch(train) [14][1750/9162]  lr: 2.0000e-03  eta: 19:40:25  time: 0.6895  data_time: 0.0778  memory: 1708  loss: 4.1442  loss_cls: 2.7597  loss_bbox: 1.3845
2025/06/23 02:05:18 - mmengine - INFO - Epoch(train) [14][1800/9162]  lr: 2.0000e-03  eta: 19:39:47  time: 0.6736  data_time: 0.0649  memory: 1708  loss: 4.0672  loss_cls: 2.7561  loss_bbox: 1.3110
2025/06/23 02:05:52 - mmengine - INFO - Epoch(train) [14][1850/9162]  lr: 2.0000e-03  eta: 19:39:10  time: 0.6791  data_time: 0.0808  memory: 1708  loss: 4.1328  loss_cls: 2.7713  loss_bbox: 1.3615
2025/06/23 02:06:24 - mmengine - INFO - Exp name: ssd300_coco_20250622_013555
2025/06/23 02:06:28 - mmengine - INFO - Epoch(train) [14][1900/9162]  lr: 2.0000e-03  eta: 19:38:34  time: 0.7078  data_time: 0.0993  memory: 1708  loss: 4.1537  loss_cls: 2.7875  loss_bbox: 1.3662
2025/06/23 02:07:02 - mmengine - INFO - Epoch(train) [14][1950/9162]  lr: 2.0000e-03  eta: 19:37:57  time: 0.6919  data_time: 0.0916  memory: 1708  loss: 4.1095  loss_cls: 2.7922  loss_bbox: 1.3172
2025/06/23 02:07:40 - mmengine - INFO - Epoch(train) [14][2000/9162]  lr: 2.0000e-03  eta: 19:37:23  time: 0.7539  data_time: 0.1015  memory: 1708  loss: 4.0804  loss_cls: 2.7534  loss_bbox: 1.3270
2025/06/23 02:08:18 - mmengine - INFO - Epoch(train) [14][2050/9162]  lr: 2.0000e-03  eta: 19:36:49  time: 0.7589  data_time: 0.1051  memory: 1708  loss: 4.3222  loss_cls: 2.8591  loss_bbox: 1.4631
2025/06/23 02:08:55 - mmengine - INFO - Epoch(train) [14][2100/9162]  lr: 2.0000e-03  eta: 19:36:14  time: 0.7333  data_time: 0.1159  memory: 1708  loss: 4.1232  loss_cls: 2.7538  loss_bbox: 1.3694
2025/06/23 02:09:29 - mmengine - INFO - Epoch(train) [14][2150/9162]  lr: 2.0000e-03  eta: 19:35:37  time: 0.6821  data_time: 0.1014  memory: 1708  loss: 4.2186  loss_cls: 2.8069  loss_bbox: 1.4118
2025/06/23 02:10:05 - mmengine - INFO - Epoch(train) [14][2200/9162]  lr: 2.0000e-03  eta: 19:35:01  time: 0.7091  data_time: 0.0789  memory: 1708  loss: 4.1832  loss_cls: 2.8006  loss_bbox: 1.3826
2025/06/23 02:10:42 - mmengine - INFO - Epoch(train) [14][2250/9162]  lr: 2.0000e-03  eta: 19:34:27  time: 0.7462  data_time: 0.1061  memory: 1708  loss: 4.2201  loss_cls: 2.8272  loss_bbox: 1.3930
2025/06/23 02:11:19 - mmengine - INFO - Epoch(train) [14][2300/9162]  lr: 2.0000e-03  eta: 19:33:52  time: 0.7464  data_time: 0.0999  memory: 1708  loss: 4.0269  loss_cls: 2.7444  loss_bbox: 1.2824
2025/06/23 02:11:53 - mmengine - INFO - Epoch(train) [14][2350/9162]  lr: 2.0000e-03  eta: 19:33:15  time: 0.6729  data_time: 0.0616  memory: 1708  loss: 4.1173  loss_cls: 2.7862  loss_bbox: 1.3311
2025/06/23 02:12:31 - mmengine - INFO - Epoch(train) [14][2400/9162]  lr: 2.0000e-03  eta: 19:32:40  time: 0.7520  data_time: 0.1049  memory: 1708  loss: 4.1194  loss_cls: 2.7887  loss_bbox: 1.3307
2025/06/23 02:13:08 - mmengine - INFO - Epoch(train) [14][2450/9162]  lr: 2.0000e-03  eta: 19:32:06  time: 0.7528  data_time: 0.1161  memory: 1708  loss: 4.2302  loss_cls: 2.8357  loss_bbox: 1.3945
2025/06/23 02:13:46 - mmengine - INFO - Epoch(train) [14][2500/9162]  lr: 2.0000e-03  eta: 19:31:32  time: 0.7467  data_time: 0.0954  memory: 1708  loss: 4.1229  loss_cls: 2.7710  loss_bbox: 1.3519
2025/06/23 02:14:23 - mmengine - INFO - Epoch(train) [14][2550/9162]  lr: 2.0000e-03  eta: 19:30:57  time: 0.7511  data_time: 0.1009  memory: 1708  loss: 4.1141  loss_cls: 2.7803  loss_bbox: 1.3339
2025/06/23 02:14:58 - mmengine - INFO - Epoch(train) [14][2600/9162]  lr: 2.0000e-03  eta: 19:30:21  time: 0.6939  data_time: 0.0598  memory: 1708  loss: 4.0891  loss_cls: 2.7703  loss_bbox: 1.3188
2025/06/23 02:15:34 - mmengine - INFO - Epoch(train) [14][2650/9162]  lr: 2.0000e-03  eta: 19:29:45  time: 0.7130  data_time: 0.0780  memory: 1708  loss: 4.0461  loss_cls: 2.7590  loss_bbox: 1.2871
2025/06/23 02:16:08 - mmengine - INFO - Epoch(train) [14][2700/9162]  lr: 2.0000e-03  eta: 19:29:08  time: 0.6748  data_time: 0.0755  memory: 1708  loss: 4.1917  loss_cls: 2.8214  loss_bbox: 1.3702
2025/06/23 02:16:46 - mmengine - INFO - Epoch(train) [14][2750/9162]  lr: 2.0000e-03  eta: 19:28:34  time: 0.7622  data_time: 0.0999  memory: 1708  loss: 4.0230  loss_cls: 2.7486  loss_bbox: 1.2744
2025/06/23 02:17:24 - mmengine - INFO - Epoch(train) [14][2800/9162]  lr: 2.0000e-03  eta: 19:28:00  time: 0.7613  data_time: 0.0987  memory: 1708  loss: 4.0933  loss_cls: 2.7470  loss_bbox: 1.3463
2025/06/23 02:18:03 - mmengine - INFO - Epoch(train) [14][2850/9162]  lr: 2.0000e-03  eta: 19:27:26  time: 0.7734  data_time: 0.1125  memory: 1708  loss: 4.2194  loss_cls: 2.7794  loss_bbox: 1.4401
2025/06/23 02:18:36 - mmengine - INFO - Exp name: ssd300_coco_20250622_013555
2025/06/23 02:18:40 - mmengine - INFO - Epoch(train) [14][2900/9162]  lr: 2.0000e-03  eta: 19:26:52  time: 0.7508  data_time: 0.1093  memory: 1708  loss: 4.0013  loss_cls: 2.7190  loss_bbox: 1.2823
2025/06/23 02:19:16 - mmengine - INFO - Epoch(train) [14][2950/9162]  lr: 2.0000e-03  eta: 19:26:16  time: 0.7041  data_time: 0.1074  memory: 1708  loss: 4.1274  loss_cls: 2.7926  loss_bbox: 1.3347
2025/06/23 02:19:50 - mmengine - INFO - Epoch(train) [14][3000/9162]  lr: 2.0000e-03  eta: 19:25:39  time: 0.6876  data_time: 0.1065  memory: 1708  loss: 4.0849  loss_cls: 2.7449  loss_bbox: 1.3400
2025/06/23 02:20:24 - mmengine - INFO - Epoch(train) [14][3050/9162]  lr: 2.0000e-03  eta: 19:25:02  time: 0.6866  data_time: 0.0695  memory: 1708  loss: 4.1056  loss_cls: 2.8094  loss_bbox: 1.2962
2025/06/23 02:20:59 - mmengine - INFO - Epoch(train) [14][3100/9162]  lr: 2.0000e-03  eta: 19:24:26  time: 0.6980  data_time: 0.0948  memory: 1708  loss: 4.1464  loss_cls: 2.7638  loss_bbox: 1.3826
2025/06/23 02:21:34 - mmengine - INFO - Epoch(train) [14][3150/9162]  lr: 2.0000e-03  eta: 19:23:49  time: 0.7011  data_time: 0.0874  memory: 1708  loss: 4.1367  loss_cls: 2.7693  loss_bbox: 1.3674
2025/06/23 02:22:09 - mmengine - INFO - Epoch(train) [14][3200/9162]  lr: 2.0000e-03  eta: 19:23:12  time: 0.6871  data_time: 0.0812  memory: 1708  loss: 4.0689  loss_cls: 2.7251  loss_bbox: 1.3437
2025/06/23 02:22:43 - mmengine - INFO - Epoch(train) [14][3250/9162]  lr: 2.0000e-03  eta: 19:22:35  time: 0.6829  data_time: 0.0865  memory: 1708  loss: 4.1423  loss_cls: 2.7893  loss_bbox: 1.3530
2025/06/23 02:23:17 - mmengine - INFO - Epoch(train) [14][3300/9162]  lr: 2.0000e-03  eta: 19:21:58  time: 0.6731  data_time: 0.0794  memory: 1708  loss: 4.1646  loss_cls: 2.7750  loss_bbox: 1.3896
2025/06/23 02:23:51 - mmengine - INFO - Epoch(train) [14][3350/9162]  lr: 2.0000e-03  eta: 19:21:21  time: 0.6757  data_time: 0.0801  memory: 1708  loss: 4.0188  loss_cls: 2.7159  loss_bbox: 1.3029
2025/06/23 02:24:24 - mmengine - INFO - Epoch(train) [14][3400/9162]  lr: 2.0000e-03  eta: 19:20:43  time: 0.6689  data_time: 0.0780  memory: 1708  loss: 4.1469  loss_cls: 2.7518  loss_bbox: 1.3951
2025/06/23 02:24:57 - mmengine - INFO - Epoch(train) [14][3450/9162]  lr: 2.0000e-03  eta: 19:20:05  time: 0.6647  data_time: 0.0878  memory: 1708  loss: 4.1382  loss_cls: 2.7819  loss_bbox: 1.3563
2025/06/23 02:25:32 - mmengine - INFO - Epoch(train) [14][3500/9162]  lr: 2.0000e-03  eta: 19:19:29  time: 0.6988  data_time: 0.1137  memory: 1708  loss: 4.1412  loss_cls: 2.7682  loss_bbox: 1.3730
2025/06/23 02:26:06 - mmengine - INFO - Epoch(train) [14][3550/9162]  lr: 2.0000e-03  eta: 19:18:52  time: 0.6798  data_time: 0.0819  memory: 1708  loss: 4.1571  loss_cls: 2.7724  loss_bbox: 1.3847
2025/06/23 02:26:40 - mmengine - INFO - Epoch(train) [14][3600/9162]  lr: 2.0000e-03  eta: 19:18:14  time: 0.6773  data_time: 0.0840  memory: 1708  loss: 4.1528  loss_cls: 2.7868  loss_bbox: 1.3660
2025/06/23 02:27:14 - mmengine - INFO - Epoch(train) [14][3650/9162]  lr: 2.0000e-03  eta: 19:17:37  time: 0.6660  data_time: 0.0749  memory: 1708  loss: 4.1608  loss_cls: 2.8097  loss_bbox: 1.3511
2025/06/23 02:27:47 - mmengine - INFO - Epoch(train) [14][3700/9162]  lr: 2.0000e-03  eta: 19:16:59  time: 0.6728  data_time: 0.0728  memory: 1708  loss: 4.1378  loss_cls: 2.7871  loss_bbox: 1.3507
2025/06/23 02:28:22 - mmengine - INFO - Epoch(train) [14][3750/9162]  lr: 2.0000e-03  eta: 19:16:23  time: 0.7026  data_time: 0.1061  memory: 1708  loss: 4.0346  loss_cls: 2.7139  loss_bbox: 1.3208
2025/06/23 02:28:57 - mmengine - INFO - Epoch(train) [14][3800/9162]  lr: 2.0000e-03  eta: 19:15:46  time: 0.6834  data_time: 0.0836  memory: 1708  loss: 4.1711  loss_cls: 2.7971  loss_bbox: 1.3740
2025/06/23 02:29:32 - mmengine - INFO - Epoch(train) [14][3850/9162]  lr: 2.0000e-03  eta: 19:15:10  time: 0.7009  data_time: 0.1095  memory: 1708  loss: 4.1128  loss_cls: 2.7788  loss_bbox: 1.3340
2025/06/23 02:30:02 - mmengine - INFO - Exp name: ssd300_coco_20250622_013555
2025/06/23 02:30:06 - mmengine - INFO - Epoch(train) [14][3900/9162]  lr: 2.0000e-03  eta: 19:14:32  time: 0.6764  data_time: 0.0768  memory: 1708  loss: 4.1814  loss_cls: 2.7890  loss_bbox: 1.3924
2025/06/23 02:30:38 - mmengine - INFO - Epoch(train) [14][3950/9162]  lr: 2.0000e-03  eta: 19:13:54  time: 0.6384  data_time: 0.0577  memory: 1708  loss: 4.0914  loss_cls: 2.7774  loss_bbox: 1.3140
2025/06/23 02:31:13 - mmengine - INFO - Epoch(train) [14][4000/9162]  lr: 2.0000e-03  eta: 19:13:17  time: 0.6976  data_time: 0.1082  memory: 1708  loss: 4.1715  loss_cls: 2.7735  loss_bbox: 1.3980
2025/06/23 02:31:48 - mmengine - INFO - Epoch(train) [14][4050/9162]  lr: 2.0000e-03  eta: 19:12:41  time: 0.7064  data_time: 0.1051  memory: 1708  loss: 4.2131  loss_cls: 2.7956  loss_bbox: 1.4175
2025/06/23 02:32:22 - mmengine - INFO - Epoch(train) [14][4100/9162]  lr: 2.0000e-03  eta: 19:12:04  time: 0.6912  data_time: 0.1027  memory: 1708  loss: 4.0134  loss_cls: 2.7293  loss_bbox: 1.2841
2025/06/23 02:32:57 - mmengine - INFO - Epoch(train) [14][4150/9162]  lr: 2.0000e-03  eta: 19:11:27  time: 0.6840  data_time: 0.0967  memory: 1708  loss: 4.1892  loss_cls: 2.8307  loss_bbox: 1.3585
2025/06/23 02:33:31 - mmengine - INFO - Epoch(train) [14][4200/9162]  lr: 2.0000e-03  eta: 19:10:51  time: 0.6935  data_time: 0.1073  memory: 1708  loss: 4.2966  loss_cls: 2.8802  loss_bbox: 1.4164
2025/06/23 02:34:06 - mmengine - INFO - Epoch(train) [14][4250/9162]  lr: 2.0000e-03  eta: 19:10:14  time: 0.6910  data_time: 0.1058  memory: 1708  loss: 4.0930  loss_cls: 2.7541  loss_bbox: 1.3389
2025/06/23 02:34:41 - mmengine - INFO - Epoch(train) [14][4300/9162]  lr: 2.0000e-03  eta: 19:09:38  time: 0.6925  data_time: 0.1018  memory: 1708  loss: 4.1320  loss_cls: 2.7696  loss_bbox: 1.3623
2025/06/23 02:35:15 - mmengine - INFO - Epoch(train) [14][4350/9162]  lr: 2.0000e-03  eta: 19:09:01  time: 0.6931  data_time: 0.1087  memory: 1708  loss: 4.2526  loss_cls: 2.8729  loss_bbox: 1.3797
2025/06/23 02:35:50 - mmengine - INFO - Epoch(train) [14][4400/9162]  lr: 2.0000e-03  eta: 19:08:24  time: 0.6940  data_time: 0.0971  memory: 1708  loss: 4.1105  loss_cls: 2.7875  loss_bbox: 1.3230
2025/06/23 02:36:25 - mmengine - INFO - Epoch(train) [14][4450/9162]  lr: 2.0000e-03  eta: 19:07:48  time: 0.7000  data_time: 0.1134  memory: 1708  loss: 4.1607  loss_cls: 2.7968  loss_bbox: 1.3640
2025/06/23 02:36:59 - mmengine - INFO - Epoch(train) [14][4500/9162]  lr: 2.0000e-03  eta: 19:07:11  time: 0.6752  data_time: 0.0742  memory: 1708  loss: 4.0252  loss_cls: 2.7189  loss_bbox: 1.3063
2025/06/23 02:37:30 - mmengine - INFO - Epoch(train) [14][4550/9162]  lr: 2.0000e-03  eta: 19:06:32  time: 0.6282  data_time: 0.0550  memory: 1708  loss: 4.0269  loss_cls: 2.7156  loss_bbox: 1.3113
2025/06/23 02:38:04 - mmengine - INFO - Epoch(train) [14][4600/9162]  lr: 2.0000e-03  eta: 19:05:54  time: 0.6614  data_time: 0.0786  memory: 1708  loss: 4.0976  loss_cls: 2.8073  loss_bbox: 1.2903
2025/06/23 02:38:35 - mmengine - INFO - Epoch(train) [14][4650/9162]  lr: 2.0000e-03  eta: 19:05:15  time: 0.6287  data_time: 0.0471  memory: 1708  loss: 4.0137  loss_cls: 2.7254  loss_bbox: 1.2883
2025/06/23 02:39:05 - mmengine - INFO - Epoch(train) [14][4700/9162]  lr: 2.0000e-03  eta: 19:04:35  time: 0.5992  data_time: 0.0304  memory: 1708  loss: 4.2241  loss_cls: 2.8536  loss_bbox: 1.3705
2025/06/23 02:39:35 - mmengine - INFO - Epoch(train) [14][4750/9162]  lr: 2.0000e-03  eta: 19:03:54  time: 0.5997  data_time: 0.0293  memory: 1708  loss: 4.2128  loss_cls: 2.8119  loss_bbox: 1.4010
2025/06/23 02:40:05 - mmengine - INFO - Epoch(train) [14][4800/9162]  lr: 2.0000e-03  eta: 19:03:14  time: 0.5983  data_time: 0.0312  memory: 1708  loss: 4.1334  loss_cls: 2.7963  loss_bbox: 1.3371
2025/06/23 02:40:36 - mmengine - INFO - Epoch(train) [14][4850/9162]  lr: 2.0000e-03  eta: 19:02:35  time: 0.6270  data_time: 0.0438  memory: 1708  loss: 4.0540  loss_cls: 2.7021  loss_bbox: 1.3519
2025/06/23 02:41:03 - mmengine - INFO - Exp name: ssd300_coco_20250622_013555
2025/06/23 02:41:07 - mmengine - INFO - Epoch(train) [14][4900/9162]  lr: 2.0000e-03  eta: 19:01:55  time: 0.6059  data_time: 0.0347  memory: 1708  loss: 4.1838  loss_cls: 2.7988  loss_bbox: 1.3849
2025/06/23 02:41:37 - mmengine - INFO - Epoch(train) [14][4950/9162]  lr: 2.0000e-03  eta: 19:01:15  time: 0.6069  data_time: 0.0323  memory: 1708  loss: 4.0719  loss_cls: 2.7441  loss_bbox: 1.3278
2025/06/23 02:42:07 - mmengine - INFO - Epoch(train) [14][5000/9162]  lr: 2.0000e-03  eta: 19:00:35  time: 0.6035  data_time: 0.0341  memory: 1708  loss: 4.1165  loss_cls: 2.7705  loss_bbox: 1.3460
2025/06/23 02:42:38 - mmengine - INFO - Epoch(train) [14][5050/9162]  lr: 2.0000e-03  eta: 18:59:55  time: 0.6089  data_time: 0.0296  memory: 1708  loss: 4.1117  loss_cls: 2.7815  loss_bbox: 1.3302
2025/06/23 02:43:08 - mmengine - INFO - Epoch(train) [14][5100/9162]  lr: 2.0000e-03  eta: 18:59:16  time: 0.6074  data_time: 0.0344  memory: 1708  loss: 4.1371  loss_cls: 2.8049  loss_bbox: 1.3322
2025/06/23 02:43:40 - mmengine - INFO - Epoch(train) [14][5150/9162]  lr: 2.0000e-03  eta: 18:58:37  time: 0.6288  data_time: 0.0396  memory: 1708  loss: 4.1320  loss_cls: 2.7501  loss_bbox: 1.3819
2025/06/23 02:44:12 - mmengine - INFO - Epoch(train) [14][5200/9162]  lr: 2.0000e-03  eta: 18:57:58  time: 0.6404  data_time: 0.0643  memory: 1708  loss: 4.1248  loss_cls: 2.7651  loss_bbox: 1.3597
2025/06/23 02:44:43 - mmengine - INFO - Epoch(train) [14][5250/9162]  lr: 2.0000e-03  eta: 18:57:19  time: 0.6250  data_time: 0.0364  memory: 1708  loss: 4.2302  loss_cls: 2.8437  loss_bbox: 1.3865
2025/06/23 02:45:17 - mmengine - INFO - Epoch(train) [14][5300/9162]  lr: 2.0000e-03  eta: 18:56:42  time: 0.6784  data_time: 0.0310  memory: 1708  loss: 4.0980  loss_cls: 2.7562  loss_bbox: 1.3419
2025/06/23 02:45:49 - mmengine - INFO - Epoch(train) [14][5350/9162]  lr: 2.0000e-03  eta: 18:56:03  time: 0.6434  data_time: 0.0321  memory: 1708  loss: 4.0828  loss_cls: 2.7557  loss_bbox: 1.3272
2025/06/23 02:46:23 - mmengine - INFO - Epoch(train) [14][5400/9162]  lr: 2.0000e-03  eta: 18:55:26  time: 0.6764  data_time: 0.0318  memory: 1708  loss: 4.0945  loss_cls: 2.7489  loss_bbox: 1.3455
2025/06/23 02:46:56 - mmengine - INFO - Epoch(train) [14][5450/9162]  lr: 2.0000e-03  eta: 18:54:48  time: 0.6502  data_time: 0.0328  memory: 1708  loss: 4.1091  loss_cls: 2.7477  loss_bbox: 1.3614
2025/06/23 02:47:29 - mmengine - INFO - Epoch(train) [14][5500/9162]  lr: 2.0000e-03  eta: 18:54:10  time: 0.6678  data_time: 0.0301  memory: 1708  loss: 4.1765  loss_cls: 2.8138  loss_bbox: 1.3627
2025/06/23 02:48:03 - mmengine - INFO - Epoch(train) [14][5550/9162]  lr: 2.0000e-03  eta: 18:53:33  time: 0.6701  data_time: 0.0318  memory: 1708  loss: 4.2235  loss_cls: 2.8152  loss_bbox: 1.4083
2025/06/23 02:48:37 - mmengine - INFO - Epoch(train) [14][5600/9162]  lr: 2.0000e-03  eta: 18:52:56  time: 0.6777  data_time: 0.0311  memory: 1708  loss: 4.0187  loss_cls: 2.7152  loss_bbox: 1.3035
2025/06/23 02:49:11 - mmengine - INFO - Epoch(train) [14][5650/9162]  lr: 2.0000e-03  eta: 18:52:19  time: 0.6778  data_time: 0.0307  memory: 1708  loss: 4.0032  loss_cls: 2.6979  loss_bbox: 1.3053
2025/06/23 02:49:43 - mmengine - INFO - Epoch(train) [14][5700/9162]  lr: 2.0000e-03  eta: 18:51:41  time: 0.6493  data_time: 0.0323  memory: 1708  loss: 4.2031  loss_cls: 2.8081  loss_bbox: 1.3950
2025/06/23 02:50:17 - mmengine - INFO - Epoch(train) [14][5750/9162]  lr: 2.0000e-03  eta: 18:51:04  time: 0.6818  data_time: 0.0324  memory: 1708  loss: 4.1279  loss_cls: 2.7572  loss_bbox: 1.3707
2025/06/23 02:50:51 - mmengine - INFO - Epoch(train) [14][5800/9162]  lr: 2.0000e-03  eta: 18:50:27  time: 0.6777  data_time: 0.0296  memory: 1708  loss: 4.1707  loss_cls: 2.8156  loss_bbox: 1.3551
2025/06/23 02:51:23 - mmengine - INFO - Epoch(train) [14][5850/9162]  lr: 2.0000e-03  eta: 18:49:48  time: 0.6292  data_time: 0.0297  memory: 1708  loss: 4.0722  loss_cls: 2.7927  loss_bbox: 1.2795
2025/06/23 02:51:49 - mmengine - INFO - Exp name: ssd300_coco_20250622_013555
2025/06/23 02:51:53 - mmengine - INFO - Epoch(train) [14][5900/9162]  lr: 2.0000e-03  eta: 18:49:08  time: 0.6019  data_time: 0.0297  memory: 1708  loss: 4.1566  loss_cls: 2.8147  loss_bbox: 1.3419
2025/06/23 02:52:24 - mmengine - INFO - Epoch(train) [14][5950/9162]  lr: 2.0000e-03  eta: 18:48:29  time: 0.6269  data_time: 0.0322  memory: 1708  loss: 4.0617  loss_cls: 2.7463  loss_bbox: 1.3154
2025/06/23 02:52:55 - mmengine - INFO - Epoch(train) [14][6000/9162]  lr: 2.0000e-03  eta: 18:47:49  time: 0.6146  data_time: 0.0390  memory: 1708  loss: 4.0991  loss_cls: 2.7642  loss_bbox: 1.3349
2025/06/23 02:53:25 - mmengine - INFO - Epoch(train) [14][6050/9162]  lr: 2.0000e-03  eta: 18:47:09  time: 0.6005  data_time: 0.0301  memory: 1708  loss: 3.9823  loss_cls: 2.6588  loss_bbox: 1.3235
2025/06/23 02:53:56 - mmengine - INFO - Epoch(train) [14][6100/9162]  lr: 2.0000e-03  eta: 18:46:30  time: 0.6073  data_time: 0.0298  memory: 1708  loss: 4.0432  loss_cls: 2.7647  loss_bbox: 1.2784
2025/06/23 02:54:29 - mmengine - INFO - Epoch(train) [14][6150/9162]  lr: 2.0000e-03  eta: 18:45:52  time: 0.6709  data_time: 0.0298  memory: 1708  loss: 4.0462  loss_cls: 2.7322  loss_bbox: 1.3140
2025/06/23 02:55:04 - mmengine - INFO - Epoch(train) [14][6200/9162]  lr: 2.0000e-03  eta: 18:45:16  time: 0.6920  data_time: 0.0295  memory: 1708  loss: 4.1221  loss_cls: 2.7678  loss_bbox: 1.3542
2025/06/23 02:55:37 - mmengine - INFO - Epoch(train) [14][6250/9162]  lr: 2.0000e-03  eta: 18:44:38  time: 0.6515  data_time: 0.0301  memory: 1708  loss: 4.1993  loss_cls: 2.8120  loss_bbox: 1.3873
2025/06/23 02:56:10 - mmengine - INFO - Epoch(train) [14][6300/9162]  lr: 2.0000e-03  eta: 18:44:00  time: 0.6598  data_time: 0.0292  memory: 1708  loss: 4.1839  loss_cls: 2.7922  loss_bbox: 1.3917
2025/06/23 02:56:43 - mmengine - INFO - Epoch(train) [14][6350/9162]  lr: 2.0000e-03  eta: 18:43:23  time: 0.6695  data_time: 0.0303  memory: 1708  loss: 4.1109  loss_cls: 2.7767  loss_bbox: 1.3342
2025/06/23 02:57:16 - mmengine - INFO - Epoch(train) [14][6400/9162]  lr: 2.0000e-03  eta: 18:42:45  time: 0.6661  data_time: 0.0313  memory: 1708  loss: 4.1754  loss_cls: 2.8179  loss_bbox: 1.3575
2025/06/23 02:57:50 - mmengine - INFO - Epoch(train) [14][6450/9162]  lr: 2.0000e-03  eta: 18:42:08  time: 0.6689  data_time: 0.0312  memory: 1708  loss: 4.1582  loss_cls: 2.7840  loss_bbox: 1.3742
2025/06/23 02:58:23 - mmengine - INFO - Epoch(train) [14][6500/9162]  lr: 2.0000e-03  eta: 18:41:30  time: 0.6621  data_time: 0.0290  memory: 1708  loss: 4.1147  loss_cls: 2.7537  loss_bbox: 1.3610
2025/06/23 02:59:00 - mmengine - INFO - Epoch(train) [14][6550/9162]  lr: 2.0000e-03  eta: 18:40:55  time: 0.7390  data_time: 0.0901  memory: 1708  loss: 4.0791  loss_cls: 2.7436  loss_bbox: 1.3354
2025/06/23 02:59:38 - mmengine - INFO - Epoch(train) [14][6600/9162]  lr: 2.0000e-03  eta: 18:40:21  time: 0.7617  data_time: 0.1557  memory: 1708  loss: 4.1019  loss_cls: 2.7416  loss_bbox: 1.3603
2025/06/23 03:00:16 - mmengine - INFO - Epoch(train) [14][6650/9162]  lr: 2.0000e-03  eta: 18:39:47  time: 0.7465  data_time: 0.1159  memory: 1708  loss: 4.1289  loss_cls: 2.8072  loss_bbox: 1.3217
2025/06/23 03:00:53 - mmengine - INFO - Epoch(train) [14][6700/9162]  lr: 2.0000e-03  eta: 18:39:12  time: 0.7420  data_time: 0.1274  memory: 1708  loss: 4.1280  loss_cls: 2.7928  loss_bbox: 1.3352
2025/06/23 03:01:30 - mmengine - INFO - Epoch(train) [14][6750/9162]  lr: 2.0000e-03  eta: 18:38:38  time: 0.7477  data_time: 0.1406  memory: 1708  loss: 4.1120  loss_cls: 2.7855  loss_bbox: 1.3264
2025/06/23 03:02:07 - mmengine - INFO - Epoch(train) [14][6800/9162]  lr: 2.0000e-03  eta: 18:38:03  time: 0.7413  data_time: 0.1295  memory: 1708  loss: 4.1976  loss_cls: 2.7953  loss_bbox: 1.4023
2025/06/23 03:02:44 - mmengine - INFO - Epoch(train) [14][6850/9162]  lr: 2.0000e-03  eta: 18:37:29  time: 0.7410  data_time: 0.1082  memory: 1708  loss: 4.1016  loss_cls: 2.7493  loss_bbox: 1.3523
2025/06/23 03:03:17 - mmengine - INFO - Exp name: ssd300_coco_20250622_013555
2025/06/23 03:03:21 - mmengine - INFO - Epoch(train) [14][6900/9162]  lr: 2.0000e-03  eta: 18:36:54  time: 0.7389  data_time: 0.1269  memory: 1708  loss: 4.1850  loss_cls: 2.8172  loss_bbox: 1.3678
2025/06/23 03:03:59 - mmengine - INFO - Epoch(train) [14][6950/9162]  lr: 2.0000e-03  eta: 18:36:19  time: 0.7396  data_time: 0.1293  memory: 1708  loss: 4.2229  loss_cls: 2.8521  loss_bbox: 1.3708
2025/06/23 03:04:36 - mmengine - INFO - Epoch(train) [14][7000/9162]  lr: 2.0000e-03  eta: 18:35:44  time: 0.7412  data_time: 0.1405  memory: 1708  loss: 4.0973  loss_cls: 2.7954  loss_bbox: 1.3019
2025/06/23 03:05:13 - mmengine - INFO - Epoch(train) [14][7050/9162]  lr: 2.0000e-03  eta: 18:35:10  time: 0.7399  data_time: 0.1239  memory: 1708  loss: 4.0117  loss_cls: 2.7176  loss_bbox: 1.2941
2025/06/23 03:05:50 - mmengine - INFO - Epoch(train) [14][7100/9162]  lr: 2.0000e-03  eta: 18:34:36  time: 0.7537  data_time: 0.1325  memory: 1708  loss: 4.0662  loss_cls: 2.7151  loss_bbox: 1.3511
2025/06/23 03:06:28 - mmengine - INFO - Epoch(train) [14][7150/9162]  lr: 2.0000e-03  eta: 18:34:01  time: 0.7558  data_time: 0.1386  memory: 1708  loss: 3.9578  loss_cls: 2.6551  loss_bbox: 1.3027
2025/06/23 03:07:05 - mmengine - INFO - Epoch(train) [14][7200/9162]  lr: 2.0000e-03  eta: 18:33:26  time: 0.7339  data_time: 0.0974  memory: 1708  loss: 4.0675  loss_cls: 2.7078  loss_bbox: 1.3597
2025/06/23 03:07:42 - mmengine - INFO - Epoch(train) [14][7250/9162]  lr: 2.0000e-03  eta: 18:32:52  time: 0.7476  data_time: 0.1275  memory: 1708  loss: 4.0299  loss_cls: 2.7045  loss_bbox: 1.3254
2025/06/23 03:08:20 - mmengine - INFO - Epoch(train) [14][7300/9162]  lr: 2.0000e-03  eta: 18:32:18  time: 0.7530  data_time: 0.1118  memory: 1708  loss: 4.1806  loss_cls: 2.8364  loss_bbox: 1.3442
2025/06/23 03:08:57 - mmengine - INFO - Epoch(train) [14][7350/9162]  lr: 2.0000e-03  eta: 18:31:43  time: 0.7273  data_time: 0.0825  memory: 1708  loss: 4.1838  loss_cls: 2.8176  loss_bbox: 1.3662
2025/06/23 03:09:34 - mmengine - INFO - Epoch(train) [14][7400/9162]  lr: 2.0000e-03  eta: 18:31:08  time: 0.7433  data_time: 0.1068  memory: 1708  loss: 4.1431  loss_cls: 2.7489  loss_bbox: 1.3942
2025/06/23 03:10:11 - mmengine - INFO - Epoch(train) [14][7450/9162]  lr: 2.0000e-03  eta: 18:30:33  time: 0.7412  data_time: 0.1102  memory: 1708  loss: 4.0902  loss_cls: 2.7420  loss_bbox: 1.3481
2025/06/23 03:10:49 - mmengine - INFO - Epoch(train) [14][7500/9162]  lr: 2.0000e-03  eta: 18:29:59  time: 0.7509  data_time: 0.0949  memory: 1708  loss: 4.2431  loss_cls: 2.8249  loss_bbox: 1.4183
2025/06/23 03:11:26 - mmengine - INFO - Epoch(train) [14][7550/9162]  lr: 2.0000e-03  eta: 18:29:25  time: 0.7505  data_time: 0.1101  memory: 1708  loss: 4.0504  loss_cls: 2.7188  loss_bbox: 1.3316
2025/06/23 03:12:04 - mmengine - INFO - Epoch(train) [14][7600/9162]  lr: 2.0000e-03  eta: 18:28:50  time: 0.7490  data_time: 0.1282  memory: 1708  loss: 4.1202  loss_cls: 2.7633  loss_bbox: 1.3569
2025/06/23 03:12:41 - mmengine - INFO - Epoch(train) [14][7650/9162]  lr: 2.0000e-03  eta: 18:28:16  time: 0.7481  data_time: 0.1164  memory: 1708  loss: 4.1141  loss_cls: 2.7887  loss_bbox: 1.3254
2025/06/23 03:13:19 - mmengine - INFO - Epoch(train) [14][7700/9162]  lr: 2.0000e-03  eta: 18:27:42  time: 0.7605  data_time: 0.1236  memory: 1708  loss: 4.0409  loss_cls: 2.7839  loss_bbox: 1.2570
2025/06/23 03:13:57 - mmengine - INFO - Epoch(train) [14][7750/9162]  lr: 2.0000e-03  eta: 18:27:08  time: 0.7620  data_time: 0.1452  memory: 1708  loss: 4.1667  loss_cls: 2.8506  loss_bbox: 1.3161
2025/06/23 03:14:35 - mmengine - INFO - Epoch(train) [14][7800/9162]  lr: 2.0000e-03  eta: 18:26:34  time: 0.7604  data_time: 0.1371  memory: 1708  loss: 4.1711  loss_cls: 2.7943  loss_bbox: 1.3768
2025/06/23 03:15:13 - mmengine - INFO - Epoch(train) [14][7850/9162]  lr: 2.0000e-03  eta: 18:25:59  time: 0.7501  data_time: 0.1371  memory: 1708  loss: 4.1032  loss_cls: 2.7409  loss_bbox: 1.3623
2025/06/23 03:15:46 - mmengine - INFO - Exp name: ssd300_coco_20250622_013555
2025/06/23 03:15:51 - mmengine - INFO - Epoch(train) [14][7900/9162]  lr: 2.0000e-03  eta: 18:25:25  time: 0.7492  data_time: 0.1332  memory: 1708  loss: 4.1249  loss_cls: 2.7437  loss_bbox: 1.3812
2025/06/23 03:16:28 - mmengine - INFO - Epoch(train) [14][7950/9162]  lr: 2.0000e-03  eta: 18:24:50  time: 0.7449  data_time: 0.1423  memory: 1708  loss: 4.1264  loss_cls: 2.7895  loss_bbox: 1.3369
2025/06/23 03:17:05 - mmengine - INFO - Epoch(train) [14][8000/9162]  lr: 2.0000e-03  eta: 18:24:16  time: 0.7440  data_time: 0.1328  memory: 1708  loss: 4.1469  loss_cls: 2.7577  loss_bbox: 1.3892
2025/06/23 03:17:43 - mmengine - INFO - Epoch(train) [14][8050/9162]  lr: 2.0000e-03  eta: 18:23:41  time: 0.7486  data_time: 0.1202  memory: 1708  loss: 4.0432  loss_cls: 2.7122  loss_bbox: 1.3310
2025/06/23 03:18:20 - mmengine - INFO - Epoch(train) [14][8100/9162]  lr: 2.0000e-03  eta: 18:23:07  time: 0.7480  data_time: 0.1067  memory: 1708  loss: 4.0115  loss_cls: 2.7367  loss_bbox: 1.2748
2025/06/23 03:18:57 - mmengine - INFO - Epoch(train) [14][8150/9162]  lr: 2.0000e-03  eta: 18:22:32  time: 0.7372  data_time: 0.0675  memory: 1708  loss: 4.1220  loss_cls: 2.7919  loss_bbox: 1.3301
2025/06/23 03:19:34 - mmengine - INFO - Epoch(train) [14][8200/9162]  lr: 2.0000e-03  eta: 18:21:57  time: 0.7457  data_time: 0.0990  memory: 1708  loss: 4.1082  loss_cls: 2.7475  loss_bbox: 1.3607
2025/06/23 03:20:12 - mmengine - INFO - Epoch(train) [14][8250/9162]  lr: 2.0000e-03  eta: 18:21:23  time: 0.7514  data_time: 0.1307  memory: 1708  loss: 4.1275  loss_cls: 2.8281  loss_bbox: 1.2993
2025/06/23 03:20:50 - mmengine - INFO - Epoch(train) [14][8300/9162]  lr: 2.0000e-03  eta: 18:20:49  time: 0.7639  data_time: 0.1315  memory: 1708  loss: 4.1375  loss_cls: 2.7981  loss_bbox: 1.3393
2025/06/23 03:21:28 - mmengine - INFO - Epoch(train) [14][8350/9162]  lr: 2.0000e-03  eta: 18:20:15  time: 0.7560  data_time: 0.1274  memory: 1708  loss: 4.1677  loss_cls: 2.8107  loss_bbox: 1.3570
2025/06/23 03:22:05 - mmengine - INFO - Epoch(train) [14][8400/9162]  lr: 2.0000e-03  eta: 18:19:40  time: 0.7409  data_time: 0.1106  memory: 1708  loss: 4.1709  loss_cls: 2.8108  loss_bbox: 1.3601
2025/06/23 03:22:42 - mmengine - INFO - Epoch(train) [14][8450/9162]  lr: 2.0000e-03  eta: 18:19:05  time: 0.7397  data_time: 0.1223  memory: 1708  loss: 4.1300  loss_cls: 2.7872  loss_bbox: 1.3428
2025/06/23 03:23:19 - mmengine - INFO - Epoch(train) [14][8500/9162]  lr: 2.0000e-03  eta: 18:18:31  time: 0.7425  data_time: 0.1200  memory: 1708  loss: 4.1614  loss_cls: 2.8398  loss_bbox: 1.3216
2025/06/23 03:23:56 - mmengine - INFO - Epoch(train) [14][8550/9162]  lr: 2.0000e-03  eta: 18:17:56  time: 0.7316  data_time: 0.0813  memory: 1708  loss: 4.0708  loss_cls: 2.7516  loss_bbox: 1.3192
2025/06/23 03:24:33 - mmengine - INFO - Epoch(train) [14][8600/9162]  lr: 2.0000e-03  eta: 18:17:21  time: 0.7375  data_time: 0.0924  memory: 1708  loss: 4.0618  loss_cls: 2.7627  loss_bbox: 1.2991
2025/06/23 03:25:10 - mmengine - INFO - Epoch(train) [14][8650/9162]  lr: 2.0000e-03  eta: 18:16:46  time: 0.7436  data_time: 0.1081  memory: 1708  loss: 4.1273  loss_cls: 2.7576  loss_bbox: 1.3697
2025/06/23 03:25:47 - mmengine - INFO - Epoch(train) [14][8700/9162]  lr: 2.0000e-03  eta: 18:16:11  time: 0.7435  data_time: 0.0835  memory: 1708  loss: 4.0244  loss_cls: 2.7279  loss_bbox: 1.2964
2025/06/23 03:26:26 - mmengine - INFO - Epoch(train) [14][8750/9162]  lr: 2.0000e-03  eta: 18:15:38  time: 0.7643  data_time: 0.1434  memory: 1708  loss: 4.0263  loss_cls: 2.7213  loss_bbox: 1.3050
2025/06/23 03:27:04 - mmengine - INFO - Epoch(train) [14][8800/9162]  lr: 2.0000e-03  eta: 18:15:03  time: 0.7538  data_time: 0.1229  memory: 1708  loss: 4.2179  loss_cls: 2.8272  loss_bbox: 1.3907
2025/06/23 03:27:41 - mmengine - INFO - Epoch(train) [14][8850/9162]  lr: 2.0000e-03  eta: 18:14:29  time: 0.7449  data_time: 0.0882  memory: 1708  loss: 4.1896  loss_cls: 2.8340  loss_bbox: 1.3556
2025/06/23 03:28:14 - mmengine - INFO - Exp name: ssd300_coco_20250622_013555
2025/06/23 03:28:18 - mmengine - INFO - Epoch(train) [14][8900/9162]  lr: 2.0000e-03  eta: 18:13:54  time: 0.7421  data_time: 0.1157  memory: 1708  loss: 4.1338  loss_cls: 2.7728  loss_bbox: 1.3611
2025/06/23 03:28:55 - mmengine - INFO - Epoch(train) [14][8950/9162]  lr: 2.0000e-03  eta: 18:13:19  time: 0.7386  data_time: 0.1059  memory: 1708  loss: 4.1494  loss_cls: 2.7826  loss_bbox: 1.3668
2025/06/23 03:29:32 - mmengine - INFO - Epoch(train) [14][9000/9162]  lr: 2.0000e-03  eta: 18:12:44  time: 0.7400  data_time: 0.1367  memory: 1708  loss: 4.0998  loss_cls: 2.7977  loss_bbox: 1.3021
2025/06/23 03:30:09 - mmengine - INFO - Epoch(train) [14][9050/9162]  lr: 2.0000e-03  eta: 18:12:10  time: 0.7442  data_time: 0.1200  memory: 1708  loss: 4.2098  loss_cls: 2.7828  loss_bbox: 1.4270
2025/06/23 03:30:46 - mmengine - INFO - Epoch(train) [14][9100/9162]  lr: 2.0000e-03  eta: 18:11:35  time: 0.7402  data_time: 0.1243  memory: 1708  loss: 4.1018  loss_cls: 2.7773  loss_bbox: 1.3245
2025/06/23 03:31:23 - mmengine - INFO - Epoch(train) [14][9150/9162]  lr: 2.0000e-03  eta: 18:11:00  time: 0.7384  data_time: 0.1171  memory: 1708  loss: 4.0566  loss_cls: 2.7465  loss_bbox: 1.3101
2025/06/23 03:31:32 - mmengine - INFO - Exp name: ssd300_coco_20250622_013555
2025/06/23 03:31:32 - mmengine - INFO - Saving checkpoint at 14 epochs
2025/06/23 03:31:46 - mmengine - INFO - Epoch(val) [14][ 50/157]    eta: 0:00:26  time: 0.2504  data_time: 0.0431  memory: 1708  
2025/06/23 03:31:59 - mmengine - INFO - Epoch(val) [14][100/157]    eta: 0:00:14  time: 0.2566  data_time: 0.0484  memory: 851  
2025/06/23 03:32:12 - mmengine - INFO - Epoch(val) [14][150/157]    eta: 0:00:01  time: 0.2704  data_time: 0.0621  memory: 851  
2025/06/23 03:32:33 - mmengine - INFO - Evaluating bbox...
2025/06/23 03:33:31 - mmengine - INFO - bbox_mAP_copypaste: 0.219 0.395 0.223 0.059 0.232 0.356
2025/06/23 03:33:32 - mmengine - INFO - Epoch(val) [14][157/157]    coco/bbox_mAP: 0.2190  coco/bbox_mAP_50: 0.3950  coco/bbox_mAP_75: 0.2230  coco/bbox_mAP_s: 0.0590  coco/bbox_mAP_m: 0.2320  coco/bbox_mAP_l: 0.3560  data_time: 0.0510  time: 0.2570
2025/06/23 03:34:08 - mmengine - INFO - Epoch(train) [15][  50/9162]  lr: 2.0000e-03  eta: 18:10:15  time: 0.7012  data_time: 0.0734  memory: 1708  loss: 4.1923  loss_cls: 2.8191  loss_bbox: 1.3731
2025/06/23 03:34:44 - mmengine - INFO - Epoch(train) [15][ 100/9162]  lr: 2.0000e-03  eta: 18:09:40  time: 0.7256  data_time: 0.1116  memory: 1708  loss: 4.1525  loss_cls: 2.7696  loss_bbox: 1.3829
2025/06/23 03:35:21 - mmengine - INFO - Epoch(train) [15][ 150/9162]  lr: 2.0000e-03  eta: 18:09:05  time: 0.7405  data_time: 0.1265  memory: 1708  loss: 4.2021  loss_cls: 2.8144  loss_bbox: 1.3877
2025/06/23 03:35:58 - mmengine - INFO - Epoch(train) [15][ 200/9162]  lr: 2.0000e-03  eta: 18:08:30  time: 0.7439  data_time: 0.1347  memory: 1708  loss: 4.1211  loss_cls: 2.7515  loss_bbox: 1.3695
2025/06/23 03:36:36 - mmengine - INFO - Epoch(train) [15][ 250/9162]  lr: 2.0000e-03  eta: 18:07:56  time: 0.7478  data_time: 0.1224  memory: 1708  loss: 4.1286  loss_cls: 2.7807  loss_bbox: 1.3478
2025/06/23 03:37:12 - mmengine - INFO - Epoch(train) [15][ 300/9162]  lr: 2.0000e-03  eta: 18:07:21  time: 0.7333  data_time: 0.0881  memory: 1708  loss: 4.0487  loss_cls: 2.7306  loss_bbox: 1.3181
2025/06/23 03:37:50 - mmengine - INFO - Epoch(train) [15][ 350/9162]  lr: 2.0000e-03  eta: 18:06:46  time: 0.7412  data_time: 0.1046  memory: 1708  loss: 4.0844  loss_cls: 2.7542  loss_bbox: 1.3303
2025/06/23 03:38:26 - mmengine - INFO - Epoch(train) [15][ 400/9162]  lr: 2.0000e-03  eta: 18:06:11  time: 0.7367  data_time: 0.1102  memory: 1708  loss: 4.1523  loss_cls: 2.7839  loss_bbox: 1.3684
2025/06/23 03:39:04 - mmengine - INFO - Epoch(train) [15][ 450/9162]  lr: 2.0000e-03  eta: 18:05:36  time: 0.7435  data_time: 0.1345  memory: 1708  loss: 4.0370  loss_cls: 2.7413  loss_bbox: 1.2957
2025/06/23 03:39:41 - mmengine - INFO - Epoch(train) [15][ 500/9162]  lr: 2.0000e-03  eta: 18:05:02  time: 0.7431  data_time: 0.1304  memory: 1708  loss: 3.9670  loss_cls: 2.7007  loss_bbox: 1.2663
2025/06/23 03:40:18 - mmengine - INFO - Epoch(train) [15][ 550/9162]  lr: 2.0000e-03  eta: 18:04:27  time: 0.7389  data_time: 0.1128  memory: 1708  loss: 4.1501  loss_cls: 2.8077  loss_bbox: 1.3424
2025/06/23 03:40:55 - mmengine - INFO - Epoch(train) [15][ 600/9162]  lr: 2.0000e-03  eta: 18:03:52  time: 0.7459  data_time: 0.1314  memory: 1708  loss: 4.0576  loss_cls: 2.7316  loss_bbox: 1.3260
2025/06/23 03:41:33 - mmengine - INFO - Epoch(train) [15][ 650/9162]  lr: 2.0000e-03  eta: 18:03:18  time: 0.7487  data_time: 0.1014  memory: 1708  loss: 4.1108  loss_cls: 2.7402  loss_bbox: 1.3706
2025/06/23 03:42:09 - mmengine - INFO - Epoch(train) [15][ 700/9162]  lr: 2.0000e-03  eta: 18:02:43  time: 0.7294  data_time: 0.1081  memory: 1708  loss: 4.0178  loss_cls: 2.7077  loss_bbox: 1.3101
2025/06/23 03:42:33 - mmengine - INFO - Exp name: ssd300_coco_20250622_013555
2025/06/23 03:42:47 - mmengine - INFO - Epoch(train) [15][ 750/9162]  lr: 2.0000e-03  eta: 18:02:08  time: 0.7501  data_time: 0.1238  memory: 1708  loss: 4.1436  loss_cls: 2.7789  loss_bbox: 1.3648
2025/06/23 03:43:24 - mmengine - INFO - Epoch(train) [15][ 800/9162]  lr: 2.0000e-03  eta: 18:01:33  time: 0.7463  data_time: 0.0929  memory: 1708  loss: 4.0057  loss_cls: 2.7284  loss_bbox: 1.2772
2025/06/23 03:44:02 - mmengine - INFO - Epoch(train) [15][ 850/9162]  lr: 2.0000e-03  eta: 18:00:59  time: 0.7510  data_time: 0.1302  memory: 1708  loss: 4.0448  loss_cls: 2.7141  loss_bbox: 1.3307
2025/06/23 03:44:39 - mmengine - INFO - Epoch(train) [15][ 900/9162]  lr: 2.0000e-03  eta: 18:00:24  time: 0.7405  data_time: 0.1262  memory: 1708  loss: 4.0890  loss_cls: 2.7675  loss_bbox: 1.3216
2025/06/23 03:45:16 - mmengine - INFO - Epoch(train) [15][ 950/9162]  lr: 2.0000e-03  eta: 17:59:50  time: 0.7442  data_time: 0.1161  memory: 1708  loss: 4.2102  loss_cls: 2.8226  loss_bbox: 1.3876
2025/06/23 03:45:53 - mmengine - INFO - Epoch(train) [15][1000/9162]  lr: 2.0000e-03  eta: 17:59:15  time: 0.7405  data_time: 0.1054  memory: 1708  loss: 4.0764  loss_cls: 2.7318  loss_bbox: 1.3446
2025/06/23 03:46:30 - mmengine - INFO - Epoch(train) [15][1050/9162]  lr: 2.0000e-03  eta: 17:58:40  time: 0.7421  data_time: 0.1385  memory: 1708  loss: 3.9858  loss_cls: 2.6774  loss_bbox: 1.3085
2025/06/23 03:47:07 - mmengine - INFO - Epoch(train) [15][1100/9162]  lr: 2.0000e-03  eta: 17:58:05  time: 0.7406  data_time: 0.1289  memory: 1708  loss: 4.2537  loss_cls: 2.8021  loss_bbox: 1.4516
2025/06/23 03:47:44 - mmengine - INFO - Epoch(train) [15][1150/9162]  lr: 2.0000e-03  eta: 17:57:30  time: 0.7379  data_time: 0.1131  memory: 1708  loss: 4.1825  loss_cls: 2.8151  loss_bbox: 1.3674
2025/06/23 03:48:22 - mmengine - INFO - Epoch(train) [15][1200/9162]  lr: 2.0000e-03  eta: 17:56:56  time: 0.7484  data_time: 0.1420  memory: 1708  loss: 4.0313  loss_cls: 2.7430  loss_bbox: 1.2884
2025/06/23 03:48:59 - mmengine - INFO - Epoch(train) [15][1250/9162]  lr: 2.0000e-03  eta: 17:56:21  time: 0.7352  data_time: 0.1173  memory: 1708  loss: 4.0993  loss_cls: 2.7948  loss_bbox: 1.3045
2025/06/23 03:49:36 - mmengine - INFO - Epoch(train) [15][1300/9162]  lr: 2.0000e-03  eta: 17:55:46  time: 0.7505  data_time: 0.0918  memory: 1708  loss: 4.1297  loss_cls: 2.7741  loss_bbox: 1.3556
2025/06/23 03:50:13 - mmengine - INFO - Epoch(train) [15][1350/9162]  lr: 2.0000e-03  eta: 17:55:11  time: 0.7345  data_time: 0.0942  memory: 1708  loss: 4.0241  loss_cls: 2.7505  loss_bbox: 1.2736
2025/06/23 03:50:51 - mmengine - INFO - Epoch(train) [15][1400/9162]  lr: 2.0000e-03  eta: 17:54:37  time: 0.7500  data_time: 0.1107  memory: 1708  loss: 4.1366  loss_cls: 2.7868  loss_bbox: 1.3498
2025/06/23 03:51:28 - mmengine - INFO - Epoch(train) [15][1450/9162]  lr: 2.0000e-03  eta: 17:54:02  time: 0.7393  data_time: 0.1071  memory: 1708  loss: 4.0914  loss_cls: 2.7795  loss_bbox: 1.3120
2025/06/23 03:52:05 - mmengine - INFO - Epoch(train) [15][1500/9162]  lr: 2.0000e-03  eta: 17:53:27  time: 0.7408  data_time: 0.1129  memory: 1708  loss: 4.2480  loss_cls: 2.8508  loss_bbox: 1.3972
2025/06/23 03:52:42 - mmengine - INFO - Epoch(train) [15][1550/9162]  lr: 2.0000e-03  eta: 17:52:52  time: 0.7342  data_time: 0.1139  memory: 1708  loss: 4.2405  loss_cls: 2.8306  loss_bbox: 1.4100
2025/06/23 03:53:19 - mmengine - INFO - Epoch(train) [15][1600/9162]  lr: 2.0000e-03  eta: 17:52:17  time: 0.7400  data_time: 0.1127  memory: 1708  loss: 4.0999  loss_cls: 2.7560  loss_bbox: 1.3439
2025/06/23 03:53:55 - mmengine - INFO - Epoch(train) [15][1650/9162]  lr: 2.0000e-03  eta: 17:51:42  time: 0.7338  data_time: 0.1159  memory: 1708  loss: 4.0877  loss_cls: 2.7892  loss_bbox: 1.2985
2025/06/23 03:54:32 - mmengine - INFO - Epoch(train) [15][1700/9162]  lr: 2.0000e-03  eta: 17:51:07  time: 0.7411  data_time: 0.0948  memory: 1708  loss: 4.0560  loss_cls: 2.7304  loss_bbox: 1.3256
2025/06/23 03:54:56 - mmengine - INFO - Exp name: ssd300_coco_20250622_013555
2025/06/23 03:55:10 - mmengine - INFO - Epoch(train) [15][1750/9162]  lr: 2.0000e-03  eta: 17:50:32  time: 0.7393  data_time: 0.0950  memory: 1708  loss: 4.0872  loss_cls: 2.7605  loss_bbox: 1.3268
2025/06/23 03:55:46 - mmengine - INFO - Epoch(train) [15][1800/9162]  lr: 2.0000e-03  eta: 17:49:57  time: 0.7383  data_time: 0.1326  memory: 1708  loss: 4.0971  loss_cls: 2.7408  loss_bbox: 1.3564
2025/06/23 03:56:24 - mmengine - INFO - Epoch(train) [15][1850/9162]  lr: 2.0000e-03  eta: 17:49:23  time: 0.7442  data_time: 0.1081  memory: 1708  loss: 4.1880  loss_cls: 2.8291  loss_bbox: 1.3588
2025/06/23 03:57:01 - mmengine - INFO - Epoch(train) [15][1900/9162]  lr: 2.0000e-03  eta: 17:48:48  time: 0.7399  data_time: 0.1092  memory: 1708  loss: 4.1448  loss_cls: 2.7544  loss_bbox: 1.3904
2025/06/23 03:57:38 - mmengine - INFO - Epoch(train) [15][1950/9162]  lr: 2.0000e-03  eta: 17:48:13  time: 0.7427  data_time: 0.1116  memory: 1708  loss: 4.0433  loss_cls: 2.7277  loss_bbox: 1.3156
2025/06/23 03:58:15 - mmengine - INFO - Epoch(train) [15][2000/9162]  lr: 2.0000e-03  eta: 17:47:38  time: 0.7441  data_time: 0.1279  memory: 1708  loss: 4.1057  loss_cls: 2.7582  loss_bbox: 1.3475
2025/06/23 03:58:53 - mmengine - INFO - Epoch(train) [15][2050/9162]  lr: 2.0000e-03  eta: 17:47:04  time: 0.7506  data_time: 0.1271  memory: 1708  loss: 4.0573  loss_cls: 2.7680  loss_bbox: 1.2893
2025/06/23 03:59:30 - mmengine - INFO - Epoch(train) [15][2100/9162]  lr: 2.0000e-03  eta: 17:46:29  time: 0.7434  data_time: 0.1344  memory: 1708  loss: 4.1054  loss_cls: 2.7412  loss_bbox: 1.3642
2025/06/23 04:00:07 - mmengine - INFO - Epoch(train) [15][2150/9162]  lr: 2.0000e-03  eta: 17:45:54  time: 0.7418  data_time: 0.1143  memory: 1708  loss: 4.0438  loss_cls: 2.7323  loss_bbox: 1.3116
2025/06/23 04:00:44 - mmengine - INFO - Epoch(train) [15][2200/9162]  lr: 2.0000e-03  eta: 17:45:19  time: 0.7375  data_time: 0.1190  memory: 1708  loss: 4.1177  loss_cls: 2.7702  loss_bbox: 1.3474
2025/06/23 04:01:21 - mmengine - INFO - Epoch(train) [15][2250/9162]  lr: 2.0000e-03  eta: 17:44:44  time: 0.7440  data_time: 0.1194  memory: 1708  loss: 4.1435  loss_cls: 2.7933  loss_bbox: 1.3502
2025/06/23 04:01:59 - mmengine - INFO - Epoch(train) [15][2300/9162]  lr: 2.0000e-03  eta: 17:44:10  time: 0.7520  data_time: 0.1290  memory: 1708  loss: 4.0771  loss_cls: 2.7468  loss_bbox: 1.3303
2025/06/23 04:02:36 - mmengine - INFO - Epoch(train) [15][2350/9162]  lr: 2.0000e-03  eta: 17:43:35  time: 0.7425  data_time: 0.1122  memory: 1708  loss: 4.1099  loss_cls: 2.7333  loss_bbox: 1.3766
2025/06/23 04:03:14 - mmengine - INFO - Epoch(train) [15][2400/9162]  lr: 2.0000e-03  eta: 17:43:00  time: 0.7465  data_time: 0.1195  memory: 1708  loss: 4.1653  loss_cls: 2.8218  loss_bbox: 1.3436
2025/06/23 04:03:51 - mmengine - INFO - Epoch(train) [15][2450/9162]  lr: 2.0000e-03  eta: 17:42:26  time: 0.7401  data_time: 0.1313  memory: 1708  loss: 4.1607  loss_cls: 2.7800  loss_bbox: 1.3807
2025/06/23 04:04:28 - mmengine - INFO - Epoch(train) [15][2500/9162]  lr: 2.0000e-03  eta: 17:41:51  time: 0.7360  data_time: 0.1105  memory: 1708  loss: 4.1431  loss_cls: 2.8175  loss_bbox: 1.3256
2025/06/23 04:05:05 - mmengine - INFO - Epoch(train) [15][2550/9162]  lr: 2.0000e-03  eta: 17:41:16  time: 0.7408  data_time: 0.0811  memory: 1708  loss: 4.0942  loss_cls: 2.8007  loss_bbox: 1.2935
2025/06/23 04:05:42 - mmengine - INFO - Epoch(train) [15][2600/9162]  lr: 2.0000e-03  eta: 17:40:41  time: 0.7473  data_time: 0.1107  memory: 1708  loss: 4.1074  loss_cls: 2.7966  loss_bbox: 1.3107
2025/06/23 04:06:19 - mmengine - INFO - Epoch(train) [15][2650/9162]  lr: 2.0000e-03  eta: 17:40:06  time: 0.7397  data_time: 0.1096  memory: 1708  loss: 4.1420  loss_cls: 2.7520  loss_bbox: 1.3901
2025/06/23 04:06:56 - mmengine - INFO - Epoch(train) [15][2700/9162]  lr: 2.0000e-03  eta: 17:39:31  time: 0.7406  data_time: 0.1325  memory: 1708  loss: 4.0500  loss_cls: 2.7537  loss_bbox: 1.2963
2025/06/23 04:07:20 - mmengine - INFO - Exp name: ssd300_coco_20250622_013555
2025/06/23 04:07:33 - mmengine - INFO - Epoch(train) [15][2750/9162]  lr: 2.0000e-03  eta: 17:38:56  time: 0.7380  data_time: 0.1260  memory: 1708  loss: 4.1317  loss_cls: 2.7634  loss_bbox: 1.3684
2025/06/23 04:08:11 - mmengine - INFO - Epoch(train) [15][2800/9162]  lr: 2.0000e-03  eta: 17:38:22  time: 0.7489  data_time: 0.1310  memory: 1708  loss: 4.1348  loss_cls: 2.7636  loss_bbox: 1.3711
2025/06/23 04:08:48 - mmengine - INFO - Epoch(train) [15][2850/9162]  lr: 2.0000e-03  eta: 17:37:47  time: 0.7484  data_time: 0.1223  memory: 1708  loss: 4.1130  loss_cls: 2.7872  loss_bbox: 1.3259
2025/06/23 04:09:26 - mmengine - INFO - Epoch(train) [15][2900/9162]  lr: 2.0000e-03  eta: 17:37:12  time: 0.7449  data_time: 0.0926  memory: 1708  loss: 4.1538  loss_cls: 2.7892  loss_bbox: 1.3646
2025/06/23 04:10:03 - mmengine - INFO - Epoch(train) [15][2950/9162]  lr: 2.0000e-03  eta: 17:36:37  time: 0.7388  data_time: 0.1069  memory: 1708  loss: 4.1352  loss_cls: 2.7895  loss_bbox: 1.3457
2025/06/23 04:10:40 - mmengine - INFO - Epoch(train) [15][3000/9162]  lr: 2.0000e-03  eta: 17:36:03  time: 0.7415  data_time: 0.0781  memory: 1708  loss: 4.1803  loss_cls: 2.8120  loss_bbox: 1.3682
2025/06/23 04:11:16 - mmengine - INFO - Epoch(train) [15][3050/9162]  lr: 2.0000e-03  eta: 17:35:27  time: 0.7268  data_time: 0.0891  memory: 1708  loss: 4.1663  loss_cls: 2.8137  loss_bbox: 1.3527
2025/06/23 04:11:53 - mmengine - INFO - Epoch(train) [15][3100/9162]  lr: 2.0000e-03  eta: 17:34:52  time: 0.7383  data_time: 0.1136  memory: 1708  loss: 4.1170  loss_cls: 2.7841  loss_bbox: 1.3329
2025/06/23 04:12:31 - mmengine - INFO - Epoch(train) [15][3150/9162]  lr: 2.0000e-03  eta: 17:34:18  time: 0.7571  data_time: 0.1404  memory: 1708  loss: 4.1916  loss_cls: 2.8245  loss_bbox: 1.3671
2025/06/23 04:13:08 - mmengine - INFO - Epoch(train) [15][3200/9162]  lr: 2.0000e-03  eta: 17:33:43  time: 0.7431  data_time: 0.0964  memory: 1708  loss: 4.0647  loss_cls: 2.7478  loss_bbox: 1.3168
2025/06/23 04:13:45 - mmengine - INFO - Epoch(train) [15][3250/9162]  lr: 2.0000e-03  eta: 17:33:08  time: 0.7451  data_time: 0.1095  memory: 1708  loss: 4.1426  loss_cls: 2.7531  loss_bbox: 1.3895
2025/06/23 04:14:23 - mmengine - INFO - Epoch(train) [15][3300/9162]  lr: 2.0000e-03  eta: 17:32:34  time: 0.7476  data_time: 0.1453  memory: 1708  loss: 4.0709  loss_cls: 2.7260  loss_bbox: 1.3449
2025/06/23 04:15:00 - mmengine - INFO - Epoch(train) [15][3350/9162]  lr: 2.0000e-03  eta: 17:31:59  time: 0.7453  data_time: 0.1298  memory: 1708  loss: 4.1344  loss_cls: 2.7990  loss_bbox: 1.3354
2025/06/23 04:15:38 - mmengine - INFO - Epoch(train) [15][3400/9162]  lr: 2.0000e-03  eta: 17:31:24  time: 0.7497  data_time: 0.1167  memory: 1708  loss: 4.1094  loss_cls: 2.7731  loss_bbox: 1.3363
2025/06/23 04:16:15 - mmengine - INFO - Epoch(train) [15][3450/9162]  lr: 2.0000e-03  eta: 17:30:50  time: 0.7420  data_time: 0.1216  memory: 1708  loss: 4.1157  loss_cls: 2.7677  loss_bbox: 1.3481
2025/06/23 04:16:53 - mmengine - INFO - Epoch(train) [15][3500/9162]  lr: 2.0000e-03  eta: 17:30:15  time: 0.7597  data_time: 0.1350  memory: 1708  loss: 4.0384  loss_cls: 2.7454  loss_bbox: 1.2930
2025/06/23 04:17:30 - mmengine - INFO - Epoch(train) [15][3550/9162]  lr: 2.0000e-03  eta: 17:29:40  time: 0.7349  data_time: 0.1105  memory: 1708  loss: 4.1111  loss_cls: 2.8018  loss_bbox: 1.3093
2025/06/23 04:18:07 - mmengine - INFO - Epoch(train) [15][3600/9162]  lr: 2.0000e-03  eta: 17:29:05  time: 0.7434  data_time: 0.1436  memory: 1708  loss: 4.1163  loss_cls: 2.7600  loss_bbox: 1.3563
2025/06/23 04:18:44 - mmengine - INFO - Epoch(train) [15][3650/9162]  lr: 2.0000e-03  eta: 17:28:31  time: 0.7465  data_time: 0.0731  memory: 1708  loss: 4.0682  loss_cls: 2.7454  loss_bbox: 1.3228
2025/06/23 04:19:21 - mmengine - INFO - Epoch(train) [15][3700/9162]  lr: 2.0000e-03  eta: 17:27:56  time: 0.7396  data_time: 0.0970  memory: 1708  loss: 4.0861  loss_cls: 2.7515  loss_bbox: 1.3346
2025/06/23 04:19:46 - mmengine - INFO - Exp name: ssd300_coco_20250622_013555
2025/06/23 04:19:59 - mmengine - INFO - Epoch(train) [15][3750/9162]  lr: 2.0000e-03  eta: 17:27:21  time: 0.7509  data_time: 0.1262  memory: 1708  loss: 4.1036  loss_cls: 2.7919  loss_bbox: 1.3117
2025/06/23 04:20:32 - mmengine - INFO - Epoch(train) [15][3800/9162]  lr: 2.0000e-03  eta: 17:26:44  time: 0.6608  data_time: 0.0603  memory: 1708  loss: 4.1171  loss_cls: 2.7552  loss_bbox: 1.3619
2025/06/23 04:21:08 - mmengine - INFO - Epoch(train) [15][3850/9162]  lr: 2.0000e-03  eta: 17:26:08  time: 0.7091  data_time: 0.0901  memory: 1708  loss: 4.0275  loss_cls: 2.7379  loss_bbox: 1.2897
2025/06/23 04:21:45 - mmengine - INFO - Epoch(train) [15][3900/9162]  lr: 2.0000e-03  eta: 17:25:33  time: 0.7450  data_time: 0.1293  memory: 1708  loss: 4.0613  loss_cls: 2.7172  loss_bbox: 1.3440
2025/06/23 04:22:22 - mmengine - INFO - Epoch(train) [15][3950/9162]  lr: 2.0000e-03  eta: 17:24:58  time: 0.7338  data_time: 0.1035  memory: 1708  loss: 4.1677  loss_cls: 2.8009  loss_bbox: 1.3668
2025/06/23 04:22:59 - mmengine - INFO - Epoch(train) [15][4000/9162]  lr: 2.0000e-03  eta: 17:24:23  time: 0.7439  data_time: 0.1420  memory: 1708  loss: 4.2656  loss_cls: 2.8266  loss_bbox: 1.4390
2025/06/23 04:23:37 - mmengine - INFO - Epoch(train) [15][4050/9162]  lr: 2.0000e-03  eta: 17:23:48  time: 0.7519  data_time: 0.1348  memory: 1708  loss: 4.2089  loss_cls: 2.8080  loss_bbox: 1.4009
2025/06/23 04:24:15 - mmengine - INFO - Epoch(train) [15][4100/9162]  lr: 2.0000e-03  eta: 17:23:14  time: 0.7579  data_time: 0.1480  memory: 1708  loss: 4.1551  loss_cls: 2.8166  loss_bbox: 1.3385
2025/06/23 04:24:52 - mmengine - INFO - Epoch(train) [15][4150/9162]  lr: 2.0000e-03  eta: 17:22:39  time: 0.7450  data_time: 0.1332  memory: 1708  loss: 4.1138  loss_cls: 2.8037  loss_bbox: 1.3102
2025/06/23 04:25:29 - mmengine - INFO - Epoch(train) [15][4200/9162]  lr: 2.0000e-03  eta: 17:22:04  time: 0.7464  data_time: 0.1237  memory: 1708  loss: 4.1925  loss_cls: 2.7939  loss_bbox: 1.3986
2025/06/23 04:26:06 - mmengine - INFO - Epoch(train) [15][4250/9162]  lr: 2.0000e-03  eta: 17:21:30  time: 0.7402  data_time: 0.1406  memory: 1708  loss: 4.1280  loss_cls: 2.7672  loss_bbox: 1.3608
2025/06/23 04:26:44 - mmengine - INFO - Epoch(train) [15][4300/9162]  lr: 2.0000e-03  eta: 17:20:55  time: 0.7480  data_time: 0.1347  memory: 1708  loss: 4.2491  loss_cls: 2.8659  loss_bbox: 1.3832
2025/06/23 04:27:21 - mmengine - INFO - Epoch(train) [15][4350/9162]  lr: 2.0000e-03  eta: 17:20:20  time: 0.7345  data_time: 0.1417  memory: 1708  loss: 4.0266  loss_cls: 2.7179  loss_bbox: 1.3087
2025/06/23 04:27:57 - mmengine - INFO - Epoch(train) [15][4400/9162]  lr: 2.0000e-03  eta: 17:19:45  time: 0.7356  data_time: 0.1363  memory: 1708  loss: 4.0685  loss_cls: 2.7464  loss_bbox: 1.3221
2025/06/23 04:28:34 - mmengine - INFO - Epoch(train) [15][4450/9162]  lr: 2.0000e-03  eta: 17:19:10  time: 0.7386  data_time: 0.1351  memory: 1708  loss: 4.1019  loss_cls: 2.8013  loss_bbox: 1.3006
2025/06/23 04:29:11 - mmengine - INFO - Epoch(train) [15][4500/9162]  lr: 2.0000e-03  eta: 17:18:34  time: 0.7335  data_time: 0.0968  memory: 1708  loss: 4.0801  loss_cls: 2.7651  loss_bbox: 1.3150
2025/06/23 04:29:48 - mmengine - INFO - Epoch(train) [15][4550/9162]  lr: 2.0000e-03  eta: 17:17:59  time: 0.7368  data_time: 0.1109  memory: 1708  loss: 4.1051  loss_cls: 2.7687  loss_bbox: 1.3365
2025/06/23 04:30:26 - mmengine - INFO - Epoch(train) [15][4600/9162]  lr: 2.0000e-03  eta: 17:17:25  time: 0.7478  data_time: 0.1260  memory: 1708  loss: 4.1477  loss_cls: 2.8223  loss_bbox: 1.3254
2025/06/23 04:31:03 - mmengine - INFO - Epoch(train) [15][4650/9162]  lr: 2.0000e-03  eta: 17:16:50  time: 0.7459  data_time: 0.1328  memory: 1708  loss: 4.0767  loss_cls: 2.7425  loss_bbox: 1.3342
2025/06/23 04:31:40 - mmengine - INFO - Epoch(train) [15][4700/9162]  lr: 2.0000e-03  eta: 17:16:15  time: 0.7399  data_time: 0.1116  memory: 1708  loss: 3.9905  loss_cls: 2.7008  loss_bbox: 1.2897
2025/06/23 04:32:03 - mmengine - INFO - Exp name: ssd300_coco_20250622_013555
2025/06/23 04:32:16 - mmengine - INFO - Epoch(train) [15][4750/9162]  lr: 2.0000e-03  eta: 17:15:40  time: 0.7288  data_time: 0.1061  memory: 1708  loss: 4.0761  loss_cls: 2.7305  loss_bbox: 1.3456
2025/06/23 04:32:54 - mmengine - INFO - Epoch(train) [15][4800/9162]  lr: 2.0000e-03  eta: 17:15:05  time: 0.7532  data_time: 0.1253  memory: 1708  loss: 4.0761  loss_cls: 2.7364  loss_bbox: 1.3397
2025/06/23 04:33:31 - mmengine - INFO - Epoch(train) [15][4850/9162]  lr: 2.0000e-03  eta: 17:14:30  time: 0.7403  data_time: 0.1236  memory: 1708  loss: 4.1468  loss_cls: 2.7766  loss_bbox: 1.3702
2025/06/23 04:34:08 - mmengine - INFO - Epoch(train) [15][4900/9162]  lr: 2.0000e-03  eta: 17:13:55  time: 0.7421  data_time: 0.1227  memory: 1708  loss: 4.1568  loss_cls: 2.8077  loss_bbox: 1.3491
2025/06/23 04:34:45 - mmengine - INFO - Epoch(train) [15][4950/9162]  lr: 2.0000e-03  eta: 17:13:20  time: 0.7410  data_time: 0.1036  memory: 1708  loss: 4.0979  loss_cls: 2.7581  loss_bbox: 1.3398
2025/06/23 04:35:22 - mmengine - INFO - Epoch(train) [15][5000/9162]  lr: 2.0000e-03  eta: 17:12:45  time: 0.7353  data_time: 0.1126  memory: 1708  loss: 4.1331  loss_cls: 2.7781  loss_bbox: 1.3550
2025/06/23 04:35:59 - mmengine - INFO - Epoch(train) [15][5050/9162]  lr: 2.0000e-03  eta: 17:12:10  time: 0.7367  data_time: 0.0792  memory: 1708  loss: 4.2127  loss_cls: 2.8291  loss_bbox: 1.3837
2025/06/23 04:36:36 - mmengine - INFO - Epoch(train) [15][5100/9162]  lr: 2.0000e-03  eta: 17:11:35  time: 0.7361  data_time: 0.1156  memory: 1708  loss: 4.0551  loss_cls: 2.7451  loss_bbox: 1.3099
2025/06/23 04:37:14 - mmengine - INFO - Epoch(train) [15][5150/9162]  lr: 2.0000e-03  eta: 17:11:01  time: 0.7538  data_time: 0.1137  memory: 1708  loss: 4.0473  loss_cls: 2.7410  loss_bbox: 1.3063
2025/06/23 04:37:51 - mmengine - INFO - Epoch(train) [15][5200/9162]  lr: 2.0000e-03  eta: 17:10:25  time: 0.7368  data_time: 0.1098  memory: 1708  loss: 4.1493  loss_cls: 2.7456  loss_bbox: 1.4038
2025/06/23 04:38:28 - mmengine - INFO - Epoch(train) [15][5250/9162]  lr: 2.0000e-03  eta: 17:09:51  time: 0.7410  data_time: 0.1126  memory: 1708  loss: 4.1907  loss_cls: 2.8187  loss_bbox: 1.3720
2025/06/23 04:39:05 - mmengine - INFO - Epoch(train) [15][5300/9162]  lr: 2.0000e-03  eta: 17:09:16  time: 0.7402  data_time: 0.1024  memory: 1708  loss: 4.1450  loss_cls: 2.8146  loss_bbox: 1.3304
2025/06/23 04:39:42 - mmengine - INFO - Epoch(train) [15][5350/9162]  lr: 2.0000e-03  eta: 17:08:40  time: 0.7361  data_time: 0.1044  memory: 1708  loss: 4.1306  loss_cls: 2.7576  loss_bbox: 1.3730
2025/06/23 04:40:19 - mmengine - INFO - Epoch(train) [15][5400/9162]  lr: 2.0000e-03  eta: 17:08:05  time: 0.7388  data_time: 0.1120  memory: 1708  loss: 4.0583  loss_cls: 2.7492  loss_bbox: 1.3091
2025/06/23 04:40:56 - mmengine - INFO - Epoch(train) [15][5450/9162]  lr: 2.0000e-03  eta: 17:07:31  time: 0.7474  data_time: 0.1415  memory: 1708  loss: 4.1895  loss_cls: 2.8099  loss_bbox: 1.3796
2025/06/23 04:41:33 - mmengine - INFO - Epoch(train) [15][5500/9162]  lr: 2.0000e-03  eta: 17:06:56  time: 0.7355  data_time: 0.1121  memory: 1708  loss: 4.0011  loss_cls: 2.7253  loss_bbox: 1.2758
2025/06/23 04:42:10 - mmengine - INFO - Epoch(train) [15][5550/9162]  lr: 2.0000e-03  eta: 17:06:21  time: 0.7404  data_time: 0.1028  memory: 1708  loss: 4.1343  loss_cls: 2.7897  loss_bbox: 1.3446
2025/06/23 04:42:47 - mmengine - INFO - Epoch(train) [15][5600/9162]  lr: 2.0000e-03  eta: 17:05:46  time: 0.7429  data_time: 0.1297  memory: 1708  loss: 4.1190  loss_cls: 2.7607  loss_bbox: 1.3583
2025/06/23 04:43:24 - mmengine - INFO - Epoch(train) [15][5650/9162]  lr: 2.0000e-03  eta: 17:05:11  time: 0.7365  data_time: 0.1009  memory: 1708  loss: 4.0540  loss_cls: 2.7127  loss_bbox: 1.3413
2025/06/23 04:44:01 - mmengine - INFO - Epoch(train) [15][5700/9162]  lr: 2.0000e-03  eta: 17:04:36  time: 0.7428  data_time: 0.1023  memory: 1708  loss: 4.0900  loss_cls: 2.7735  loss_bbox: 1.3165
2025/06/23 04:44:25 - mmengine - INFO - Exp name: ssd300_coco_20250622_013555
2025/06/23 04:44:37 - mmengine - INFO - Epoch(train) [15][5750/9162]  lr: 2.0000e-03  eta: 17:04:00  time: 0.7075  data_time: 0.0901  memory: 1708  loss: 4.1272  loss_cls: 2.7907  loss_bbox: 1.3364
2025/06/23 04:45:13 - mmengine - INFO - Epoch(train) [15][5800/9162]  lr: 2.0000e-03  eta: 17:03:24  time: 0.7118  data_time: 0.1050  memory: 1708  loss: 4.2007  loss_cls: 2.8045  loss_bbox: 1.3962
2025/06/23 04:45:50 - mmengine - INFO - Epoch(train) [15][5850/9162]  lr: 2.0000e-03  eta: 17:02:49  time: 0.7455  data_time: 0.1297  memory: 1708  loss: 4.1964  loss_cls: 2.8258  loss_bbox: 1.3706
2025/06/23 04:46:27 - mmengine - INFO - Epoch(train) [15][5900/9162]  lr: 2.0000e-03  eta: 17:02:14  time: 0.7421  data_time: 0.1134  memory: 1708  loss: 4.0918  loss_cls: 2.7684  loss_bbox: 1.3234
2025/06/23 04:47:04 - mmengine - INFO - Epoch(train) [15][5950/9162]  lr: 2.0000e-03  eta: 17:01:39  time: 0.7420  data_time: 0.1196  memory: 1708  loss: 4.1196  loss_cls: 2.7413  loss_bbox: 1.3783
2025/06/23 04:47:42 - mmengine - INFO - Epoch(train) [15][6000/9162]  lr: 2.0000e-03  eta: 17:01:04  time: 0.7471  data_time: 0.0976  memory: 1708  loss: 3.9799  loss_cls: 2.7267  loss_bbox: 1.2532
2025/06/23 04:48:19 - mmengine - INFO - Epoch(train) [15][6050/9162]  lr: 2.0000e-03  eta: 17:00:29  time: 0.7371  data_time: 0.1187  memory: 1708  loss: 4.1195  loss_cls: 2.7671  loss_bbox: 1.3523
2025/06/23 04:48:55 - mmengine - INFO - Epoch(train) [15][6100/9162]  lr: 2.0000e-03  eta: 16:59:54  time: 0.7373  data_time: 0.1295  memory: 1708  loss: 4.0379  loss_cls: 2.7182  loss_bbox: 1.3196
2025/06/23 04:49:33 - mmengine - INFO - Epoch(train) [15][6150/9162]  lr: 2.0000e-03  eta: 16:59:19  time: 0.7428  data_time: 0.1376  memory: 1708  loss: 4.1507  loss_cls: 2.7978  loss_bbox: 1.3528
2025/06/23 04:50:10 - mmengine - INFO - Epoch(train) [15][6200/9162]  lr: 2.0000e-03  eta: 16:58:44  time: 0.7446  data_time: 0.1147  memory: 1708  loss: 4.0757  loss_cls: 2.7672  loss_bbox: 1.3085
2025/06/23 04:50:47 - mmengine - INFO - Epoch(train) [15][6250/9162]  lr: 2.0000e-03  eta: 16:58:09  time: 0.7377  data_time: 0.1170  memory: 1708  loss: 4.0841  loss_cls: 2.7571  loss_bbox: 1.3270
2025/06/23 04:51:25 - mmengine - INFO - Epoch(train) [15][6300/9162]  lr: 2.0000e-03  eta: 16:57:35  time: 0.7552  data_time: 0.1265  memory: 1708  loss: 4.0059  loss_cls: 2.7389  loss_bbox: 1.2670
2025/06/23 04:52:02 - mmengine - INFO - Epoch(train) [15][6350/9162]  lr: 2.0000e-03  eta: 16:57:00  time: 0.7442  data_time: 0.1414  memory: 1708  loss: 4.0875  loss_cls: 2.7763  loss_bbox: 1.3113
2025/06/23 04:52:39 - mmengine - INFO - Epoch(train) [15][6400/9162]  lr: 2.0000e-03  eta: 16:56:25  time: 0.7472  data_time: 0.1149  memory: 1708  loss: 4.1356  loss_cls: 2.7687  loss_bbox: 1.3669
2025/06/23 04:53:16 - mmengine - INFO - Epoch(train) [15][6450/9162]  lr: 2.0000e-03  eta: 16:55:50  time: 0.7361  data_time: 0.1041  memory: 1708  loss: 4.1283  loss_cls: 2.7918  loss_bbox: 1.3365
2025/06/23 04:53:53 - mmengine - INFO - Epoch(train) [15][6500/9162]  lr: 2.0000e-03  eta: 16:55:15  time: 0.7396  data_time: 0.1181  memory: 1708  loss: 4.0912  loss_cls: 2.7566  loss_bbox: 1.3347
2025/06/23 04:54:31 - mmengine - INFO - Epoch(train) [15][6550/9162]  lr: 2.0000e-03  eta: 16:54:40  time: 0.7469  data_time: 0.1260  memory: 1708  loss: 4.0582  loss_cls: 2.7613  loss_bbox: 1.2968
2025/06/23 04:55:08 - mmengine - INFO - Epoch(train) [15][6600/9162]  lr: 2.0000e-03  eta: 16:54:05  time: 0.7485  data_time: 0.1291  memory: 1708  loss: 4.0365  loss_cls: 2.7434  loss_bbox: 1.2932
2025/06/23 04:55:45 - mmengine - INFO - Epoch(train) [15][6650/9162]  lr: 2.0000e-03  eta: 16:53:30  time: 0.7366  data_time: 0.1199  memory: 1708  loss: 4.0194  loss_cls: 2.7290  loss_bbox: 1.2903
2025/06/23 04:56:22 - mmengine - INFO - Epoch(train) [15][6700/9162]  lr: 2.0000e-03  eta: 16:52:55  time: 0.7400  data_time: 0.1011  memory: 1708  loss: 4.0919  loss_cls: 2.7711  loss_bbox: 1.3208
2025/06/23 04:56:46 - mmengine - INFO - Exp name: ssd300_coco_20250622_013555
2025/06/23 04:56:59 - mmengine - INFO - Epoch(train) [15][6750/9162]  lr: 2.0000e-03  eta: 16:52:20  time: 0.7359  data_time: 0.1038  memory: 1708  loss: 4.1114  loss_cls: 2.7842  loss_bbox: 1.3271
2025/06/23 04:57:36 - mmengine - INFO - Epoch(train) [15][6800/9162]  lr: 2.0000e-03  eta: 16:51:45  time: 0.7421  data_time: 0.1340  memory: 1708  loss: 4.0258  loss_cls: 2.6663  loss_bbox: 1.3595
2025/06/23 04:58:14 - mmengine - INFO - Epoch(train) [15][6850/9162]  lr: 2.0000e-03  eta: 16:51:10  time: 0.7484  data_time: 0.1251  memory: 1708  loss: 4.1187  loss_cls: 2.7882  loss_bbox: 1.3305
2025/06/23 04:58:51 - mmengine - INFO - Epoch(train) [15][6900/9162]  lr: 2.0000e-03  eta: 16:50:36  time: 0.7484  data_time: 0.1319  memory: 1708  loss: 4.1380  loss_cls: 2.7710  loss_bbox: 1.3670
2025/06/23 04:59:29 - mmengine - INFO - Epoch(train) [15][6950/9162]  lr: 2.0000e-03  eta: 16:50:01  time: 0.7493  data_time: 0.1225  memory: 1708  loss: 4.0600  loss_cls: 2.7454  loss_bbox: 1.3145
2025/06/23 05:00:06 - mmengine - INFO - Epoch(train) [15][7000/9162]  lr: 2.0000e-03  eta: 16:49:26  time: 0.7446  data_time: 0.1052  memory: 1708  loss: 4.1178  loss_cls: 2.7702  loss_bbox: 1.3476
2025/06/23 05:00:43 - mmengine - INFO - Epoch(train) [15][7050/9162]  lr: 2.0000e-03  eta: 16:48:51  time: 0.7423  data_time: 0.1259  memory: 1708  loss: 4.0949  loss_cls: 2.7596  loss_bbox: 1.3353
2025/06/23 05:01:18 - mmengine - INFO - Epoch(train) [15][7100/9162]  lr: 2.0000e-03  eta: 16:48:15  time: 0.7040  data_time: 0.0795  memory: 1708  loss: 4.1423  loss_cls: 2.7620  loss_bbox: 1.3803
2025/06/23 05:01:54 - mmengine - INFO - Epoch(train) [15][7150/9162]  lr: 2.0000e-03  eta: 16:47:39  time: 0.7184  data_time: 0.0587  memory: 1708  loss: 4.0457  loss_cls: 2.7362  loss_bbox: 1.3095
2025/06/23 05:02:32 - mmengine - INFO - Epoch(train) [15][7200/9162]  lr: 2.0000e-03  eta: 16:47:04  time: 0.7473  data_time: 0.1267  memory: 1708  loss: 4.1362  loss_cls: 2.7872  loss_bbox: 1.3490
2025/06/23 05:03:09 - mmengine - INFO - Epoch(train) [15][7250/9162]  lr: 2.0000e-03  eta: 16:46:30  time: 0.7491  data_time: 0.1368  memory: 1708  loss: 4.0229  loss_cls: 2.7336  loss_bbox: 1.2893
2025/06/23 05:03:47 - mmengine - INFO - Epoch(train) [15][7300/9162]  lr: 2.0000e-03  eta: 16:45:55  time: 0.7513  data_time: 0.1306  memory: 1708  loss: 4.1587  loss_cls: 2.8150  loss_bbox: 1.3437
2025/06/23 05:04:24 - mmengine - INFO - Epoch(train) [15][7350/9162]  lr: 2.0000e-03  eta: 16:45:20  time: 0.7433  data_time: 0.1062  memory: 1708  loss: 4.1083  loss_cls: 2.7857  loss_bbox: 1.3227
2025/06/23 05:05:02 - mmengine - INFO - Epoch(train) [15][7400/9162]  lr: 2.0000e-03  eta: 16:44:45  time: 0.7535  data_time: 0.1249  memory: 1708  loss: 4.1273  loss_cls: 2.8184  loss_bbox: 1.3089
2025/06/23 05:05:38 - mmengine - INFO - Epoch(train) [15][7450/9162]  lr: 2.0000e-03  eta: 16:44:10  time: 0.7285  data_time: 0.0850  memory: 1708  loss: 4.0727  loss_cls: 2.7622  loss_bbox: 1.3105
2025/06/23 05:06:14 - mmengine - INFO - Epoch(train) [15][7500/9162]  lr: 2.0000e-03  eta: 16:43:34  time: 0.7113  data_time: 0.1106  memory: 1708  loss: 4.0726  loss_cls: 2.7549  loss_bbox: 1.3177
2025/06/23 05:06:51 - mmengine - INFO - Epoch(train) [15][7550/9162]  lr: 2.0000e-03  eta: 16:42:59  time: 0.7381  data_time: 0.1040  memory: 1708  loss: 4.2205  loss_cls: 2.8376  loss_bbox: 1.3829
2025/06/23 05:07:28 - mmengine - INFO - Epoch(train) [15][7600/9162]  lr: 2.0000e-03  eta: 16:42:24  time: 0.7420  data_time: 0.0955  memory: 1708  loss: 4.1157  loss_cls: 2.7985  loss_bbox: 1.3173
2025/06/23 05:08:06 - mmengine - INFO - Epoch(train) [15][7650/9162]  lr: 2.0000e-03  eta: 16:41:49  time: 0.7496  data_time: 0.1192  memory: 1708  loss: 4.1009  loss_cls: 2.8043  loss_bbox: 1.2966
2025/06/23 05:08:44 - mmengine - INFO - Epoch(train) [15][7700/9162]  lr: 2.0000e-03  eta: 16:41:15  time: 0.7602  data_time: 0.1221  memory: 1708  loss: 4.1353  loss_cls: 2.7760  loss_bbox: 1.3593
2025/06/23 05:09:08 - mmengine - INFO - Exp name: ssd300_coco_20250622_013555
2025/06/23 05:09:22 - mmengine - INFO - Epoch(train) [15][7750/9162]  lr: 2.0000e-03  eta: 16:40:40  time: 0.7588  data_time: 0.1256  memory: 1708  loss: 4.0660  loss_cls: 2.7210  loss_bbox: 1.3449
2025/06/23 05:09:59 - mmengine - INFO - Epoch(train) [15][7800/9162]  lr: 2.0000e-03  eta: 16:40:06  time: 0.7530  data_time: 0.1383  memory: 1708  loss: 4.0909  loss_cls: 2.7822  loss_bbox: 1.3087
2025/06/23 05:10:38 - mmengine - INFO - Epoch(train) [15][7850/9162]  lr: 2.0000e-03  eta: 16:39:31  time: 0.7597  data_time: 0.1266  memory: 1708  loss: 4.2172  loss_cls: 2.8342  loss_bbox: 1.3829
2025/06/23 05:11:15 - mmengine - INFO - Epoch(train) [15][7900/9162]  lr: 2.0000e-03  eta: 16:38:57  time: 0.7495  data_time: 0.1239  memory: 1708  loss: 4.1078  loss_cls: 2.7453  loss_bbox: 1.3625
2025/06/23 05:11:51 - mmengine - INFO - Epoch(train) [15][7950/9162]  lr: 2.0000e-03  eta: 16:38:21  time: 0.7238  data_time: 0.0864  memory: 1708  loss: 4.0297  loss_cls: 2.7237  loss_bbox: 1.3060
2025/06/23 05:12:29 - mmengine - INFO - Epoch(train) [15][8000/9162]  lr: 2.0000e-03  eta: 16:37:46  time: 0.7449  data_time: 0.0986  memory: 1708  loss: 4.1454  loss_cls: 2.7860  loss_bbox: 1.3594
2025/06/23 05:13:07 - mmengine - INFO - Epoch(train) [15][8050/9162]  lr: 2.0000e-03  eta: 16:37:12  time: 0.7708  data_time: 0.1281  memory: 1708  loss: 4.0666  loss_cls: 2.7446  loss_bbox: 1.3220
2025/06/23 05:13:45 - mmengine - INFO - Epoch(train) [15][8100/9162]  lr: 2.0000e-03  eta: 16:36:37  time: 0.7447  data_time: 0.1223  memory: 1708  loss: 4.0570  loss_cls: 2.7474  loss_bbox: 1.3096
2025/06/23 05:14:22 - mmengine - INFO - Epoch(train) [15][8150/9162]  lr: 2.0000e-03  eta: 16:36:02  time: 0.7439  data_time: 0.1341  memory: 1708  loss: 4.1539  loss_cls: 2.7721  loss_bbox: 1.3817
2025/06/23 05:14:59 - mmengine - INFO - Epoch(train) [15][8200/9162]  lr: 2.0000e-03  eta: 16:35:27  time: 0.7476  data_time: 0.1269  memory: 1708  loss: 4.1953  loss_cls: 2.7818  loss_bbox: 1.4135
2025/06/23 05:15:37 - mmengine - INFO - Epoch(train) [15][8250/9162]  lr: 2.0000e-03  eta: 16:34:52  time: 0.7475  data_time: 0.1294  memory: 1708  loss: 4.1528  loss_cls: 2.7713  loss_bbox: 1.3815
2025/06/23 05:16:15 - mmengine - INFO - Epoch(train) [15][8300/9162]  lr: 2.0000e-03  eta: 16:34:18  time: 0.7597  data_time: 0.1435  memory: 1708  loss: 3.9652  loss_cls: 2.6732  loss_bbox: 1.2920
2025/06/23 05:16:52 - mmengine - INFO - Epoch(train) [15][8350/9162]  lr: 2.0000e-03  eta: 16:33:43  time: 0.7434  data_time: 0.1122  memory: 1708  loss: 4.0719  loss_cls: 2.7824  loss_bbox: 1.2895
2025/06/23 05:17:29 - mmengine - INFO - Epoch(train) [15][8400/9162]  lr: 2.0000e-03  eta: 16:33:08  time: 0.7470  data_time: 0.1252  memory: 1708  loss: 4.0616  loss_cls: 2.7509  loss_bbox: 1.3107
2025/06/23 05:18:07 - mmengine - INFO - Epoch(train) [15][8450/9162]  lr: 2.0000e-03  eta: 16:32:33  time: 0.7519  data_time: 0.1281  memory: 1708  loss: 4.0352  loss_cls: 2.7447  loss_bbox: 1.2905
2025/06/23 05:18:44 - mmengine - INFO - Epoch(train) [15][8500/9162]  lr: 2.0000e-03  eta: 16:31:58  time: 0.7404  data_time: 0.1053  memory: 1708  loss: 4.0291  loss_cls: 2.7315  loss_bbox: 1.2976
2025/06/23 05:19:21 - mmengine - INFO - Epoch(train) [15][8550/9162]  lr: 2.0000e-03  eta: 16:31:23  time: 0.7433  data_time: 0.1349  memory: 1708  loss: 4.1556  loss_cls: 2.7804  loss_bbox: 1.3751
2025/06/23 05:19:59 - mmengine - INFO - Epoch(train) [15][8600/9162]  lr: 2.0000e-03  eta: 16:30:49  time: 0.7584  data_time: 0.1273  memory: 1708  loss: 4.1078  loss_cls: 2.7450  loss_bbox: 1.3628
2025/06/23 05:20:36 - mmengine - INFO - Epoch(train) [15][8650/9162]  lr: 2.0000e-03  eta: 16:30:14  time: 0.7411  data_time: 0.1277  memory: 1708  loss: 4.1125  loss_cls: 2.7813  loss_bbox: 1.3312
2025/06/23 05:21:14 - mmengine - INFO - Epoch(train) [15][8700/9162]  lr: 2.0000e-03  eta: 16:29:39  time: 0.7433  data_time: 0.1365  memory: 1708  loss: 4.1275  loss_cls: 2.8020  loss_bbox: 1.3255
2025/06/23 05:21:37 - mmengine - INFO - Exp name: ssd300_coco_20250622_013555
2025/06/23 05:21:50 - mmengine - INFO - Epoch(train) [15][8750/9162]  lr: 2.0000e-03  eta: 16:29:03  time: 0.7299  data_time: 0.0994  memory: 1708  loss: 4.2559  loss_cls: 2.8037  loss_bbox: 1.4521
2025/06/23 05:22:27 - mmengine - INFO - Epoch(train) [15][8800/9162]  lr: 2.0000e-03  eta: 16:28:28  time: 0.7388  data_time: 0.0979  memory: 1708  loss: 4.1135  loss_cls: 2.7749  loss_bbox: 1.3385
2025/06/23 05:23:05 - mmengine - INFO - Epoch(train) [15][8850/9162]  lr: 2.0000e-03  eta: 16:27:54  time: 0.7532  data_time: 0.1281  memory: 1708  loss: 4.0593  loss_cls: 2.7587  loss_bbox: 1.3005
2025/06/23 05:23:42 - mmengine - INFO - Epoch(train) [15][8900/9162]  lr: 2.0000e-03  eta: 16:27:19  time: 0.7428  data_time: 0.1353  memory: 1708  loss: 4.0698  loss_cls: 2.7625  loss_bbox: 1.3073
2025/06/23 05:24:20 - mmengine - INFO - Epoch(train) [15][8950/9162]  lr: 2.0000e-03  eta: 16:26:44  time: 0.7469  data_time: 0.1408  memory: 1708  loss: 4.0449  loss_cls: 2.7237  loss_bbox: 1.3212
2025/06/23 05:24:57 - mmengine - INFO - Epoch(train) [15][9000/9162]  lr: 2.0000e-03  eta: 16:26:09  time: 0.7561  data_time: 0.1329  memory: 1708  loss: 4.1187  loss_cls: 2.7676  loss_bbox: 1.3512
2025/06/23 05:25:35 - mmengine - INFO - Epoch(train) [15][9050/9162]  lr: 2.0000e-03  eta: 16:25:34  time: 0.7436  data_time: 0.1270  memory: 1708  loss: 4.0694  loss_cls: 2.7506  loss_bbox: 1.3188
2025/06/23 05:26:12 - mmengine - INFO - Epoch(train) [15][9100/9162]  lr: 2.0000e-03  eta: 16:24:59  time: 0.7473  data_time: 0.1245  memory: 1708  loss: 4.0838  loss_cls: 2.7840  loss_bbox: 1.2998
2025/06/23 05:26:50 - mmengine - INFO - Epoch(train) [15][9150/9162]  lr: 2.0000e-03  eta: 16:24:25  time: 0.7547  data_time: 0.1374  memory: 1708  loss: 4.1110  loss_cls: 2.7546  loss_bbox: 1.3564
2025/06/23 05:26:58 - mmengine - INFO - Exp name: ssd300_coco_20250622_013555
2025/06/23 05:26:58 - mmengine - INFO - Saving checkpoint at 15 epochs
2025/06/23 05:27:14 - mmengine - INFO - Epoch(val) [15][ 50/157]    eta: 0:00:29  time: 0.2755  data_time: 0.0589  memory: 1708  
2025/06/23 05:27:27 - mmengine - INFO - Epoch(val) [15][100/157]    eta: 0:00:15  time: 0.2617  data_time: 0.0571  memory: 851  
2025/06/23 05:27:40 - mmengine - INFO - Epoch(val) [15][150/157]    eta: 0:00:01  time: 0.2578  data_time: 0.0489  memory: 851  
2025/06/23 05:28:00 - mmengine - INFO - Evaluating bbox...
2025/06/23 05:29:02 - mmengine - INFO - bbox_mAP_copypaste: 0.218 0.396 0.220 0.060 0.237 0.355
2025/06/23 05:29:03 - mmengine - INFO - Epoch(val) [15][157/157]    coco/bbox_mAP: 0.2180  coco/bbox_mAP_50: 0.3960  coco/bbox_mAP_75: 0.2200  coco/bbox_mAP_s: 0.0600  coco/bbox_mAP_m: 0.2370  coco/bbox_mAP_l: 0.3550  data_time: 0.0546  time: 0.2624
2025/06/23 05:29:40 - mmengine - INFO - Epoch(train) [16][  50/9162]  lr: 2.0000e-03  eta: 16:23:41  time: 0.7359  data_time: 0.0959  memory: 1708  loss: 4.0915  loss_cls: 2.7877  loss_bbox: 1.3038
2025/06/23 05:30:17 - mmengine - INFO - Epoch(train) [16][ 100/9162]  lr: 2.0000e-03  eta: 16:23:06  time: 0.7479  data_time: 0.1042  memory: 1708  loss: 4.0728  loss_cls: 2.7536  loss_bbox: 1.3192
2025/06/23 05:30:55 - mmengine - INFO - Epoch(train) [16][ 150/9162]  lr: 2.0000e-03  eta: 16:22:31  time: 0.7587  data_time: 0.1455  memory: 1708  loss: 4.1227  loss_cls: 2.7710  loss_bbox: 1.3517
2025/06/23 05:31:33 - mmengine - INFO - Epoch(train) [16][ 200/9162]  lr: 2.0000e-03  eta: 16:21:57  time: 0.7536  data_time: 0.1352  memory: 1708  loss: 4.0815  loss_cls: 2.7299  loss_bbox: 1.3516
2025/06/23 05:32:10 - mmengine - INFO - Epoch(train) [16][ 250/9162]  lr: 2.0000e-03  eta: 16:21:22  time: 0.7434  data_time: 0.1280  memory: 1708  loss: 4.1476  loss_cls: 2.7915  loss_bbox: 1.3561
2025/06/23 05:32:48 - mmengine - INFO - Epoch(train) [16][ 300/9162]  lr: 2.0000e-03  eta: 16:20:47  time: 0.7474  data_time: 0.1443  memory: 1708  loss: 4.1272  loss_cls: 2.7803  loss_bbox: 1.3469
2025/06/23 05:33:25 - mmengine - INFO - Epoch(train) [16][ 350/9162]  lr: 2.0000e-03  eta: 16:20:12  time: 0.7447  data_time: 0.1255  memory: 1708  loss: 4.0411  loss_cls: 2.7347  loss_bbox: 1.3064
2025/06/23 05:34:02 - mmengine - INFO - Epoch(train) [16][ 400/9162]  lr: 2.0000e-03  eta: 16:19:37  time: 0.7501  data_time: 0.1218  memory: 1708  loss: 4.1274  loss_cls: 2.7737  loss_bbox: 1.3537
2025/06/23 05:34:40 - mmengine - INFO - Epoch(train) [16][ 450/9162]  lr: 2.0000e-03  eta: 16:19:02  time: 0.7445  data_time: 0.1078  memory: 1708  loss: 4.1830  loss_cls: 2.8100  loss_bbox: 1.3730
2025/06/23 05:35:17 - mmengine - INFO - Epoch(train) [16][ 500/9162]  lr: 2.0000e-03  eta: 16:18:27  time: 0.7429  data_time: 0.1217  memory: 1708  loss: 4.1241  loss_cls: 2.7706  loss_bbox: 1.3536
2025/06/23 05:35:54 - mmengine - INFO - Epoch(train) [16][ 550/9162]  lr: 2.0000e-03  eta: 16:17:52  time: 0.7440  data_time: 0.1169  memory: 1708  loss: 4.1232  loss_cls: 2.7725  loss_bbox: 1.3506
2025/06/23 05:36:09 - mmengine - INFO - Exp name: ssd300_coco_20250622_013555
2025/06/23 05:36:32 - mmengine - INFO - Epoch(train) [16][ 600/9162]  lr: 2.0000e-03  eta: 16:17:17  time: 0.7510  data_time: 0.1349  memory: 1708  loss: 4.2038  loss_cls: 2.8267  loss_bbox: 1.3771
2025/06/23 05:37:09 - mmengine - INFO - Epoch(train) [16][ 650/9162]  lr: 2.0000e-03  eta: 16:16:42  time: 0.7433  data_time: 0.1418  memory: 1708  loss: 4.1075  loss_cls: 2.7477  loss_bbox: 1.3598
2025/06/23 05:37:46 - mmengine - INFO - Epoch(train) [16][ 700/9162]  lr: 2.0000e-03  eta: 16:16:07  time: 0.7426  data_time: 0.1304  memory: 1708  loss: 4.0255  loss_cls: 2.7479  loss_bbox: 1.2776
2025/06/23 05:38:23 - mmengine - INFO - Epoch(train) [16][ 750/9162]  lr: 2.0000e-03  eta: 16:15:32  time: 0.7402  data_time: 0.1242  memory: 1708  loss: 4.0359  loss_cls: 2.7406  loss_bbox: 1.2953
2025/06/23 05:39:00 - mmengine - INFO - Epoch(train) [16][ 800/9162]  lr: 2.0000e-03  eta: 16:14:57  time: 0.7372  data_time: 0.1114  memory: 1708  loss: 4.1330  loss_cls: 2.7939  loss_bbox: 1.3392
2025/06/23 05:39:37 - mmengine - INFO - Epoch(train) [16][ 850/9162]  lr: 2.0000e-03  eta: 16:14:22  time: 0.7422  data_time: 0.1227  memory: 1708  loss: 4.1647  loss_cls: 2.7922  loss_bbox: 1.3725
2025/06/23 05:40:14 - mmengine - INFO - Epoch(train) [16][ 900/9162]  lr: 2.0000e-03  eta: 16:13:47  time: 0.7346  data_time: 0.1040  memory: 1708  loss: 4.0758  loss_cls: 2.7250  loss_bbox: 1.3509
2025/06/23 05:40:51 - mmengine - INFO - Epoch(train) [16][ 950/9162]  lr: 2.0000e-03  eta: 16:13:11  time: 0.7391  data_time: 0.1343  memory: 1708  loss: 4.0309  loss_cls: 2.7372  loss_bbox: 1.2936
2025/06/23 05:41:28 - mmengine - INFO - Epoch(train) [16][1000/9162]  lr: 2.0000e-03  eta: 16:12:36  time: 0.7426  data_time: 0.1409  memory: 1708  loss: 4.0632  loss_cls: 2.7363  loss_bbox: 1.3269
2025/06/23 05:42:05 - mmengine - INFO - Epoch(train) [16][1050/9162]  lr: 2.0000e-03  eta: 16:12:01  time: 0.7396  data_time: 0.0947  memory: 1708  loss: 4.0952  loss_cls: 2.7446  loss_bbox: 1.3506
2025/06/23 05:42:43 - mmengine - INFO - Epoch(train) [16][1100/9162]  lr: 2.0000e-03  eta: 16:11:26  time: 0.7471  data_time: 0.1236  memory: 1708  loss: 4.0418  loss_cls: 2.6936  loss_bbox: 1.3482
2025/06/23 05:43:20 - mmengine - INFO - Epoch(train) [16][1150/9162]  lr: 2.0000e-03  eta: 16:10:51  time: 0.7481  data_time: 0.1209  memory: 1708  loss: 4.1084  loss_cls: 2.7694  loss_bbox: 1.3391
2025/06/23 05:43:57 - mmengine - INFO - Epoch(train) [16][1200/9162]  lr: 2.0000e-03  eta: 16:10:16  time: 0.7409  data_time: 0.1387  memory: 1708  loss: 4.0918  loss_cls: 2.7739  loss_bbox: 1.3179
2025/06/23 05:44:34 - mmengine - INFO - Epoch(train) [16][1250/9162]  lr: 2.0000e-03  eta: 16:09:41  time: 0.7398  data_time: 0.1214  memory: 1708  loss: 4.0678  loss_cls: 2.7440  loss_bbox: 1.3238
2025/06/23 05:45:12 - mmengine - INFO - Epoch(train) [16][1300/9162]  lr: 2.0000e-03  eta: 16:09:06  time: 0.7426  data_time: 0.1304  memory: 1708  loss: 4.2066  loss_cls: 2.8021  loss_bbox: 1.4045
2025/06/23 05:45:49 - mmengine - INFO - Epoch(train) [16][1350/9162]  lr: 2.0000e-03  eta: 16:08:31  time: 0.7398  data_time: 0.1094  memory: 1708  loss: 4.0290  loss_cls: 2.7478  loss_bbox: 1.2811
2025/06/23 05:46:26 - mmengine - INFO - Epoch(train) [16][1400/9162]  lr: 2.0000e-03  eta: 16:07:56  time: 0.7395  data_time: 0.1169  memory: 1708  loss: 4.1058  loss_cls: 2.7508  loss_bbox: 1.3551
2025/06/23 05:47:03 - mmengine - INFO - Epoch(train) [16][1450/9162]  lr: 2.0000e-03  eta: 16:07:21  time: 0.7366  data_time: 0.1262  memory: 1708  loss: 3.9477  loss_cls: 2.6702  loss_bbox: 1.2774
2025/06/23 05:47:40 - mmengine - INFO - Epoch(train) [16][1500/9162]  lr: 2.0000e-03  eta: 16:06:45  time: 0.7426  data_time: 0.1207  memory: 1708  loss: 4.0911  loss_cls: 2.7420  loss_bbox: 1.3491
2025/06/23 05:48:17 - mmengine - INFO - Epoch(train) [16][1550/9162]  lr: 2.0000e-03  eta: 16:06:11  time: 0.7506  data_time: 0.1164  memory: 1708  loss: 4.0568  loss_cls: 2.7760  loss_bbox: 1.2808
2025/06/23 05:48:32 - mmengine - INFO - Exp name: ssd300_coco_20250622_013555
2025/06/23 05:48:55 - mmengine - INFO - Epoch(train) [16][1600/9162]  lr: 2.0000e-03  eta: 16:05:36  time: 0.7519  data_time: 0.1126  memory: 1708  loss: 4.0987  loss_cls: 2.7725  loss_bbox: 1.3263
2025/06/23 05:49:32 - mmengine - INFO - Epoch(train) [16][1650/9162]  lr: 2.0000e-03  eta: 16:05:01  time: 0.7473  data_time: 0.1096  memory: 1708  loss: 4.0196  loss_cls: 2.7193  loss_bbox: 1.3003
2025/06/23 05:50:10 - mmengine - INFO - Epoch(train) [16][1700/9162]  lr: 2.0000e-03  eta: 16:04:26  time: 0.7491  data_time: 0.1063  memory: 1708  loss: 4.1507  loss_cls: 2.7616  loss_bbox: 1.3891
2025/06/23 05:50:48 - mmengine - INFO - Epoch(train) [16][1750/9162]  lr: 2.0000e-03  eta: 16:03:51  time: 0.7507  data_time: 0.1229  memory: 1708  loss: 3.9441  loss_cls: 2.6700  loss_bbox: 1.2741
2025/06/23 05:51:25 - mmengine - INFO - Epoch(train) [16][1800/9162]  lr: 2.0000e-03  eta: 16:03:16  time: 0.7480  data_time: 0.1274  memory: 1708  loss: 4.0836  loss_cls: 2.7576  loss_bbox: 1.3261
2025/06/23 05:52:02 - mmengine - INFO - Epoch(train) [16][1850/9162]  lr: 2.0000e-03  eta: 16:02:41  time: 0.7370  data_time: 0.1128  memory: 1708  loss: 4.0822  loss_cls: 2.7543  loss_bbox: 1.3278
2025/06/23 05:52:39 - mmengine - INFO - Epoch(train) [16][1900/9162]  lr: 2.0000e-03  eta: 16:02:06  time: 0.7414  data_time: 0.1089  memory: 1708  loss: 4.1288  loss_cls: 2.8117  loss_bbox: 1.3171
2025/06/23 05:53:16 - mmengine - INFO - Epoch(train) [16][1950/9162]  lr: 2.0000e-03  eta: 16:01:31  time: 0.7373  data_time: 0.0975  memory: 1708  loss: 4.0371  loss_cls: 2.7363  loss_bbox: 1.3007
2025/06/23 05:53:53 - mmengine - INFO - Epoch(train) [16][2000/9162]  lr: 2.0000e-03  eta: 16:00:55  time: 0.7352  data_time: 0.1047  memory: 1708  loss: 4.0147  loss_cls: 2.6814  loss_bbox: 1.3333
2025/06/23 05:54:30 - mmengine - INFO - Epoch(train) [16][2050/9162]  lr: 2.0000e-03  eta: 16:00:20  time: 0.7457  data_time: 0.1248  memory: 1708  loss: 4.1917  loss_cls: 2.8314  loss_bbox: 1.3604
2025/06/23 05:55:07 - mmengine - INFO - Epoch(train) [16][2100/9162]  lr: 2.0000e-03  eta: 15:59:45  time: 0.7449  data_time: 0.1249  memory: 1708  loss: 4.1784  loss_cls: 2.8063  loss_bbox: 1.3720
2025/06/23 05:55:45 - mmengine - INFO - Epoch(train) [16][2150/9162]  lr: 2.0000e-03  eta: 15:59:11  time: 0.7484  data_time: 0.1233  memory: 1708  loss: 4.0427  loss_cls: 2.7355  loss_bbox: 1.3073
2025/06/23 05:56:22 - mmengine - INFO - Epoch(train) [16][2200/9162]  lr: 2.0000e-03  eta: 15:58:35  time: 0.7379  data_time: 0.0994  memory: 1708  loss: 4.0682  loss_cls: 2.7590  loss_bbox: 1.3093
2025/06/23 05:56:59 - mmengine - INFO - Epoch(train) [16][2250/9162]  lr: 2.0000e-03  eta: 15:58:00  time: 0.7342  data_time: 0.0892  memory: 1708  loss: 4.0438  loss_cls: 2.7220  loss_bbox: 1.3218
2025/06/23 05:57:36 - mmengine - INFO - Epoch(train) [16][2300/9162]  lr: 2.0000e-03  eta: 15:57:25  time: 0.7477  data_time: 0.1202  memory: 1708  loss: 4.1446  loss_cls: 2.7820  loss_bbox: 1.3625
2025/06/23 05:58:13 - mmengine - INFO - Epoch(train) [16][2350/9162]  lr: 2.0000e-03  eta: 15:56:50  time: 0.7368  data_time: 0.1069  memory: 1708  loss: 4.0932  loss_cls: 2.7426  loss_bbox: 1.3506
2025/06/23 05:58:50 - mmengine - INFO - Epoch(train) [16][2400/9162]  lr: 2.0000e-03  eta: 15:56:15  time: 0.7397  data_time: 0.1178  memory: 1708  loss: 4.1499  loss_cls: 2.7781  loss_bbox: 1.3717
2025/06/23 05:59:27 - mmengine - INFO - Epoch(train) [16][2450/9162]  lr: 2.0000e-03  eta: 15:55:39  time: 0.7382  data_time: 0.1087  memory: 1708  loss: 4.1548  loss_cls: 2.8111  loss_bbox: 1.3437
2025/06/23 06:00:04 - mmengine - INFO - Epoch(train) [16][2500/9162]  lr: 2.0000e-03  eta: 15:55:04  time: 0.7428  data_time: 0.1262  memory: 1708  loss: 3.9790  loss_cls: 2.7046  loss_bbox: 1.2744
2025/06/23 06:00:42 - mmengine - INFO - Epoch(train) [16][2550/9162]  lr: 2.0000e-03  eta: 15:54:29  time: 0.7466  data_time: 0.1139  memory: 1708  loss: 4.0753  loss_cls: 2.7352  loss_bbox: 1.3401
2025/06/23 06:00:57 - mmengine - INFO - Exp name: ssd300_coco_20250622_013555
2025/06/23 06:01:19 - mmengine - INFO - Epoch(train) [16][2600/9162]  lr: 2.0000e-03  eta: 15:53:54  time: 0.7431  data_time: 0.1268  memory: 1708  loss: 4.1344  loss_cls: 2.7776  loss_bbox: 1.3567
2025/06/23 06:01:55 - mmengine - INFO - Epoch(train) [16][2650/9162]  lr: 2.0000e-03  eta: 15:53:19  time: 0.7266  data_time: 0.1040  memory: 1708  loss: 4.1523  loss_cls: 2.7777  loss_bbox: 1.3746
2025/06/23 06:02:32 - mmengine - INFO - Epoch(train) [16][2700/9162]  lr: 2.0000e-03  eta: 15:52:44  time: 0.7418  data_time: 0.0996  memory: 1708  loss: 4.1887  loss_cls: 2.8138  loss_bbox: 1.3750
2025/06/23 06:03:09 - mmengine - INFO - Epoch(train) [16][2750/9162]  lr: 2.0000e-03  eta: 15:52:08  time: 0.7351  data_time: 0.0903  memory: 1708  loss: 4.1261  loss_cls: 2.7938  loss_bbox: 1.3323
2025/06/23 06:03:46 - mmengine - INFO - Epoch(train) [16][2800/9162]  lr: 2.0000e-03  eta: 15:51:33  time: 0.7412  data_time: 0.0886  memory: 1708  loss: 3.9681  loss_cls: 2.6940  loss_bbox: 1.2741
2025/06/23 06:04:24 - mmengine - INFO - Epoch(train) [16][2850/9162]  lr: 2.0000e-03  eta: 15:50:58  time: 0.7554  data_time: 0.1469  memory: 1708  loss: 4.1526  loss_cls: 2.7755  loss_bbox: 1.3771
2025/06/23 06:05:01 - mmengine - INFO - Epoch(train) [16][2900/9162]  lr: 2.0000e-03  eta: 15:50:23  time: 0.7422  data_time: 0.1219  memory: 1708  loss: 4.0005  loss_cls: 2.6902  loss_bbox: 1.3104
2025/06/23 06:05:38 - mmengine - INFO - Epoch(train) [16][2950/9162]  lr: 2.0000e-03  eta: 15:49:48  time: 0.7380  data_time: 0.1024  memory: 1708  loss: 4.0759  loss_cls: 2.7448  loss_bbox: 1.3311
2025/06/23 06:06:15 - mmengine - INFO - Epoch(train) [16][3000/9162]  lr: 2.0000e-03  eta: 15:49:13  time: 0.7329  data_time: 0.0984  memory: 1708  loss: 4.1068  loss_cls: 2.7784  loss_bbox: 1.3283
2025/06/23 06:06:52 - mmengine - INFO - Epoch(train) [16][3050/9162]  lr: 2.0000e-03  eta: 15:48:38  time: 0.7471  data_time: 0.1101  memory: 1708  loss: 4.2021  loss_cls: 2.8194  loss_bbox: 1.3827
2025/06/23 06:07:30 - mmengine - INFO - Epoch(train) [16][3100/9162]  lr: 2.0000e-03  eta: 15:48:03  time: 0.7447  data_time: 0.1305  memory: 1708  loss: 4.1058  loss_cls: 2.7673  loss_bbox: 1.3385
2025/06/23 06:08:06 - mmengine - INFO - Epoch(train) [16][3150/9162]  lr: 2.0000e-03  eta: 15:47:27  time: 0.7323  data_time: 0.0893  memory: 1708  loss: 4.0204  loss_cls: 2.7322  loss_bbox: 1.2883
2025/06/23 06:08:43 - mmengine - INFO - Epoch(train) [16][3200/9162]  lr: 2.0000e-03  eta: 15:46:52  time: 0.7367  data_time: 0.1012  memory: 1708  loss: 4.1906  loss_cls: 2.8080  loss_bbox: 1.3825
2025/06/23 06:09:21 - mmengine - INFO - Epoch(train) [16][3250/9162]  lr: 2.0000e-03  eta: 15:46:17  time: 0.7525  data_time: 0.1070  memory: 1708  loss: 4.1445  loss_cls: 2.8072  loss_bbox: 1.3373
2025/06/23 06:09:58 - mmengine - INFO - Epoch(train) [16][3300/9162]  lr: 2.0000e-03  eta: 15:45:42  time: 0.7374  data_time: 0.1090  memory: 1708  loss: 4.0388  loss_cls: 2.7001  loss_bbox: 1.3386
2025/06/23 06:10:35 - mmengine - INFO - Epoch(train) [16][3350/9162]  lr: 2.0000e-03  eta: 15:45:07  time: 0.7393  data_time: 0.1121  memory: 1708  loss: 4.1097  loss_cls: 2.7711  loss_bbox: 1.3386
2025/06/23 06:11:12 - mmengine - INFO - Epoch(train) [16][3400/9162]  lr: 2.0000e-03  eta: 15:44:32  time: 0.7481  data_time: 0.1006  memory: 1708  loss: 4.0404  loss_cls: 2.7211  loss_bbox: 1.3193
2025/06/23 06:11:50 - mmengine - INFO - Epoch(train) [16][3450/9162]  lr: 2.0000e-03  eta: 15:43:57  time: 0.7442  data_time: 0.1266  memory: 1708  loss: 4.0926  loss_cls: 2.7166  loss_bbox: 1.3759
2025/06/23 06:12:27 - mmengine - INFO - Epoch(train) [16][3500/9162]  lr: 2.0000e-03  eta: 15:43:22  time: 0.7474  data_time: 0.1232  memory: 1708  loss: 4.1066  loss_cls: 2.7672  loss_bbox: 1.3394
2025/06/23 06:13:05 - mmengine - INFO - Epoch(train) [16][3550/9162]  lr: 2.0000e-03  eta: 15:42:47  time: 0.7586  data_time: 0.1292  memory: 1708  loss: 4.0203  loss_cls: 2.7274  loss_bbox: 1.2930
2025/06/23 06:13:20 - mmengine - INFO - Exp name: ssd300_coco_20250622_013555
2025/06/23 06:13:43 - mmengine - INFO - Epoch(train) [16][3600/9162]  lr: 2.0000e-03  eta: 15:42:12  time: 0.7545  data_time: 0.1241  memory: 1708  loss: 4.0983  loss_cls: 2.7135  loss_bbox: 1.3847
2025/06/23 06:14:20 - mmengine - INFO - Epoch(train) [16][3650/9162]  lr: 2.0000e-03  eta: 15:41:37  time: 0.7453  data_time: 0.1162  memory: 1708  loss: 4.1858  loss_cls: 2.8291  loss_bbox: 1.3568
2025/06/23 06:14:57 - mmengine - INFO - Epoch(train) [16][3700/9162]  lr: 2.0000e-03  eta: 15:41:02  time: 0.7401  data_time: 0.1108  memory: 1708  loss: 4.1897  loss_cls: 2.8249  loss_bbox: 1.3648
2025/06/23 06:15:34 - mmengine - INFO - Epoch(train) [16][3750/9162]  lr: 2.0000e-03  eta: 15:40:27  time: 0.7418  data_time: 0.1063  memory: 1708  loss: 4.1319  loss_cls: 2.7832  loss_bbox: 1.3486
2025/06/23 06:16:12 - mmengine - INFO - Epoch(train) [16][3800/9162]  lr: 2.0000e-03  eta: 15:39:52  time: 0.7500  data_time: 0.1311  memory: 1708  loss: 3.9843  loss_cls: 2.7376  loss_bbox: 1.2467
2025/06/23 06:16:50 - mmengine - INFO - Epoch(train) [16][3850/9162]  lr: 2.0000e-03  eta: 15:39:17  time: 0.7476  data_time: 0.1214  memory: 1708  loss: 4.0402  loss_cls: 2.7385  loss_bbox: 1.3017
2025/06/23 06:17:27 - mmengine - INFO - Epoch(train) [16][3900/9162]  lr: 2.0000e-03  eta: 15:38:42  time: 0.7428  data_time: 0.1228  memory: 1708  loss: 4.0228  loss_cls: 2.7109  loss_bbox: 1.3119
2025/06/23 06:18:04 - mmengine - INFO - Epoch(train) [16][3950/9162]  lr: 2.0000e-03  eta: 15:38:07  time: 0.7489  data_time: 0.1288  memory: 1708  loss: 4.0204  loss_cls: 2.7072  loss_bbox: 1.3131
2025/06/23 06:18:41 - mmengine - INFO - Epoch(train) [16][4000/9162]  lr: 2.0000e-03  eta: 15:37:32  time: 0.7440  data_time: 0.1301  memory: 1708  loss: 4.1594  loss_cls: 2.7737  loss_bbox: 1.3857
2025/06/23 06:19:18 - mmengine - INFO - Epoch(train) [16][4050/9162]  lr: 2.0000e-03  eta: 15:36:56  time: 0.7374  data_time: 0.0861  memory: 1708  loss: 4.0503  loss_cls: 2.7050  loss_bbox: 1.3452
2025/06/23 06:19:55 - mmengine - INFO - Epoch(train) [16][4100/9162]  lr: 2.0000e-03  eta: 15:36:21  time: 0.7383  data_time: 0.1135  memory: 1708  loss: 4.1231  loss_cls: 2.7723  loss_bbox: 1.3508
2025/06/23 06:20:32 - mmengine - INFO - Epoch(train) [16][4150/9162]  lr: 2.0000e-03  eta: 15:35:46  time: 0.7400  data_time: 0.1056  memory: 1708  loss: 4.0839  loss_cls: 2.7754  loss_bbox: 1.3085
2025/06/23 06:21:10 - mmengine - INFO - Epoch(train) [16][4200/9162]  lr: 2.0000e-03  eta: 15:35:11  time: 0.7407  data_time: 0.1040  memory: 1708  loss: 4.0330  loss_cls: 2.7043  loss_bbox: 1.3288
2025/06/23 06:21:47 - mmengine - INFO - Epoch(train) [16][4250/9162]  lr: 2.0000e-03  eta: 15:34:36  time: 0.7525  data_time: 0.1147  memory: 1708  loss: 4.1818  loss_cls: 2.7970  loss_bbox: 1.3848
2025/06/23 06:22:25 - mmengine - INFO - Epoch(train) [16][4300/9162]  lr: 2.0000e-03  eta: 15:34:01  time: 0.7579  data_time: 0.0953  memory: 1708  loss: 4.0622  loss_cls: 2.7502  loss_bbox: 1.3120
2025/06/23 06:23:04 - mmengine - INFO - Epoch(train) [16][4350/9162]  lr: 2.0000e-03  eta: 15:33:27  time: 0.7651  data_time: 0.1040  memory: 1708  loss: 4.0283  loss_cls: 2.7513  loss_bbox: 1.2770
2025/06/23 06:23:42 - mmengine - INFO - Epoch(train) [16][4400/9162]  lr: 2.0000e-03  eta: 15:32:52  time: 0.7636  data_time: 0.1152  memory: 1708  loss: 4.0350  loss_cls: 2.7427  loss_bbox: 1.2923
2025/06/23 06:24:20 - mmengine - INFO - Epoch(train) [16][4450/9162]  lr: 2.0000e-03  eta: 15:32:17  time: 0.7537  data_time: 0.1131  memory: 1708  loss: 4.1325  loss_cls: 2.7498  loss_bbox: 1.3826
2025/06/23 06:24:57 - mmengine - INFO - Epoch(train) [16][4500/9162]  lr: 2.0000e-03  eta: 15:31:42  time: 0.7573  data_time: 0.1261  memory: 1708  loss: 4.0752  loss_cls: 2.7620  loss_bbox: 1.3132
2025/06/23 06:25:36 - mmengine - INFO - Epoch(train) [16][4550/9162]  lr: 2.0000e-03  eta: 15:31:08  time: 0.7702  data_time: 0.1354  memory: 1708  loss: 4.0274  loss_cls: 2.7364  loss_bbox: 1.2910
2025/06/23 06:25:51 - mmengine - INFO - Exp name: ssd300_coco_20250622_013555
2025/06/23 06:26:14 - mmengine - INFO - Epoch(train) [16][4600/9162]  lr: 2.0000e-03  eta: 15:30:33  time: 0.7664  data_time: 0.1429  memory: 1708  loss: 4.0986  loss_cls: 2.7720  loss_bbox: 1.3266
2025/06/23 06:26:53 - mmengine - INFO - Epoch(train) [16][4650/9162]  lr: 2.0000e-03  eta: 15:29:59  time: 0.7683  data_time: 0.1469  memory: 1708  loss: 4.2708  loss_cls: 2.8161  loss_bbox: 1.4546
2025/06/23 06:27:31 - mmengine - INFO - Epoch(train) [16][4700/9162]  lr: 2.0000e-03  eta: 15:29:24  time: 0.7577  data_time: 0.1210  memory: 1708  loss: 4.0501  loss_cls: 2.6996  loss_bbox: 1.3505
2025/06/23 06:28:09 - mmengine - INFO - Epoch(train) [16][4750/9162]  lr: 2.0000e-03  eta: 15:28:50  time: 0.7576  data_time: 0.1047  memory: 1708  loss: 4.0978  loss_cls: 2.7706  loss_bbox: 1.3272
2025/06/23 06:28:47 - mmengine - INFO - Epoch(train) [16][4800/9162]  lr: 2.0000e-03  eta: 15:28:15  time: 0.7613  data_time: 0.1301  memory: 1708  loss: 4.0830  loss_cls: 2.7722  loss_bbox: 1.3107
2025/06/23 06:29:25 - mmengine - INFO - Epoch(train) [16][4850/9162]  lr: 2.0000e-03  eta: 15:27:40  time: 0.7533  data_time: 0.1133  memory: 1708  loss: 4.1774  loss_cls: 2.8033  loss_bbox: 1.3741
2025/06/23 06:30:02 - mmengine - INFO - Epoch(train) [16][4900/9162]  lr: 2.0000e-03  eta: 15:27:05  time: 0.7557  data_time: 0.1039  memory: 1708  loss: 4.0519  loss_cls: 2.7410  loss_bbox: 1.3109
2025/06/23 06:30:41 - mmengine - INFO - Epoch(train) [16][4950/9162]  lr: 2.0000e-03  eta: 15:26:30  time: 0.7603  data_time: 0.1348  memory: 1708  loss: 4.1530  loss_cls: 2.7725  loss_bbox: 1.3805
2025/06/23 06:31:18 - mmengine - INFO - Epoch(train) [16][5000/9162]  lr: 2.0000e-03  eta: 15:25:56  time: 0.7568  data_time: 0.1001  memory: 1708  loss: 4.1383  loss_cls: 2.7690  loss_bbox: 1.3693
2025/06/23 06:31:56 - mmengine - INFO - Epoch(train) [16][5050/9162]  lr: 2.0000e-03  eta: 15:25:21  time: 0.7563  data_time: 0.1088  memory: 1708  loss: 4.2020  loss_cls: 2.8221  loss_bbox: 1.3798
2025/06/23 06:32:33 - mmengine - INFO - Epoch(train) [16][5100/9162]  lr: 2.0000e-03  eta: 15:24:46  time: 0.7367  data_time: 0.1046  memory: 1708  loss: 4.1609  loss_cls: 2.7881  loss_bbox: 1.3728
2025/06/23 06:33:11 - mmengine - INFO - Epoch(train) [16][5150/9162]  lr: 2.0000e-03  eta: 15:24:10  time: 0.7461  data_time: 0.0917  memory: 1708  loss: 4.0669  loss_cls: 2.7602  loss_bbox: 1.3067
2025/06/23 06:33:48 - mmengine - INFO - Epoch(train) [16][5200/9162]  lr: 2.0000e-03  eta: 15:23:35  time: 0.7468  data_time: 0.1074  memory: 1708  loss: 4.1079  loss_cls: 2.7404  loss_bbox: 1.3675
2025/06/23 06:34:25 - mmengine - INFO - Epoch(train) [16][5250/9162]  lr: 2.0000e-03  eta: 15:23:00  time: 0.7464  data_time: 0.1204  memory: 1708  loss: 4.0935  loss_cls: 2.7771  loss_bbox: 1.3164
2025/06/23 06:35:04 - mmengine - INFO - Epoch(train) [16][5300/9162]  lr: 2.0000e-03  eta: 15:22:26  time: 0.7628  data_time: 0.1328  memory: 1708  loss: 3.9568  loss_cls: 2.6992  loss_bbox: 1.2576
2025/06/23 06:35:41 - mmengine - INFO - Epoch(train) [16][5350/9162]  lr: 2.0000e-03  eta: 15:21:51  time: 0.7563  data_time: 0.1187  memory: 1708  loss: 4.1328  loss_cls: 2.7691  loss_bbox: 1.3637
2025/06/23 06:36:18 - mmengine - INFO - Epoch(train) [16][5400/9162]  lr: 2.0000e-03  eta: 15:21:15  time: 0.7248  data_time: 0.0978  memory: 1708  loss: 4.0361  loss_cls: 2.6960  loss_bbox: 1.3401
2025/06/23 06:36:54 - mmengine - INFO - Epoch(train) [16][5450/9162]  lr: 2.0000e-03  eta: 15:20:39  time: 0.7221  data_time: 0.1099  memory: 1708  loss: 4.2093  loss_cls: 2.8146  loss_bbox: 1.3947
2025/06/23 06:37:32 - mmengine - INFO - Epoch(train) [16][5500/9162]  lr: 2.0000e-03  eta: 15:20:05  time: 0.7538  data_time: 0.1417  memory: 1708  loss: 4.0789  loss_cls: 2.7488  loss_bbox: 1.3301
2025/06/23 06:38:09 - mmengine - INFO - Epoch(train) [16][5550/9162]  lr: 2.0000e-03  eta: 15:19:30  time: 0.7474  data_time: 0.1298  memory: 1708  loss: 4.1612  loss_cls: 2.7622  loss_bbox: 1.3990
2025/06/23 06:38:24 - mmengine - INFO - Exp name: ssd300_coco_20250622_013555
2025/06/23 06:38:47 - mmengine - INFO - Epoch(train) [16][5600/9162]  lr: 2.0000e-03  eta: 15:18:54  time: 0.7473  data_time: 0.1297  memory: 1708  loss: 4.2001  loss_cls: 2.8211  loss_bbox: 1.3790
2025/06/23 06:39:24 - mmengine - INFO - Epoch(train) [16][5650/9162]  lr: 2.0000e-03  eta: 15:18:20  time: 0.7530  data_time: 0.1343  memory: 1708  loss: 4.0823  loss_cls: 2.7568  loss_bbox: 1.3255
2025/06/23 06:40:03 - mmengine - INFO - Epoch(train) [16][5700/9162]  lr: 2.0000e-03  eta: 15:17:45  time: 0.7640  data_time: 0.1150  memory: 1708  loss: 4.1851  loss_cls: 2.7735  loss_bbox: 1.4116
2025/06/23 06:40:40 - mmengine - INFO - Epoch(train) [16][5750/9162]  lr: 2.0000e-03  eta: 15:17:10  time: 0.7532  data_time: 0.1170  memory: 1708  loss: 4.0746  loss_cls: 2.7317  loss_bbox: 1.3429
2025/06/23 06:41:19 - mmengine - INFO - Epoch(train) [16][5800/9162]  lr: 2.0000e-03  eta: 15:16:35  time: 0.7653  data_time: 0.1062  memory: 1708  loss: 4.0794  loss_cls: 2.7456  loss_bbox: 1.3339
2025/06/23 06:41:56 - mmengine - INFO - Epoch(train) [16][5850/9162]  lr: 2.0000e-03  eta: 15:16:00  time: 0.7470  data_time: 0.1246  memory: 1708  loss: 4.1615  loss_cls: 2.7772  loss_bbox: 1.3843
2025/06/23 06:42:33 - mmengine - INFO - Epoch(train) [16][5900/9162]  lr: 2.0000e-03  eta: 15:15:25  time: 0.7426  data_time: 0.1291  memory: 1708  loss: 4.1050  loss_cls: 2.7955  loss_bbox: 1.3095
2025/06/23 06:43:11 - mmengine - INFO - Epoch(train) [16][5950/9162]  lr: 2.0000e-03  eta: 15:14:50  time: 0.7473  data_time: 0.1416  memory: 1708  loss: 4.2319  loss_cls: 2.8208  loss_bbox: 1.4111
2025/06/23 06:43:48 - mmengine - INFO - Epoch(train) [16][6000/9162]  lr: 2.0000e-03  eta: 15:14:15  time: 0.7511  data_time: 0.1081  memory: 1708  loss: 4.2147  loss_cls: 2.8335  loss_bbox: 1.3812
2025/06/23 06:44:25 - mmengine - INFO - Epoch(train) [16][6050/9162]  lr: 2.0000e-03  eta: 15:13:40  time: 0.7413  data_time: 0.0892  memory: 1708  loss: 4.0358  loss_cls: 2.7116  loss_bbox: 1.3242
2025/06/23 06:45:03 - mmengine - INFO - Epoch(train) [16][6100/9162]  lr: 2.0000e-03  eta: 15:13:05  time: 0.7562  data_time: 0.1214  memory: 1708  loss: 4.1489  loss_cls: 2.7804  loss_bbox: 1.3685
2025/06/23 06:45:40 - mmengine - INFO - Epoch(train) [16][6150/9162]  lr: 2.0000e-03  eta: 15:12:30  time: 0.7410  data_time: 0.1189  memory: 1708  loss: 4.0287  loss_cls: 2.7121  loss_bbox: 1.3165
2025/06/23 06:46:17 - mmengine - INFO - Epoch(train) [16][6200/9162]  lr: 2.0000e-03  eta: 15:11:54  time: 0.7374  data_time: 0.1074  memory: 1708  loss: 3.9957  loss_cls: 2.7221  loss_bbox: 1.2735
2025/06/23 06:46:55 - mmengine - INFO - Epoch(train) [16][6250/9162]  lr: 2.0000e-03  eta: 15:11:19  time: 0.7442  data_time: 0.1156  memory: 1708  loss: 4.0514  loss_cls: 2.7242  loss_bbox: 1.3271
2025/06/23 06:47:32 - mmengine - INFO - Epoch(train) [16][6300/9162]  lr: 2.0000e-03  eta: 15:10:44  time: 0.7546  data_time: 0.1328  memory: 1708  loss: 4.1059  loss_cls: 2.7696  loss_bbox: 1.3363
2025/06/23 06:48:10 - mmengine - INFO - Epoch(train) [16][6350/9162]  lr: 2.0000e-03  eta: 15:10:09  time: 0.7531  data_time: 0.1064  memory: 1708  loss: 3.9676  loss_cls: 2.7057  loss_bbox: 1.2619
2025/06/23 06:48:44 - mmengine - INFO - Epoch(train) [16][6400/9162]  lr: 2.0000e-03  eta: 15:09:33  time: 0.6867  data_time: 0.0797  memory: 1708  loss: 3.9566  loss_cls: 2.7008  loss_bbox: 1.2558
2025/06/23 06:49:21 - mmengine - INFO - Epoch(train) [16][6450/9162]  lr: 2.0000e-03  eta: 15:08:57  time: 0.7370  data_time: 0.1146  memory: 1708  loss: 4.1230  loss_cls: 2.7637  loss_bbox: 1.3593
2025/06/23 06:49:58 - mmengine - INFO - Epoch(train) [16][6500/9162]  lr: 2.0000e-03  eta: 15:08:22  time: 0.7386  data_time: 0.0975  memory: 1708  loss: 4.1897  loss_cls: 2.8024  loss_bbox: 1.3873
2025/06/23 06:50:36 - mmengine - INFO - Epoch(train) [16][6550/9162]  lr: 2.0000e-03  eta: 15:07:47  time: 0.7503  data_time: 0.1149  memory: 1708  loss: 4.0566  loss_cls: 2.7393  loss_bbox: 1.3173
2025/06/23 06:50:51 - mmengine - INFO - Exp name: ssd300_coco_20250622_013555
2025/06/23 06:51:13 - mmengine - INFO - Epoch(train) [16][6600/9162]  lr: 2.0000e-03  eta: 15:07:12  time: 0.7452  data_time: 0.1164  memory: 1708  loss: 4.2167  loss_cls: 2.8164  loss_bbox: 1.4003
2025/06/23 06:51:52 - mmengine - INFO - Epoch(train) [16][6650/9162]  lr: 2.0000e-03  eta: 15:06:37  time: 0.7669  data_time: 0.1167  memory: 1708  loss: 4.1590  loss_cls: 2.7520  loss_bbox: 1.4070
2025/06/23 06:52:29 - mmengine - INFO - Epoch(train) [16][6700/9162]  lr: 2.0000e-03  eta: 15:06:02  time: 0.7417  data_time: 0.1276  memory: 1708  loss: 4.1118  loss_cls: 2.7517  loss_bbox: 1.3601
2025/06/23 06:53:06 - mmengine - INFO - Epoch(train) [16][6750/9162]  lr: 2.0000e-03  eta: 15:05:27  time: 0.7483  data_time: 0.1291  memory: 1708  loss: 4.1542  loss_cls: 2.7724  loss_bbox: 1.3817
2025/06/23 06:53:44 - mmengine - INFO - Epoch(train) [16][6800/9162]  lr: 2.0000e-03  eta: 15:04:52  time: 0.7453  data_time: 0.1103  memory: 1708  loss: 4.1315  loss_cls: 2.7529  loss_bbox: 1.3786
2025/06/23 06:54:21 - mmengine - INFO - Epoch(train) [16][6850/9162]  lr: 2.0000e-03  eta: 15:04:17  time: 0.7544  data_time: 0.1057  memory: 1708  loss: 4.0387  loss_cls: 2.7291  loss_bbox: 1.3096
2025/06/23 06:54:59 - mmengine - INFO - Epoch(train) [16][6900/9162]  lr: 2.0000e-03  eta: 15:03:42  time: 0.7466  data_time: 0.1060  memory: 1708  loss: 4.0716  loss_cls: 2.7615  loss_bbox: 1.3100
2025/06/23 06:55:36 - mmengine - INFO - Epoch(train) [16][6950/9162]  lr: 2.0000e-03  eta: 15:03:07  time: 0.7459  data_time: 0.1298  memory: 1708  loss: 4.0454  loss_cls: 2.7116  loss_bbox: 1.3338
2025/06/23 06:56:13 - mmengine - INFO - Epoch(train) [16][7000/9162]  lr: 2.0000e-03  eta: 15:02:31  time: 0.7380  data_time: 0.1135  memory: 1708  loss: 4.0775  loss_cls: 2.7177  loss_bbox: 1.3598
2025/06/23 06:56:50 - mmengine - INFO - Epoch(train) [16][7050/9162]  lr: 2.0000e-03  eta: 15:01:56  time: 0.7434  data_time: 0.1034  memory: 1708  loss: 4.2080  loss_cls: 2.8318  loss_bbox: 1.3763
2025/06/23 06:57:28 - mmengine - INFO - Epoch(train) [16][7100/9162]  lr: 2.0000e-03  eta: 15:01:21  time: 0.7433  data_time: 0.1076  memory: 1708  loss: 4.1995  loss_cls: 2.8112  loss_bbox: 1.3883
2025/06/23 06:58:05 - mmengine - INFO - Epoch(train) [16][7150/9162]  lr: 2.0000e-03  eta: 15:00:46  time: 0.7400  data_time: 0.1021  memory: 1708  loss: 4.1354  loss_cls: 2.7970  loss_bbox: 1.3384
2025/06/23 06:58:43 - mmengine - INFO - Epoch(train) [16][7200/9162]  lr: 2.0000e-03  eta: 15:00:11  time: 0.7574  data_time: 0.1119  memory: 1708  loss: 4.1643  loss_cls: 2.8050  loss_bbox: 1.3593
2025/06/23 06:59:20 - mmengine - INFO - Epoch(train) [16][7250/9162]  lr: 2.0000e-03  eta: 14:59:36  time: 0.7462  data_time: 0.1197  memory: 1708  loss: 4.0030  loss_cls: 2.6963  loss_bbox: 1.3067
2025/06/23 06:59:57 - mmengine - INFO - Epoch(train) [16][7300/9162]  lr: 2.0000e-03  eta: 14:59:00  time: 0.7426  data_time: 0.1314  memory: 1708  loss: 4.0191  loss_cls: 2.7350  loss_bbox: 1.2841
2025/06/23 07:00:34 - mmengine - INFO - Epoch(train) [16][7350/9162]  lr: 2.0000e-03  eta: 14:58:25  time: 0.7419  data_time: 0.1164  memory: 1708  loss: 4.0592  loss_cls: 2.7523  loss_bbox: 1.3069
2025/06/23 07:01:12 - mmengine - INFO - Epoch(train) [16][7400/9162]  lr: 2.0000e-03  eta: 14:57:50  time: 0.7513  data_time: 0.1395  memory: 1708  loss: 4.0191  loss_cls: 2.7378  loss_bbox: 1.2813
2025/06/23 07:01:49 - mmengine - INFO - Epoch(train) [16][7450/9162]  lr: 2.0000e-03  eta: 14:57:15  time: 0.7469  data_time: 0.1197  memory: 1708  loss: 3.9369  loss_cls: 2.6900  loss_bbox: 1.2468
2025/06/23 07:02:27 - mmengine - INFO - Epoch(train) [16][7500/9162]  lr: 2.0000e-03  eta: 14:56:40  time: 0.7427  data_time: 0.1335  memory: 1708  loss: 4.1422  loss_cls: 2.7785  loss_bbox: 1.3637
2025/06/23 07:03:04 - mmengine - INFO - Epoch(train) [16][7550/9162]  lr: 2.0000e-03  eta: 14:56:05  time: 0.7435  data_time: 0.1125  memory: 1708  loss: 4.0265  loss_cls: 2.7256  loss_bbox: 1.3009
2025/06/23 07:03:19 - mmengine - INFO - Exp name: ssd300_coco_20250622_013555
2025/06/23 07:03:41 - mmengine - INFO - Epoch(train) [16][7600/9162]  lr: 2.0000e-03  eta: 14:55:29  time: 0.7360  data_time: 0.1098  memory: 1708  loss: 4.1546  loss_cls: 2.7900  loss_bbox: 1.3646
2025/06/23 07:04:18 - mmengine - INFO - Epoch(train) [16][7650/9162]  lr: 2.0000e-03  eta: 14:54:54  time: 0.7402  data_time: 0.1273  memory: 1708  loss: 4.0878  loss_cls: 2.7562  loss_bbox: 1.3316
2025/06/23 07:04:55 - mmengine - INFO - Epoch(train) [16][7700/9162]  lr: 2.0000e-03  eta: 14:54:19  time: 0.7453  data_time: 0.1343  memory: 1708  loss: 4.1781  loss_cls: 2.8082  loss_bbox: 1.3699
2025/06/23 07:05:32 - mmengine - INFO - Epoch(train) [16][7750/9162]  lr: 2.0000e-03  eta: 14:53:43  time: 0.7457  data_time: 0.1492  memory: 1708  loss: 4.0857  loss_cls: 2.7665  loss_bbox: 1.3192
2025/06/23 07:06:11 - mmengine - INFO - Epoch(train) [16][7800/9162]  lr: 2.0000e-03  eta: 14:53:09  time: 0.7676  data_time: 0.1332  memory: 1708  loss: 4.0724  loss_cls: 2.7550  loss_bbox: 1.3173
2025/06/23 07:06:48 - mmengine - INFO - Epoch(train) [16][7850/9162]  lr: 2.0000e-03  eta: 14:52:34  time: 0.7422  data_time: 0.1105  memory: 1708  loss: 4.0098  loss_cls: 2.7206  loss_bbox: 1.2892
2025/06/23 07:07:25 - mmengine - INFO - Epoch(train) [16][7900/9162]  lr: 2.0000e-03  eta: 14:51:58  time: 0.7330  data_time: 0.0931  memory: 1708  loss: 4.1792  loss_cls: 2.8025  loss_bbox: 1.3767
2025/06/23 07:08:03 - mmengine - INFO - Epoch(train) [16][7950/9162]  lr: 2.0000e-03  eta: 14:51:23  time: 0.7626  data_time: 0.1211  memory: 1708  loss: 4.0264  loss_cls: 2.7580  loss_bbox: 1.2684
2025/06/23 07:08:40 - mmengine - INFO - Epoch(train) [16][8000/9162]  lr: 2.0000e-03  eta: 14:50:48  time: 0.7434  data_time: 0.1010  memory: 1708  loss: 4.0958  loss_cls: 2.7467  loss_bbox: 1.3491
2025/06/23 07:09:17 - mmengine - INFO - Epoch(train) [16][8050/9162]  lr: 2.0000e-03  eta: 14:50:13  time: 0.7436  data_time: 0.1171  memory: 1708  loss: 4.0853  loss_cls: 2.7314  loss_bbox: 1.3539
2025/06/23 07:09:55 - mmengine - INFO - Epoch(train) [16][8100/9162]  lr: 2.0000e-03  eta: 14:49:38  time: 0.7538  data_time: 0.1162  memory: 1708  loss: 4.1810  loss_cls: 2.8286  loss_bbox: 1.3524
2025/06/23 07:10:34 - mmengine - INFO - Epoch(train) [16][8150/9162]  lr: 2.0000e-03  eta: 14:49:03  time: 0.7650  data_time: 0.1123  memory: 1708  loss: 4.0821  loss_cls: 2.7328  loss_bbox: 1.3493
2025/06/23 07:11:12 - mmengine - INFO - Epoch(train) [16][8200/9162]  lr: 2.0000e-03  eta: 14:48:28  time: 0.7590  data_time: 0.1339  memory: 1708  loss: 3.9996  loss_cls: 2.7397  loss_bbox: 1.2598
2025/06/23 07:11:50 - mmengine - INFO - Epoch(train) [16][8250/9162]  lr: 2.0000e-03  eta: 14:47:54  time: 0.7601  data_time: 0.1317  memory: 1708  loss: 4.1011  loss_cls: 2.7945  loss_bbox: 1.3067
2025/06/23 07:12:28 - mmengine - INFO - Epoch(train) [16][8300/9162]  lr: 2.0000e-03  eta: 14:47:19  time: 0.7663  data_time: 0.1212  memory: 1708  loss: 4.0293  loss_cls: 2.7282  loss_bbox: 1.3010
2025/06/23 07:13:06 - mmengine - INFO - Epoch(train) [16][8350/9162]  lr: 2.0000e-03  eta: 14:46:44  time: 0.7615  data_time: 0.1185  memory: 1708  loss: 4.1305  loss_cls: 2.7853  loss_bbox: 1.3452
2025/06/23 07:13:44 - mmengine - INFO - Epoch(train) [16][8400/9162]  lr: 2.0000e-03  eta: 14:46:09  time: 0.7640  data_time: 0.1109  memory: 1708  loss: 4.0803  loss_cls: 2.7655  loss_bbox: 1.3148
2025/06/23 07:14:23 - mmengine - INFO - Epoch(train) [16][8450/9162]  lr: 2.0000e-03  eta: 14:45:35  time: 0.7627  data_time: 0.1416  memory: 1708  loss: 4.1374  loss_cls: 2.7653  loss_bbox: 1.3720
2025/06/23 07:15:01 - mmengine - INFO - Epoch(train) [16][8500/9162]  lr: 2.0000e-03  eta: 14:45:00  time: 0.7722  data_time: 0.1375  memory: 1708  loss: 4.1576  loss_cls: 2.7627  loss_bbox: 1.3949
2025/06/23 07:15:39 - mmengine - INFO - Epoch(train) [16][8550/9162]  lr: 2.0000e-03  eta: 14:44:25  time: 0.7581  data_time: 0.1451  memory: 1708  loss: 3.9851  loss_cls: 2.6963  loss_bbox: 1.2888
2025/06/23 07:15:54 - mmengine - INFO - Exp name: ssd300_coco_20250622_013555
2025/06/23 07:16:17 - mmengine - INFO - Epoch(train) [16][8600/9162]  lr: 2.0000e-03  eta: 14:43:50  time: 0.7475  data_time: 0.0988  memory: 1708  loss: 4.0216  loss_cls: 2.7299  loss_bbox: 1.2917
2025/06/23 07:16:54 - mmengine - INFO - Epoch(train) [16][8650/9162]  lr: 2.0000e-03  eta: 14:43:15  time: 0.7512  data_time: 0.1236  memory: 1708  loss: 4.0670  loss_cls: 2.7457  loss_bbox: 1.3214
2025/06/23 07:17:32 - mmengine - INFO - Epoch(train) [16][8700/9162]  lr: 2.0000e-03  eta: 14:42:40  time: 0.7488  data_time: 0.1116  memory: 1708  loss: 4.0591  loss_cls: 2.7537  loss_bbox: 1.3054
2025/06/23 07:18:10 - mmengine - INFO - Epoch(train) [16][8750/9162]  lr: 2.0000e-03  eta: 14:42:05  time: 0.7517  data_time: 0.1138  memory: 1708  loss: 4.1217  loss_cls: 2.7434  loss_bbox: 1.3782
2025/06/23 07:18:47 - mmengine - INFO - Epoch(train) [16][8800/9162]  lr: 2.0000e-03  eta: 14:41:30  time: 0.7476  data_time: 0.0883  memory: 1708  loss: 4.1179  loss_cls: 2.7579  loss_bbox: 1.3601
2025/06/23 07:19:25 - mmengine - INFO - Epoch(train) [16][8850/9162]  lr: 2.0000e-03  eta: 14:40:55  time: 0.7649  data_time: 0.1200  memory: 1708  loss: 4.1933  loss_cls: 2.8029  loss_bbox: 1.3904
2025/06/23 07:20:03 - mmengine - INFO - Epoch(train) [16][8900/9162]  lr: 2.0000e-03  eta: 14:40:20  time: 0.7592  data_time: 0.1048  memory: 1708  loss: 4.0558  loss_cls: 2.7257  loss_bbox: 1.3301
2025/06/23 07:20:41 - mmengine - INFO - Epoch(train) [16][8950/9162]  lr: 2.0000e-03  eta: 14:39:45  time: 0.7537  data_time: 0.1201  memory: 1708  loss: 4.0942  loss_cls: 2.8134  loss_bbox: 1.2808
2025/06/23 07:21:18 - mmengine - INFO - Epoch(train) [16][9000/9162]  lr: 2.0000e-03  eta: 14:39:10  time: 0.7349  data_time: 0.1099  memory: 1708  loss: 4.1700  loss_cls: 2.7886  loss_bbox: 1.3814
2025/06/23 07:21:56 - mmengine - INFO - Epoch(train) [16][9050/9162]  lr: 2.0000e-03  eta: 14:38:35  time: 0.7693  data_time: 0.1435  memory: 1708  loss: 4.1449  loss_cls: 2.7782  loss_bbox: 1.3667
2025/06/23 07:22:34 - mmengine - INFO - Epoch(train) [16][9100/9162]  lr: 2.0000e-03  eta: 14:38:00  time: 0.7599  data_time: 0.1167  memory: 1708  loss: 4.0483  loss_cls: 2.7378  loss_bbox: 1.3105
2025/06/23 07:23:13 - mmengine - INFO - Epoch(train) [16][9150/9162]  lr: 2.0000e-03  eta: 14:37:26  time: 0.7722  data_time: 0.1387  memory: 1708  loss: 4.1189  loss_cls: 2.7804  loss_bbox: 1.3385
2025/06/23 07:23:22 - mmengine - INFO - Exp name: ssd300_coco_20250622_013555
2025/06/23 07:23:22 - mmengine - INFO - Saving checkpoint at 16 epochs
2025/06/23 07:23:36 - mmengine - INFO - Epoch(val) [16][ 50/157]    eta: 0:00:28  time: 0.2619  data_time: 0.0499  memory: 1708  
2025/06/23 07:23:49 - mmengine - INFO - Epoch(val) [16][100/157]    eta: 0:00:14  time: 0.2630  data_time: 0.0555  memory: 851  
2025/06/23 07:24:03 - mmengine - INFO - Epoch(val) [16][150/157]    eta: 0:00:01  time: 0.2640  data_time: 0.0601  memory: 851  
2025/06/23 07:24:22 - mmengine - INFO - Evaluating bbox...
2025/06/23 07:25:25 - mmengine - INFO - bbox_mAP_copypaste: 0.221 0.397 0.225 0.059 0.238 0.363
2025/06/23 07:25:26 - mmengine - INFO - Epoch(val) [16][157/157]    coco/bbox_mAP: 0.2210  coco/bbox_mAP_50: 0.3970  coco/bbox_mAP_75: 0.2250  coco/bbox_mAP_s: 0.0590  coco/bbox_mAP_m: 0.2380  coco/bbox_mAP_l: 0.3630  data_time: 0.0549  time: 0.2605
2025/06/23 07:26:02 - mmengine - INFO - Epoch(train) [17][  50/9162]  lr: 2.0000e-04  eta: 14:36:41  time: 0.7312  data_time: 0.0940  memory: 1708  loss: 3.8848  loss_cls: 2.6365  loss_bbox: 1.2484
2025/06/23 07:26:40 - mmengine - INFO - Epoch(train) [17][ 100/9162]  lr: 2.0000e-04  eta: 14:36:06  time: 0.7505  data_time: 0.1235  memory: 1708  loss: 3.9558  loss_cls: 2.5957  loss_bbox: 1.3601
2025/06/23 07:27:17 - mmengine - INFO - Epoch(train) [17][ 150/9162]  lr: 2.0000e-04  eta: 14:35:31  time: 0.7441  data_time: 0.1347  memory: 1708  loss: 4.0705  loss_cls: 2.7134  loss_bbox: 1.3571
2025/06/23 07:27:55 - mmengine - INFO - Epoch(train) [17][ 200/9162]  lr: 2.0000e-04  eta: 14:34:56  time: 0.7588  data_time: 0.1255  memory: 1708  loss: 3.9746  loss_cls: 2.6610  loss_bbox: 1.3136
2025/06/23 07:28:33 - mmengine - INFO - Epoch(train) [17][ 250/9162]  lr: 2.0000e-04  eta: 14:34:21  time: 0.7488  data_time: 0.1142  memory: 1708  loss: 3.8178  loss_cls: 2.5923  loss_bbox: 1.2254
2025/06/23 07:29:11 - mmengine - INFO - Epoch(train) [17][ 300/9162]  lr: 2.0000e-04  eta: 14:33:46  time: 0.7561  data_time: 0.1235  memory: 1708  loss: 4.0707  loss_cls: 2.6842  loss_bbox: 1.3865
2025/06/23 07:29:48 - mmengine - INFO - Epoch(train) [17][ 350/9162]  lr: 2.0000e-04  eta: 14:33:11  time: 0.7477  data_time: 0.1152  memory: 1708  loss: 3.8171  loss_cls: 2.5870  loss_bbox: 1.2301
2025/06/23 07:30:26 - mmengine - INFO - Epoch(train) [17][ 400/9162]  lr: 2.0000e-04  eta: 14:32:36  time: 0.7518  data_time: 0.1271  memory: 1708  loss: 3.9152  loss_cls: 2.6403  loss_bbox: 1.2749
2025/06/23 07:30:32 - mmengine - INFO - Exp name: ssd300_coco_20250622_013555
2025/06/23 07:31:04 - mmengine - INFO - Epoch(train) [17][ 450/9162]  lr: 2.0000e-04  eta: 14:32:01  time: 0.7647  data_time: 0.1334  memory: 1708  loss: 3.8400  loss_cls: 2.5643  loss_bbox: 1.2757
2025/06/23 07:31:42 - mmengine - INFO - Epoch(train) [17][ 500/9162]  lr: 2.0000e-04  eta: 14:31:26  time: 0.7507  data_time: 0.1152  memory: 1708  loss: 3.7566  loss_cls: 2.5442  loss_bbox: 1.2124
2025/06/23 07:32:19 - mmengine - INFO - Epoch(train) [17][ 550/9162]  lr: 2.0000e-04  eta: 14:30:51  time: 0.7477  data_time: 0.1151  memory: 1708  loss: 3.8410  loss_cls: 2.6074  loss_bbox: 1.2336
2025/06/23 07:32:56 - mmengine - INFO - Epoch(train) [17][ 600/9162]  lr: 2.0000e-04  eta: 14:30:15  time: 0.7443  data_time: 0.1264  memory: 1708  loss: 3.8860  loss_cls: 2.6242  loss_bbox: 1.2619
2025/06/23 07:33:34 - mmengine - INFO - Epoch(train) [17][ 650/9162]  lr: 2.0000e-04  eta: 14:29:40  time: 0.7455  data_time: 0.1011  memory: 1708  loss: 3.8199  loss_cls: 2.6135  loss_bbox: 1.2064
2025/06/23 07:34:12 - mmengine - INFO - Epoch(train) [17][ 700/9162]  lr: 2.0000e-04  eta: 14:29:05  time: 0.7575  data_time: 0.1323  memory: 1708  loss: 3.8718  loss_cls: 2.6283  loss_bbox: 1.2435
2025/06/23 07:34:50 - mmengine - INFO - Epoch(train) [17][ 750/9162]  lr: 2.0000e-04  eta: 14:28:30  time: 0.7604  data_time: 0.1110  memory: 1708  loss: 3.8468  loss_cls: 2.5724  loss_bbox: 1.2744
2025/06/23 07:35:27 - mmengine - INFO - Epoch(train) [17][ 800/9162]  lr: 2.0000e-04  eta: 14:27:55  time: 0.7500  data_time: 0.1189  memory: 1708  loss: 3.8352  loss_cls: 2.5464  loss_bbox: 1.2888
2025/06/23 07:36:05 - mmengine - INFO - Epoch(train) [17][ 850/9162]  lr: 2.0000e-04  eta: 14:27:20  time: 0.7564  data_time: 0.1079  memory: 1708  loss: 3.8281  loss_cls: 2.6194  loss_bbox: 1.2086
2025/06/23 07:36:43 - mmengine - INFO - Epoch(train) [17][ 900/9162]  lr: 2.0000e-04  eta: 14:26:45  time: 0.7541  data_time: 0.1185  memory: 1708  loss: 3.7737  loss_cls: 2.5866  loss_bbox: 1.1870
2025/06/23 07:37:21 - mmengine - INFO - Epoch(train) [17][ 950/9162]  lr: 2.0000e-04  eta: 14:26:10  time: 0.7635  data_time: 0.1241  memory: 1708  loss: 3.8007  loss_cls: 2.5816  loss_bbox: 1.2191
2025/06/23 07:38:00 - mmengine - INFO - Epoch(train) [17][1000/9162]  lr: 2.0000e-04  eta: 14:25:36  time: 0.7723  data_time: 0.1037  memory: 1708  loss: 3.7914  loss_cls: 2.5536  loss_bbox: 1.2378
2025/06/23 07:38:38 - mmengine - INFO - Epoch(train) [17][1050/9162]  lr: 2.0000e-04  eta: 14:25:01  time: 0.7593  data_time: 0.1100  memory: 1708  loss: 3.9046  loss_cls: 2.6271  loss_bbox: 1.2776
2025/06/23 07:39:16 - mmengine - INFO - Epoch(train) [17][1100/9162]  lr: 2.0000e-04  eta: 14:24:26  time: 0.7592  data_time: 0.1122  memory: 1708  loss: 3.9059  loss_cls: 2.6309  loss_bbox: 1.2750
2025/06/23 07:39:54 - mmengine - INFO - Epoch(train) [17][1150/9162]  lr: 2.0000e-04  eta: 14:23:51  time: 0.7626  data_time: 0.1212  memory: 1708  loss: 3.7769  loss_cls: 2.5858  loss_bbox: 1.1910
2025/06/23 07:40:32 - mmengine - INFO - Epoch(train) [17][1200/9162]  lr: 2.0000e-04  eta: 14:23:16  time: 0.7521  data_time: 0.1218  memory: 1708  loss: 3.8811  loss_cls: 2.6072  loss_bbox: 1.2738
2025/06/23 07:41:10 - mmengine - INFO - Epoch(train) [17][1250/9162]  lr: 2.0000e-04  eta: 14:22:41  time: 0.7519  data_time: 0.1364  memory: 1708  loss: 4.0249  loss_cls: 2.6872  loss_bbox: 1.3377
2025/06/23 07:41:47 - mmengine - INFO - Epoch(train) [17][1300/9162]  lr: 2.0000e-04  eta: 14:22:06  time: 0.7414  data_time: 0.0986  memory: 1708  loss: 3.8205  loss_cls: 2.5704  loss_bbox: 1.2501
2025/06/23 07:42:24 - mmengine - INFO - Epoch(train) [17][1350/9162]  lr: 2.0000e-04  eta: 14:21:30  time: 0.7447  data_time: 0.1244  memory: 1708  loss: 3.7138  loss_cls: 2.5134  loss_bbox: 1.2004
2025/06/23 07:43:01 - mmengine - INFO - Epoch(train) [17][1400/9162]  lr: 2.0000e-04  eta: 14:20:55  time: 0.7418  data_time: 0.1065  memory: 1708  loss: 3.8632  loss_cls: 2.5930  loss_bbox: 1.2702
2025/06/23 07:43:07 - mmengine - INFO - Exp name: ssd300_coco_20250622_013555
2025/06/23 07:43:39 - mmengine - INFO - Epoch(train) [17][1450/9162]  lr: 2.0000e-04  eta: 14:20:20  time: 0.7489  data_time: 0.1314  memory: 1708  loss: 3.8952  loss_cls: 2.6176  loss_bbox: 1.2776
2025/06/23 07:44:16 - mmengine - INFO - Epoch(train) [17][1500/9162]  lr: 2.0000e-04  eta: 14:19:44  time: 0.7438  data_time: 0.1241  memory: 1708  loss: 3.9012  loss_cls: 2.6361  loss_bbox: 1.2651
2025/06/23 07:44:54 - mmengine - INFO - Epoch(train) [17][1550/9162]  lr: 2.0000e-04  eta: 14:19:09  time: 0.7512  data_time: 0.1284  memory: 1708  loss: 3.9496  loss_cls: 2.6528  loss_bbox: 1.2968
2025/06/23 07:45:31 - mmengine - INFO - Epoch(train) [17][1600/9162]  lr: 2.0000e-04  eta: 14:18:34  time: 0.7525  data_time: 0.1269  memory: 1708  loss: 3.8142  loss_cls: 2.5696  loss_bbox: 1.2447
2025/06/23 07:46:08 - mmengine - INFO - Epoch(train) [17][1650/9162]  lr: 2.0000e-04  eta: 14:17:59  time: 0.7436  data_time: 0.1348  memory: 1708  loss: 3.8701  loss_cls: 2.5807  loss_bbox: 1.2894
2025/06/23 07:46:46 - mmengine - INFO - Epoch(train) [17][1700/9162]  lr: 2.0000e-04  eta: 14:17:24  time: 0.7520  data_time: 0.1442  memory: 1708  loss: 3.8901  loss_cls: 2.6229  loss_bbox: 1.2673
2025/06/23 07:47:23 - mmengine - INFO - Epoch(train) [17][1750/9162]  lr: 2.0000e-04  eta: 14:16:48  time: 0.7440  data_time: 0.1146  memory: 1708  loss: 3.8959  loss_cls: 2.6274  loss_bbox: 1.2686
2025/06/23 07:48:01 - mmengine - INFO - Epoch(train) [17][1800/9162]  lr: 2.0000e-04  eta: 14:16:13  time: 0.7513  data_time: 0.1225  memory: 1708  loss: 3.8686  loss_cls: 2.6105  loss_bbox: 1.2581
2025/06/23 07:48:38 - mmengine - INFO - Epoch(train) [17][1850/9162]  lr: 2.0000e-04  eta: 14:15:38  time: 0.7401  data_time: 0.1217  memory: 1708  loss: 3.8009  loss_cls: 2.5569  loss_bbox: 1.2440
2025/06/23 07:49:15 - mmengine - INFO - Epoch(train) [17][1900/9162]  lr: 2.0000e-04  eta: 14:15:03  time: 0.7437  data_time: 0.1028  memory: 1708  loss: 3.8803  loss_cls: 2.6220  loss_bbox: 1.2583
2025/06/23 07:49:53 - mmengine - INFO - Epoch(train) [17][1950/9162]  lr: 2.0000e-04  eta: 14:14:27  time: 0.7436  data_time: 0.1236  memory: 1708  loss: 3.7631  loss_cls: 2.5597  loss_bbox: 1.2034
2025/06/23 07:50:30 - mmengine - INFO - Epoch(train) [17][2000/9162]  lr: 2.0000e-04  eta: 14:13:52  time: 0.7467  data_time: 0.1166  memory: 1708  loss: 3.8153  loss_cls: 2.5749  loss_bbox: 1.2404
2025/06/23 07:51:07 - mmengine - INFO - Epoch(train) [17][2050/9162]  lr: 2.0000e-04  eta: 14:13:17  time: 0.7466  data_time: 0.1239  memory: 1708  loss: 3.8999  loss_cls: 2.6117  loss_bbox: 1.2882
2025/06/23 07:51:45 - mmengine - INFO - Epoch(train) [17][2100/9162]  lr: 2.0000e-04  eta: 14:12:42  time: 0.7550  data_time: 0.1277  memory: 1708  loss: 3.6782  loss_cls: 2.5082  loss_bbox: 1.1700
2025/06/23 07:52:23 - mmengine - INFO - Epoch(train) [17][2150/9162]  lr: 2.0000e-04  eta: 14:12:06  time: 0.7487  data_time: 0.1448  memory: 1708  loss: 3.8529  loss_cls: 2.6002  loss_bbox: 1.2526
2025/06/23 07:53:00 - mmengine - INFO - Epoch(train) [17][2200/9162]  lr: 2.0000e-04  eta: 14:11:31  time: 0.7540  data_time: 0.1194  memory: 1708  loss: 4.0146  loss_cls: 2.6789  loss_bbox: 1.3357
2025/06/23 07:53:38 - mmengine - INFO - Epoch(train) [17][2250/9162]  lr: 2.0000e-04  eta: 14:10:56  time: 0.7552  data_time: 0.1025  memory: 1708  loss: 3.6919  loss_cls: 2.5294  loss_bbox: 1.1625
2025/06/23 07:54:16 - mmengine - INFO - Epoch(train) [17][2300/9162]  lr: 2.0000e-04  eta: 14:10:21  time: 0.7434  data_time: 0.1118  memory: 1708  loss: 3.9443  loss_cls: 2.6409  loss_bbox: 1.3034
2025/06/23 07:54:52 - mmengine - INFO - Epoch(train) [17][2350/9162]  lr: 2.0000e-04  eta: 14:09:45  time: 0.7382  data_time: 0.1127  memory: 1708  loss: 3.8205  loss_cls: 2.5814  loss_bbox: 1.2392
2025/06/23 07:55:30 - mmengine - INFO - Epoch(train) [17][2400/9162]  lr: 2.0000e-04  eta: 14:09:10  time: 0.7419  data_time: 0.1241  memory: 1708  loss: 3.8447  loss_cls: 2.6069  loss_bbox: 1.2379
2025/06/23 07:55:36 - mmengine - INFO - Exp name: ssd300_coco_20250622_013555
2025/06/23 07:56:07 - mmengine - INFO - Epoch(train) [17][2450/9162]  lr: 2.0000e-04  eta: 14:08:35  time: 0.7410  data_time: 0.0958  memory: 1708  loss: 3.9312  loss_cls: 2.6432  loss_bbox: 1.2880
2025/06/23 07:56:44 - mmengine - INFO - Epoch(train) [17][2500/9162]  lr: 2.0000e-04  eta: 14:07:59  time: 0.7430  data_time: 0.1107  memory: 1708  loss: 3.7939  loss_cls: 2.5578  loss_bbox: 1.2360
2025/06/23 07:57:21 - mmengine - INFO - Epoch(train) [17][2550/9162]  lr: 2.0000e-04  eta: 14:07:24  time: 0.7461  data_time: 0.1164  memory: 1708  loss: 3.8351  loss_cls: 2.5807  loss_bbox: 1.2543
2025/06/23 07:57:59 - mmengine - INFO - Epoch(train) [17][2600/9162]  lr: 2.0000e-04  eta: 14:06:49  time: 0.7479  data_time: 0.1329  memory: 1708  loss: 3.8120  loss_cls: 2.5657  loss_bbox: 1.2463
2025/06/23 07:58:36 - mmengine - INFO - Epoch(train) [17][2650/9162]  lr: 2.0000e-04  eta: 14:06:13  time: 0.7416  data_time: 0.1111  memory: 1708  loss: 3.8916  loss_cls: 2.5880  loss_bbox: 1.3036
2025/06/23 07:59:14 - mmengine - INFO - Epoch(train) [17][2700/9162]  lr: 2.0000e-04  eta: 14:05:38  time: 0.7525  data_time: 0.0815  memory: 1708  loss: 3.7760  loss_cls: 2.5211  loss_bbox: 1.2549
2025/06/23 07:59:51 - mmengine - INFO - Epoch(train) [17][2750/9162]  lr: 2.0000e-04  eta: 14:05:03  time: 0.7491  data_time: 0.1205  memory: 1708  loss: 3.8367  loss_cls: 2.6035  loss_bbox: 1.2332
2025/06/23 08:00:29 - mmengine - INFO - Epoch(train) [17][2800/9162]  lr: 2.0000e-04  eta: 14:04:28  time: 0.7583  data_time: 0.1359  memory: 1708  loss: 3.8586  loss_cls: 2.5864  loss_bbox: 1.2721
2025/06/23 08:01:07 - mmengine - INFO - Epoch(train) [17][2850/9162]  lr: 2.0000e-04  eta: 14:03:53  time: 0.7532  data_time: 0.1268  memory: 1708  loss: 3.8341  loss_cls: 2.5856  loss_bbox: 1.2484
2025/06/23 08:01:45 - mmengine - INFO - Epoch(train) [17][2900/9162]  lr: 2.0000e-04  eta: 14:03:18  time: 0.7558  data_time: 0.1006  memory: 1708  loss: 3.8877  loss_cls: 2.5849  loss_bbox: 1.3028
2025/06/23 08:02:23 - mmengine - INFO - Epoch(train) [17][2950/9162]  lr: 2.0000e-04  eta: 14:02:43  time: 0.7602  data_time: 0.1300  memory: 1708  loss: 3.7855  loss_cls: 2.5576  loss_bbox: 1.2280
2025/06/23 08:03:02 - mmengine - INFO - Epoch(train) [17][3000/9162]  lr: 2.0000e-04  eta: 14:02:08  time: 0.7753  data_time: 0.1376  memory: 1708  loss: 3.9615  loss_cls: 2.6271  loss_bbox: 1.3344
2025/06/23 08:03:40 - mmengine - INFO - Epoch(train) [17][3050/9162]  lr: 2.0000e-04  eta: 14:01:33  time: 0.7616  data_time: 0.1397  memory: 1708  loss: 3.9010  loss_cls: 2.6272  loss_bbox: 1.2738
2025/06/23 08:04:18 - mmengine - INFO - Epoch(train) [17][3100/9162]  lr: 2.0000e-04  eta: 14:00:58  time: 0.7638  data_time: 0.1055  memory: 1708  loss: 3.8837  loss_cls: 2.6280  loss_bbox: 1.2557
2025/06/23 08:04:56 - mmengine - INFO - Epoch(train) [17][3150/9162]  lr: 2.0000e-04  eta: 14:00:23  time: 0.7523  data_time: 0.0980  memory: 1708  loss: 3.9137  loss_cls: 2.6105  loss_bbox: 1.3032
2025/06/23 08:05:33 - mmengine - INFO - Epoch(train) [17][3200/9162]  lr: 2.0000e-04  eta: 13:59:48  time: 0.7486  data_time: 0.1196  memory: 1708  loss: 3.9069  loss_cls: 2.6092  loss_bbox: 1.2977
2025/06/23 08:06:11 - mmengine - INFO - Epoch(train) [17][3250/9162]  lr: 2.0000e-04  eta: 13:59:13  time: 0.7614  data_time: 0.1234  memory: 1708  loss: 3.7887  loss_cls: 2.5585  loss_bbox: 1.2302
2025/06/23 08:06:49 - mmengine - INFO - Epoch(train) [17][3300/9162]  lr: 2.0000e-04  eta: 13:58:38  time: 0.7534  data_time: 0.0882  memory: 1708  loss: 3.7559  loss_cls: 2.5257  loss_bbox: 1.2302
2025/06/23 08:07:27 - mmengine - INFO - Epoch(train) [17][3350/9162]  lr: 2.0000e-04  eta: 13:58:03  time: 0.7540  data_time: 0.1036  memory: 1708  loss: 3.9281  loss_cls: 2.5966  loss_bbox: 1.3315
2025/06/23 08:08:04 - mmengine - INFO - Epoch(train) [17][3400/9162]  lr: 2.0000e-04  eta: 13:57:28  time: 0.7487  data_time: 0.1233  memory: 1708  loss: 3.9056  loss_cls: 2.6028  loss_bbox: 1.3029
2025/06/23 08:08:10 - mmengine - INFO - Exp name: ssd300_coco_20250622_013555
2025/06/23 08:08:41 - mmengine - INFO - Epoch(train) [17][3450/9162]  lr: 2.0000e-04  eta: 13:56:52  time: 0.7395  data_time: 0.1023  memory: 1708  loss: 3.7606  loss_cls: 2.5602  loss_bbox: 1.2004
2025/06/23 08:09:19 - mmengine - INFO - Epoch(train) [17][3500/9162]  lr: 2.0000e-04  eta: 13:56:17  time: 0.7476  data_time: 0.1104  memory: 1708  loss: 3.8716  loss_cls: 2.5989  loss_bbox: 1.2727
2025/06/23 08:09:56 - mmengine - INFO - Epoch(train) [17][3550/9162]  lr: 2.0000e-04  eta: 13:55:42  time: 0.7517  data_time: 0.0764  memory: 1708  loss: 3.8941  loss_cls: 2.6221  loss_bbox: 1.2720
2025/06/23 08:10:34 - mmengine - INFO - Epoch(train) [17][3600/9162]  lr: 2.0000e-04  eta: 13:55:07  time: 0.7575  data_time: 0.1256  memory: 1708  loss: 3.8503  loss_cls: 2.5915  loss_bbox: 1.2588
2025/06/23 08:11:12 - mmengine - INFO - Epoch(train) [17][3650/9162]  lr: 2.0000e-04  eta: 13:54:31  time: 0.7535  data_time: 0.1287  memory: 1708  loss: 3.8915  loss_cls: 2.6325  loss_bbox: 1.2590
2025/06/23 08:11:50 - mmengine - INFO - Epoch(train) [17][3700/9162]  lr: 2.0000e-04  eta: 13:53:56  time: 0.7468  data_time: 0.1278  memory: 1708  loss: 3.8249  loss_cls: 2.5386  loss_bbox: 1.2863
2025/06/23 08:12:27 - mmengine - INFO - Epoch(train) [17][3750/9162]  lr: 2.0000e-04  eta: 13:53:21  time: 0.7500  data_time: 0.1356  memory: 1708  loss: 3.9005  loss_cls: 2.5905  loss_bbox: 1.3100
2025/06/23 08:13:05 - mmengine - INFO - Epoch(train) [17][3800/9162]  lr: 2.0000e-04  eta: 13:52:46  time: 0.7476  data_time: 0.1092  memory: 1708  loss: 3.8370  loss_cls: 2.5775  loss_bbox: 1.2594
2025/06/23 08:13:42 - mmengine - INFO - Epoch(train) [17][3850/9162]  lr: 2.0000e-04  eta: 13:52:10  time: 0.7482  data_time: 0.1181  memory: 1708  loss: 3.8868  loss_cls: 2.5866  loss_bbox: 1.3002
2025/06/23 08:14:21 - mmengine - INFO - Epoch(train) [17][3900/9162]  lr: 2.0000e-04  eta: 13:51:36  time: 0.7679  data_time: 0.1319  memory: 1708  loss: 3.8917  loss_cls: 2.5992  loss_bbox: 1.2925
2025/06/23 08:14:59 - mmengine - INFO - Epoch(train) [17][3950/9162]  lr: 2.0000e-04  eta: 13:51:01  time: 0.7598  data_time: 0.1297  memory: 1708  loss: 3.8385  loss_cls: 2.5810  loss_bbox: 1.2575
2025/06/23 08:15:37 - mmengine - INFO - Epoch(train) [17][4000/9162]  lr: 2.0000e-04  eta: 13:50:26  time: 0.7648  data_time: 0.1334  memory: 1708  loss: 3.9159  loss_cls: 2.5880  loss_bbox: 1.3279
2025/06/23 08:16:15 - mmengine - INFO - Epoch(train) [17][4050/9162]  lr: 2.0000e-04  eta: 13:49:51  time: 0.7651  data_time: 0.1275  memory: 1708  loss: 3.9084  loss_cls: 2.6033  loss_bbox: 1.3051
2025/06/23 08:16:54 - mmengine - INFO - Epoch(train) [17][4100/9162]  lr: 2.0000e-04  eta: 13:49:16  time: 0.7717  data_time: 0.1372  memory: 1708  loss: 3.7550  loss_cls: 2.5640  loss_bbox: 1.1911
2025/06/23 08:17:32 - mmengine - INFO - Epoch(train) [17][4150/9162]  lr: 2.0000e-04  eta: 13:48:41  time: 0.7686  data_time: 0.1000  memory: 1708  loss: 3.7745  loss_cls: 2.5411  loss_bbox: 1.2334
2025/06/23 08:18:11 - mmengine - INFO - Epoch(train) [17][4200/9162]  lr: 2.0000e-04  eta: 13:48:06  time: 0.7625  data_time: 0.0947  memory: 1708  loss: 3.8290  loss_cls: 2.5684  loss_bbox: 1.2607
2025/06/23 08:18:49 - mmengine - INFO - Epoch(train) [17][4250/9162]  lr: 2.0000e-04  eta: 13:47:31  time: 0.7625  data_time: 0.1339  memory: 1708  loss: 3.7518  loss_cls: 2.5729  loss_bbox: 1.1789
2025/06/23 08:19:27 - mmengine - INFO - Epoch(train) [17][4300/9162]  lr: 2.0000e-04  eta: 13:46:57  time: 0.7717  data_time: 0.1405  memory: 1708  loss: 3.8667  loss_cls: 2.6040  loss_bbox: 1.2626
2025/06/23 08:20:06 - mmengine - INFO - Epoch(train) [17][4350/9162]  lr: 2.0000e-04  eta: 13:46:22  time: 0.7654  data_time: 0.1354  memory: 1708  loss: 3.8629  loss_cls: 2.5589  loss_bbox: 1.3040
2025/06/23 08:20:44 - mmengine - INFO - Epoch(train) [17][4400/9162]  lr: 2.0000e-04  eta: 13:45:47  time: 0.7636  data_time: 0.1301  memory: 1708  loss: 3.8376  loss_cls: 2.5915  loss_bbox: 1.2461
2025/06/23 08:20:50 - mmengine - INFO - Exp name: ssd300_coco_20250622_013555
2025/06/23 08:21:23 - mmengine - INFO - Epoch(train) [17][4450/9162]  lr: 2.0000e-04  eta: 13:45:12  time: 0.7809  data_time: 0.1561  memory: 1708  loss: 3.7036  loss_cls: 2.5318  loss_bbox: 1.1718
2025/06/23 08:22:02 - mmengine - INFO - Epoch(train) [17][4500/9162]  lr: 2.0000e-04  eta: 13:44:37  time: 0.7673  data_time: 0.1129  memory: 1708  loss: 3.9365  loss_cls: 2.6034  loss_bbox: 1.3331
2025/06/23 08:22:40 - mmengine - INFO - Epoch(train) [17][4550/9162]  lr: 2.0000e-04  eta: 13:44:02  time: 0.7664  data_time: 0.1171  memory: 1708  loss: 3.8166  loss_cls: 2.5622  loss_bbox: 1.2544
2025/06/23 08:23:18 - mmengine - INFO - Epoch(train) [17][4600/9162]  lr: 2.0000e-04  eta: 13:43:28  time: 0.7694  data_time: 0.0933  memory: 1708  loss: 3.7686  loss_cls: 2.5421  loss_bbox: 1.2265
2025/06/23 08:23:57 - mmengine - INFO - Epoch(train) [17][4650/9162]  lr: 2.0000e-04  eta: 13:42:53  time: 0.7704  data_time: 0.1523  memory: 1708  loss: 3.8085  loss_cls: 2.5641  loss_bbox: 1.2444
2025/06/23 08:24:35 - mmengine - INFO - Epoch(train) [17][4700/9162]  lr: 2.0000e-04  eta: 13:42:18  time: 0.7656  data_time: 0.1206  memory: 1708  loss: 3.8752  loss_cls: 2.5916  loss_bbox: 1.2836
2025/06/23 08:25:15 - mmengine - INFO - Epoch(train) [17][4750/9162]  lr: 2.0000e-04  eta: 13:41:43  time: 0.7815  data_time: 0.1328  memory: 1708  loss: 3.8287  loss_cls: 2.5851  loss_bbox: 1.2436
2025/06/23 08:25:53 - mmengine - INFO - Epoch(train) [17][4800/9162]  lr: 2.0000e-04  eta: 13:41:08  time: 0.7710  data_time: 0.1377  memory: 1708  loss: 3.9110  loss_cls: 2.6057  loss_bbox: 1.3053
2025/06/23 08:26:32 - mmengine - INFO - Epoch(train) [17][4850/9162]  lr: 2.0000e-04  eta: 13:40:34  time: 0.7670  data_time: 0.1397  memory: 1708  loss: 3.9003  loss_cls: 2.5755  loss_bbox: 1.3248
2025/06/23 08:27:10 - mmengine - INFO - Epoch(train) [17][4900/9162]  lr: 2.0000e-04  eta: 13:39:59  time: 0.7653  data_time: 0.1394  memory: 1708  loss: 3.8150  loss_cls: 2.5593  loss_bbox: 1.2558
2025/06/23 08:27:48 - mmengine - INFO - Epoch(train) [17][4950/9162]  lr: 2.0000e-04  eta: 13:39:24  time: 0.7606  data_time: 0.0931  memory: 1708  loss: 3.8542  loss_cls: 2.5750  loss_bbox: 1.2792
2025/06/23 08:28:27 - mmengine - INFO - Epoch(train) [17][5000/9162]  lr: 2.0000e-04  eta: 13:38:49  time: 0.7803  data_time: 0.1285  memory: 1708  loss: 3.8655  loss_cls: 2.6086  loss_bbox: 1.2569
2025/06/23 08:29:05 - mmengine - INFO - Epoch(train) [17][5050/9162]  lr: 2.0000e-04  eta: 13:38:14  time: 0.7629  data_time: 0.1075  memory: 1708  loss: 3.9126  loss_cls: 2.6051  loss_bbox: 1.3075
2025/06/23 08:29:44 - mmengine - INFO - Epoch(train) [17][5100/9162]  lr: 2.0000e-04  eta: 13:37:39  time: 0.7657  data_time: 0.1180  memory: 1708  loss: 3.8044  loss_cls: 2.5457  loss_bbox: 1.2587
2025/06/23 08:30:22 - mmengine - INFO - Epoch(train) [17][5150/9162]  lr: 2.0000e-04  eta: 13:37:04  time: 0.7742  data_time: 0.1329  memory: 1708  loss: 3.9265  loss_cls: 2.6532  loss_bbox: 1.2733
2025/06/23 08:31:01 - mmengine - INFO - Epoch(train) [17][5200/9162]  lr: 2.0000e-04  eta: 13:36:30  time: 0.7730  data_time: 0.1217  memory: 1708  loss: 3.9150  loss_cls: 2.6228  loss_bbox: 1.2921
2025/06/23 08:31:40 - mmengine - INFO - Epoch(train) [17][5250/9162]  lr: 2.0000e-04  eta: 13:35:55  time: 0.7721  data_time: 0.1147  memory: 1708  loss: 3.8644  loss_cls: 2.6121  loss_bbox: 1.2523
2025/06/23 08:32:17 - mmengine - INFO - Epoch(train) [17][5300/9162]  lr: 2.0000e-04  eta: 13:35:19  time: 0.7453  data_time: 0.1180  memory: 1708  loss: 3.8188  loss_cls: 2.5793  loss_bbox: 1.2395
2025/06/23 08:32:54 - mmengine - INFO - Epoch(train) [17][5350/9162]  lr: 2.0000e-04  eta: 13:34:44  time: 0.7388  data_time: 0.1035  memory: 1708  loss: 3.7638  loss_cls: 2.5475  loss_bbox: 1.2163
2025/06/23 08:33:32 - mmengine - INFO - Epoch(train) [17][5400/9162]  lr: 2.0000e-04  eta: 13:34:09  time: 0.7528  data_time: 0.1484  memory: 1708  loss: 3.8216  loss_cls: 2.5767  loss_bbox: 1.2449
2025/06/23 08:33:38 - mmengine - INFO - Exp name: ssd300_coco_20250622_013555
2025/06/23 08:34:10 - mmengine - INFO - Epoch(train) [17][5450/9162]  lr: 2.0000e-04  eta: 13:33:34  time: 0.7607  data_time: 0.1345  memory: 1708  loss: 3.7996  loss_cls: 2.5628  loss_bbox: 1.2367
2025/06/23 08:34:49 - mmengine - INFO - Epoch(train) [17][5500/9162]  lr: 2.0000e-04  eta: 13:32:59  time: 0.7833  data_time: 0.1407  memory: 1708  loss: 3.8333  loss_cls: 2.5682  loss_bbox: 1.2651
2025/06/23 08:35:27 - mmengine - INFO - Epoch(train) [17][5550/9162]  lr: 2.0000e-04  eta: 13:32:24  time: 0.7470  data_time: 0.1223  memory: 1708  loss: 3.7922  loss_cls: 2.5417  loss_bbox: 1.2505
2025/06/23 08:36:04 - mmengine - INFO - Epoch(train) [17][5600/9162]  lr: 2.0000e-04  eta: 13:31:48  time: 0.7398  data_time: 0.1199  memory: 1708  loss: 3.8322  loss_cls: 2.5715  loss_bbox: 1.2607
2025/06/23 08:36:37 - mmengine - INFO - Epoch(train) [17][5650/9162]  lr: 2.0000e-04  eta: 13:31:11  time: 0.6687  data_time: 0.0937  memory: 1708  loss: 3.7910  loss_cls: 2.5692  loss_bbox: 1.2217
2025/06/23 08:37:15 - mmengine - INFO - Epoch(train) [17][5700/9162]  lr: 2.0000e-04  eta: 13:30:36  time: 0.7473  data_time: 0.1455  memory: 1708  loss: 3.7919  loss_cls: 2.5745  loss_bbox: 1.2174
2025/06/23 08:37:52 - mmengine - INFO - Epoch(train) [17][5750/9162]  lr: 2.0000e-04  eta: 13:30:00  time: 0.7501  data_time: 0.1301  memory: 1708  loss: 3.7595  loss_cls: 2.5503  loss_bbox: 1.2092
2025/06/23 08:38:30 - mmengine - INFO - Epoch(train) [17][5800/9162]  lr: 2.0000e-04  eta: 13:29:25  time: 0.7550  data_time: 0.1125  memory: 1708  loss: 3.8946  loss_cls: 2.6177  loss_bbox: 1.2770
2025/06/23 08:39:08 - mmengine - INFO - Epoch(train) [17][5850/9162]  lr: 2.0000e-04  eta: 13:28:50  time: 0.7511  data_time: 0.1292  memory: 1708  loss: 3.8303  loss_cls: 2.5780  loss_bbox: 1.2523
2025/06/23 08:39:46 - mmengine - INFO - Epoch(train) [17][5900/9162]  lr: 2.0000e-04  eta: 13:28:15  time: 0.7602  data_time: 0.1279  memory: 1708  loss: 3.8212  loss_cls: 2.5552  loss_bbox: 1.2660
2025/06/23 08:40:23 - mmengine - INFO - Epoch(train) [17][5950/9162]  lr: 2.0000e-04  eta: 13:27:40  time: 0.7510  data_time: 0.1303  memory: 1708  loss: 3.7503  loss_cls: 2.5337  loss_bbox: 1.2166
2025/06/23 08:41:01 - mmengine - INFO - Epoch(train) [17][6000/9162]  lr: 2.0000e-04  eta: 13:27:04  time: 0.7479  data_time: 0.1226  memory: 1708  loss: 3.7945  loss_cls: 2.5752  loss_bbox: 1.2193
2025/06/23 08:41:39 - mmengine - INFO - Epoch(train) [17][6050/9162]  lr: 2.0000e-04  eta: 13:26:29  time: 0.7544  data_time: 0.1077  memory: 1708  loss: 3.8416  loss_cls: 2.5768  loss_bbox: 1.2648
2025/06/23 08:42:16 - mmengine - INFO - Epoch(train) [17][6100/9162]  lr: 2.0000e-04  eta: 13:25:54  time: 0.7509  data_time: 0.1140  memory: 1708  loss: 3.8077  loss_cls: 2.5338  loss_bbox: 1.2739
2025/06/23 08:42:55 - mmengine - INFO - Epoch(train) [17][6150/9162]  lr: 2.0000e-04  eta: 13:25:19  time: 0.7760  data_time: 0.1343  memory: 1708  loss: 3.8561  loss_cls: 2.6197  loss_bbox: 1.2364
2025/06/23 08:43:33 - mmengine - INFO - Epoch(train) [17][6200/9162]  lr: 2.0000e-04  eta: 13:24:44  time: 0.7636  data_time: 0.1341  memory: 1708  loss: 3.8076  loss_cls: 2.5716  loss_bbox: 1.2360
2025/06/23 08:44:11 - mmengine - INFO - Epoch(train) [17][6250/9162]  lr: 2.0000e-04  eta: 13:24:09  time: 0.7536  data_time: 0.1089  memory: 1708  loss: 3.7665  loss_cls: 2.5589  loss_bbox: 1.2076
2025/06/23 08:44:49 - mmengine - INFO - Epoch(train) [17][6300/9162]  lr: 2.0000e-04  eta: 13:23:34  time: 0.7557  data_time: 0.0943  memory: 1708  loss: 3.7667  loss_cls: 2.5402  loss_bbox: 1.2265
2025/06/23 08:45:27 - mmengine - INFO - Epoch(train) [17][6350/9162]  lr: 2.0000e-04  eta: 13:22:59  time: 0.7683  data_time: 0.1168  memory: 1708  loss: 3.8826  loss_cls: 2.5861  loss_bbox: 1.2966
2025/06/23 08:46:06 - mmengine - INFO - Epoch(train) [17][6400/9162]  lr: 2.0000e-04  eta: 13:22:24  time: 0.7697  data_time: 0.1289  memory: 1708  loss: 3.8437  loss_cls: 2.5853  loss_bbox: 1.2585
2025/06/23 08:46:12 - mmengine - INFO - Exp name: ssd300_coco_20250622_013555
2025/06/23 08:46:44 - mmengine - INFO - Epoch(train) [17][6450/9162]  lr: 2.0000e-04  eta: 13:21:49  time: 0.7702  data_time: 0.1272  memory: 1708  loss: 3.8407  loss_cls: 2.5885  loss_bbox: 1.2522
2025/06/23 08:47:22 - mmengine - INFO - Epoch(train) [17][6500/9162]  lr: 2.0000e-04  eta: 13:21:14  time: 0.7520  data_time: 0.1412  memory: 1708  loss: 3.8642  loss_cls: 2.6043  loss_bbox: 1.2599
2025/06/23 08:48:00 - mmengine - INFO - Epoch(train) [17][6550/9162]  lr: 2.0000e-04  eta: 13:20:38  time: 0.7486  data_time: 0.1438  memory: 1708  loss: 3.8704  loss_cls: 2.6142  loss_bbox: 1.2563
2025/06/23 08:48:38 - mmengine - INFO - Epoch(train) [17][6600/9162]  lr: 2.0000e-04  eta: 13:20:03  time: 0.7598  data_time: 0.1197  memory: 1708  loss: 3.7815  loss_cls: 2.5255  loss_bbox: 1.2560
2025/06/23 08:49:15 - mmengine - INFO - Epoch(train) [17][6650/9162]  lr: 2.0000e-04  eta: 13:19:28  time: 0.7420  data_time: 0.1105  memory: 1708  loss: 3.8361  loss_cls: 2.6058  loss_bbox: 1.2302
2025/06/23 08:49:53 - mmengine - INFO - Epoch(train) [17][6700/9162]  lr: 2.0000e-04  eta: 13:18:52  time: 0.7525  data_time: 0.0966  memory: 1708  loss: 3.7616  loss_cls: 2.5249  loss_bbox: 1.2367
2025/06/23 08:50:30 - mmengine - INFO - Epoch(train) [17][6750/9162]  lr: 2.0000e-04  eta: 13:18:17  time: 0.7481  data_time: 0.1180  memory: 1708  loss: 3.7060  loss_cls: 2.5058  loss_bbox: 1.2002
2025/06/23 08:51:08 - mmengine - INFO - Epoch(train) [17][6800/9162]  lr: 2.0000e-04  eta: 13:17:42  time: 0.7557  data_time: 0.1337  memory: 1708  loss: 3.9125  loss_cls: 2.6180  loss_bbox: 1.2945
2025/06/23 08:51:45 - mmengine - INFO - Epoch(train) [17][6850/9162]  lr: 2.0000e-04  eta: 13:17:06  time: 0.7478  data_time: 0.0921  memory: 1708  loss: 3.8658  loss_cls: 2.5608  loss_bbox: 1.3049
2025/06/23 08:52:23 - mmengine - INFO - Epoch(train) [17][6900/9162]  lr: 2.0000e-04  eta: 13:16:31  time: 0.7504  data_time: 0.1154  memory: 1708  loss: 3.7910  loss_cls: 2.5285  loss_bbox: 1.2625
2025/06/23 08:53:01 - mmengine - INFO - Epoch(train) [17][6950/9162]  lr: 2.0000e-04  eta: 13:15:56  time: 0.7559  data_time: 0.1362  memory: 1708  loss: 3.7769  loss_cls: 2.5390  loss_bbox: 1.2379
2025/06/23 08:53:39 - mmengine - INFO - Epoch(train) [17][7000/9162]  lr: 2.0000e-04  eta: 13:15:21  time: 0.7569  data_time: 0.0992  memory: 1708  loss: 3.8114  loss_cls: 2.5851  loss_bbox: 1.2263
2025/06/23 08:54:17 - mmengine - INFO - Epoch(train) [17][7050/9162]  lr: 2.0000e-04  eta: 13:14:45  time: 0.7580  data_time: 0.1478  memory: 1708  loss: 3.8571  loss_cls: 2.5915  loss_bbox: 1.2655
2025/06/23 08:54:54 - mmengine - INFO - Epoch(train) [17][7100/9162]  lr: 2.0000e-04  eta: 13:14:10  time: 0.7436  data_time: 0.1008  memory: 1708  loss: 3.9897  loss_cls: 2.6730  loss_bbox: 1.3168
2025/06/23 08:55:32 - mmengine - INFO - Epoch(train) [17][7150/9162]  lr: 2.0000e-04  eta: 13:13:35  time: 0.7551  data_time: 0.1039  memory: 1708  loss: 3.8466  loss_cls: 2.6059  loss_bbox: 1.2407
2025/06/23 08:56:09 - mmengine - INFO - Epoch(train) [17][7200/9162]  lr: 2.0000e-04  eta: 13:12:59  time: 0.7459  data_time: 0.1241  memory: 1708  loss: 3.9265  loss_cls: 2.6224  loss_bbox: 1.3041
2025/06/23 08:56:47 - mmengine - INFO - Epoch(train) [17][7250/9162]  lr: 2.0000e-04  eta: 13:12:24  time: 0.7531  data_time: 0.1345  memory: 1708  loss: 3.8552  loss_cls: 2.6270  loss_bbox: 1.2282
2025/06/23 08:57:25 - mmengine - INFO - Epoch(train) [17][7300/9162]  lr: 2.0000e-04  eta: 13:11:49  time: 0.7637  data_time: 0.1312  memory: 1708  loss: 3.7737  loss_cls: 2.5563  loss_bbox: 1.2174
2025/06/23 08:58:03 - mmengine - INFO - Epoch(train) [17][7350/9162]  lr: 2.0000e-04  eta: 13:11:14  time: 0.7537  data_time: 0.1265  memory: 1708  loss: 3.7559  loss_cls: 2.5653  loss_bbox: 1.1905
2025/06/23 08:58:41 - mmengine - INFO - Epoch(train) [17][7400/9162]  lr: 2.0000e-04  eta: 13:10:39  time: 0.7560  data_time: 0.1234  memory: 1708  loss: 3.8434  loss_cls: 2.5716  loss_bbox: 1.2718
2025/06/23 08:58:47 - mmengine - INFO - Exp name: ssd300_coco_20250622_013555
2025/06/23 08:59:19 - mmengine - INFO - Epoch(train) [17][7450/9162]  lr: 2.0000e-04  eta: 13:10:03  time: 0.7558  data_time: 0.1256  memory: 1708  loss: 3.7880  loss_cls: 2.5604  loss_bbox: 1.2277
2025/06/23 08:59:57 - mmengine - INFO - Epoch(train) [17][7500/9162]  lr: 2.0000e-04  eta: 13:09:28  time: 0.7583  data_time: 0.1150  memory: 1708  loss: 3.8769  loss_cls: 2.6216  loss_bbox: 1.2552
2025/06/23 09:00:34 - mmengine - INFO - Epoch(train) [17][7550/9162]  lr: 2.0000e-04  eta: 13:08:53  time: 0.7533  data_time: 0.1292  memory: 1708  loss: 3.8742  loss_cls: 2.5939  loss_bbox: 1.2803
2025/06/23 09:01:12 - mmengine - INFO - Epoch(train) [17][7600/9162]  lr: 2.0000e-04  eta: 13:08:17  time: 0.7517  data_time: 0.1390  memory: 1708  loss: 3.7949  loss_cls: 2.5434  loss_bbox: 1.2515
2025/06/23 09:01:49 - mmengine - INFO - Epoch(train) [17][7650/9162]  lr: 2.0000e-04  eta: 13:07:42  time: 0.7449  data_time: 0.1421  memory: 1708  loss: 3.8628  loss_cls: 2.5845  loss_bbox: 1.2782
2025/06/23 09:02:27 - mmengine - INFO - Epoch(train) [17][7700/9162]  lr: 2.0000e-04  eta: 13:07:07  time: 0.7505  data_time: 0.1393  memory: 1708  loss: 3.8508  loss_cls: 2.5827  loss_bbox: 1.2681
2025/06/23 09:03:05 - mmengine - INFO - Epoch(train) [17][7750/9162]  lr: 2.0000e-04  eta: 13:06:31  time: 0.7580  data_time: 0.1388  memory: 1708  loss: 3.8061  loss_cls: 2.5868  loss_bbox: 1.2193
2025/06/23 09:03:42 - mmengine - INFO - Epoch(train) [17][7800/9162]  lr: 2.0000e-04  eta: 13:05:56  time: 0.7450  data_time: 0.1246  memory: 1708  loss: 3.8738  loss_cls: 2.5890  loss_bbox: 1.2848
2025/06/23 09:04:20 - mmengine - INFO - Epoch(train) [17][7850/9162]  lr: 2.0000e-04  eta: 13:05:21  time: 0.7557  data_time: 0.1266  memory: 1708  loss: 3.8331  loss_cls: 2.5903  loss_bbox: 1.2428
2025/06/23 09:04:57 - mmengine - INFO - Epoch(train) [17][7900/9162]  lr: 2.0000e-04  eta: 13:04:45  time: 0.7396  data_time: 0.0975  memory: 1708  loss: 3.9011  loss_cls: 2.6303  loss_bbox: 1.2708
2025/06/23 09:05:34 - mmengine - INFO - Epoch(train) [17][7950/9162]  lr: 2.0000e-04  eta: 13:04:10  time: 0.7430  data_time: 0.1291  memory: 1708  loss: 3.7402  loss_cls: 2.5554  loss_bbox: 1.1848
2025/06/23 09:06:11 - mmengine - INFO - Epoch(train) [17][8000/9162]  lr: 2.0000e-04  eta: 13:03:34  time: 0.7401  data_time: 0.1173  memory: 1708  loss: 3.7792  loss_cls: 2.5672  loss_bbox: 1.2120
2025/06/23 09:06:49 - mmengine - INFO - Epoch(train) [17][8050/9162]  lr: 2.0000e-04  eta: 13:02:59  time: 0.7500  data_time: 0.1078  memory: 1708  loss: 3.7771  loss_cls: 2.5138  loss_bbox: 1.2633
2025/06/23 09:07:26 - mmengine - INFO - Epoch(train) [17][8100/9162]  lr: 2.0000e-04  eta: 13:02:23  time: 0.7369  data_time: 0.0934  memory: 1708  loss: 3.7831  loss_cls: 2.5455  loss_bbox: 1.2376
2025/06/23 09:08:03 - mmengine - INFO - Epoch(train) [17][8150/9162]  lr: 2.0000e-04  eta: 13:01:48  time: 0.7417  data_time: 0.0972  memory: 1708  loss: 3.8104  loss_cls: 2.5366  loss_bbox: 1.2738
2025/06/23 09:08:41 - mmengine - INFO - Epoch(train) [17][8200/9162]  lr: 2.0000e-04  eta: 13:01:12  time: 0.7512  data_time: 0.1165  memory: 1708  loss: 3.9381  loss_cls: 2.6354  loss_bbox: 1.3028
2025/06/23 09:09:18 - mmengine - INFO - Epoch(train) [17][8250/9162]  lr: 2.0000e-04  eta: 13:00:37  time: 0.7399  data_time: 0.1214  memory: 1708  loss: 3.7357  loss_cls: 2.5087  loss_bbox: 1.2269
2025/06/23 09:09:55 - mmengine - INFO - Epoch(train) [17][8300/9162]  lr: 2.0000e-04  eta: 13:00:01  time: 0.7448  data_time: 0.1012  memory: 1708  loss: 3.6644  loss_cls: 2.4911  loss_bbox: 1.1733
2025/06/23 09:10:32 - mmengine - INFO - Epoch(train) [17][8350/9162]  lr: 2.0000e-04  eta: 12:59:26  time: 0.7418  data_time: 0.1180  memory: 1708  loss: 3.7763  loss_cls: 2.5540  loss_bbox: 1.2222
2025/06/23 09:11:11 - mmengine - INFO - Epoch(train) [17][8400/9162]  lr: 2.0000e-04  eta: 12:58:51  time: 0.7675  data_time: 0.1387  memory: 1708  loss: 3.8510  loss_cls: 2.5712  loss_bbox: 1.2799
2025/06/23 09:11:16 - mmengine - INFO - Exp name: ssd300_coco_20250622_013555
2025/06/23 09:11:48 - mmengine - INFO - Epoch(train) [17][8450/9162]  lr: 2.0000e-04  eta: 12:58:15  time: 0.7460  data_time: 0.1192  memory: 1708  loss: 3.8786  loss_cls: 2.5895  loss_bbox: 1.2891
2025/06/23 09:12:25 - mmengine - INFO - Epoch(train) [17][8500/9162]  lr: 2.0000e-04  eta: 12:57:40  time: 0.7455  data_time: 0.1243  memory: 1708  loss: 3.9187  loss_cls: 2.6386  loss_bbox: 1.2801
2025/06/23 09:13:03 - mmengine - INFO - Epoch(train) [17][8550/9162]  lr: 2.0000e-04  eta: 12:57:04  time: 0.7477  data_time: 0.1383  memory: 1708  loss: 3.8211  loss_cls: 2.5459  loss_bbox: 1.2752
2025/06/23 09:13:40 - mmengine - INFO - Epoch(train) [17][8600/9162]  lr: 2.0000e-04  eta: 12:56:29  time: 0.7492  data_time: 0.1252  memory: 1708  loss: 3.7948  loss_cls: 2.5656  loss_bbox: 1.2293
2025/06/23 09:14:18 - mmengine - INFO - Epoch(train) [17][8650/9162]  lr: 2.0000e-04  eta: 12:55:53  time: 0.7506  data_time: 0.1305  memory: 1708  loss: 3.9245  loss_cls: 2.6188  loss_bbox: 1.3057
2025/06/23 09:14:55 - mmengine - INFO - Epoch(train) [17][8700/9162]  lr: 2.0000e-04  eta: 12:55:18  time: 0.7358  data_time: 0.1346  memory: 1708  loss: 3.8802  loss_cls: 2.6007  loss_bbox: 1.2796
2025/06/23 09:15:32 - mmengine - INFO - Epoch(train) [17][8750/9162]  lr: 2.0000e-04  eta: 12:54:42  time: 0.7417  data_time: 0.1229  memory: 1708  loss: 3.8753  loss_cls: 2.6049  loss_bbox: 1.2705
2025/06/23 09:16:09 - mmengine - INFO - Epoch(train) [17][8800/9162]  lr: 2.0000e-04  eta: 12:54:07  time: 0.7499  data_time: 0.1295  memory: 1708  loss: 3.9055  loss_cls: 2.6084  loss_bbox: 1.2971
2025/06/23 09:16:46 - mmengine - INFO - Epoch(train) [17][8850/9162]  lr: 2.0000e-04  eta: 12:53:31  time: 0.7402  data_time: 0.1074  memory: 1708  loss: 3.7458  loss_cls: 2.5565  loss_bbox: 1.1893
2025/06/23 09:17:24 - mmengine - INFO - Epoch(train) [17][8900/9162]  lr: 2.0000e-04  eta: 12:52:56  time: 0.7555  data_time: 0.1312  memory: 1708  loss: 3.7730  loss_cls: 2.5231  loss_bbox: 1.2500
2025/06/23 09:18:02 - mmengine - INFO - Epoch(train) [17][8950/9162]  lr: 2.0000e-04  eta: 12:52:21  time: 0.7602  data_time: 0.1397  memory: 1708  loss: 3.7999  loss_cls: 2.5460  loss_bbox: 1.2539
2025/06/23 09:18:40 - mmengine - INFO - Epoch(train) [17][9000/9162]  lr: 2.0000e-04  eta: 12:51:45  time: 0.7433  data_time: 0.1147  memory: 1708  loss: 3.7871  loss_cls: 2.5556  loss_bbox: 1.2315
2025/06/23 09:19:17 - mmengine - INFO - Epoch(train) [17][9050/9162]  lr: 2.0000e-04  eta: 12:51:10  time: 0.7557  data_time: 0.1333  memory: 1708  loss: 3.7710  loss_cls: 2.5344  loss_bbox: 1.2366
2025/06/23 09:19:55 - mmengine - INFO - Epoch(train) [17][9100/9162]  lr: 2.0000e-04  eta: 12:50:34  time: 0.7443  data_time: 0.1408  memory: 1708  loss: 3.7408  loss_cls: 2.5699  loss_bbox: 1.1708
2025/06/23 09:20:33 - mmengine - INFO - Epoch(train) [17][9150/9162]  lr: 2.0000e-04  eta: 12:49:59  time: 0.7546  data_time: 0.1378  memory: 1708  loss: 3.7471  loss_cls: 2.5157  loss_bbox: 1.2314
2025/06/23 09:20:41 - mmengine - INFO - Exp name: ssd300_coco_20250622_013555
2025/06/23 09:20:41 - mmengine - INFO - Saving checkpoint at 17 epochs
2025/06/23 09:20:56 - mmengine - INFO - Epoch(val) [17][ 50/157]    eta: 0:00:28  time: 0.2645  data_time: 0.0461  memory: 1708  
2025/06/23 09:21:09 - mmengine - INFO - Epoch(val) [17][100/157]    eta: 0:00:14  time: 0.2598  data_time: 0.0518  memory: 851  
2025/06/23 09:21:22 - mmengine - INFO - Epoch(val) [17][150/157]    eta: 0:00:01  time: 0.2710  data_time: 0.0579  memory: 851  
2025/06/23 09:21:42 - mmengine - INFO - Evaluating bbox...
2025/06/23 09:22:45 - mmengine - INFO - bbox_mAP_copypaste: 0.246 0.425 0.253 0.065 0.267 0.407
2025/06/23 09:22:46 - mmengine - INFO - Epoch(val) [17][157/157]    coco/bbox_mAP: 0.2460  coco/bbox_mAP_50: 0.4250  coco/bbox_mAP_75: 0.2530  coco/bbox_mAP_s: 0.0650  coco/bbox_mAP_m: 0.2670  coco/bbox_mAP_l: 0.4070  data_time: 0.0512  time: 0.2621
2025/06/23 09:23:21 - mmengine - INFO - Epoch(train) [18][  50/9162]  lr: 2.0000e-04  eta: 12:49:14  time: 0.6943  data_time: 0.0880  memory: 1708  loss: 3.9145  loss_cls: 2.6144  loss_bbox: 1.3001
2025/06/23 09:23:57 - mmengine - INFO - Epoch(train) [18][ 100/9162]  lr: 2.0000e-04  eta: 12:48:38  time: 0.7275  data_time: 0.0806  memory: 1708  loss: 3.7649  loss_cls: 2.5348  loss_bbox: 1.2301
2025/06/23 09:24:35 - mmengine - INFO - Epoch(train) [18][ 150/9162]  lr: 2.0000e-04  eta: 12:48:03  time: 0.7437  data_time: 0.1250  memory: 1708  loss: 3.9466  loss_cls: 2.6441  loss_bbox: 1.3025
2025/06/23 09:25:12 - mmengine - INFO - Epoch(train) [18][ 200/9162]  lr: 2.0000e-04  eta: 12:47:27  time: 0.7489  data_time: 0.1253  memory: 1708  loss: 3.9050  loss_cls: 2.6193  loss_bbox: 1.2857
2025/06/23 09:25:47 - mmengine - INFO - Exp name: ssd300_coco_20250622_013555
2025/06/23 09:25:50 - mmengine - INFO - Epoch(train) [18][ 250/9162]  lr: 2.0000e-04  eta: 12:46:52  time: 0.7513  data_time: 0.1378  memory: 1708  loss: 3.7780  loss_cls: 2.5741  loss_bbox: 1.2039
2025/06/23 09:26:27 - mmengine - INFO - Epoch(train) [18][ 300/9162]  lr: 2.0000e-04  eta: 12:46:16  time: 0.7516  data_time: 0.1300  memory: 1708  loss: 3.8248  loss_cls: 2.5603  loss_bbox: 1.2645
2025/06/23 09:27:05 - mmengine - INFO - Epoch(train) [18][ 350/9162]  lr: 2.0000e-04  eta: 12:45:41  time: 0.7510  data_time: 0.1346  memory: 1708  loss: 3.8642  loss_cls: 2.5753  loss_bbox: 1.2889
2025/06/23 09:27:42 - mmengine - INFO - Epoch(train) [18][ 400/9162]  lr: 2.0000e-04  eta: 12:45:06  time: 0.7471  data_time: 0.1347  memory: 1708  loss: 3.8783  loss_cls: 2.5547  loss_bbox: 1.3236
2025/06/23 09:28:20 - mmengine - INFO - Epoch(train) [18][ 450/9162]  lr: 2.0000e-04  eta: 12:44:30  time: 0.7490  data_time: 0.1255  memory: 1708  loss: 3.8073  loss_cls: 2.5727  loss_bbox: 1.2346
2025/06/23 09:28:58 - mmengine - INFO - Epoch(train) [18][ 500/9162]  lr: 2.0000e-04  eta: 12:43:55  time: 0.7539  data_time: 0.1311  memory: 1708  loss: 3.8565  loss_cls: 2.5627  loss_bbox: 1.2938
2025/06/23 09:29:35 - mmengine - INFO - Epoch(train) [18][ 550/9162]  lr: 2.0000e-04  eta: 12:43:19  time: 0.7469  data_time: 0.1215  memory: 1708  loss: 3.7911  loss_cls: 2.5512  loss_bbox: 1.2399
2025/06/23 09:30:13 - mmengine - INFO - Epoch(train) [18][ 600/9162]  lr: 2.0000e-04  eta: 12:42:44  time: 0.7507  data_time: 0.1366  memory: 1708  loss: 3.8836  loss_cls: 2.6057  loss_bbox: 1.2779
2025/06/23 09:30:50 - mmengine - INFO - Epoch(train) [18][ 650/9162]  lr: 2.0000e-04  eta: 12:42:08  time: 0.7492  data_time: 0.1101  memory: 1708  loss: 3.7865  loss_cls: 2.5723  loss_bbox: 1.2141
2025/06/23 09:31:28 - mmengine - INFO - Epoch(train) [18][ 700/9162]  lr: 2.0000e-04  eta: 12:41:33  time: 0.7475  data_time: 0.0963  memory: 1708  loss: 3.8692  loss_cls: 2.5849  loss_bbox: 1.2843
2025/06/23 09:32:05 - mmengine - INFO - Epoch(train) [18][ 750/9162]  lr: 2.0000e-04  eta: 12:40:57  time: 0.7434  data_time: 0.1068  memory: 1708  loss: 3.8879  loss_cls: 2.5956  loss_bbox: 1.2923
2025/06/23 09:32:42 - mmengine - INFO - Epoch(train) [18][ 800/9162]  lr: 2.0000e-04  eta: 12:40:22  time: 0.7485  data_time: 0.1213  memory: 1708  loss: 3.7684  loss_cls: 2.5468  loss_bbox: 1.2216
2025/06/23 09:33:20 - mmengine - INFO - Epoch(train) [18][ 850/9162]  lr: 2.0000e-04  eta: 12:39:47  time: 0.7484  data_time: 0.1199  memory: 1708  loss: 3.7337  loss_cls: 2.5292  loss_bbox: 1.2045
2025/06/23 09:33:57 - mmengine - INFO - Epoch(train) [18][ 900/9162]  lr: 2.0000e-04  eta: 12:39:11  time: 0.7483  data_time: 0.1024  memory: 1708  loss: 3.7413  loss_cls: 2.5155  loss_bbox: 1.2258
2025/06/23 09:34:36 - mmengine - INFO - Epoch(train) [18][ 950/9162]  lr: 2.0000e-04  eta: 12:38:36  time: 0.7626  data_time: 0.1169  memory: 1708  loss: 3.8237  loss_cls: 2.5924  loss_bbox: 1.2313
2025/06/23 09:35:13 - mmengine - INFO - Epoch(train) [18][1000/9162]  lr: 2.0000e-04  eta: 12:38:00  time: 0.7459  data_time: 0.1178  memory: 1708  loss: 3.7910  loss_cls: 2.5736  loss_bbox: 1.2174
2025/06/23 09:35:50 - mmengine - INFO - Epoch(train) [18][1050/9162]  lr: 2.0000e-04  eta: 12:37:25  time: 0.7464  data_time: 0.1193  memory: 1708  loss: 3.8866  loss_cls: 2.6019  loss_bbox: 1.2848
2025/06/23 09:36:28 - mmengine - INFO - Epoch(train) [18][1100/9162]  lr: 2.0000e-04  eta: 12:36:49  time: 0.7475  data_time: 0.1248  memory: 1708  loss: 3.7230  loss_cls: 2.5169  loss_bbox: 1.2060
2025/06/23 09:37:05 - mmengine - INFO - Epoch(train) [18][1150/9162]  lr: 2.0000e-04  eta: 12:36:14  time: 0.7505  data_time: 0.1207  memory: 1708  loss: 3.7767  loss_cls: 2.5632  loss_bbox: 1.2136
2025/06/23 09:37:43 - mmengine - INFO - Epoch(train) [18][1200/9162]  lr: 2.0000e-04  eta: 12:35:39  time: 0.7532  data_time: 0.1032  memory: 1708  loss: 3.8497  loss_cls: 2.5956  loss_bbox: 1.2541
2025/06/23 09:38:17 - mmengine - INFO - Exp name: ssd300_coco_20250622_013555
2025/06/23 09:38:20 - mmengine - INFO - Epoch(train) [18][1250/9162]  lr: 2.0000e-04  eta: 12:35:03  time: 0.7418  data_time: 0.1021  memory: 1708  loss: 3.7484  loss_cls: 2.5339  loss_bbox: 1.2145
2025/06/23 09:38:57 - mmengine - INFO - Epoch(train) [18][1300/9162]  lr: 2.0000e-04  eta: 12:34:27  time: 0.7394  data_time: 0.0805  memory: 1708  loss: 3.8286  loss_cls: 2.5580  loss_bbox: 1.2706
2025/06/23 09:39:34 - mmengine - INFO - Epoch(train) [18][1350/9162]  lr: 2.0000e-04  eta: 12:33:52  time: 0.7358  data_time: 0.1020  memory: 1708  loss: 3.9514  loss_cls: 2.6509  loss_bbox: 1.3005
2025/06/23 09:40:11 - mmengine - INFO - Epoch(train) [18][1400/9162]  lr: 2.0000e-04  eta: 12:33:16  time: 0.7433  data_time: 0.1361  memory: 1708  loss: 3.9163  loss_cls: 2.6020  loss_bbox: 1.3142
2025/06/23 09:40:49 - mmengine - INFO - Epoch(train) [18][1450/9162]  lr: 2.0000e-04  eta: 12:32:41  time: 0.7464  data_time: 0.1313  memory: 1708  loss: 3.8273  loss_cls: 2.5670  loss_bbox: 1.2603
2025/06/23 09:41:26 - mmengine - INFO - Epoch(train) [18][1500/9162]  lr: 2.0000e-04  eta: 12:32:05  time: 0.7512  data_time: 0.1159  memory: 1708  loss: 3.9055  loss_cls: 2.6129  loss_bbox: 1.2926
2025/06/23 09:42:04 - mmengine - INFO - Epoch(train) [18][1550/9162]  lr: 2.0000e-04  eta: 12:31:30  time: 0.7538  data_time: 0.1338  memory: 1708  loss: 3.8273  loss_cls: 2.5560  loss_bbox: 1.2714
2025/06/23 09:42:41 - mmengine - INFO - Epoch(train) [18][1600/9162]  lr: 2.0000e-04  eta: 12:30:54  time: 0.7408  data_time: 0.1320  memory: 1708  loss: 3.8724  loss_cls: 2.6015  loss_bbox: 1.2709
2025/06/23 09:43:19 - mmengine - INFO - Epoch(train) [18][1650/9162]  lr: 2.0000e-04  eta: 12:30:19  time: 0.7462  data_time: 0.1406  memory: 1708  loss: 3.8572  loss_cls: 2.5877  loss_bbox: 1.2695
2025/06/23 09:43:56 - mmengine - INFO - Epoch(train) [18][1700/9162]  lr: 2.0000e-04  eta: 12:29:43  time: 0.7510  data_time: 0.0985  memory: 1708  loss: 3.7575  loss_cls: 2.5201  loss_bbox: 1.2374
2025/06/23 09:44:33 - mmengine - INFO - Epoch(train) [18][1750/9162]  lr: 2.0000e-04  eta: 12:29:08  time: 0.7380  data_time: 0.0937  memory: 1708  loss: 3.7747  loss_cls: 2.5628  loss_bbox: 1.2120
2025/06/23 09:45:11 - mmengine - INFO - Epoch(train) [18][1800/9162]  lr: 2.0000e-04  eta: 12:28:32  time: 0.7637  data_time: 0.1422  memory: 1708  loss: 3.8290  loss_cls: 2.6089  loss_bbox: 1.2201
2025/06/23 09:45:50 - mmengine - INFO - Epoch(train) [18][1850/9162]  lr: 2.0000e-04  eta: 12:27:57  time: 0.7665  data_time: 0.1462  memory: 1708  loss: 3.7380  loss_cls: 2.5454  loss_bbox: 1.1926
2025/06/23 09:46:28 - mmengine - INFO - Epoch(train) [18][1900/9162]  lr: 2.0000e-04  eta: 12:27:22  time: 0.7651  data_time: 0.1524  memory: 1708  loss: 3.7321  loss_cls: 2.5234  loss_bbox: 1.2087
2025/06/23 09:47:07 - mmengine - INFO - Epoch(train) [18][1950/9162]  lr: 2.0000e-04  eta: 12:26:47  time: 0.7670  data_time: 0.1409  memory: 1708  loss: 3.6415  loss_cls: 2.4681  loss_bbox: 1.1734
2025/06/23 09:47:44 - mmengine - INFO - Epoch(train) [18][2000/9162]  lr: 2.0000e-04  eta: 12:26:12  time: 0.7480  data_time: 0.0996  memory: 1708  loss: 3.8135  loss_cls: 2.5600  loss_bbox: 1.2535
2025/06/23 09:48:19 - mmengine - INFO - Epoch(train) [18][2050/9162]  lr: 2.0000e-04  eta: 12:25:35  time: 0.7061  data_time: 0.0987  memory: 1708  loss: 3.7577  loss_cls: 2.5626  loss_bbox: 1.1951
2025/06/23 09:48:58 - mmengine - INFO - Epoch(train) [18][2100/9162]  lr: 2.0000e-04  eta: 12:25:00  time: 0.7711  data_time: 0.1371  memory: 1708  loss: 3.9547  loss_cls: 2.6397  loss_bbox: 1.3150
2025/06/23 09:49:36 - mmengine - INFO - Epoch(train) [18][2150/9162]  lr: 2.0000e-04  eta: 12:24:25  time: 0.7646  data_time: 0.1429  memory: 1708  loss: 3.7357  loss_cls: 2.5514  loss_bbox: 1.1842
2025/06/23 09:50:14 - mmengine - INFO - Epoch(train) [18][2200/9162]  lr: 2.0000e-04  eta: 12:23:50  time: 0.7556  data_time: 0.1320  memory: 1708  loss: 3.7859  loss_cls: 2.5789  loss_bbox: 1.2069
2025/06/23 09:50:49 - mmengine - INFO - Exp name: ssd300_coco_20250622_013555
2025/06/23 09:50:52 - mmengine - INFO - Epoch(train) [18][2250/9162]  lr: 2.0000e-04  eta: 12:23:14  time: 0.7556  data_time: 0.1136  memory: 1708  loss: 3.8720  loss_cls: 2.6059  loss_bbox: 1.2660
2025/06/23 09:51:31 - mmengine - INFO - Epoch(train) [18][2300/9162]  lr: 2.0000e-04  eta: 12:22:40  time: 0.7785  data_time: 0.1379  memory: 1708  loss: 3.8476  loss_cls: 2.6018  loss_bbox: 1.2458
2025/06/23 09:52:09 - mmengine - INFO - Epoch(train) [18][2350/9162]  lr: 2.0000e-04  eta: 12:22:04  time: 0.7598  data_time: 0.1170  memory: 1708  loss: 3.7815  loss_cls: 2.5428  loss_bbox: 1.2387
2025/06/23 09:52:47 - mmengine - INFO - Epoch(train) [18][2400/9162]  lr: 2.0000e-04  eta: 12:21:29  time: 0.7610  data_time: 0.1268  memory: 1708  loss: 3.8209  loss_cls: 2.5654  loss_bbox: 1.2555
2025/06/23 09:53:25 - mmengine - INFO - Epoch(train) [18][2450/9162]  lr: 2.0000e-04  eta: 12:20:54  time: 0.7516  data_time: 0.1077  memory: 1708  loss: 3.7433  loss_cls: 2.5104  loss_bbox: 1.2329
2025/06/23 09:54:02 - mmengine - INFO - Epoch(train) [18][2500/9162]  lr: 2.0000e-04  eta: 12:20:18  time: 0.7483  data_time: 0.1097  memory: 1708  loss: 3.9111  loss_cls: 2.6122  loss_bbox: 1.2989
2025/06/23 09:54:40 - mmengine - INFO - Epoch(train) [18][2550/9162]  lr: 2.0000e-04  eta: 12:19:43  time: 0.7485  data_time: 0.0967  memory: 1708  loss: 3.8992  loss_cls: 2.6073  loss_bbox: 1.2919
2025/06/23 09:55:18 - mmengine - INFO - Epoch(train) [18][2600/9162]  lr: 2.0000e-04  eta: 12:19:07  time: 0.7543  data_time: 0.0783  memory: 1708  loss: 3.9212  loss_cls: 2.6303  loss_bbox: 1.2909
2025/06/23 09:55:55 - mmengine - INFO - Epoch(train) [18][2650/9162]  lr: 2.0000e-04  eta: 12:18:32  time: 0.7424  data_time: 0.0703  memory: 1708  loss: 3.7877  loss_cls: 2.5392  loss_bbox: 1.2486
2025/06/23 09:56:33 - mmengine - INFO - Epoch(train) [18][2700/9162]  lr: 2.0000e-04  eta: 12:17:56  time: 0.7515  data_time: 0.1170  memory: 1708  loss: 3.7137  loss_cls: 2.4956  loss_bbox: 1.2182
2025/06/23 09:57:10 - mmengine - INFO - Epoch(train) [18][2750/9162]  lr: 2.0000e-04  eta: 12:17:21  time: 0.7496  data_time: 0.1029  memory: 1708  loss: 3.7827  loss_cls: 2.5527  loss_bbox: 1.2300
2025/06/23 09:57:49 - mmengine - INFO - Epoch(train) [18][2800/9162]  lr: 2.0000e-04  eta: 12:16:46  time: 0.7750  data_time: 0.1360  memory: 1708  loss: 3.6568  loss_cls: 2.4964  loss_bbox: 1.1604
2025/06/23 09:58:27 - mmengine - INFO - Epoch(train) [18][2850/9162]  lr: 2.0000e-04  eta: 12:16:11  time: 0.7664  data_time: 0.1479  memory: 1708  loss: 3.7795  loss_cls: 2.5715  loss_bbox: 1.2080
2025/06/23 09:59:06 - mmengine - INFO - Epoch(train) [18][2900/9162]  lr: 2.0000e-04  eta: 12:15:35  time: 0.7720  data_time: 0.1369  memory: 1708  loss: 3.7733  loss_cls: 2.5262  loss_bbox: 1.2471
2025/06/23 09:59:44 - mmengine - INFO - Epoch(train) [18][2950/9162]  lr: 2.0000e-04  eta: 12:15:00  time: 0.7514  data_time: 0.1195  memory: 1708  loss: 3.8856  loss_cls: 2.5957  loss_bbox: 1.2899
2025/06/23 10:00:23 - mmengine - INFO - Epoch(train) [18][3000/9162]  lr: 2.0000e-04  eta: 12:14:25  time: 0.7825  data_time: 0.1200  memory: 1708  loss: 3.7717  loss_cls: 2.5513  loss_bbox: 1.2204
2025/06/23 10:01:00 - mmengine - INFO - Epoch(train) [18][3050/9162]  lr: 2.0000e-04  eta: 12:13:50  time: 0.7519  data_time: 0.1112  memory: 1708  loss: 3.8524  loss_cls: 2.5977  loss_bbox: 1.2547
2025/06/23 10:01:39 - mmengine - INFO - Epoch(train) [18][3100/9162]  lr: 2.0000e-04  eta: 12:13:15  time: 0.7648  data_time: 0.1301  memory: 1708  loss: 3.8558  loss_cls: 2.5666  loss_bbox: 1.2892
2025/06/23 10:02:18 - mmengine - INFO - Epoch(train) [18][3150/9162]  lr: 2.0000e-04  eta: 12:12:40  time: 0.7868  data_time: 0.1301  memory: 1708  loss: 3.8238  loss_cls: 2.5351  loss_bbox: 1.2886
2025/06/23 10:02:56 - mmengine - INFO - Epoch(train) [18][3200/9162]  lr: 2.0000e-04  eta: 12:12:04  time: 0.7586  data_time: 0.1278  memory: 1708  loss: 3.8154  loss_cls: 2.5480  loss_bbox: 1.2674
2025/06/23 10:03:31 - mmengine - INFO - Exp name: ssd300_coco_20250622_013555
2025/06/23 10:03:34 - mmengine - INFO - Epoch(train) [18][3250/9162]  lr: 2.0000e-04  eta: 12:11:29  time: 0.7540  data_time: 0.1186  memory: 1708  loss: 3.7718  loss_cls: 2.5505  loss_bbox: 1.2214
2025/06/23 10:04:11 - mmengine - INFO - Epoch(train) [18][3300/9162]  lr: 2.0000e-04  eta: 12:10:53  time: 0.7453  data_time: 0.1160  memory: 1708  loss: 3.8442  loss_cls: 2.5873  loss_bbox: 1.2569
2025/06/23 10:04:50 - mmengine - INFO - Epoch(train) [18][3350/9162]  lr: 2.0000e-04  eta: 12:10:18  time: 0.7645  data_time: 0.1162  memory: 1708  loss: 3.7117  loss_cls: 2.4650  loss_bbox: 1.2467
2025/06/23 10:05:27 - mmengine - INFO - Epoch(train) [18][3400/9162]  lr: 2.0000e-04  eta: 12:09:43  time: 0.7473  data_time: 0.1290  memory: 1708  loss: 3.6818  loss_cls: 2.4875  loss_bbox: 1.1942
2025/06/23 10:06:05 - mmengine - INFO - Epoch(train) [18][3450/9162]  lr: 2.0000e-04  eta: 12:09:07  time: 0.7624  data_time: 0.1341  memory: 1708  loss: 3.8277  loss_cls: 2.5902  loss_bbox: 1.2376
2025/06/23 10:06:44 - mmengine - INFO - Epoch(train) [18][3500/9162]  lr: 2.0000e-04  eta: 12:08:32  time: 0.7692  data_time: 0.1366  memory: 1708  loss: 3.7950  loss_cls: 2.5592  loss_bbox: 1.2359
2025/06/23 10:07:22 - mmengine - INFO - Epoch(train) [18][3550/9162]  lr: 2.0000e-04  eta: 12:07:57  time: 0.7738  data_time: 0.1212  memory: 1708  loss: 3.8305  loss_cls: 2.5923  loss_bbox: 1.2382
2025/06/23 10:08:00 - mmengine - INFO - Epoch(train) [18][3600/9162]  lr: 2.0000e-04  eta: 12:07:22  time: 0.7586  data_time: 0.1046  memory: 1708  loss: 3.7515  loss_cls: 2.5615  loss_bbox: 1.1900
2025/06/23 10:08:37 - mmengine - INFO - Epoch(train) [18][3650/9162]  lr: 2.0000e-04  eta: 12:06:46  time: 0.7351  data_time: 0.0866  memory: 1708  loss: 3.8107  loss_cls: 2.5763  loss_bbox: 1.2344
2025/06/23 10:09:15 - mmengine - INFO - Epoch(train) [18][3700/9162]  lr: 2.0000e-04  eta: 12:06:11  time: 0.7462  data_time: 0.0975  memory: 1708  loss: 3.7794  loss_cls: 2.5457  loss_bbox: 1.2337
2025/06/23 10:09:52 - mmengine - INFO - Epoch(train) [18][3750/9162]  lr: 2.0000e-04  eta: 12:05:35  time: 0.7473  data_time: 0.1170  memory: 1708  loss: 3.7366  loss_cls: 2.5265  loss_bbox: 1.2101
2025/06/23 10:10:30 - mmengine - INFO - Epoch(train) [18][3800/9162]  lr: 2.0000e-04  eta: 12:05:00  time: 0.7545  data_time: 0.1224  memory: 1708  loss: 3.7721  loss_cls: 2.5401  loss_bbox: 1.2319
2025/06/23 10:11:08 - mmengine - INFO - Epoch(train) [18][3850/9162]  lr: 2.0000e-04  eta: 12:04:24  time: 0.7518  data_time: 0.1185  memory: 1708  loss: 3.8175  loss_cls: 2.5786  loss_bbox: 1.2389
2025/06/23 10:11:45 - mmengine - INFO - Epoch(train) [18][3900/9162]  lr: 2.0000e-04  eta: 12:03:49  time: 0.7561  data_time: 0.1146  memory: 1708  loss: 3.7411  loss_cls: 2.5187  loss_bbox: 1.2225
2025/06/23 10:12:23 - mmengine - INFO - Epoch(train) [18][3950/9162]  lr: 2.0000e-04  eta: 12:03:13  time: 0.7541  data_time: 0.1180  memory: 1708  loss: 3.7947  loss_cls: 2.5561  loss_bbox: 1.2385
2025/06/23 10:13:00 - mmengine - INFO - Epoch(train) [18][4000/9162]  lr: 2.0000e-04  eta: 12:02:38  time: 0.7443  data_time: 0.1049  memory: 1708  loss: 3.8387  loss_cls: 2.5638  loss_bbox: 1.2750
2025/06/23 10:13:38 - mmengine - INFO - Epoch(train) [18][4050/9162]  lr: 2.0000e-04  eta: 12:02:02  time: 0.7513  data_time: 0.1434  memory: 1708  loss: 3.7734  loss_cls: 2.5317  loss_bbox: 1.2417
2025/06/23 10:14:16 - mmengine - INFO - Epoch(train) [18][4100/9162]  lr: 2.0000e-04  eta: 12:01:27  time: 0.7598  data_time: 0.1108  memory: 1708  loss: 3.7647  loss_cls: 2.5716  loss_bbox: 1.1932
2025/06/23 10:14:53 - mmengine - INFO - Epoch(train) [18][4150/9162]  lr: 2.0000e-04  eta: 12:00:51  time: 0.7404  data_time: 0.1128  memory: 1708  loss: 3.6437  loss_cls: 2.4777  loss_bbox: 1.1660
2025/06/23 10:15:32 - mmengine - INFO - Epoch(train) [18][4200/9162]  lr: 2.0000e-04  eta: 12:00:16  time: 0.7658  data_time: 0.1144  memory: 1708  loss: 3.7703  loss_cls: 2.5409  loss_bbox: 1.2294
2025/06/23 10:16:06 - mmengine - INFO - Exp name: ssd300_coco_20250622_013555
2025/06/23 10:16:09 - mmengine - INFO - Epoch(train) [18][4250/9162]  lr: 2.0000e-04  eta: 11:59:41  time: 0.7514  data_time: 0.1115  memory: 1708  loss: 3.7979  loss_cls: 2.5378  loss_bbox: 1.2601
2025/06/23 10:16:47 - mmengine - INFO - Epoch(train) [18][4300/9162]  lr: 2.0000e-04  eta: 11:59:05  time: 0.7471  data_time: 0.1142  memory: 1708  loss: 3.8792  loss_cls: 2.6069  loss_bbox: 1.2723
2025/06/23 10:17:24 - mmengine - INFO - Epoch(train) [18][4350/9162]  lr: 2.0000e-04  eta: 11:58:29  time: 0.7431  data_time: 0.1146  memory: 1708  loss: 3.7599  loss_cls: 2.5357  loss_bbox: 1.2242
2025/06/23 10:18:02 - mmengine - INFO - Epoch(train) [18][4400/9162]  lr: 2.0000e-04  eta: 11:57:54  time: 0.7517  data_time: 0.1274  memory: 1708  loss: 3.7591  loss_cls: 2.5405  loss_bbox: 1.2185
2025/06/23 10:18:39 - mmengine - INFO - Epoch(train) [18][4450/9162]  lr: 2.0000e-04  eta: 11:57:18  time: 0.7505  data_time: 0.1055  memory: 1708  loss: 3.7688  loss_cls: 2.5538  loss_bbox: 1.2149
2025/06/23 10:19:17 - mmengine - INFO - Epoch(train) [18][4500/9162]  lr: 2.0000e-04  eta: 11:56:43  time: 0.7595  data_time: 0.1243  memory: 1708  loss: 3.9352  loss_cls: 2.6150  loss_bbox: 1.3202
2025/06/23 10:19:55 - mmengine - INFO - Epoch(train) [18][4550/9162]  lr: 2.0000e-04  eta: 11:56:07  time: 0.7495  data_time: 0.1252  memory: 1708  loss: 3.8620  loss_cls: 2.5781  loss_bbox: 1.2839
2025/06/23 10:20:32 - mmengine - INFO - Epoch(train) [18][4600/9162]  lr: 2.0000e-04  eta: 11:55:32  time: 0.7507  data_time: 0.1341  memory: 1708  loss: 3.7561  loss_cls: 2.5022  loss_bbox: 1.2539
2025/06/23 10:21:10 - mmengine - INFO - Epoch(train) [18][4650/9162]  lr: 2.0000e-04  eta: 11:54:56  time: 0.7440  data_time: 0.1038  memory: 1708  loss: 3.7726  loss_cls: 2.5385  loss_bbox: 1.2340
2025/06/23 10:21:47 - mmengine - INFO - Epoch(train) [18][4700/9162]  lr: 2.0000e-04  eta: 11:54:21  time: 0.7485  data_time: 0.1069  memory: 1708  loss: 3.8820  loss_cls: 2.6292  loss_bbox: 1.2528
2025/06/23 10:22:25 - mmengine - INFO - Epoch(train) [18][4750/9162]  lr: 2.0000e-04  eta: 11:53:45  time: 0.7568  data_time: 0.1355  memory: 1708  loss: 3.8668  loss_cls: 2.5947  loss_bbox: 1.2721
2025/06/23 10:23:03 - mmengine - INFO - Epoch(train) [18][4800/9162]  lr: 2.0000e-04  eta: 11:53:10  time: 0.7504  data_time: 0.0989  memory: 1708  loss: 3.7987  loss_cls: 2.5668  loss_bbox: 1.2319
2025/06/23 10:23:40 - mmengine - INFO - Epoch(train) [18][4850/9162]  lr: 2.0000e-04  eta: 11:52:34  time: 0.7553  data_time: 0.1336  memory: 1708  loss: 3.7358  loss_cls: 2.5202  loss_bbox: 1.2156
2025/06/23 10:24:18 - mmengine - INFO - Epoch(train) [18][4900/9162]  lr: 2.0000e-04  eta: 11:51:59  time: 0.7490  data_time: 0.0997  memory: 1708  loss: 3.7534  loss_cls: 2.5448  loss_bbox: 1.2086
2025/06/23 10:24:55 - mmengine - INFO - Epoch(train) [18][4950/9162]  lr: 2.0000e-04  eta: 11:51:23  time: 0.7416  data_time: 0.1123  memory: 1708  loss: 3.7309  loss_cls: 2.5432  loss_bbox: 1.1877
2025/06/23 10:25:33 - mmengine - INFO - Epoch(train) [18][5000/9162]  lr: 2.0000e-04  eta: 11:50:48  time: 0.7583  data_time: 0.1413  memory: 1708  loss: 3.7454  loss_cls: 2.5513  loss_bbox: 1.1941
2025/06/23 10:26:10 - mmengine - INFO - Epoch(train) [18][5050/9162]  lr: 2.0000e-04  eta: 11:50:12  time: 0.7433  data_time: 0.1065  memory: 1708  loss: 3.7983  loss_cls: 2.5636  loss_bbox: 1.2348
2025/06/23 10:26:48 - mmengine - INFO - Epoch(train) [18][5100/9162]  lr: 2.0000e-04  eta: 11:49:37  time: 0.7565  data_time: 0.1317  memory: 1708  loss: 3.8328  loss_cls: 2.5502  loss_bbox: 1.2826
2025/06/23 10:27:26 - mmengine - INFO - Epoch(train) [18][5150/9162]  lr: 2.0000e-04  eta: 11:49:01  time: 0.7535  data_time: 0.1085  memory: 1708  loss: 3.7287  loss_cls: 2.5238  loss_bbox: 1.2049
2025/06/23 10:28:04 - mmengine - INFO - Epoch(train) [18][5200/9162]  lr: 2.0000e-04  eta: 11:48:26  time: 0.7507  data_time: 0.1161  memory: 1708  loss: 3.7532  loss_cls: 2.5518  loss_bbox: 1.2014
2025/06/23 10:28:39 - mmengine - INFO - Exp name: ssd300_coco_20250622_013555
2025/06/23 10:28:42 - mmengine - INFO - Epoch(train) [18][5250/9162]  lr: 2.0000e-04  eta: 11:47:50  time: 0.7604  data_time: 0.1372  memory: 1708  loss: 3.8261  loss_cls: 2.5479  loss_bbox: 1.2782
2025/06/23 10:29:19 - mmengine - INFO - Epoch(train) [18][5300/9162]  lr: 2.0000e-04  eta: 11:47:15  time: 0.7486  data_time: 0.1322  memory: 1708  loss: 3.7685  loss_cls: 2.5720  loss_bbox: 1.1965
2025/06/23 10:29:56 - mmengine - INFO - Epoch(train) [18][5350/9162]  lr: 2.0000e-04  eta: 11:46:39  time: 0.7404  data_time: 0.1074  memory: 1708  loss: 3.8674  loss_cls: 2.5899  loss_bbox: 1.2775
2025/06/23 10:30:34 - mmengine - INFO - Epoch(train) [18][5400/9162]  lr: 2.0000e-04  eta: 11:46:04  time: 0.7465  data_time: 0.1244  memory: 1708  loss: 3.6952  loss_cls: 2.4978  loss_bbox: 1.1974
2025/06/23 10:31:11 - mmengine - INFO - Epoch(train) [18][5450/9162]  lr: 2.0000e-04  eta: 11:45:28  time: 0.7455  data_time: 0.1020  memory: 1708  loss: 3.7807  loss_cls: 2.5340  loss_bbox: 1.2467
2025/06/23 10:31:48 - mmengine - INFO - Epoch(train) [18][5500/9162]  lr: 2.0000e-04  eta: 11:44:52  time: 0.7476  data_time: 0.0991  memory: 1708  loss: 3.7185  loss_cls: 2.5334  loss_bbox: 1.1851
2025/06/23 10:32:26 - mmengine - INFO - Epoch(train) [18][5550/9162]  lr: 2.0000e-04  eta: 11:44:17  time: 0.7563  data_time: 0.1093  memory: 1708  loss: 3.9439  loss_cls: 2.6479  loss_bbox: 1.2961
2025/06/23 10:33:04 - mmengine - INFO - Epoch(train) [18][5600/9162]  lr: 2.0000e-04  eta: 11:43:41  time: 0.7431  data_time: 0.0981  memory: 1708  loss: 3.7063  loss_cls: 2.5215  loss_bbox: 1.1848
2025/06/23 10:33:41 - mmengine - INFO - Epoch(train) [18][5650/9162]  lr: 2.0000e-04  eta: 11:43:06  time: 0.7427  data_time: 0.1199  memory: 1708  loss: 3.7390  loss_cls: 2.5242  loss_bbox: 1.2148
2025/06/23 10:34:18 - mmengine - INFO - Epoch(train) [18][5700/9162]  lr: 2.0000e-04  eta: 11:42:30  time: 0.7422  data_time: 0.1186  memory: 1708  loss: 3.8364  loss_cls: 2.6006  loss_bbox: 1.2358
2025/06/23 10:34:56 - mmengine - INFO - Epoch(train) [18][5750/9162]  lr: 2.0000e-04  eta: 11:41:54  time: 0.7536  data_time: 0.1218  memory: 1708  loss: 3.7488  loss_cls: 2.4931  loss_bbox: 1.2557
2025/06/23 10:35:33 - mmengine - INFO - Epoch(train) [18][5800/9162]  lr: 2.0000e-04  eta: 11:41:19  time: 0.7477  data_time: 0.1067  memory: 1708  loss: 3.7151  loss_cls: 2.5238  loss_bbox: 1.1914
2025/06/23 10:36:11 - mmengine - INFO - Epoch(train) [18][5850/9162]  lr: 2.0000e-04  eta: 11:40:43  time: 0.7511  data_time: 0.1314  memory: 1708  loss: 3.7409  loss_cls: 2.5286  loss_bbox: 1.2123
2025/06/23 10:36:49 - mmengine - INFO - Epoch(train) [18][5900/9162]  lr: 2.0000e-04  eta: 11:40:08  time: 0.7606  data_time: 0.1259  memory: 1708  loss: 3.7859  loss_cls: 2.5520  loss_bbox: 1.2339
2025/06/23 10:37:27 - mmengine - INFO - Epoch(train) [18][5950/9162]  lr: 2.0000e-04  eta: 11:39:32  time: 0.7577  data_time: 0.1273  memory: 1708  loss: 3.6466  loss_cls: 2.4819  loss_bbox: 1.1647
2025/06/23 10:38:04 - mmengine - INFO - Epoch(train) [18][6000/9162]  lr: 2.0000e-04  eta: 11:38:57  time: 0.7467  data_time: 0.1024  memory: 1708  loss: 3.9630  loss_cls: 2.6193  loss_bbox: 1.3437
2025/06/23 10:38:42 - mmengine - INFO - Epoch(train) [18][6050/9162]  lr: 2.0000e-04  eta: 11:38:21  time: 0.7484  data_time: 0.1295  memory: 1708  loss: 3.6691  loss_cls: 2.5046  loss_bbox: 1.1645
2025/06/23 10:39:20 - mmengine - INFO - Epoch(train) [18][6100/9162]  lr: 2.0000e-04  eta: 11:37:46  time: 0.7567  data_time: 0.1181  memory: 1708  loss: 3.8366  loss_cls: 2.5737  loss_bbox: 1.2629
2025/06/23 10:39:57 - mmengine - INFO - Epoch(train) [18][6150/9162]  lr: 2.0000e-04  eta: 11:37:10  time: 0.7531  data_time: 0.1023  memory: 1708  loss: 3.8111  loss_cls: 2.5715  loss_bbox: 1.2396
2025/06/23 10:40:35 - mmengine - INFO - Epoch(train) [18][6200/9162]  lr: 2.0000e-04  eta: 11:36:35  time: 0.7536  data_time: 0.1016  memory: 1708  loss: 3.7922  loss_cls: 2.5879  loss_bbox: 1.2043
2025/06/23 10:41:09 - mmengine - INFO - Exp name: ssd300_coco_20250622_013555
2025/06/23 10:41:12 - mmengine - INFO - Epoch(train) [18][6250/9162]  lr: 2.0000e-04  eta: 11:35:59  time: 0.7404  data_time: 0.1202  memory: 1708  loss: 3.8570  loss_cls: 2.6108  loss_bbox: 1.2462
2025/06/23 10:41:49 - mmengine - INFO - Epoch(train) [18][6300/9162]  lr: 2.0000e-04  eta: 11:35:23  time: 0.7444  data_time: 0.1068  memory: 1708  loss: 3.7877  loss_cls: 2.5290  loss_bbox: 1.2587
2025/06/23 10:42:27 - mmengine - INFO - Epoch(train) [18][6350/9162]  lr: 2.0000e-04  eta: 11:34:48  time: 0.7473  data_time: 0.1063  memory: 1708  loss: 3.7975  loss_cls: 2.5791  loss_bbox: 1.2184
2025/06/23 10:43:05 - mmengine - INFO - Epoch(train) [18][6400/9162]  lr: 2.0000e-04  eta: 11:34:12  time: 0.7571  data_time: 0.0881  memory: 1708  loss: 3.7637  loss_cls: 2.5287  loss_bbox: 1.2350
2025/06/23 10:43:43 - mmengine - INFO - Epoch(train) [18][6450/9162]  lr: 2.0000e-04  eta: 11:33:37  time: 0.7558  data_time: 0.0988  memory: 1708  loss: 3.7216  loss_cls: 2.5368  loss_bbox: 1.1848
2025/06/23 10:44:20 - mmengine - INFO - Epoch(train) [18][6500/9162]  lr: 2.0000e-04  eta: 11:33:01  time: 0.7530  data_time: 0.1317  memory: 1708  loss: 4.0459  loss_cls: 2.6803  loss_bbox: 1.3656
2025/06/23 10:44:57 - mmengine - INFO - Epoch(train) [18][6550/9162]  lr: 2.0000e-04  eta: 11:32:26  time: 0.7400  data_time: 0.0968  memory: 1708  loss: 3.7425  loss_cls: 2.5316  loss_bbox: 1.2109
2025/06/23 10:45:35 - mmengine - INFO - Epoch(train) [18][6600/9162]  lr: 2.0000e-04  eta: 11:31:50  time: 0.7427  data_time: 0.0996  memory: 1708  loss: 3.7600  loss_cls: 2.5233  loss_bbox: 1.2367
2025/06/23 10:46:12 - mmengine - INFO - Epoch(train) [18][6650/9162]  lr: 2.0000e-04  eta: 11:31:14  time: 0.7527  data_time: 0.1143  memory: 1708  loss: 3.9098  loss_cls: 2.5994  loss_bbox: 1.3103
2025/06/23 10:46:49 - mmengine - INFO - Epoch(train) [18][6700/9162]  lr: 2.0000e-04  eta: 11:30:39  time: 0.7408  data_time: 0.0956  memory: 1708  loss: 3.7407  loss_cls: 2.5081  loss_bbox: 1.2325
2025/06/23 10:47:27 - mmengine - INFO - Epoch(train) [18][6750/9162]  lr: 2.0000e-04  eta: 11:30:03  time: 0.7463  data_time: 0.1097  memory: 1708  loss: 3.7392  loss_cls: 2.5184  loss_bbox: 1.2208
2025/06/23 10:48:04 - mmengine - INFO - Epoch(train) [18][6800/9162]  lr: 2.0000e-04  eta: 11:29:27  time: 0.7416  data_time: 0.1294  memory: 1708  loss: 3.8036  loss_cls: 2.5694  loss_bbox: 1.2342
2025/06/23 10:48:41 - mmengine - INFO - Epoch(train) [18][6850/9162]  lr: 2.0000e-04  eta: 11:28:52  time: 0.7443  data_time: 0.1350  memory: 1708  loss: 3.8310  loss_cls: 2.5969  loss_bbox: 1.2341
2025/06/23 10:49:18 - mmengine - INFO - Epoch(train) [18][6900/9162]  lr: 2.0000e-04  eta: 11:28:16  time: 0.7386  data_time: 0.1244  memory: 1708  loss: 3.8315  loss_cls: 2.5786  loss_bbox: 1.2529
2025/06/23 10:49:55 - mmengine - INFO - Epoch(train) [18][6950/9162]  lr: 2.0000e-04  eta: 11:27:40  time: 0.7414  data_time: 0.1299  memory: 1708  loss: 3.7696  loss_cls: 2.5315  loss_bbox: 1.2381
2025/06/23 10:50:33 - mmengine - INFO - Epoch(train) [18][7000/9162]  lr: 2.0000e-04  eta: 11:27:05  time: 0.7480  data_time: 0.1155  memory: 1708  loss: 3.8336  loss_cls: 2.5632  loss_bbox: 1.2703
2025/06/23 10:51:10 - mmengine - INFO - Epoch(train) [18][7050/9162]  lr: 2.0000e-04  eta: 11:26:29  time: 0.7495  data_time: 0.1381  memory: 1708  loss: 3.7486  loss_cls: 2.5453  loss_bbox: 1.2033
2025/06/23 10:51:48 - mmengine - INFO - Epoch(train) [18][7100/9162]  lr: 2.0000e-04  eta: 11:25:53  time: 0.7401  data_time: 0.0982  memory: 1708  loss: 3.7284  loss_cls: 2.5343  loss_bbox: 1.1941
2025/06/23 10:52:25 - mmengine - INFO - Epoch(train) [18][7150/9162]  lr: 2.0000e-04  eta: 11:25:17  time: 0.7380  data_time: 0.1150  memory: 1708  loss: 3.7644  loss_cls: 2.5505  loss_bbox: 1.2139
2025/06/23 10:53:02 - mmengine - INFO - Epoch(train) [18][7200/9162]  lr: 2.0000e-04  eta: 11:24:42  time: 0.7489  data_time: 0.1137  memory: 1708  loss: 3.8279  loss_cls: 2.5840  loss_bbox: 1.2439
2025/06/23 10:53:36 - mmengine - INFO - Exp name: ssd300_coco_20250622_013555
2025/06/23 10:53:39 - mmengine - INFO - Epoch(train) [18][7250/9162]  lr: 2.0000e-04  eta: 11:24:06  time: 0.7360  data_time: 0.0800  memory: 1708  loss: 3.8521  loss_cls: 2.5714  loss_bbox: 1.2808
2025/06/23 10:54:16 - mmengine - INFO - Epoch(train) [18][7300/9162]  lr: 2.0000e-04  eta: 11:23:30  time: 0.7491  data_time: 0.1047  memory: 1708  loss: 3.9035  loss_cls: 2.5885  loss_bbox: 1.3151
2025/06/23 10:54:53 - mmengine - INFO - Epoch(train) [18][7350/9162]  lr: 2.0000e-04  eta: 11:22:55  time: 0.7401  data_time: 0.1186  memory: 1708  loss: 3.7752  loss_cls: 2.5332  loss_bbox: 1.2420
2025/06/23 10:55:31 - mmengine - INFO - Epoch(train) [18][7400/9162]  lr: 2.0000e-04  eta: 11:22:19  time: 0.7436  data_time: 0.1311  memory: 1708  loss: 3.8019  loss_cls: 2.5404  loss_bbox: 1.2616
2025/06/23 10:56:08 - mmengine - INFO - Epoch(train) [18][7450/9162]  lr: 2.0000e-04  eta: 11:21:43  time: 0.7437  data_time: 0.1282  memory: 1708  loss: 3.7998  loss_cls: 2.5503  loss_bbox: 1.2495
2025/06/23 10:56:46 - mmengine - INFO - Epoch(train) [18][7500/9162]  lr: 2.0000e-04  eta: 11:21:08  time: 0.7530  data_time: 0.1339  memory: 1708  loss: 3.7826  loss_cls: 2.5470  loss_bbox: 1.2356
2025/06/23 10:57:23 - mmengine - INFO - Epoch(train) [18][7550/9162]  lr: 2.0000e-04  eta: 11:20:32  time: 0.7392  data_time: 0.1218  memory: 1708  loss: 3.7490  loss_cls: 2.5279  loss_bbox: 1.2210
2025/06/23 10:58:00 - mmengine - INFO - Epoch(train) [18][7600/9162]  lr: 2.0000e-04  eta: 11:19:56  time: 0.7533  data_time: 0.1197  memory: 1708  loss: 3.8097  loss_cls: 2.5438  loss_bbox: 1.2659
2025/06/23 10:58:38 - mmengine - INFO - Epoch(train) [18][7650/9162]  lr: 2.0000e-04  eta: 11:19:21  time: 0.7397  data_time: 0.1029  memory: 1708  loss: 3.7499  loss_cls: 2.5404  loss_bbox: 1.2095
2025/06/23 10:59:15 - mmengine - INFO - Epoch(train) [18][7700/9162]  lr: 2.0000e-04  eta: 11:18:45  time: 0.7417  data_time: 0.1212  memory: 1708  loss: 3.8583  loss_cls: 2.5947  loss_bbox: 1.2636
2025/06/23 10:59:52 - mmengine - INFO - Epoch(train) [18][7750/9162]  lr: 2.0000e-04  eta: 11:18:09  time: 0.7427  data_time: 0.1379  memory: 1708  loss: 3.6507  loss_cls: 2.4842  loss_bbox: 1.1665
2025/06/23 11:00:29 - mmengine - INFO - Epoch(train) [18][7800/9162]  lr: 2.0000e-04  eta: 11:17:33  time: 0.7422  data_time: 0.1125  memory: 1708  loss: 3.7505  loss_cls: 2.5238  loss_bbox: 1.2267
2025/06/23 11:01:07 - mmengine - INFO - Epoch(train) [18][7850/9162]  lr: 2.0000e-04  eta: 11:16:58  time: 0.7509  data_time: 0.1330  memory: 1708  loss: 3.6975  loss_cls: 2.5008  loss_bbox: 1.1967
2025/06/23 11:01:43 - mmengine - INFO - Epoch(train) [18][7900/9162]  lr: 2.0000e-04  eta: 11:16:22  time: 0.7326  data_time: 0.0998  memory: 1708  loss: 3.6969  loss_cls: 2.5334  loss_bbox: 1.1636
2025/06/23 11:02:21 - mmengine - INFO - Epoch(train) [18][7950/9162]  lr: 2.0000e-04  eta: 11:15:46  time: 0.7418  data_time: 0.1302  memory: 1708  loss: 3.8513  loss_cls: 2.5965  loss_bbox: 1.2547
2025/06/23 11:02:58 - mmengine - INFO - Epoch(train) [18][8000/9162]  lr: 2.0000e-04  eta: 11:15:10  time: 0.7400  data_time: 0.1228  memory: 1708  loss: 3.8776  loss_cls: 2.6101  loss_bbox: 1.2676
2025/06/23 11:03:36 - mmengine - INFO - Epoch(train) [18][8050/9162]  lr: 2.0000e-04  eta: 11:14:35  time: 0.7710  data_time: 0.1075  memory: 1708  loss: 3.7090  loss_cls: 2.5271  loss_bbox: 1.1820
2025/06/23 11:04:15 - mmengine - INFO - Epoch(train) [18][8100/9162]  lr: 2.0000e-04  eta: 11:14:00  time: 0.7722  data_time: 0.1233  memory: 1708  loss: 3.8957  loss_cls: 2.6039  loss_bbox: 1.2919
2025/06/23 11:04:53 - mmengine - INFO - Epoch(train) [18][8150/9162]  lr: 2.0000e-04  eta: 11:13:25  time: 0.7698  data_time: 0.1266  memory: 1708  loss: 3.7749  loss_cls: 2.5504  loss_bbox: 1.2245
2025/06/23 11:05:32 - mmengine - INFO - Epoch(train) [18][8200/9162]  lr: 2.0000e-04  eta: 11:12:50  time: 0.7754  data_time: 0.1329  memory: 1708  loss: 3.7628  loss_cls: 2.5627  loss_bbox: 1.2002
2025/06/23 11:06:07 - mmengine - INFO - Exp name: ssd300_coco_20250622_013555
2025/06/23 11:06:10 - mmengine - INFO - Epoch(train) [18][8250/9162]  lr: 2.0000e-04  eta: 11:12:14  time: 0.7425  data_time: 0.1276  memory: 1708  loss: 3.8359  loss_cls: 2.5523  loss_bbox: 1.2836
2025/06/23 11:06:47 - mmengine - INFO - Epoch(train) [18][8300/9162]  lr: 2.0000e-04  eta: 11:11:38  time: 0.7392  data_time: 0.1335  memory: 1708  loss: 3.7566  loss_cls: 2.5325  loss_bbox: 1.2241
2025/06/23 11:07:24 - mmengine - INFO - Epoch(train) [18][8350/9162]  lr: 2.0000e-04  eta: 11:11:02  time: 0.7434  data_time: 0.1166  memory: 1708  loss: 3.8529  loss_cls: 2.5643  loss_bbox: 1.2885
2025/06/23 11:08:01 - mmengine - INFO - Epoch(train) [18][8400/9162]  lr: 2.0000e-04  eta: 11:10:27  time: 0.7374  data_time: 0.1110  memory: 1708  loss: 3.7299  loss_cls: 2.5138  loss_bbox: 1.2161
2025/06/23 11:08:38 - mmengine - INFO - Epoch(train) [18][8450/9162]  lr: 2.0000e-04  eta: 11:09:51  time: 0.7505  data_time: 0.1455  memory: 1708  loss: 3.8219  loss_cls: 2.5436  loss_bbox: 1.2782
2025/06/23 11:09:15 - mmengine - INFO - Epoch(train) [18][8500/9162]  lr: 2.0000e-04  eta: 11:09:15  time: 0.7398  data_time: 0.1330  memory: 1708  loss: 3.8094  loss_cls: 2.5590  loss_bbox: 1.2504
2025/06/23 11:09:53 - mmengine - INFO - Epoch(train) [18][8550/9162]  lr: 2.0000e-04  eta: 11:08:39  time: 0.7417  data_time: 0.1180  memory: 1708  loss: 3.8787  loss_cls: 2.6152  loss_bbox: 1.2635
2025/06/23 11:10:30 - mmengine - INFO - Epoch(train) [18][8600/9162]  lr: 2.0000e-04  eta: 11:08:04  time: 0.7555  data_time: 0.1293  memory: 1708  loss: 3.8346  loss_cls: 2.5890  loss_bbox: 1.2456
2025/06/23 11:11:08 - mmengine - INFO - Epoch(train) [18][8650/9162]  lr: 2.0000e-04  eta: 11:07:28  time: 0.7444  data_time: 0.1108  memory: 1708  loss: 3.8509  loss_cls: 2.5829  loss_bbox: 1.2680
2025/06/23 11:11:45 - mmengine - INFO - Epoch(train) [18][8700/9162]  lr: 2.0000e-04  eta: 11:06:52  time: 0.7386  data_time: 0.0923  memory: 1708  loss: 3.7943  loss_cls: 2.5694  loss_bbox: 1.2249
2025/06/23 11:12:22 - mmengine - INFO - Epoch(train) [18][8750/9162]  lr: 2.0000e-04  eta: 11:06:17  time: 0.7519  data_time: 0.1030  memory: 1708  loss: 3.7567  loss_cls: 2.5489  loss_bbox: 1.2077
2025/06/23 11:13:00 - mmengine - INFO - Epoch(train) [18][8800/9162]  lr: 2.0000e-04  eta: 11:05:41  time: 0.7531  data_time: 0.1080  memory: 1708  loss: 3.8254  loss_cls: 2.5304  loss_bbox: 1.2950
2025/06/23 11:13:38 - mmengine - INFO - Epoch(train) [18][8850/9162]  lr: 2.0000e-04  eta: 11:05:06  time: 0.7560  data_time: 0.1298  memory: 1708  loss: 3.7842  loss_cls: 2.5750  loss_bbox: 1.2092
2025/06/23 11:14:15 - mmengine - INFO - Epoch(train) [18][8900/9162]  lr: 2.0000e-04  eta: 11:04:30  time: 0.7479  data_time: 0.1182  memory: 1708  loss: 3.7275  loss_cls: 2.5378  loss_bbox: 1.1896
2025/06/23 11:14:52 - mmengine - INFO - Epoch(train) [18][8950/9162]  lr: 2.0000e-04  eta: 11:03:54  time: 0.7405  data_time: 0.1167  memory: 1708  loss: 3.8840  loss_cls: 2.6107  loss_bbox: 1.2734
2025/06/23 11:15:30 - mmengine - INFO - Epoch(train) [18][9000/9162]  lr: 2.0000e-04  eta: 11:03:19  time: 0.7578  data_time: 0.1254  memory: 1708  loss: 3.7571  loss_cls: 2.5117  loss_bbox: 1.2453
2025/06/23 11:16:07 - mmengine - INFO - Epoch(train) [18][9050/9162]  lr: 2.0000e-04  eta: 11:02:43  time: 0.7364  data_time: 0.1107  memory: 1708  loss: 3.7864  loss_cls: 2.5440  loss_bbox: 1.2424
2025/06/23 11:16:44 - mmengine - INFO - Epoch(train) [18][9100/9162]  lr: 2.0000e-04  eta: 11:02:07  time: 0.7372  data_time: 0.0904  memory: 1708  loss: 3.7355  loss_cls: 2.5272  loss_bbox: 1.2083
2025/06/23 11:17:21 - mmengine - INFO - Epoch(train) [18][9150/9162]  lr: 2.0000e-04  eta: 11:01:31  time: 0.7381  data_time: 0.0985  memory: 1708  loss: 3.8494  loss_cls: 2.5791  loss_bbox: 1.2702
2025/06/23 11:17:30 - mmengine - INFO - Exp name: ssd300_coco_20250622_013555
2025/06/23 11:17:30 - mmengine - INFO - Saving checkpoint at 18 epochs
2025/06/23 11:17:44 - mmengine - INFO - Epoch(val) [18][ 50/157]    eta: 0:00:25  time: 0.2427  data_time: 0.0402  memory: 1708  
2025/06/23 11:17:57 - mmengine - INFO - Epoch(val) [18][100/157]    eta: 0:00:14  time: 0.2572  data_time: 0.0537  memory: 851  
2025/06/23 11:18:09 - mmengine - INFO - Epoch(val) [18][150/157]    eta: 0:00:01  time: 0.2483  data_time: 0.0454  memory: 851  
2025/06/23 11:18:28 - mmengine - INFO - Evaluating bbox...
2025/06/23 11:19:24 - mmengine - INFO - bbox_mAP_copypaste: 0.248 0.428 0.254 0.065 0.266 0.413
2025/06/23 11:19:25 - mmengine - INFO - Epoch(val) [18][157/157]    coco/bbox_mAP: 0.2480  coco/bbox_mAP_50: 0.4280  coco/bbox_mAP_75: 0.2540  coco/bbox_mAP_s: 0.0650  coco/bbox_mAP_m: 0.2660  coco/bbox_mAP_l: 0.4130  data_time: 0.0450  time: 0.2459
2025/06/23 11:20:01 - mmengine - INFO - Epoch(train) [19][  50/9162]  lr: 2.0000e-04  eta: 11:00:46  time: 0.7242  data_time: 0.0877  memory: 1708  loss: 3.6812  loss_cls: 2.5246  loss_bbox: 1.1566
2025/06/23 11:20:26 - mmengine - INFO - Exp name: ssd300_coco_20250622_013555
2025/06/23 11:20:38 - mmengine - INFO - Epoch(train) [19][ 100/9162]  lr: 2.0000e-04  eta: 11:00:11  time: 0.7416  data_time: 0.1249  memory: 1708  loss: 3.7520  loss_cls: 2.5226  loss_bbox: 1.2294
2025/06/23 11:21:15 - mmengine - INFO - Epoch(train) [19][ 150/9162]  lr: 2.0000e-04  eta: 10:59:35  time: 0.7397  data_time: 0.1034  memory: 1708  loss: 3.8208  loss_cls: 2.5703  loss_bbox: 1.2505
2025/06/23 11:21:53 - mmengine - INFO - Epoch(train) [19][ 200/9162]  lr: 2.0000e-04  eta: 10:58:59  time: 0.7470  data_time: 0.1366  memory: 1708  loss: 3.7647  loss_cls: 2.5502  loss_bbox: 1.2146
2025/06/23 11:22:30 - mmengine - INFO - Epoch(train) [19][ 250/9162]  lr: 2.0000e-04  eta: 10:58:23  time: 0.7412  data_time: 0.1001  memory: 1708  loss: 3.8755  loss_cls: 2.5879  loss_bbox: 1.2876
2025/06/23 11:23:08 - mmengine - INFO - Epoch(train) [19][ 300/9162]  lr: 2.0000e-04  eta: 10:57:48  time: 0.7523  data_time: 0.1292  memory: 1708  loss: 3.8054  loss_cls: 2.5462  loss_bbox: 1.2593
2025/06/23 11:23:45 - mmengine - INFO - Epoch(train) [19][ 350/9162]  lr: 2.0000e-04  eta: 10:57:12  time: 0.7454  data_time: 0.1257  memory: 1708  loss: 3.7323  loss_cls: 2.5403  loss_bbox: 1.1919
2025/06/23 11:24:22 - mmengine - INFO - Epoch(train) [19][ 400/9162]  lr: 2.0000e-04  eta: 10:56:37  time: 0.7487  data_time: 0.1244  memory: 1708  loss: 3.8081  loss_cls: 2.5994  loss_bbox: 1.2088
2025/06/23 11:25:00 - mmengine - INFO - Epoch(train) [19][ 450/9162]  lr: 2.0000e-04  eta: 10:56:01  time: 0.7421  data_time: 0.1273  memory: 1708  loss: 3.7622  loss_cls: 2.5116  loss_bbox: 1.2506
2025/06/23 11:25:37 - mmengine - INFO - Epoch(train) [19][ 500/9162]  lr: 2.0000e-04  eta: 10:55:25  time: 0.7417  data_time: 0.1328  memory: 1708  loss: 3.8238  loss_cls: 2.5885  loss_bbox: 1.2354
2025/06/23 11:26:14 - mmengine - INFO - Epoch(train) [19][ 550/9162]  lr: 2.0000e-04  eta: 10:54:49  time: 0.7434  data_time: 0.1314  memory: 1708  loss: 3.8644  loss_cls: 2.6072  loss_bbox: 1.2572
2025/06/23 11:26:52 - mmengine - INFO - Epoch(train) [19][ 600/9162]  lr: 2.0000e-04  eta: 10:54:14  time: 0.7518  data_time: 0.1244  memory: 1708  loss: 3.7829  loss_cls: 2.5452  loss_bbox: 1.2377
2025/06/23 11:27:30 - mmengine - INFO - Epoch(train) [19][ 650/9162]  lr: 2.0000e-04  eta: 10:53:38  time: 0.7560  data_time: 0.1052  memory: 1708  loss: 3.7303  loss_cls: 2.4895  loss_bbox: 1.2408
2025/06/23 11:28:07 - mmengine - INFO - Epoch(train) [19][ 700/9162]  lr: 2.0000e-04  eta: 10:53:02  time: 0.7521  data_time: 0.1436  memory: 1708  loss: 3.7619  loss_cls: 2.5793  loss_bbox: 1.1826
2025/06/23 11:28:45 - mmengine - INFO - Epoch(train) [19][ 750/9162]  lr: 2.0000e-04  eta: 10:52:27  time: 0.7498  data_time: 0.1360  memory: 1708  loss: 3.8427  loss_cls: 2.5953  loss_bbox: 1.2474
2025/06/23 11:29:22 - mmengine - INFO - Epoch(train) [19][ 800/9162]  lr: 2.0000e-04  eta: 10:51:51  time: 0.7458  data_time: 0.1051  memory: 1708  loss: 3.6731  loss_cls: 2.4895  loss_bbox: 1.1837
2025/06/23 11:30:00 - mmengine - INFO - Epoch(train) [19][ 850/9162]  lr: 2.0000e-04  eta: 10:51:16  time: 0.7605  data_time: 0.1272  memory: 1708  loss: 3.7150  loss_cls: 2.5179  loss_bbox: 1.1971
2025/06/23 11:30:38 - mmengine - INFO - Epoch(train) [19][ 900/9162]  lr: 2.0000e-04  eta: 10:50:40  time: 0.7615  data_time: 0.1447  memory: 1708  loss: 3.8025  loss_cls: 2.5541  loss_bbox: 1.2483
2025/06/23 11:31:16 - mmengine - INFO - Epoch(train) [19][ 950/9162]  lr: 2.0000e-04  eta: 10:50:05  time: 0.7532  data_time: 0.1380  memory: 1708  loss: 3.8057  loss_cls: 2.5523  loss_bbox: 1.2534
2025/06/23 11:31:53 - mmengine - INFO - Epoch(train) [19][1000/9162]  lr: 2.0000e-04  eta: 10:49:29  time: 0.7388  data_time: 0.1107  memory: 1708  loss: 3.7859  loss_cls: 2.5178  loss_bbox: 1.2682
2025/06/23 11:32:31 - mmengine - INFO - Epoch(train) [19][1050/9162]  lr: 2.0000e-04  eta: 10:48:53  time: 0.7493  data_time: 0.1268  memory: 1708  loss: 3.7325  loss_cls: 2.4828  loss_bbox: 1.2498
2025/06/23 11:32:56 - mmengine - INFO - Exp name: ssd300_coco_20250622_013555
2025/06/23 11:33:08 - mmengine - INFO - Epoch(train) [19][1100/9162]  lr: 2.0000e-04  eta: 10:48:17  time: 0.7468  data_time: 0.1227  memory: 1708  loss: 3.8496  loss_cls: 2.5896  loss_bbox: 1.2599
2025/06/23 11:33:45 - mmengine - INFO - Epoch(train) [19][1150/9162]  lr: 2.0000e-04  eta: 10:47:42  time: 0.7412  data_time: 0.1157  memory: 1708  loss: 3.7998  loss_cls: 2.5579  loss_bbox: 1.2418
2025/06/23 11:34:23 - mmengine - INFO - Epoch(train) [19][1200/9162]  lr: 2.0000e-04  eta: 10:47:06  time: 0.7461  data_time: 0.1061  memory: 1708  loss: 3.8691  loss_cls: 2.5867  loss_bbox: 1.2824
2025/06/23 11:35:00 - mmengine - INFO - Epoch(train) [19][1250/9162]  lr: 2.0000e-04  eta: 10:46:30  time: 0.7465  data_time: 0.1258  memory: 1708  loss: 3.8913  loss_cls: 2.6222  loss_bbox: 1.2691
2025/06/23 11:35:37 - mmengine - INFO - Epoch(train) [19][1300/9162]  lr: 2.0000e-04  eta: 10:45:54  time: 0.7344  data_time: 0.1001  memory: 1708  loss: 3.7369  loss_cls: 2.5392  loss_bbox: 1.1977
2025/06/23 11:36:14 - mmengine - INFO - Epoch(train) [19][1350/9162]  lr: 2.0000e-04  eta: 10:45:18  time: 0.7387  data_time: 0.0856  memory: 1708  loss: 3.8956  loss_cls: 2.6079  loss_bbox: 1.2877
2025/06/23 11:36:51 - mmengine - INFO - Epoch(train) [19][1400/9162]  lr: 2.0000e-04  eta: 10:44:43  time: 0.7513  data_time: 0.1157  memory: 1708  loss: 3.7631  loss_cls: 2.5405  loss_bbox: 1.2226
2025/06/23 11:37:29 - mmengine - INFO - Epoch(train) [19][1450/9162]  lr: 2.0000e-04  eta: 10:44:07  time: 0.7524  data_time: 0.1089  memory: 1708  loss: 3.8353  loss_cls: 2.6214  loss_bbox: 1.2139
2025/06/23 11:38:06 - mmengine - INFO - Epoch(train) [19][1500/9162]  lr: 2.0000e-04  eta: 10:43:31  time: 0.7402  data_time: 0.0864  memory: 1708  loss: 3.7913  loss_cls: 2.5474  loss_bbox: 1.2439
2025/06/23 11:38:43 - mmengine - INFO - Epoch(train) [19][1550/9162]  lr: 2.0000e-04  eta: 10:42:56  time: 0.7383  data_time: 0.0994  memory: 1708  loss: 3.7634  loss_cls: 2.5208  loss_bbox: 1.2426
2025/06/23 11:39:20 - mmengine - INFO - Epoch(train) [19][1600/9162]  lr: 2.0000e-04  eta: 10:42:20  time: 0.7413  data_time: 0.0963  memory: 1708  loss: 3.8946  loss_cls: 2.5934  loss_bbox: 1.3012
2025/06/23 11:39:58 - mmengine - INFO - Epoch(train) [19][1650/9162]  lr: 2.0000e-04  eta: 10:41:44  time: 0.7432  data_time: 0.1318  memory: 1708  loss: 3.8280  loss_cls: 2.5809  loss_bbox: 1.2471
2025/06/23 11:40:35 - mmengine - INFO - Epoch(train) [19][1700/9162]  lr: 2.0000e-04  eta: 10:41:08  time: 0.7430  data_time: 0.1109  memory: 1708  loss: 3.8103  loss_cls: 2.5642  loss_bbox: 1.2461
2025/06/23 11:41:12 - mmengine - INFO - Epoch(train) [19][1750/9162]  lr: 2.0000e-04  eta: 10:40:32  time: 0.7421  data_time: 0.1221  memory: 1708  loss: 3.7949  loss_cls: 2.5578  loss_bbox: 1.2371
2025/06/23 11:41:49 - mmengine - INFO - Epoch(train) [19][1800/9162]  lr: 2.0000e-04  eta: 10:39:57  time: 0.7431  data_time: 0.1186  memory: 1708  loss: 3.7490  loss_cls: 2.5473  loss_bbox: 1.2017
2025/06/23 11:42:26 - mmengine - INFO - Epoch(train) [19][1850/9162]  lr: 2.0000e-04  eta: 10:39:21  time: 0.7369  data_time: 0.1012  memory: 1708  loss: 3.8502  loss_cls: 2.5750  loss_bbox: 1.2752
2025/06/23 11:43:03 - mmengine - INFO - Epoch(train) [19][1900/9162]  lr: 2.0000e-04  eta: 10:38:45  time: 0.7306  data_time: 0.0954  memory: 1708  loss: 3.7115  loss_cls: 2.5237  loss_bbox: 1.1878
2025/06/23 11:43:40 - mmengine - INFO - Epoch(train) [19][1950/9162]  lr: 2.0000e-04  eta: 10:38:09  time: 0.7490  data_time: 0.1266  memory: 1708  loss: 3.8315  loss_cls: 2.5780  loss_bbox: 1.2535
2025/06/23 11:44:18 - mmengine - INFO - Epoch(train) [19][2000/9162]  lr: 2.0000e-04  eta: 10:37:34  time: 0.7581  data_time: 0.1014  memory: 1708  loss: 3.7287  loss_cls: 2.5277  loss_bbox: 1.2010
2025/06/23 11:44:55 - mmengine - INFO - Epoch(train) [19][2050/9162]  lr: 2.0000e-04  eta: 10:36:58  time: 0.7431  data_time: 0.1404  memory: 1708  loss: 3.8338  loss_cls: 2.5434  loss_bbox: 1.2904
2025/06/23 11:45:21 - mmengine - INFO - Exp name: ssd300_coco_20250622_013555
2025/06/23 11:45:33 - mmengine - INFO - Epoch(train) [19][2100/9162]  lr: 2.0000e-04  eta: 10:36:22  time: 0.7419  data_time: 0.1255  memory: 1708  loss: 3.7754  loss_cls: 2.5289  loss_bbox: 1.2465
2025/06/23 11:46:10 - mmengine - INFO - Epoch(train) [19][2150/9162]  lr: 2.0000e-04  eta: 10:35:46  time: 0.7401  data_time: 0.1025  memory: 1708  loss: 3.8324  loss_cls: 2.5767  loss_bbox: 1.2557
2025/06/23 11:46:47 - mmengine - INFO - Epoch(train) [19][2200/9162]  lr: 2.0000e-04  eta: 10:35:10  time: 0.7372  data_time: 0.1073  memory: 1708  loss: 3.7921  loss_cls: 2.5612  loss_bbox: 1.2309
2025/06/23 11:47:24 - mmengine - INFO - Epoch(train) [19][2250/9162]  lr: 2.0000e-04  eta: 10:34:35  time: 0.7429  data_time: 0.1163  memory: 1708  loss: 3.8017  loss_cls: 2.5711  loss_bbox: 1.2306
2025/06/23 11:48:01 - mmengine - INFO - Epoch(train) [19][2300/9162]  lr: 2.0000e-04  eta: 10:33:59  time: 0.7415  data_time: 0.1337  memory: 1708  loss: 3.7384  loss_cls: 2.5476  loss_bbox: 1.1908
2025/06/23 11:48:39 - mmengine - INFO - Epoch(train) [19][2350/9162]  lr: 2.0000e-04  eta: 10:33:23  time: 0.7510  data_time: 0.1390  memory: 1708  loss: 3.7943  loss_cls: 2.5624  loss_bbox: 1.2319
2025/06/23 11:49:16 - mmengine - INFO - Epoch(train) [19][2400/9162]  lr: 2.0000e-04  eta: 10:32:47  time: 0.7442  data_time: 0.0967  memory: 1708  loss: 3.8382  loss_cls: 2.5804  loss_bbox: 1.2577
2025/06/23 11:49:52 - mmengine - INFO - Epoch(train) [19][2450/9162]  lr: 2.0000e-04  eta: 10:32:11  time: 0.7319  data_time: 0.1017  memory: 1708  loss: 3.8292  loss_cls: 2.5578  loss_bbox: 1.2714
2025/06/23 11:50:30 - mmengine - INFO - Epoch(train) [19][2500/9162]  lr: 2.0000e-04  eta: 10:31:36  time: 0.7418  data_time: 0.0910  memory: 1708  loss: 3.8008  loss_cls: 2.5886  loss_bbox: 1.2122
2025/06/23 11:51:07 - mmengine - INFO - Epoch(train) [19][2550/9162]  lr: 2.0000e-04  eta: 10:31:00  time: 0.7461  data_time: 0.1124  memory: 1708  loss: 3.7854  loss_cls: 2.5553  loss_bbox: 1.2302
2025/06/23 11:51:44 - mmengine - INFO - Epoch(train) [19][2600/9162]  lr: 2.0000e-04  eta: 10:30:24  time: 0.7423  data_time: 0.1274  memory: 1708  loss: 3.8133  loss_cls: 2.5770  loss_bbox: 1.2363
2025/06/23 11:52:21 - mmengine - INFO - Epoch(train) [19][2650/9162]  lr: 2.0000e-04  eta: 10:29:48  time: 0.7441  data_time: 0.0947  memory: 1708  loss: 3.8249  loss_cls: 2.5779  loss_bbox: 1.2470
2025/06/23 11:52:58 - mmengine - INFO - Epoch(train) [19][2700/9162]  lr: 2.0000e-04  eta: 10:29:12  time: 0.7359  data_time: 0.0968  memory: 1708  loss: 3.8174  loss_cls: 2.5797  loss_bbox: 1.2377
2025/06/23 11:53:36 - mmengine - INFO - Epoch(train) [19][2750/9162]  lr: 2.0000e-04  eta: 10:28:37  time: 0.7446  data_time: 0.1293  memory: 1708  loss: 3.8296  loss_cls: 2.5877  loss_bbox: 1.2419
2025/06/23 11:54:13 - mmengine - INFO - Epoch(train) [19][2800/9162]  lr: 2.0000e-04  eta: 10:28:01  time: 0.7428  data_time: 0.1018  memory: 1708  loss: 3.7790  loss_cls: 2.5418  loss_bbox: 1.2372
2025/06/23 11:54:50 - mmengine - INFO - Epoch(train) [19][2850/9162]  lr: 2.0000e-04  eta: 10:27:25  time: 0.7398  data_time: 0.1142  memory: 1708  loss: 3.8231  loss_cls: 2.5795  loss_bbox: 1.2435
2025/06/23 11:55:28 - mmengine - INFO - Epoch(train) [19][2900/9162]  lr: 2.0000e-04  eta: 10:26:49  time: 0.7525  data_time: 0.1130  memory: 1708  loss: 3.7192  loss_cls: 2.5087  loss_bbox: 1.2105
2025/06/23 11:56:05 - mmengine - INFO - Epoch(train) [19][2950/9162]  lr: 2.0000e-04  eta: 10:26:14  time: 0.7453  data_time: 0.1078  memory: 1708  loss: 3.7404  loss_cls: 2.5016  loss_bbox: 1.2388
2025/06/23 11:56:42 - mmengine - INFO - Epoch(train) [19][3000/9162]  lr: 2.0000e-04  eta: 10:25:38  time: 0.7455  data_time: 0.1251  memory: 1708  loss: 3.7253  loss_cls: 2.5208  loss_bbox: 1.2045
2025/06/23 11:57:20 - mmengine - INFO - Epoch(train) [19][3050/9162]  lr: 2.0000e-04  eta: 10:25:02  time: 0.7509  data_time: 0.1229  memory: 1708  loss: 3.8280  loss_cls: 2.5691  loss_bbox: 1.2589
2025/06/23 11:57:45 - mmengine - INFO - Exp name: ssd300_coco_20250622_013555
2025/06/23 11:57:57 - mmengine - INFO - Epoch(train) [19][3100/9162]  lr: 2.0000e-04  eta: 10:24:26  time: 0.7467  data_time: 0.1366  memory: 1708  loss: 3.7620  loss_cls: 2.5510  loss_bbox: 1.2110
2025/06/23 11:58:35 - mmengine - INFO - Epoch(train) [19][3150/9162]  lr: 2.0000e-04  eta: 10:23:51  time: 0.7604  data_time: 0.1524  memory: 1708  loss: 3.8510  loss_cls: 2.5733  loss_bbox: 1.2778
2025/06/23 11:59:13 - mmengine - INFO - Epoch(train) [19][3200/9162]  lr: 2.0000e-04  eta: 10:23:15  time: 0.7511  data_time: 0.1255  memory: 1708  loss: 3.7652  loss_cls: 2.5568  loss_bbox: 1.2084
2025/06/23 11:59:50 - mmengine - INFO - Epoch(train) [19][3250/9162]  lr: 2.0000e-04  eta: 10:22:39  time: 0.7415  data_time: 0.1353  memory: 1708  loss: 3.7602  loss_cls: 2.5324  loss_bbox: 1.2278
2025/06/23 12:00:27 - mmengine - INFO - Epoch(train) [19][3300/9162]  lr: 2.0000e-04  eta: 10:22:04  time: 0.7429  data_time: 0.1162  memory: 1708  loss: 3.7464  loss_cls: 2.5224  loss_bbox: 1.2240
2025/06/23 12:01:05 - mmengine - INFO - Epoch(train) [19][3350/9162]  lr: 2.0000e-04  eta: 10:21:28  time: 0.7411  data_time: 0.1242  memory: 1708  loss: 3.7977  loss_cls: 2.5834  loss_bbox: 1.2143
2025/06/23 12:01:42 - mmengine - INFO - Epoch(train) [19][3400/9162]  lr: 2.0000e-04  eta: 10:20:52  time: 0.7485  data_time: 0.1314  memory: 1708  loss: 3.8272  loss_cls: 2.5898  loss_bbox: 1.2374
2025/06/23 12:02:19 - mmengine - INFO - Epoch(train) [19][3450/9162]  lr: 2.0000e-04  eta: 10:20:16  time: 0.7367  data_time: 0.1400  memory: 1708  loss: 3.7663  loss_cls: 2.5333  loss_bbox: 1.2330
2025/06/23 12:02:56 - mmengine - INFO - Epoch(train) [19][3500/9162]  lr: 2.0000e-04  eta: 10:19:40  time: 0.7331  data_time: 0.1075  memory: 1708  loss: 3.7973  loss_cls: 2.5795  loss_bbox: 1.2178
2025/06/23 12:03:33 - mmengine - INFO - Epoch(train) [19][3550/9162]  lr: 2.0000e-04  eta: 10:19:04  time: 0.7453  data_time: 0.1207  memory: 1708  loss: 3.7984  loss_cls: 2.5584  loss_bbox: 1.2400
2025/06/23 12:04:11 - mmengine - INFO - Epoch(train) [19][3600/9162]  lr: 2.0000e-04  eta: 10:18:29  time: 0.7504  data_time: 0.1421  memory: 1708  loss: 3.6898  loss_cls: 2.5094  loss_bbox: 1.1805
2025/06/23 12:04:48 - mmengine - INFO - Epoch(train) [19][3650/9162]  lr: 2.0000e-04  eta: 10:17:53  time: 0.7434  data_time: 0.1298  memory: 1708  loss: 3.8107  loss_cls: 2.5553  loss_bbox: 1.2554
2025/06/23 12:05:26 - mmengine - INFO - Epoch(train) [19][3700/9162]  lr: 2.0000e-04  eta: 10:17:17  time: 0.7565  data_time: 0.1351  memory: 1708  loss: 3.7680  loss_cls: 2.5325  loss_bbox: 1.2355
2025/06/23 12:06:05 - mmengine - INFO - Epoch(train) [19][3750/9162]  lr: 2.0000e-04  eta: 10:16:42  time: 0.7758  data_time: 0.1600  memory: 1708  loss: 3.8856  loss_cls: 2.5816  loss_bbox: 1.3040
2025/06/23 12:06:42 - mmengine - INFO - Epoch(train) [19][3800/9162]  lr: 2.0000e-04  eta: 10:16:06  time: 0.7531  data_time: 0.1265  memory: 1708  loss: 3.7505  loss_cls: 2.5269  loss_bbox: 1.2236
2025/06/23 12:07:20 - mmengine - INFO - Epoch(train) [19][3850/9162]  lr: 2.0000e-04  eta: 10:15:31  time: 0.7439  data_time: 0.1184  memory: 1708  loss: 3.8205  loss_cls: 2.5571  loss_bbox: 1.2634
2025/06/23 12:07:56 - mmengine - INFO - Epoch(train) [19][3900/9162]  lr: 2.0000e-04  eta: 10:14:55  time: 0.7372  data_time: 0.1106  memory: 1708  loss: 3.7690  loss_cls: 2.5313  loss_bbox: 1.2376
2025/06/23 12:08:34 - mmengine - INFO - Epoch(train) [19][3950/9162]  lr: 2.0000e-04  eta: 10:14:19  time: 0.7408  data_time: 0.1137  memory: 1708  loss: 3.7504  loss_cls: 2.5221  loss_bbox: 1.2283
2025/06/23 12:09:11 - mmengine - INFO - Epoch(train) [19][4000/9162]  lr: 2.0000e-04  eta: 10:13:43  time: 0.7370  data_time: 0.1243  memory: 1708  loss: 3.7063  loss_cls: 2.5192  loss_bbox: 1.1871
2025/06/23 12:09:47 - mmengine - INFO - Epoch(train) [19][4050/9162]  lr: 2.0000e-04  eta: 10:13:07  time: 0.7364  data_time: 0.0889  memory: 1708  loss: 3.8567  loss_cls: 2.6158  loss_bbox: 1.2409
2025/06/23 12:10:12 - mmengine - INFO - Exp name: ssd300_coco_20250622_013555
2025/06/23 12:10:24 - mmengine - INFO - Epoch(train) [19][4100/9162]  lr: 2.0000e-04  eta: 10:12:31  time: 0.7358  data_time: 0.1229  memory: 1708  loss: 3.7131  loss_cls: 2.5497  loss_bbox: 1.1633
2025/06/23 12:11:02 - mmengine - INFO - Epoch(train) [19][4150/9162]  lr: 2.0000e-04  eta: 10:11:55  time: 0.7477  data_time: 0.1195  memory: 1708  loss: 3.7333  loss_cls: 2.5456  loss_bbox: 1.1877
2025/06/23 12:11:39 - mmengine - INFO - Epoch(train) [19][4200/9162]  lr: 2.0000e-04  eta: 10:11:20  time: 0.7473  data_time: 0.1210  memory: 1708  loss: 3.7222  loss_cls: 2.5282  loss_bbox: 1.1940
2025/06/23 12:12:17 - mmengine - INFO - Epoch(train) [19][4250/9162]  lr: 2.0000e-04  eta: 10:10:44  time: 0.7452  data_time: 0.1087  memory: 1708  loss: 3.7971  loss_cls: 2.5446  loss_bbox: 1.2526
2025/06/23 12:12:54 - mmengine - INFO - Epoch(train) [19][4300/9162]  lr: 2.0000e-04  eta: 10:10:08  time: 0.7521  data_time: 0.1115  memory: 1708  loss: 3.7726  loss_cls: 2.5366  loss_bbox: 1.2361
2025/06/23 12:13:32 - mmengine - INFO - Epoch(train) [19][4350/9162]  lr: 2.0000e-04  eta: 10:09:32  time: 0.7507  data_time: 0.1288  memory: 1708  loss: 3.7776  loss_cls: 2.5261  loss_bbox: 1.2515
2025/06/23 12:14:09 - mmengine - INFO - Epoch(train) [19][4400/9162]  lr: 2.0000e-04  eta: 10:08:57  time: 0.7445  data_time: 0.1024  memory: 1708  loss: 3.8211  loss_cls: 2.5508  loss_bbox: 1.2703
2025/06/23 12:14:46 - mmengine - INFO - Epoch(train) [19][4450/9162]  lr: 2.0000e-04  eta: 10:08:21  time: 0.7424  data_time: 0.1258  memory: 1708  loss: 3.8049  loss_cls: 2.5425  loss_bbox: 1.2624
2025/06/23 12:15:23 - mmengine - INFO - Epoch(train) [19][4500/9162]  lr: 2.0000e-04  eta: 10:07:45  time: 0.7426  data_time: 0.0873  memory: 1708  loss: 3.7613  loss_cls: 2.5190  loss_bbox: 1.2423
2025/06/23 12:16:01 - mmengine - INFO - Epoch(train) [19][4550/9162]  lr: 2.0000e-04  eta: 10:07:09  time: 0.7394  data_time: 0.0950  memory: 1708  loss: 3.8652  loss_cls: 2.5901  loss_bbox: 1.2751
2025/06/23 12:16:38 - mmengine - INFO - Epoch(train) [19][4600/9162]  lr: 2.0000e-04  eta: 10:06:33  time: 0.7400  data_time: 0.1143  memory: 1708  loss: 3.6683  loss_cls: 2.5167  loss_bbox: 1.1516
2025/06/23 12:17:15 - mmengine - INFO - Epoch(train) [19][4650/9162]  lr: 2.0000e-04  eta: 10:05:58  time: 0.7519  data_time: 0.1285  memory: 1708  loss: 3.7795  loss_cls: 2.5254  loss_bbox: 1.2541
2025/06/23 12:17:53 - mmengine - INFO - Epoch(train) [19][4700/9162]  lr: 2.0000e-04  eta: 10:05:22  time: 0.7476  data_time: 0.1277  memory: 1708  loss: 3.7707  loss_cls: 2.5591  loss_bbox: 1.2116
2025/06/23 12:18:30 - mmengine - INFO - Epoch(train) [19][4750/9162]  lr: 2.0000e-04  eta: 10:04:46  time: 0.7403  data_time: 0.1217  memory: 1708  loss: 3.6734  loss_cls: 2.4545  loss_bbox: 1.2188
2025/06/23 12:19:07 - mmengine - INFO - Epoch(train) [19][4800/9162]  lr: 2.0000e-04  eta: 10:04:10  time: 0.7352  data_time: 0.1190  memory: 1708  loss: 3.7196  loss_cls: 2.5302  loss_bbox: 1.1895
2025/06/23 12:19:44 - mmengine - INFO - Epoch(train) [19][4850/9162]  lr: 2.0000e-04  eta: 10:03:34  time: 0.7476  data_time: 0.1128  memory: 1708  loss: 3.8162  loss_cls: 2.5598  loss_bbox: 1.2563
2025/06/23 12:20:22 - mmengine - INFO - Epoch(train) [19][4900/9162]  lr: 2.0000e-04  eta: 10:02:59  time: 0.7527  data_time: 0.1324  memory: 1708  loss: 3.8040  loss_cls: 2.5575  loss_bbox: 1.2466
2025/06/23 12:20:59 - mmengine - INFO - Epoch(train) [19][4950/9162]  lr: 2.0000e-04  eta: 10:02:23  time: 0.7441  data_time: 0.1126  memory: 1708  loss: 3.8023  loss_cls: 2.5432  loss_bbox: 1.2591
2025/06/23 12:21:37 - mmengine - INFO - Epoch(train) [19][5000/9162]  lr: 2.0000e-04  eta: 10:01:47  time: 0.7549  data_time: 0.1246  memory: 1708  loss: 3.7444  loss_cls: 2.5494  loss_bbox: 1.1950
2025/06/23 12:22:15 - mmengine - INFO - Epoch(train) [19][5050/9162]  lr: 2.0000e-04  eta: 10:01:12  time: 0.7617  data_time: 0.1335  memory: 1708  loss: 3.7296  loss_cls: 2.5161  loss_bbox: 1.2135
2025/06/23 12:22:40 - mmengine - INFO - Exp name: ssd300_coco_20250622_013555
2025/06/23 12:22:52 - mmengine - INFO - Epoch(train) [19][5100/9162]  lr: 2.0000e-04  eta: 10:00:36  time: 0.7464  data_time: 0.1188  memory: 1708  loss: 3.7731  loss_cls: 2.5370  loss_bbox: 1.2361
2025/06/23 12:23:30 - mmengine - INFO - Epoch(train) [19][5150/9162]  lr: 2.0000e-04  eta: 10:00:00  time: 0.7472  data_time: 0.1252  memory: 1708  loss: 3.7564  loss_cls: 2.5385  loss_bbox: 1.2179
2025/06/23 12:24:08 - mmengine - INFO - Epoch(train) [19][5200/9162]  lr: 2.0000e-04  eta: 9:59:24  time: 0.7557  data_time: 0.1033  memory: 1708  loss: 3.8149  loss_cls: 2.5413  loss_bbox: 1.2737
2025/06/23 12:24:45 - mmengine - INFO - Epoch(train) [19][5250/9162]  lr: 2.0000e-04  eta: 9:58:49  time: 0.7498  data_time: 0.1057  memory: 1708  loss: 3.7084  loss_cls: 2.5104  loss_bbox: 1.1980
2025/06/23 12:25:23 - mmengine - INFO - Epoch(train) [19][5300/9162]  lr: 2.0000e-04  eta: 9:58:13  time: 0.7481  data_time: 0.1081  memory: 1708  loss: 3.7016  loss_cls: 2.5163  loss_bbox: 1.1853
2025/06/23 12:26:01 - mmengine - INFO - Epoch(train) [19][5350/9162]  lr: 2.0000e-04  eta: 9:57:37  time: 0.7551  data_time: 0.1192  memory: 1708  loss: 3.8964  loss_cls: 2.5959  loss_bbox: 1.3005
2025/06/23 12:26:38 - mmengine - INFO - Epoch(train) [19][5400/9162]  lr: 2.0000e-04  eta: 9:57:02  time: 0.7493  data_time: 0.1034  memory: 1708  loss: 3.9522  loss_cls: 2.6289  loss_bbox: 1.3233
2025/06/23 12:27:14 - mmengine - INFO - Epoch(train) [19][5450/9162]  lr: 2.0000e-04  eta: 9:56:25  time: 0.7250  data_time: 0.0749  memory: 1708  loss: 3.7711  loss_cls: 2.5299  loss_bbox: 1.2412
2025/06/23 12:27:52 - mmengine - INFO - Epoch(train) [19][5500/9162]  lr: 2.0000e-04  eta: 9:55:50  time: 0.7568  data_time: 0.1123  memory: 1708  loss: 3.8498  loss_cls: 2.6095  loss_bbox: 1.2403
2025/06/23 12:28:30 - mmengine - INFO - Epoch(train) [19][5550/9162]  lr: 2.0000e-04  eta: 9:55:14  time: 0.7477  data_time: 0.1326  memory: 1708  loss: 3.7544  loss_cls: 2.5299  loss_bbox: 1.2246
2025/06/23 12:29:08 - mmengine - INFO - Epoch(train) [19][5600/9162]  lr: 2.0000e-04  eta: 9:54:38  time: 0.7576  data_time: 0.1222  memory: 1708  loss: 3.8611  loss_cls: 2.6043  loss_bbox: 1.2569
2025/06/23 12:29:45 - mmengine - INFO - Epoch(train) [19][5650/9162]  lr: 2.0000e-04  eta: 9:54:03  time: 0.7450  data_time: 0.1087  memory: 1708  loss: 3.8199  loss_cls: 2.5533  loss_bbox: 1.2666
2025/06/23 12:30:23 - mmengine - INFO - Epoch(train) [19][5700/9162]  lr: 2.0000e-04  eta: 9:53:27  time: 0.7516  data_time: 0.1256  memory: 1708  loss: 3.8524  loss_cls: 2.5936  loss_bbox: 1.2589
2025/06/23 12:31:00 - mmengine - INFO - Epoch(train) [19][5750/9162]  lr: 2.0000e-04  eta: 9:52:51  time: 0.7405  data_time: 0.1139  memory: 1708  loss: 3.8553  loss_cls: 2.5748  loss_bbox: 1.2805
2025/06/23 12:31:38 - mmengine - INFO - Epoch(train) [19][5800/9162]  lr: 2.0000e-04  eta: 9:52:16  time: 0.7705  data_time: 0.1319  memory: 1708  loss: 3.8595  loss_cls: 2.6061  loss_bbox: 1.2534
2025/06/23 12:32:17 - mmengine - INFO - Epoch(train) [19][5850/9162]  lr: 2.0000e-04  eta: 9:51:40  time: 0.7694  data_time: 0.1415  memory: 1708  loss: 3.8493  loss_cls: 2.5995  loss_bbox: 1.2499
2025/06/23 12:32:53 - mmengine - INFO - Epoch(train) [19][5900/9162]  lr: 2.0000e-04  eta: 9:51:04  time: 0.7253  data_time: 0.1047  memory: 1708  loss: 3.7520  loss_cls: 2.4884  loss_bbox: 1.2636
2025/06/23 12:33:27 - mmengine - INFO - Epoch(train) [19][5950/9162]  lr: 2.0000e-04  eta: 9:50:27  time: 0.6720  data_time: 0.0744  memory: 1708  loss: 3.6721  loss_cls: 2.5120  loss_bbox: 1.1601
2025/06/23 12:34:04 - mmengine - INFO - Epoch(train) [19][6000/9162]  lr: 2.0000e-04  eta: 9:49:51  time: 0.7423  data_time: 0.1087  memory: 1708  loss: 3.7091  loss_cls: 2.5089  loss_bbox: 1.2003
2025/06/23 12:34:42 - mmengine - INFO - Epoch(train) [19][6050/9162]  lr: 2.0000e-04  eta: 9:49:16  time: 0.7538  data_time: 0.1273  memory: 1708  loss: 3.6938  loss_cls: 2.4775  loss_bbox: 1.2163
2025/06/23 12:35:07 - mmengine - INFO - Exp name: ssd300_coco_20250622_013555
2025/06/23 12:35:19 - mmengine - INFO - Epoch(train) [19][6100/9162]  lr: 2.0000e-04  eta: 9:48:40  time: 0.7500  data_time: 0.1222  memory: 1708  loss: 3.7575  loss_cls: 2.5443  loss_bbox: 1.2132
2025/06/23 12:35:57 - mmengine - INFO - Epoch(train) [19][6150/9162]  lr: 2.0000e-04  eta: 9:48:04  time: 0.7475  data_time: 0.1367  memory: 1708  loss: 3.7211  loss_cls: 2.5501  loss_bbox: 1.1710
2025/06/23 12:36:34 - mmengine - INFO - Epoch(train) [19][6200/9162]  lr: 2.0000e-04  eta: 9:47:28  time: 0.7438  data_time: 0.0912  memory: 1708  loss: 3.7662  loss_cls: 2.5085  loss_bbox: 1.2577
2025/06/23 12:37:11 - mmengine - INFO - Epoch(train) [19][6250/9162]  lr: 2.0000e-04  eta: 9:46:52  time: 0.7392  data_time: 0.1171  memory: 1708  loss: 3.7174  loss_cls: 2.5108  loss_bbox: 1.2066
2025/06/23 12:37:48 - mmengine - INFO - Epoch(train) [19][6300/9162]  lr: 2.0000e-04  eta: 9:46:16  time: 0.7419  data_time: 0.1136  memory: 1708  loss: 3.8337  loss_cls: 2.5642  loss_bbox: 1.2695
2025/06/23 12:38:25 - mmengine - INFO - Epoch(train) [19][6350/9162]  lr: 2.0000e-04  eta: 9:45:40  time: 0.7286  data_time: 0.0903  memory: 1708  loss: 3.8901  loss_cls: 2.5638  loss_bbox: 1.3263
2025/06/23 12:39:02 - mmengine - INFO - Epoch(train) [19][6400/9162]  lr: 2.0000e-04  eta: 9:45:05  time: 0.7497  data_time: 0.1169  memory: 1708  loss: 3.8209  loss_cls: 2.5363  loss_bbox: 1.2846
2025/06/23 12:39:40 - mmengine - INFO - Epoch(train) [19][6450/9162]  lr: 2.0000e-04  eta: 9:44:29  time: 0.7535  data_time: 0.0797  memory: 1708  loss: 3.8463  loss_cls: 2.5980  loss_bbox: 1.2482
2025/06/23 12:40:17 - mmengine - INFO - Epoch(train) [19][6500/9162]  lr: 2.0000e-04  eta: 9:43:53  time: 0.7407  data_time: 0.1182  memory: 1708  loss: 3.8585  loss_cls: 2.5935  loss_bbox: 1.2651
2025/06/23 12:40:54 - mmengine - INFO - Epoch(train) [19][6550/9162]  lr: 2.0000e-04  eta: 9:43:17  time: 0.7425  data_time: 0.1182  memory: 1708  loss: 3.7884  loss_cls: 2.5810  loss_bbox: 1.2074
2025/06/23 12:41:32 - mmengine - INFO - Epoch(train) [19][6600/9162]  lr: 2.0000e-04  eta: 9:42:42  time: 0.7557  data_time: 0.1261  memory: 1708  loss: 3.7786  loss_cls: 2.5212  loss_bbox: 1.2575
2025/06/23 12:42:11 - mmengine - INFO - Epoch(train) [19][6650/9162]  lr: 2.0000e-04  eta: 9:42:06  time: 0.7650  data_time: 0.1278  memory: 1708  loss: 3.7577  loss_cls: 2.5385  loss_bbox: 1.2192
2025/06/23 12:42:48 - mmengine - INFO - Epoch(train) [19][6700/9162]  lr: 2.0000e-04  eta: 9:41:30  time: 0.7551  data_time: 0.0936  memory: 1708  loss: 3.7667  loss_cls: 2.5481  loss_bbox: 1.2186
2025/06/23 12:43:26 - mmengine - INFO - Epoch(train) [19][6750/9162]  lr: 2.0000e-04  eta: 9:40:55  time: 0.7581  data_time: 0.1070  memory: 1708  loss: 3.8600  loss_cls: 2.6261  loss_bbox: 1.2339
2025/06/23 12:44:05 - mmengine - INFO - Epoch(train) [19][6800/9162]  lr: 2.0000e-04  eta: 9:40:19  time: 0.7619  data_time: 0.0990  memory: 1708  loss: 3.8183  loss_cls: 2.5772  loss_bbox: 1.2411
2025/06/23 12:44:43 - mmengine - INFO - Epoch(train) [19][6850/9162]  lr: 2.0000e-04  eta: 9:39:44  time: 0.7715  data_time: 0.1453  memory: 1708  loss: 3.7238  loss_cls: 2.5337  loss_bbox: 1.1901
2025/06/23 12:45:21 - mmengine - INFO - Epoch(train) [19][6900/9162]  lr: 2.0000e-04  eta: 9:39:08  time: 0.7591  data_time: 0.1269  memory: 1708  loss: 3.8634  loss_cls: 2.5545  loss_bbox: 1.3089
2025/06/23 12:46:00 - mmengine - INFO - Epoch(train) [19][6950/9162]  lr: 2.0000e-04  eta: 9:38:33  time: 0.7777  data_time: 0.1093  memory: 1708  loss: 3.8370  loss_cls: 2.5679  loss_bbox: 1.2691
2025/06/23 12:46:39 - mmengine - INFO - Epoch(train) [19][7000/9162]  lr: 2.0000e-04  eta: 9:37:57  time: 0.7722  data_time: 0.1179  memory: 1708  loss: 3.8426  loss_cls: 2.5735  loss_bbox: 1.2691
2025/06/23 12:47:17 - mmengine - INFO - Epoch(train) [19][7050/9162]  lr: 2.0000e-04  eta: 9:37:22  time: 0.7631  data_time: 0.1086  memory: 1708  loss: 3.7079  loss_cls: 2.5476  loss_bbox: 1.1603
2025/06/23 12:47:43 - mmengine - INFO - Exp name: ssd300_coco_20250622_013555
2025/06/23 12:47:55 - mmengine - INFO - Epoch(train) [19][7100/9162]  lr: 2.0000e-04  eta: 9:36:46  time: 0.7498  data_time: 0.0936  memory: 1708  loss: 3.8390  loss_cls: 2.5762  loss_bbox: 1.2628
2025/06/23 12:48:32 - mmengine - INFO - Epoch(train) [19][7150/9162]  lr: 2.0000e-04  eta: 9:36:10  time: 0.7411  data_time: 0.1180  memory: 1708  loss: 3.7999  loss_cls: 2.5850  loss_bbox: 1.2148
2025/06/23 12:49:09 - mmengine - INFO - Epoch(train) [19][7200/9162]  lr: 2.0000e-04  eta: 9:35:34  time: 0.7507  data_time: 0.1135  memory: 1708  loss: 3.7653  loss_cls: 2.5459  loss_bbox: 1.2193
2025/06/23 12:49:46 - mmengine - INFO - Epoch(train) [19][7250/9162]  lr: 2.0000e-04  eta: 9:34:58  time: 0.7326  data_time: 0.1081  memory: 1708  loss: 3.7722  loss_cls: 2.5504  loss_bbox: 1.2218
2025/06/23 12:50:23 - mmengine - INFO - Epoch(train) [19][7300/9162]  lr: 2.0000e-04  eta: 9:34:22  time: 0.7356  data_time: 0.1181  memory: 1708  loss: 3.7161  loss_cls: 2.5062  loss_bbox: 1.2099
2025/06/23 12:51:00 - mmengine - INFO - Epoch(train) [19][7350/9162]  lr: 2.0000e-04  eta: 9:33:46  time: 0.7456  data_time: 0.1339  memory: 1708  loss: 3.7378  loss_cls: 2.5126  loss_bbox: 1.2252
2025/06/23 12:51:38 - mmengine - INFO - Epoch(train) [19][7400/9162]  lr: 2.0000e-04  eta: 9:33:10  time: 0.7453  data_time: 0.1280  memory: 1708  loss: 3.7944  loss_cls: 2.5625  loss_bbox: 1.2319
2025/06/23 12:52:15 - mmengine - INFO - Epoch(train) [19][7450/9162]  lr: 2.0000e-04  eta: 9:32:35  time: 0.7436  data_time: 0.1175  memory: 1708  loss: 3.8973  loss_cls: 2.5919  loss_bbox: 1.3054
2025/06/23 12:52:53 - mmengine - INFO - Epoch(train) [19][7500/9162]  lr: 2.0000e-04  eta: 9:31:59  time: 0.7519  data_time: 0.1276  memory: 1708  loss: 3.8620  loss_cls: 2.6002  loss_bbox: 1.2618
2025/06/23 12:53:30 - mmengine - INFO - Epoch(train) [19][7550/9162]  lr: 2.0000e-04  eta: 9:31:23  time: 0.7416  data_time: 0.1133  memory: 1708  loss: 3.8739  loss_cls: 2.6087  loss_bbox: 1.2652
2025/06/23 12:54:06 - mmengine - INFO - Epoch(train) [19][7600/9162]  lr: 2.0000e-04  eta: 9:30:47  time: 0.7321  data_time: 0.0858  memory: 1708  loss: 3.7514  loss_cls: 2.5068  loss_bbox: 1.2445
2025/06/23 12:54:44 - mmengine - INFO - Epoch(train) [19][7650/9162]  lr: 2.0000e-04  eta: 9:30:11  time: 0.7552  data_time: 0.1204  memory: 1708  loss: 3.7812  loss_cls: 2.5096  loss_bbox: 1.2716
2025/06/23 12:55:21 - mmengine - INFO - Epoch(train) [19][7700/9162]  lr: 2.0000e-04  eta: 9:29:35  time: 0.7389  data_time: 0.1146  memory: 1708  loss: 3.7998  loss_cls: 2.5625  loss_bbox: 1.2373
2025/06/23 12:55:58 - mmengine - INFO - Epoch(train) [19][7750/9162]  lr: 2.0000e-04  eta: 9:28:59  time: 0.7419  data_time: 0.1099  memory: 1708  loss: 3.7570  loss_cls: 2.4938  loss_bbox: 1.2632
2025/06/23 12:56:36 - mmengine - INFO - Epoch(train) [19][7800/9162]  lr: 2.0000e-04  eta: 9:28:24  time: 0.7416  data_time: 0.1003  memory: 1708  loss: 3.8471  loss_cls: 2.5776  loss_bbox: 1.2696
2025/06/23 12:57:13 - mmengine - INFO - Epoch(train) [19][7850/9162]  lr: 2.0000e-04  eta: 9:27:48  time: 0.7415  data_time: 0.1238  memory: 1708  loss: 3.7241  loss_cls: 2.5132  loss_bbox: 1.2110
2025/06/23 12:57:50 - mmengine - INFO - Epoch(train) [19][7900/9162]  lr: 2.0000e-04  eta: 9:27:12  time: 0.7431  data_time: 0.1239  memory: 1708  loss: 3.6950  loss_cls: 2.5062  loss_bbox: 1.1888
2025/06/23 12:58:27 - mmengine - INFO - Epoch(train) [19][7950/9162]  lr: 2.0000e-04  eta: 9:26:36  time: 0.7376  data_time: 0.0959  memory: 1708  loss: 3.7878  loss_cls: 2.5541  loss_bbox: 1.2338
2025/06/23 12:59:04 - mmengine - INFO - Epoch(train) [19][8000/9162]  lr: 2.0000e-04  eta: 9:26:00  time: 0.7445  data_time: 0.1300  memory: 1708  loss: 3.8824  loss_cls: 2.6168  loss_bbox: 1.2657
2025/06/23 12:59:42 - mmengine - INFO - Epoch(train) [19][8050/9162]  lr: 2.0000e-04  eta: 9:25:24  time: 0.7503  data_time: 0.0857  memory: 1708  loss: 3.8708  loss_cls: 2.5773  loss_bbox: 1.2935
2025/06/23 13:00:07 - mmengine - INFO - Exp name: ssd300_coco_20250622_013555
2025/06/23 13:00:19 - mmengine - INFO - Epoch(train) [19][8100/9162]  lr: 2.0000e-04  eta: 9:24:48  time: 0.7485  data_time: 0.1025  memory: 1708  loss: 3.7917  loss_cls: 2.5338  loss_bbox: 1.2580
2025/06/23 13:00:57 - mmengine - INFO - Epoch(train) [19][8150/9162]  lr: 2.0000e-04  eta: 9:24:13  time: 0.7551  data_time: 0.1107  memory: 1708  loss: 3.8486  loss_cls: 2.5923  loss_bbox: 1.2563
2025/06/23 13:01:34 - mmengine - INFO - Epoch(train) [19][8200/9162]  lr: 2.0000e-04  eta: 9:23:37  time: 0.7419  data_time: 0.1007  memory: 1708  loss: 3.8448  loss_cls: 2.6097  loss_bbox: 1.2352
2025/06/23 13:02:12 - mmengine - INFO - Epoch(train) [19][8250/9162]  lr: 2.0000e-04  eta: 9:23:01  time: 0.7551  data_time: 0.1380  memory: 1708  loss: 3.7628  loss_cls: 2.5086  loss_bbox: 1.2542
2025/06/23 13:02:50 - mmengine - INFO - Epoch(train) [19][8300/9162]  lr: 2.0000e-04  eta: 9:22:25  time: 0.7500  data_time: 0.1238  memory: 1708  loss: 3.8511  loss_cls: 2.5473  loss_bbox: 1.3038
2025/06/23 13:03:27 - mmengine - INFO - Epoch(train) [19][8350/9162]  lr: 2.0000e-04  eta: 9:21:49  time: 0.7505  data_time: 0.1090  memory: 1708  loss: 3.6547  loss_cls: 2.4732  loss_bbox: 1.1815
2025/06/23 13:04:04 - mmengine - INFO - Epoch(train) [19][8400/9162]  lr: 2.0000e-04  eta: 9:21:14  time: 0.7410  data_time: 0.1080  memory: 1708  loss: 3.8521  loss_cls: 2.5840  loss_bbox: 1.2681
2025/06/23 13:04:42 - mmengine - INFO - Epoch(train) [19][8450/9162]  lr: 2.0000e-04  eta: 9:20:38  time: 0.7454  data_time: 0.1196  memory: 1708  loss: 3.8273  loss_cls: 2.5849  loss_bbox: 1.2424
2025/06/23 13:05:19 - mmengine - INFO - Epoch(train) [19][8500/9162]  lr: 2.0000e-04  eta: 9:20:02  time: 0.7480  data_time: 0.1204  memory: 1708  loss: 3.7672  loss_cls: 2.5608  loss_bbox: 1.2064
2025/06/23 13:05:57 - mmengine - INFO - Epoch(train) [19][8550/9162]  lr: 2.0000e-04  eta: 9:19:26  time: 0.7502  data_time: 0.1249  memory: 1708  loss: 3.8401  loss_cls: 2.5899  loss_bbox: 1.2502
2025/06/23 13:06:35 - mmengine - INFO - Epoch(train) [19][8600/9162]  lr: 2.0000e-04  eta: 9:18:50  time: 0.7552  data_time: 0.1319  memory: 1708  loss: 3.8584  loss_cls: 2.5736  loss_bbox: 1.2848
2025/06/23 13:07:12 - mmengine - INFO - Epoch(train) [19][8650/9162]  lr: 2.0000e-04  eta: 9:18:15  time: 0.7492  data_time: 0.1221  memory: 1708  loss: 3.7728  loss_cls: 2.5508  loss_bbox: 1.2220
2025/06/23 13:07:50 - mmengine - INFO - Epoch(train) [19][8700/9162]  lr: 2.0000e-04  eta: 9:17:39  time: 0.7501  data_time: 0.1201  memory: 1708  loss: 3.8112  loss_cls: 2.5305  loss_bbox: 1.2807
2025/06/23 13:08:27 - mmengine - INFO - Epoch(train) [19][8750/9162]  lr: 2.0000e-04  eta: 9:17:03  time: 0.7392  data_time: 0.1210  memory: 1708  loss: 3.7763  loss_cls: 2.5880  loss_bbox: 1.1883
2025/06/23 13:09:04 - mmengine - INFO - Epoch(train) [19][8800/9162]  lr: 2.0000e-04  eta: 9:16:27  time: 0.7367  data_time: 0.1149  memory: 1708  loss: 3.8094  loss_cls: 2.5497  loss_bbox: 1.2597
2025/06/23 13:09:41 - mmengine - INFO - Epoch(train) [19][8850/9162]  lr: 2.0000e-04  eta: 9:15:51  time: 0.7504  data_time: 0.1229  memory: 1708  loss: 3.7661  loss_cls: 2.5457  loss_bbox: 1.2204
2025/06/23 13:10:19 - mmengine - INFO - Epoch(train) [19][8900/9162]  lr: 2.0000e-04  eta: 9:15:15  time: 0.7522  data_time: 0.1183  memory: 1708  loss: 3.7461  loss_cls: 2.5492  loss_bbox: 1.1968
2025/06/23 13:10:55 - mmengine - INFO - Epoch(train) [19][8950/9162]  lr: 2.0000e-04  eta: 9:14:39  time: 0.7288  data_time: 0.0803  memory: 1708  loss: 3.8268  loss_cls: 2.5386  loss_bbox: 1.2881
2025/06/23 13:11:33 - mmengine - INFO - Epoch(train) [19][9000/9162]  lr: 2.0000e-04  eta: 9:14:03  time: 0.7414  data_time: 0.1244  memory: 1708  loss: 3.7451  loss_cls: 2.5200  loss_bbox: 1.2251
2025/06/23 13:12:08 - mmengine - INFO - Epoch(train) [19][9050/9162]  lr: 2.0000e-04  eta: 9:13:27  time: 0.6964  data_time: 0.0974  memory: 1708  loss: 3.7269  loss_cls: 2.5230  loss_bbox: 1.2038
2025/06/23 13:12:32 - mmengine - INFO - Exp name: ssd300_coco_20250622_013555
2025/06/23 13:12:44 - mmengine - INFO - Epoch(train) [19][9100/9162]  lr: 2.0000e-04  eta: 9:12:51  time: 0.7257  data_time: 0.1106  memory: 1708  loss: 3.7775  loss_cls: 2.5611  loss_bbox: 1.2164
2025/06/23 13:13:21 - mmengine - INFO - Epoch(train) [19][9150/9162]  lr: 2.0000e-04  eta: 9:12:15  time: 0.7470  data_time: 0.1226  memory: 1708  loss: 3.7461  loss_cls: 2.5426  loss_bbox: 1.2035
2025/06/23 13:13:30 - mmengine - INFO - Exp name: ssd300_coco_20250622_013555
2025/06/23 13:13:30 - mmengine - INFO - Saving checkpoint at 19 epochs
2025/06/23 13:13:44 - mmengine - INFO - Epoch(val) [19][ 50/157]    eta: 0:00:27  time: 0.2554  data_time: 0.0503  memory: 1708  
2025/06/23 13:13:56 - mmengine - INFO - Epoch(val) [19][100/157]    eta: 0:00:13  time: 0.2287  data_time: 0.0264  memory: 851  
2025/06/23 13:14:08 - mmengine - INFO - Epoch(val) [19][150/157]    eta: 0:00:01  time: 0.2394  data_time: 0.0343  memory: 851  
2025/06/23 13:14:27 - mmengine - INFO - Evaluating bbox...
2025/06/23 13:15:29 - mmengine - INFO - bbox_mAP_copypaste: 0.249 0.429 0.256 0.065 0.268 0.414
2025/06/23 13:15:30 - mmengine - INFO - Epoch(val) [19][157/157]    coco/bbox_mAP: 0.2490  coco/bbox_mAP_50: 0.4290  coco/bbox_mAP_75: 0.2560  coco/bbox_mAP_s: 0.0650  coco/bbox_mAP_m: 0.2680  coco/bbox_mAP_l: 0.4140  data_time: 0.0376  time: 0.2399
2025/06/23 13:16:07 - mmengine - INFO - Epoch(train) [20][  50/9162]  lr: 2.0000e-04  eta: 9:11:30  time: 0.7253  data_time: 0.1026  memory: 1708  loss: 3.6717  loss_cls: 2.5131  loss_bbox: 1.1586
2025/06/23 13:16:44 - mmengine - INFO - Epoch(train) [20][ 100/9162]  lr: 2.0000e-04  eta: 9:10:54  time: 0.7448  data_time: 0.1165  memory: 1708  loss: 3.7631  loss_cls: 2.5425  loss_bbox: 1.2206
2025/06/23 13:17:21 - mmengine - INFO - Epoch(train) [20][ 150/9162]  lr: 2.0000e-04  eta: 9:10:18  time: 0.7465  data_time: 0.1281  memory: 1708  loss: 3.8361  loss_cls: 2.5514  loss_bbox: 1.2847
2025/06/23 13:17:59 - mmengine - INFO - Epoch(train) [20][ 200/9162]  lr: 2.0000e-04  eta: 9:09:42  time: 0.7433  data_time: 0.1283  memory: 1708  loss: 3.7948  loss_cls: 2.5587  loss_bbox: 1.2361
2025/06/23 13:18:36 - mmengine - INFO - Epoch(train) [20][ 250/9162]  lr: 2.0000e-04  eta: 9:09:07  time: 0.7524  data_time: 0.1354  memory: 1708  loss: 3.8549  loss_cls: 2.5927  loss_bbox: 1.2623
2025/06/23 13:19:15 - mmengine - INFO - Epoch(train) [20][ 300/9162]  lr: 2.0000e-04  eta: 9:08:31  time: 0.7677  data_time: 0.1023  memory: 1708  loss: 3.7797  loss_cls: 2.5559  loss_bbox: 1.2237
2025/06/23 13:19:52 - mmengine - INFO - Epoch(train) [20][ 350/9162]  lr: 2.0000e-04  eta: 9:07:55  time: 0.7405  data_time: 0.1245  memory: 1708  loss: 3.7314  loss_cls: 2.5205  loss_bbox: 1.2109
2025/06/23 13:20:29 - mmengine - INFO - Epoch(train) [20][ 400/9162]  lr: 2.0000e-04  eta: 9:07:19  time: 0.7469  data_time: 0.1321  memory: 1708  loss: 3.7047  loss_cls: 2.4990  loss_bbox: 1.2057
2025/06/23 13:21:06 - mmengine - INFO - Epoch(train) [20][ 450/9162]  lr: 2.0000e-04  eta: 9:06:43  time: 0.7383  data_time: 0.1116  memory: 1708  loss: 3.7303  loss_cls: 2.5337  loss_bbox: 1.1967
2025/06/23 13:21:43 - mmengine - INFO - Epoch(train) [20][ 500/9162]  lr: 2.0000e-04  eta: 9:06:07  time: 0.7402  data_time: 0.1318  memory: 1708  loss: 3.7987  loss_cls: 2.5529  loss_bbox: 1.2458
2025/06/23 13:22:20 - mmengine - INFO - Epoch(train) [20][ 550/9162]  lr: 2.0000e-04  eta: 9:05:31  time: 0.7397  data_time: 0.1238  memory: 1708  loss: 3.7900  loss_cls: 2.5602  loss_bbox: 1.2298
2025/06/23 13:22:58 - mmengine - INFO - Epoch(train) [20][ 600/9162]  lr: 2.0000e-04  eta: 9:04:56  time: 0.7500  data_time: 0.1082  memory: 1708  loss: 3.6581  loss_cls: 2.4854  loss_bbox: 1.1727
2025/06/23 13:23:35 - mmengine - INFO - Epoch(train) [20][ 650/9162]  lr: 2.0000e-04  eta: 9:04:20  time: 0.7449  data_time: 0.0999  memory: 1708  loss: 3.8506  loss_cls: 2.5599  loss_bbox: 1.2906
2025/06/23 13:24:12 - mmengine - INFO - Epoch(train) [20][ 700/9162]  lr: 2.0000e-04  eta: 9:03:44  time: 0.7325  data_time: 0.0943  memory: 1708  loss: 3.7262  loss_cls: 2.5268  loss_bbox: 1.1994
2025/06/23 13:24:49 - mmengine - INFO - Epoch(train) [20][ 750/9162]  lr: 2.0000e-04  eta: 9:03:08  time: 0.7460  data_time: 0.1249  memory: 1708  loss: 3.8184  loss_cls: 2.5801  loss_bbox: 1.2383
2025/06/23 13:25:27 - mmengine - INFO - Epoch(train) [20][ 800/9162]  lr: 2.0000e-04  eta: 9:02:32  time: 0.7441  data_time: 0.0946  memory: 1708  loss: 3.7548  loss_cls: 2.5484  loss_bbox: 1.2064
2025/06/23 13:26:04 - mmengine - INFO - Epoch(train) [20][ 850/9162]  lr: 2.0000e-04  eta: 9:01:56  time: 0.7443  data_time: 0.1273  memory: 1708  loss: 3.7790  loss_cls: 2.5548  loss_bbox: 1.2241
2025/06/23 13:26:42 - mmengine - INFO - Epoch(train) [20][ 900/9162]  lr: 2.0000e-04  eta: 9:01:20  time: 0.7570  data_time: 0.1411  memory: 1708  loss: 3.6911  loss_cls: 2.4933  loss_bbox: 1.1979
2025/06/23 13:26:58 - mmengine - INFO - Exp name: ssd300_coco_20250622_013555
2025/06/23 13:27:19 - mmengine - INFO - Epoch(train) [20][ 950/9162]  lr: 2.0000e-04  eta: 9:00:44  time: 0.7474  data_time: 0.1289  memory: 1708  loss: 3.7288  loss_cls: 2.5257  loss_bbox: 1.2030
2025/06/23 13:27:57 - mmengine - INFO - Epoch(train) [20][1000/9162]  lr: 2.0000e-04  eta: 9:00:09  time: 0.7441  data_time: 0.1213  memory: 1708  loss: 3.7184  loss_cls: 2.5055  loss_bbox: 1.2128
2025/06/23 13:28:34 - mmengine - INFO - Epoch(train) [20][1050/9162]  lr: 2.0000e-04  eta: 8:59:33  time: 0.7413  data_time: 0.0882  memory: 1708  loss: 3.7822  loss_cls: 2.5426  loss_bbox: 1.2396
2025/06/23 13:29:11 - mmengine - INFO - Epoch(train) [20][1100/9162]  lr: 2.0000e-04  eta: 8:58:57  time: 0.7408  data_time: 0.1177  memory: 1708  loss: 3.8655  loss_cls: 2.5890  loss_bbox: 1.2765
2025/06/23 13:29:49 - mmengine - INFO - Epoch(train) [20][1150/9162]  lr: 2.0000e-04  eta: 8:58:21  time: 0.7526  data_time: 0.0937  memory: 1708  loss: 3.6789  loss_cls: 2.5087  loss_bbox: 1.1703
2025/06/23 13:30:26 - mmengine - INFO - Epoch(train) [20][1200/9162]  lr: 2.0000e-04  eta: 8:57:45  time: 0.7441  data_time: 0.1214  memory: 1708  loss: 3.6885  loss_cls: 2.4972  loss_bbox: 1.1913
2025/06/23 13:31:03 - mmengine - INFO - Epoch(train) [20][1250/9162]  lr: 2.0000e-04  eta: 8:57:09  time: 0.7452  data_time: 0.1314  memory: 1708  loss: 3.7263  loss_cls: 2.4887  loss_bbox: 1.2377
2025/06/23 13:31:41 - mmengine - INFO - Epoch(train) [20][1300/9162]  lr: 2.0000e-04  eta: 8:56:33  time: 0.7475  data_time: 0.1181  memory: 1708  loss: 3.8882  loss_cls: 2.6239  loss_bbox: 1.2643
2025/06/23 13:32:19 - mmengine - INFO - Epoch(train) [20][1350/9162]  lr: 2.0000e-04  eta: 8:55:58  time: 0.7610  data_time: 0.1203  memory: 1708  loss: 3.7334  loss_cls: 2.5097  loss_bbox: 1.2238
2025/06/23 13:32:56 - mmengine - INFO - Epoch(train) [20][1400/9162]  lr: 2.0000e-04  eta: 8:55:22  time: 0.7510  data_time: 0.1148  memory: 1708  loss: 3.9405  loss_cls: 2.6547  loss_bbox: 1.2859
2025/06/23 13:33:34 - mmengine - INFO - Epoch(train) [20][1450/9162]  lr: 2.0000e-04  eta: 8:54:46  time: 0.7543  data_time: 0.1010  memory: 1708  loss: 3.8217  loss_cls: 2.5770  loss_bbox: 1.2447
2025/06/23 13:34:12 - mmengine - INFO - Epoch(train) [20][1500/9162]  lr: 2.0000e-04  eta: 8:54:10  time: 0.7466  data_time: 0.1250  memory: 1708  loss: 3.8897  loss_cls: 2.5929  loss_bbox: 1.2968
2025/06/23 13:34:49 - mmengine - INFO - Epoch(train) [20][1550/9162]  lr: 2.0000e-04  eta: 8:53:34  time: 0.7482  data_time: 0.1238  memory: 1708  loss: 3.8365  loss_cls: 2.5899  loss_bbox: 1.2466
2025/06/23 13:35:27 - mmengine - INFO - Epoch(train) [20][1600/9162]  lr: 2.0000e-04  eta: 8:52:58  time: 0.7495  data_time: 0.1193  memory: 1708  loss: 3.7228  loss_cls: 2.5063  loss_bbox: 1.2165
2025/06/23 13:36:05 - mmengine - INFO - Epoch(train) [20][1650/9162]  lr: 2.0000e-04  eta: 8:52:23  time: 0.7602  data_time: 0.1026  memory: 1708  loss: 3.6826  loss_cls: 2.5043  loss_bbox: 1.1783
2025/06/23 13:36:43 - mmengine - INFO - Epoch(train) [20][1700/9162]  lr: 2.0000e-04  eta: 8:51:47  time: 0.7619  data_time: 0.1259  memory: 1708  loss: 3.6869  loss_cls: 2.5049  loss_bbox: 1.1819
2025/06/23 13:37:21 - mmengine - INFO - Epoch(train) [20][1750/9162]  lr: 2.0000e-04  eta: 8:51:11  time: 0.7578  data_time: 0.1242  memory: 1708  loss: 3.6863  loss_cls: 2.4780  loss_bbox: 1.2083
2025/06/23 13:37:59 - mmengine - INFO - Epoch(train) [20][1800/9162]  lr: 2.0000e-04  eta: 8:50:36  time: 0.7596  data_time: 0.1302  memory: 1708  loss: 3.7426  loss_cls: 2.5201  loss_bbox: 1.2225
2025/06/23 13:38:37 - mmengine - INFO - Epoch(train) [20][1850/9162]  lr: 2.0000e-04  eta: 8:50:00  time: 0.7592  data_time: 0.1010  memory: 1708  loss: 3.7611  loss_cls: 2.5510  loss_bbox: 1.2101
2025/06/23 13:39:15 - mmengine - INFO - Epoch(train) [20][1900/9162]  lr: 2.0000e-04  eta: 8:49:24  time: 0.7605  data_time: 0.0878  memory: 1708  loss: 3.7978  loss_cls: 2.5619  loss_bbox: 1.2359
2025/06/23 13:39:31 - mmengine - INFO - Exp name: ssd300_coco_20250622_013555
2025/06/23 13:39:52 - mmengine - INFO - Epoch(train) [20][1950/9162]  lr: 2.0000e-04  eta: 8:48:48  time: 0.7460  data_time: 0.1005  memory: 1708  loss: 3.7216  loss_cls: 2.5169  loss_bbox: 1.2047
2025/06/23 13:40:30 - mmengine - INFO - Epoch(train) [20][2000/9162]  lr: 2.0000e-04  eta: 8:48:12  time: 0.7526  data_time: 0.1264  memory: 1708  loss: 3.6518  loss_cls: 2.4696  loss_bbox: 1.1822
2025/06/23 13:41:08 - mmengine - INFO - Epoch(train) [20][2050/9162]  lr: 2.0000e-04  eta: 8:47:37  time: 0.7622  data_time: 0.1508  memory: 1708  loss: 3.7294  loss_cls: 2.5421  loss_bbox: 1.1873
2025/06/23 13:41:46 - mmengine - INFO - Epoch(train) [20][2100/9162]  lr: 2.0000e-04  eta: 8:47:01  time: 0.7571  data_time: 0.1426  memory: 1708  loss: 3.7165  loss_cls: 2.4981  loss_bbox: 1.2184
2025/06/23 13:42:23 - mmengine - INFO - Epoch(train) [20][2150/9162]  lr: 2.0000e-04  eta: 8:46:25  time: 0.7393  data_time: 0.0721  memory: 1708  loss: 3.7984  loss_cls: 2.5214  loss_bbox: 1.2770
2025/06/23 13:43:00 - mmengine - INFO - Epoch(train) [20][2200/9162]  lr: 2.0000e-04  eta: 8:45:49  time: 0.7414  data_time: 0.0921  memory: 1708  loss: 3.8028  loss_cls: 2.5252  loss_bbox: 1.2776
2025/06/23 13:43:38 - mmengine - INFO - Epoch(train) [20][2250/9162]  lr: 2.0000e-04  eta: 8:45:13  time: 0.7516  data_time: 0.0962  memory: 1708  loss: 3.7551  loss_cls: 2.5132  loss_bbox: 1.2419
2025/06/23 13:44:16 - mmengine - INFO - Epoch(train) [20][2300/9162]  lr: 2.0000e-04  eta: 8:44:37  time: 0.7506  data_time: 0.1297  memory: 1708  loss: 3.8172  loss_cls: 2.5440  loss_bbox: 1.2733
2025/06/23 13:44:53 - mmengine - INFO - Epoch(train) [20][2350/9162]  lr: 2.0000e-04  eta: 8:44:01  time: 0.7445  data_time: 0.1033  memory: 1708  loss: 3.7775  loss_cls: 2.5319  loss_bbox: 1.2456
2025/06/23 13:45:30 - mmengine - INFO - Epoch(train) [20][2400/9162]  lr: 2.0000e-04  eta: 8:43:26  time: 0.7484  data_time: 0.1007  memory: 1708  loss: 3.7378  loss_cls: 2.5030  loss_bbox: 1.2348
2025/06/23 13:46:08 - mmengine - INFO - Epoch(train) [20][2450/9162]  lr: 2.0000e-04  eta: 8:42:50  time: 0.7562  data_time: 0.1305  memory: 1708  loss: 3.8628  loss_cls: 2.5953  loss_bbox: 1.2675
2025/06/23 13:46:46 - mmengine - INFO - Epoch(train) [20][2500/9162]  lr: 2.0000e-04  eta: 8:42:14  time: 0.7533  data_time: 0.1307  memory: 1708  loss: 3.6794  loss_cls: 2.5025  loss_bbox: 1.1769
2025/06/23 13:47:23 - mmengine - INFO - Epoch(train) [20][2550/9162]  lr: 2.0000e-04  eta: 8:41:38  time: 0.7392  data_time: 0.1196  memory: 1708  loss: 3.8033  loss_cls: 2.5560  loss_bbox: 1.2472
2025/06/23 13:48:01 - mmengine - INFO - Epoch(train) [20][2600/9162]  lr: 2.0000e-04  eta: 8:41:02  time: 0.7528  data_time: 0.1299  memory: 1708  loss: 3.7153  loss_cls: 2.5243  loss_bbox: 1.1909
2025/06/23 13:48:38 - mmengine - INFO - Epoch(train) [20][2650/9162]  lr: 2.0000e-04  eta: 8:40:26  time: 0.7397  data_time: 0.1102  memory: 1708  loss: 3.8140  loss_cls: 2.5491  loss_bbox: 1.2649
2025/06/23 13:49:15 - mmengine - INFO - Epoch(train) [20][2700/9162]  lr: 2.0000e-04  eta: 8:39:50  time: 0.7470  data_time: 0.1347  memory: 1708  loss: 3.7237  loss_cls: 2.5265  loss_bbox: 1.1972
2025/06/23 13:49:52 - mmengine - INFO - Epoch(train) [20][2750/9162]  lr: 2.0000e-04  eta: 8:39:14  time: 0.7429  data_time: 0.1054  memory: 1708  loss: 3.7654  loss_cls: 2.5399  loss_bbox: 1.2255
2025/06/23 13:50:30 - mmengine - INFO - Epoch(train) [20][2800/9162]  lr: 2.0000e-04  eta: 8:38:39  time: 0.7482  data_time: 0.1164  memory: 1708  loss: 3.7258  loss_cls: 2.5158  loss_bbox: 1.2100
2025/06/23 13:51:07 - mmengine - INFO - Epoch(train) [20][2850/9162]  lr: 2.0000e-04  eta: 8:38:03  time: 0.7439  data_time: 0.1163  memory: 1708  loss: 3.8000  loss_cls: 2.5858  loss_bbox: 1.2141
2025/06/23 13:51:44 - mmengine - INFO - Epoch(train) [20][2900/9162]  lr: 2.0000e-04  eta: 8:37:27  time: 0.7413  data_time: 0.0997  memory: 1708  loss: 3.8318  loss_cls: 2.5925  loss_bbox: 1.2393
2025/06/23 13:52:01 - mmengine - INFO - Exp name: ssd300_coco_20250622_013555
2025/06/23 13:52:22 - mmengine - INFO - Epoch(train) [20][2950/9162]  lr: 2.0000e-04  eta: 8:36:51  time: 0.7522  data_time: 0.0957  memory: 1708  loss: 3.6807  loss_cls: 2.4827  loss_bbox: 1.1980
2025/06/23 13:53:00 - mmengine - INFO - Epoch(train) [20][3000/9162]  lr: 2.0000e-04  eta: 8:36:15  time: 0.7502  data_time: 0.1209  memory: 1708  loss: 3.6826  loss_cls: 2.5158  loss_bbox: 1.1668
2025/06/23 13:53:37 - mmengine - INFO - Epoch(train) [20][3050/9162]  lr: 2.0000e-04  eta: 8:35:39  time: 0.7496  data_time: 0.1206  memory: 1708  loss: 3.7176  loss_cls: 2.5173  loss_bbox: 1.2002
2025/06/23 13:54:15 - mmengine - INFO - Epoch(train) [20][3100/9162]  lr: 2.0000e-04  eta: 8:35:03  time: 0.7484  data_time: 0.1342  memory: 1708  loss: 3.8746  loss_cls: 2.5844  loss_bbox: 1.2903
2025/06/23 13:54:52 - mmengine - INFO - Epoch(train) [20][3150/9162]  lr: 2.0000e-04  eta: 8:34:27  time: 0.7416  data_time: 0.1290  memory: 1708  loss: 3.8217  loss_cls: 2.5516  loss_bbox: 1.2701
2025/06/23 13:55:30 - mmengine - INFO - Epoch(train) [20][3200/9162]  lr: 2.0000e-04  eta: 8:33:51  time: 0.7549  data_time: 0.1058  memory: 1708  loss: 3.8475  loss_cls: 2.5926  loss_bbox: 1.2549
2025/06/23 13:56:07 - mmengine - INFO - Epoch(train) [20][3250/9162]  lr: 2.0000e-04  eta: 8:33:16  time: 0.7500  data_time: 0.1242  memory: 1708  loss: 3.7136  loss_cls: 2.5012  loss_bbox: 1.2124
2025/06/23 13:56:42 - mmengine - INFO - Epoch(train) [20][3300/9162]  lr: 2.0000e-04  eta: 8:32:39  time: 0.7026  data_time: 0.1066  memory: 1708  loss: 3.7529  loss_cls: 2.5349  loss_bbox: 1.2181
2025/06/23 13:57:15 - mmengine - INFO - Epoch(train) [20][3350/9162]  lr: 2.0000e-04  eta: 8:32:02  time: 0.6534  data_time: 0.0793  memory: 1708  loss: 3.7422  loss_cls: 2.4954  loss_bbox: 1.2468
2025/06/23 13:57:51 - mmengine - INFO - Epoch(train) [20][3400/9162]  lr: 2.0000e-04  eta: 8:31:26  time: 0.7203  data_time: 0.1106  memory: 1708  loss: 3.7469  loss_cls: 2.5268  loss_bbox: 1.2201
2025/06/23 13:58:30 - mmengine - INFO - Epoch(train) [20][3450/9162]  lr: 2.0000e-04  eta: 8:30:50  time: 0.7661  data_time: 0.1077  memory: 1708  loss: 3.7403  loss_cls: 2.5420  loss_bbox: 1.1983
2025/06/23 13:59:07 - mmengine - INFO - Epoch(train) [20][3500/9162]  lr: 2.0000e-04  eta: 8:30:14  time: 0.7518  data_time: 0.1275  memory: 1708  loss: 3.7654  loss_cls: 2.4997  loss_bbox: 1.2658
2025/06/23 13:59:45 - mmengine - INFO - Epoch(train) [20][3550/9162]  lr: 2.0000e-04  eta: 8:29:39  time: 0.7532  data_time: 0.1045  memory: 1708  loss: 3.7757  loss_cls: 2.5369  loss_bbox: 1.2387
2025/06/23 14:00:23 - mmengine - INFO - Epoch(train) [20][3600/9162]  lr: 2.0000e-04  eta: 8:29:03  time: 0.7553  data_time: 0.1262  memory: 1708  loss: 3.6781  loss_cls: 2.5048  loss_bbox: 1.1732
2025/06/23 14:01:00 - mmengine - INFO - Epoch(train) [20][3650/9162]  lr: 2.0000e-04  eta: 8:28:27  time: 0.7454  data_time: 0.1174  memory: 1708  loss: 3.7095  loss_cls: 2.5265  loss_bbox: 1.1830
2025/06/23 14:01:38 - mmengine - INFO - Epoch(train) [20][3700/9162]  lr: 2.0000e-04  eta: 8:27:51  time: 0.7579  data_time: 0.1236  memory: 1708  loss: 3.8450  loss_cls: 2.5678  loss_bbox: 1.2772
2025/06/23 14:02:16 - mmengine - INFO - Epoch(train) [20][3750/9162]  lr: 2.0000e-04  eta: 8:27:15  time: 0.7480  data_time: 0.1387  memory: 1708  loss: 3.7515  loss_cls: 2.5258  loss_bbox: 1.2257
2025/06/23 14:02:53 - mmengine - INFO - Epoch(train) [20][3800/9162]  lr: 2.0000e-04  eta: 8:26:39  time: 0.7435  data_time: 0.1133  memory: 1708  loss: 3.6911  loss_cls: 2.5201  loss_bbox: 1.1710
2025/06/23 14:03:30 - mmengine - INFO - Epoch(train) [20][3850/9162]  lr: 2.0000e-04  eta: 8:26:03  time: 0.7462  data_time: 0.1111  memory: 1708  loss: 3.8101  loss_cls: 2.5607  loss_bbox: 1.2494
2025/06/23 14:04:08 - mmengine - INFO - Epoch(train) [20][3900/9162]  lr: 2.0000e-04  eta: 8:25:27  time: 0.7448  data_time: 0.1321  memory: 1708  loss: 3.8309  loss_cls: 2.5569  loss_bbox: 1.2740
2025/06/23 14:04:24 - mmengine - INFO - Exp name: ssd300_coco_20250622_013555
2025/06/23 14:04:45 - mmengine - INFO - Epoch(train) [20][3950/9162]  lr: 2.0000e-04  eta: 8:24:51  time: 0.7467  data_time: 0.1249  memory: 1708  loss: 3.7365  loss_cls: 2.5262  loss_bbox: 1.2103
2025/06/23 14:05:23 - mmengine - INFO - Epoch(train) [20][4000/9162]  lr: 2.0000e-04  eta: 8:24:16  time: 0.7551  data_time: 0.1382  memory: 1708  loss: 3.7458  loss_cls: 2.5202  loss_bbox: 1.2256
2025/06/23 14:06:00 - mmengine - INFO - Epoch(train) [20][4050/9162]  lr: 2.0000e-04  eta: 8:23:40  time: 0.7378  data_time: 0.1065  memory: 1708  loss: 3.7615  loss_cls: 2.5186  loss_bbox: 1.2429
2025/06/23 14:06:37 - mmengine - INFO - Epoch(train) [20][4100/9162]  lr: 2.0000e-04  eta: 8:23:04  time: 0.7429  data_time: 0.1190  memory: 1708  loss: 3.6917  loss_cls: 2.4828  loss_bbox: 1.2089
2025/06/23 14:07:15 - mmengine - INFO - Epoch(train) [20][4150/9162]  lr: 2.0000e-04  eta: 8:22:28  time: 0.7497  data_time: 0.1150  memory: 1708  loss: 3.8868  loss_cls: 2.5991  loss_bbox: 1.2876
2025/06/23 14:07:52 - mmengine - INFO - Epoch(train) [20][4200/9162]  lr: 2.0000e-04  eta: 8:21:52  time: 0.7466  data_time: 0.1326  memory: 1708  loss: 3.7440  loss_cls: 2.5397  loss_bbox: 1.2043
2025/06/23 14:08:30 - mmengine - INFO - Epoch(train) [20][4250/9162]  lr: 2.0000e-04  eta: 8:21:16  time: 0.7537  data_time: 0.1123  memory: 1708  loss: 3.7128  loss_cls: 2.5326  loss_bbox: 1.1801
2025/06/23 14:09:07 - mmengine - INFO - Epoch(train) [20][4300/9162]  lr: 2.0000e-04  eta: 8:20:40  time: 0.7389  data_time: 0.1243  memory: 1708  loss: 3.8562  loss_cls: 2.6125  loss_bbox: 1.2437
2025/06/23 14:09:44 - mmengine - INFO - Epoch(train) [20][4350/9162]  lr: 2.0000e-04  eta: 8:20:04  time: 0.7466  data_time: 0.1215  memory: 1708  loss: 3.6985  loss_cls: 2.4902  loss_bbox: 1.2083
2025/06/23 14:10:22 - mmengine - INFO - Epoch(train) [20][4400/9162]  lr: 2.0000e-04  eta: 8:19:28  time: 0.7546  data_time: 0.1367  memory: 1708  loss: 3.7492  loss_cls: 2.5402  loss_bbox: 1.2090
2025/06/23 14:10:59 - mmengine - INFO - Epoch(train) [20][4450/9162]  lr: 2.0000e-04  eta: 8:18:52  time: 0.7481  data_time: 0.1049  memory: 1708  loss: 3.7341  loss_cls: 2.5291  loss_bbox: 1.2050
2025/06/23 14:11:37 - mmengine - INFO - Epoch(train) [20][4500/9162]  lr: 2.0000e-04  eta: 8:18:17  time: 0.7568  data_time: 0.1287  memory: 1708  loss: 3.6691  loss_cls: 2.4852  loss_bbox: 1.1839
2025/06/23 14:12:15 - mmengine - INFO - Epoch(train) [20][4550/9162]  lr: 2.0000e-04  eta: 8:17:41  time: 0.7557  data_time: 0.1211  memory: 1708  loss: 3.8156  loss_cls: 2.5593  loss_bbox: 1.2563
2025/06/23 14:12:52 - mmengine - INFO - Epoch(train) [20][4600/9162]  lr: 2.0000e-04  eta: 8:17:05  time: 0.7431  data_time: 0.1206  memory: 1708  loss: 3.8085  loss_cls: 2.5448  loss_bbox: 1.2637
2025/06/23 14:13:30 - mmengine - INFO - Epoch(train) [20][4650/9162]  lr: 2.0000e-04  eta: 8:16:29  time: 0.7487  data_time: 0.1367  memory: 1708  loss: 3.7860  loss_cls: 2.5632  loss_bbox: 1.2228
2025/06/23 14:14:08 - mmengine - INFO - Epoch(train) [20][4700/9162]  lr: 2.0000e-04  eta: 8:15:53  time: 0.7516  data_time: 0.0962  memory: 1708  loss: 3.6704  loss_cls: 2.5037  loss_bbox: 1.1668
2025/06/23 14:14:45 - mmengine - INFO - Epoch(train) [20][4750/9162]  lr: 2.0000e-04  eta: 8:15:17  time: 0.7498  data_time: 0.1220  memory: 1708  loss: 3.6849  loss_cls: 2.5098  loss_bbox: 1.1750
2025/06/23 14:15:23 - mmengine - INFO - Epoch(train) [20][4800/9162]  lr: 2.0000e-04  eta: 8:14:41  time: 0.7501  data_time: 0.1217  memory: 1708  loss: 3.7263  loss_cls: 2.5281  loss_bbox: 1.1981
2025/06/23 14:16:00 - mmengine - INFO - Epoch(train) [20][4850/9162]  lr: 2.0000e-04  eta: 8:14:05  time: 0.7454  data_time: 0.1061  memory: 1708  loss: 3.8248  loss_cls: 2.5599  loss_bbox: 1.2649
2025/06/23 14:16:38 - mmengine - INFO - Epoch(train) [20][4900/9162]  lr: 2.0000e-04  eta: 8:13:29  time: 0.7484  data_time: 0.1032  memory: 1708  loss: 3.7421  loss_cls: 2.5326  loss_bbox: 1.2094
2025/06/23 14:16:54 - mmengine - INFO - Exp name: ssd300_coco_20250622_013555
2025/06/23 14:17:15 - mmengine - INFO - Epoch(train) [20][4950/9162]  lr: 2.0000e-04  eta: 8:12:54  time: 0.7469  data_time: 0.0987  memory: 1708  loss: 3.8352  loss_cls: 2.5854  loss_bbox: 1.2499
2025/06/23 14:17:52 - mmengine - INFO - Epoch(train) [20][5000/9162]  lr: 2.0000e-04  eta: 8:12:18  time: 0.7435  data_time: 0.1146  memory: 1708  loss: 3.7401  loss_cls: 2.5228  loss_bbox: 1.2173
2025/06/23 14:18:29 - mmengine - INFO - Epoch(train) [20][5050/9162]  lr: 2.0000e-04  eta: 8:11:42  time: 0.7371  data_time: 0.0802  memory: 1708  loss: 3.7922  loss_cls: 2.5491  loss_bbox: 1.2431
2025/06/23 14:19:07 - mmengine - INFO - Epoch(train) [20][5100/9162]  lr: 2.0000e-04  eta: 8:11:06  time: 0.7526  data_time: 0.1353  memory: 1708  loss: 3.7627  loss_cls: 2.5534  loss_bbox: 1.2093
2025/06/23 14:19:44 - mmengine - INFO - Epoch(train) [20][5150/9162]  lr: 2.0000e-04  eta: 8:10:30  time: 0.7462  data_time: 0.1251  memory: 1708  loss: 3.8003  loss_cls: 2.5613  loss_bbox: 1.2390
2025/06/23 14:20:22 - mmengine - INFO - Epoch(train) [20][5200/9162]  lr: 2.0000e-04  eta: 8:09:54  time: 0.7442  data_time: 0.1301  memory: 1708  loss: 3.7096  loss_cls: 2.5008  loss_bbox: 1.2088
2025/06/23 14:20:59 - mmengine - INFO - Epoch(train) [20][5250/9162]  lr: 2.0000e-04  eta: 8:09:18  time: 0.7482  data_time: 0.1120  memory: 1708  loss: 3.8102  loss_cls: 2.5641  loss_bbox: 1.2461
2025/06/23 14:21:36 - mmengine - INFO - Epoch(train) [20][5300/9162]  lr: 2.0000e-04  eta: 8:08:42  time: 0.7420  data_time: 0.0793  memory: 1708  loss: 3.7031  loss_cls: 2.4806  loss_bbox: 1.2225
2025/06/23 14:22:14 - mmengine - INFO - Epoch(train) [20][5350/9162]  lr: 2.0000e-04  eta: 8:08:06  time: 0.7572  data_time: 0.1008  memory: 1708  loss: 3.7563  loss_cls: 2.5533  loss_bbox: 1.2031
2025/06/23 14:22:52 - mmengine - INFO - Epoch(train) [20][5400/9162]  lr: 2.0000e-04  eta: 8:07:30  time: 0.7546  data_time: 0.1152  memory: 1708  loss: 3.7894  loss_cls: 2.5632  loss_bbox: 1.2262
2025/06/23 14:23:29 - mmengine - INFO - Epoch(train) [20][5450/9162]  lr: 2.0000e-04  eta: 8:06:54  time: 0.7489  data_time: 0.1462  memory: 1708  loss: 3.5753  loss_cls: 2.4618  loss_bbox: 1.1135
2025/06/23 14:24:07 - mmengine - INFO - Epoch(train) [20][5500/9162]  lr: 2.0000e-04  eta: 8:06:18  time: 0.7454  data_time: 0.1145  memory: 1708  loss: 3.7827  loss_cls: 2.5169  loss_bbox: 1.2658
2025/06/23 14:24:45 - mmengine - INFO - Epoch(train) [20][5550/9162]  lr: 2.0000e-04  eta: 8:05:42  time: 0.7530  data_time: 0.1302  memory: 1708  loss: 3.7711  loss_cls: 2.5109  loss_bbox: 1.2602
2025/06/23 14:25:22 - mmengine - INFO - Epoch(train) [20][5600/9162]  lr: 2.0000e-04  eta: 8:05:07  time: 0.7467  data_time: 0.1234  memory: 1708  loss: 3.7910  loss_cls: 2.5730  loss_bbox: 1.2180
2025/06/23 14:25:59 - mmengine - INFO - Epoch(train) [20][5650/9162]  lr: 2.0000e-04  eta: 8:04:30  time: 0.7375  data_time: 0.1146  memory: 1708  loss: 3.6984  loss_cls: 2.5053  loss_bbox: 1.1931
2025/06/23 14:26:36 - mmengine - INFO - Epoch(train) [20][5700/9162]  lr: 2.0000e-04  eta: 8:03:55  time: 0.7477  data_time: 0.1201  memory: 1708  loss: 3.7298  loss_cls: 2.4954  loss_bbox: 1.2343
2025/06/23 14:27:14 - mmengine - INFO - Epoch(train) [20][5750/9162]  lr: 2.0000e-04  eta: 8:03:19  time: 0.7473  data_time: 0.1200  memory: 1708  loss: 3.7209  loss_cls: 2.5235  loss_bbox: 1.1974
2025/06/23 14:27:51 - mmengine - INFO - Epoch(train) [20][5800/9162]  lr: 2.0000e-04  eta: 8:02:43  time: 0.7497  data_time: 0.1049  memory: 1708  loss: 3.7086  loss_cls: 2.5087  loss_bbox: 1.1999
2025/06/23 14:28:29 - mmengine - INFO - Epoch(train) [20][5850/9162]  lr: 2.0000e-04  eta: 8:02:07  time: 0.7498  data_time: 0.0907  memory: 1708  loss: 3.8370  loss_cls: 2.5791  loss_bbox: 1.2579
2025/06/23 14:29:06 - mmengine - INFO - Epoch(train) [20][5900/9162]  lr: 2.0000e-04  eta: 8:01:31  time: 0.7356  data_time: 0.0946  memory: 1708  loss: 3.7358  loss_cls: 2.5417  loss_bbox: 1.1940
2025/06/23 14:29:22 - mmengine - INFO - Exp name: ssd300_coco_20250622_013555
2025/06/23 14:29:43 - mmengine - INFO - Epoch(train) [20][5950/9162]  lr: 2.0000e-04  eta: 8:00:55  time: 0.7522  data_time: 0.1060  memory: 1708  loss: 3.7243  loss_cls: 2.5485  loss_bbox: 1.1759
2025/06/23 14:30:21 - mmengine - INFO - Epoch(train) [20][6000/9162]  lr: 2.0000e-04  eta: 8:00:19  time: 0.7399  data_time: 0.0971  memory: 1708  loss: 3.7538  loss_cls: 2.5253  loss_bbox: 1.2284
2025/06/23 14:30:58 - mmengine - INFO - Epoch(train) [20][6050/9162]  lr: 2.0000e-04  eta: 7:59:43  time: 0.7538  data_time: 0.1341  memory: 1708  loss: 3.7269  loss_cls: 2.5025  loss_bbox: 1.2245
2025/06/23 14:31:36 - mmengine - INFO - Epoch(train) [20][6100/9162]  lr: 2.0000e-04  eta: 7:59:07  time: 0.7492  data_time: 0.1136  memory: 1708  loss: 3.7956  loss_cls: 2.5639  loss_bbox: 1.2317
2025/06/23 14:32:13 - mmengine - INFO - Epoch(train) [20][6150/9162]  lr: 2.0000e-04  eta: 7:58:31  time: 0.7439  data_time: 0.1046  memory: 1708  loss: 3.7384  loss_cls: 2.5301  loss_bbox: 1.2083
2025/06/23 14:32:51 - mmengine - INFO - Epoch(train) [20][6200/9162]  lr: 2.0000e-04  eta: 7:57:55  time: 0.7488  data_time: 0.1108  memory: 1708  loss: 3.8049  loss_cls: 2.5362  loss_bbox: 1.2687
2025/06/23 14:33:28 - mmengine - INFO - Epoch(train) [20][6250/9162]  lr: 2.0000e-04  eta: 7:57:19  time: 0.7454  data_time: 0.1050  memory: 1708  loss: 3.7069  loss_cls: 2.5245  loss_bbox: 1.1824
2025/06/23 14:34:05 - mmengine - INFO - Epoch(train) [20][6300/9162]  lr: 2.0000e-04  eta: 7:56:43  time: 0.7408  data_time: 0.0911  memory: 1708  loss: 3.8033  loss_cls: 2.5646  loss_bbox: 1.2387
2025/06/23 14:34:43 - mmengine - INFO - Epoch(train) [20][6350/9162]  lr: 2.0000e-04  eta: 7:56:07  time: 0.7532  data_time: 0.1237  memory: 1708  loss: 3.7424  loss_cls: 2.5156  loss_bbox: 1.2268
2025/06/23 14:35:21 - mmengine - INFO - Epoch(train) [20][6400/9162]  lr: 2.0000e-04  eta: 7:55:31  time: 0.7545  data_time: 0.1234  memory: 1708  loss: 3.8032  loss_cls: 2.5705  loss_bbox: 1.2327
2025/06/23 14:35:58 - mmengine - INFO - Epoch(train) [20][6450/9162]  lr: 2.0000e-04  eta: 7:54:56  time: 0.7499  data_time: 0.1124  memory: 1708  loss: 3.8794  loss_cls: 2.5988  loss_bbox: 1.2806
2025/06/23 14:36:36 - mmengine - INFO - Epoch(train) [20][6500/9162]  lr: 2.0000e-04  eta: 7:54:20  time: 0.7512  data_time: 0.0975  memory: 1708  loss: 3.7409  loss_cls: 2.5165  loss_bbox: 1.2244
2025/06/23 14:37:13 - mmengine - INFO - Epoch(train) [20][6550/9162]  lr: 2.0000e-04  eta: 7:53:44  time: 0.7499  data_time: 0.1299  memory: 1708  loss: 3.7313  loss_cls: 2.5286  loss_bbox: 1.2026
2025/06/23 14:37:51 - mmengine - INFO - Epoch(train) [20][6600/9162]  lr: 2.0000e-04  eta: 7:53:08  time: 0.7434  data_time: 0.0898  memory: 1708  loss: 3.7159  loss_cls: 2.5117  loss_bbox: 1.2042
2025/06/23 14:38:28 - mmengine - INFO - Epoch(train) [20][6650/9162]  lr: 2.0000e-04  eta: 7:52:32  time: 0.7436  data_time: 0.0986  memory: 1708  loss: 3.7701  loss_cls: 2.5362  loss_bbox: 1.2339
2025/06/23 14:39:06 - mmengine - INFO - Epoch(train) [20][6700/9162]  lr: 2.0000e-04  eta: 7:51:56  time: 0.7538  data_time: 0.1180  memory: 1708  loss: 3.7082  loss_cls: 2.5042  loss_bbox: 1.2041
2025/06/23 14:39:43 - mmengine - INFO - Epoch(train) [20][6750/9162]  lr: 2.0000e-04  eta: 7:51:20  time: 0.7472  data_time: 0.1240  memory: 1708  loss: 3.7607  loss_cls: 2.5450  loss_bbox: 1.2157
2025/06/23 14:40:20 - mmengine - INFO - Epoch(train) [20][6800/9162]  lr: 2.0000e-04  eta: 7:50:44  time: 0.7462  data_time: 0.0938  memory: 1708  loss: 3.7618  loss_cls: 2.5359  loss_bbox: 1.2258
2025/06/23 14:40:59 - mmengine - INFO - Epoch(train) [20][6850/9162]  lr: 2.0000e-04  eta: 7:50:08  time: 0.7602  data_time: 0.1141  memory: 1708  loss: 3.8414  loss_cls: 2.5602  loss_bbox: 1.2812
2025/06/23 14:41:38 - mmengine - INFO - Epoch(train) [20][6900/9162]  lr: 2.0000e-04  eta: 7:49:33  time: 0.7785  data_time: 0.1214  memory: 1708  loss: 3.8267  loss_cls: 2.5760  loss_bbox: 1.2508
2025/06/23 14:41:54 - mmengine - INFO - Exp name: ssd300_coco_20250622_013555
2025/06/23 14:42:15 - mmengine - INFO - Epoch(train) [20][6950/9162]  lr: 2.0000e-04  eta: 7:48:57  time: 0.7571  data_time: 0.1182  memory: 1708  loss: 3.7133  loss_cls: 2.5222  loss_bbox: 1.1911
2025/06/23 14:42:53 - mmengine - INFO - Epoch(train) [20][7000/9162]  lr: 2.0000e-04  eta: 7:48:21  time: 0.7570  data_time: 0.1306  memory: 1708  loss: 3.7952  loss_cls: 2.5533  loss_bbox: 1.2420
2025/06/23 14:43:32 - mmengine - INFO - Epoch(train) [20][7050/9162]  lr: 2.0000e-04  eta: 7:47:45  time: 0.7624  data_time: 0.1270  memory: 1708  loss: 3.8795  loss_cls: 2.5873  loss_bbox: 1.2922
2025/06/23 14:44:10 - mmengine - INFO - Epoch(train) [20][7100/9162]  lr: 2.0000e-04  eta: 7:47:09  time: 0.7604  data_time: 0.1460  memory: 1708  loss: 3.6772  loss_cls: 2.4984  loss_bbox: 1.1788
2025/06/23 14:44:48 - mmengine - INFO - Epoch(train) [20][7150/9162]  lr: 2.0000e-04  eta: 7:46:33  time: 0.7566  data_time: 0.1396  memory: 1708  loss: 3.7985  loss_cls: 2.5785  loss_bbox: 1.2200
2025/06/23 14:45:26 - mmengine - INFO - Epoch(train) [20][7200/9162]  lr: 2.0000e-04  eta: 7:45:58  time: 0.7610  data_time: 0.1243  memory: 1708  loss: 3.8550  loss_cls: 2.6127  loss_bbox: 1.2424
2025/06/23 14:46:04 - mmengine - INFO - Epoch(train) [20][7250/9162]  lr: 2.0000e-04  eta: 7:45:22  time: 0.7572  data_time: 0.1214  memory: 1708  loss: 3.7263  loss_cls: 2.5402  loss_bbox: 1.1860
2025/06/23 14:46:41 - mmengine - INFO - Epoch(train) [20][7300/9162]  lr: 2.0000e-04  eta: 7:44:46  time: 0.7523  data_time: 0.1282  memory: 1708  loss: 3.8245  loss_cls: 2.5496  loss_bbox: 1.2748
2025/06/23 14:47:20 - mmengine - INFO - Epoch(train) [20][7350/9162]  lr: 2.0000e-04  eta: 7:44:10  time: 0.7634  data_time: 0.1277  memory: 1708  loss: 3.6766  loss_cls: 2.4799  loss_bbox: 1.1967
2025/06/23 14:47:58 - mmengine - INFO - Epoch(train) [20][7400/9162]  lr: 2.0000e-04  eta: 7:43:34  time: 0.7710  data_time: 0.1236  memory: 1708  loss: 3.8350  loss_cls: 2.5794  loss_bbox: 1.2556
2025/06/23 14:48:37 - mmengine - INFO - Epoch(train) [20][7450/9162]  lr: 2.0000e-04  eta: 7:42:59  time: 0.7680  data_time: 0.1337  memory: 1708  loss: 3.6879  loss_cls: 2.4962  loss_bbox: 1.1917
2025/06/23 14:49:14 - mmengine - INFO - Epoch(train) [20][7500/9162]  lr: 2.0000e-04  eta: 7:42:23  time: 0.7506  data_time: 0.0991  memory: 1708  loss: 3.9334  loss_cls: 2.6090  loss_bbox: 1.3243
2025/06/23 14:49:53 - mmengine - INFO - Epoch(train) [20][7550/9162]  lr: 2.0000e-04  eta: 7:41:47  time: 0.7740  data_time: 0.1122  memory: 1708  loss: 3.7256  loss_cls: 2.5193  loss_bbox: 1.2063
2025/06/23 14:50:32 - mmengine - INFO - Epoch(train) [20][7600/9162]  lr: 2.0000e-04  eta: 7:41:11  time: 0.7674  data_time: 0.1150  memory: 1708  loss: 3.7634  loss_cls: 2.5340  loss_bbox: 1.2293
2025/06/23 14:51:09 - mmengine - INFO - Epoch(train) [20][7650/9162]  lr: 2.0000e-04  eta: 7:40:35  time: 0.7479  data_time: 0.1140  memory: 1708  loss: 3.7907  loss_cls: 2.5851  loss_bbox: 1.2057
2025/06/23 14:51:46 - mmengine - INFO - Epoch(train) [20][7700/9162]  lr: 2.0000e-04  eta: 7:39:59  time: 0.7399  data_time: 0.1040  memory: 1708  loss: 3.8215  loss_cls: 2.5733  loss_bbox: 1.2482
2025/06/23 14:52:23 - mmengine - INFO - Epoch(train) [20][7750/9162]  lr: 2.0000e-04  eta: 7:39:23  time: 0.7427  data_time: 0.1139  memory: 1708  loss: 3.6504  loss_cls: 2.4967  loss_bbox: 1.1537
2025/06/23 14:53:01 - mmengine - INFO - Epoch(train) [20][7800/9162]  lr: 2.0000e-04  eta: 7:38:47  time: 0.7515  data_time: 0.1076  memory: 1708  loss: 3.8304  loss_cls: 2.6075  loss_bbox: 1.2229
2025/06/23 14:53:38 - mmengine - INFO - Epoch(train) [20][7850/9162]  lr: 2.0000e-04  eta: 7:38:11  time: 0.7455  data_time: 0.0821  memory: 1708  loss: 3.6813  loss_cls: 2.5205  loss_bbox: 1.1608
2025/06/23 14:54:16 - mmengine - INFO - Epoch(train) [20][7900/9162]  lr: 2.0000e-04  eta: 7:37:35  time: 0.7510  data_time: 0.1002  memory: 1708  loss: 3.8115  loss_cls: 2.5560  loss_bbox: 1.2556
2025/06/23 14:54:33 - mmengine - INFO - Exp name: ssd300_coco_20250622_013555
2025/06/23 14:54:54 - mmengine - INFO - Epoch(train) [20][7950/9162]  lr: 2.0000e-04  eta: 7:36:59  time: 0.7611  data_time: 0.1033  memory: 1708  loss: 3.8451  loss_cls: 2.5529  loss_bbox: 1.2923
2025/06/23 14:55:33 - mmengine - INFO - Epoch(train) [20][8000/9162]  lr: 2.0000e-04  eta: 7:36:24  time: 0.7698  data_time: 0.0991  memory: 1708  loss: 3.7601  loss_cls: 2.5298  loss_bbox: 1.2303
2025/06/23 14:56:11 - mmengine - INFO - Epoch(train) [20][8050/9162]  lr: 2.0000e-04  eta: 7:35:48  time: 0.7573  data_time: 0.1230  memory: 1708  loss: 3.7365  loss_cls: 2.5357  loss_bbox: 1.2008
2025/06/23 14:56:48 - mmengine - INFO - Epoch(train) [20][8100/9162]  lr: 2.0000e-04  eta: 7:35:12  time: 0.7511  data_time: 0.1188  memory: 1708  loss: 3.9023  loss_cls: 2.6262  loss_bbox: 1.2762
2025/06/23 14:57:21 - mmengine - INFO - Epoch(train) [20][8150/9162]  lr: 2.0000e-04  eta: 7:34:35  time: 0.6479  data_time: 0.0572  memory: 1708  loss: 3.8373  loss_cls: 2.5790  loss_bbox: 1.2583
2025/06/23 14:57:55 - mmengine - INFO - Epoch(train) [20][8200/9162]  lr: 2.0000e-04  eta: 7:33:58  time: 0.6919  data_time: 0.0889  memory: 1708  loss: 3.7151  loss_cls: 2.5135  loss_bbox: 1.2016
2025/06/23 14:58:32 - mmengine - INFO - Epoch(train) [20][8250/9162]  lr: 2.0000e-04  eta: 7:33:22  time: 0.7424  data_time: 0.1247  memory: 1708  loss: 3.7441  loss_cls: 2.5507  loss_bbox: 1.1933
2025/06/23 14:59:09 - mmengine - INFO - Epoch(train) [20][8300/9162]  lr: 2.0000e-04  eta: 7:32:46  time: 0.7372  data_time: 0.1276  memory: 1708  loss: 3.6545  loss_cls: 2.5194  loss_bbox: 1.1352
2025/06/23 14:59:46 - mmengine - INFO - Epoch(train) [20][8350/9162]  lr: 2.0000e-04  eta: 7:32:10  time: 0.7396  data_time: 0.1187  memory: 1708  loss: 3.7799  loss_cls: 2.5727  loss_bbox: 1.2071
2025/06/23 15:00:24 - mmengine - INFO - Epoch(train) [20][8400/9162]  lr: 2.0000e-04  eta: 7:31:34  time: 0.7461  data_time: 0.1253  memory: 1708  loss: 3.7475  loss_cls: 2.5491  loss_bbox: 1.1984
2025/06/23 15:01:01 - mmengine - INFO - Epoch(train) [20][8450/9162]  lr: 2.0000e-04  eta: 7:30:58  time: 0.7431  data_time: 0.1200  memory: 1708  loss: 3.7508  loss_cls: 2.5096  loss_bbox: 1.2411
2025/06/23 15:01:39 - mmengine - INFO - Epoch(train) [20][8500/9162]  lr: 2.0000e-04  eta: 7:30:22  time: 0.7550  data_time: 0.1336  memory: 1708  loss: 3.6905  loss_cls: 2.4856  loss_bbox: 1.2050
2025/06/23 15:02:17 - mmengine - INFO - Epoch(train) [20][8550/9162]  lr: 2.0000e-04  eta: 7:29:46  time: 0.7565  data_time: 0.1067  memory: 1708  loss: 3.6601  loss_cls: 2.4697  loss_bbox: 1.1904
2025/06/23 15:02:54 - mmengine - INFO - Epoch(train) [20][8600/9162]  lr: 2.0000e-04  eta: 7:29:10  time: 0.7449  data_time: 0.1223  memory: 1708  loss: 3.7472  loss_cls: 2.5301  loss_bbox: 1.2171
2025/06/23 15:03:31 - mmengine - INFO - Epoch(train) [20][8650/9162]  lr: 2.0000e-04  eta: 7:28:34  time: 0.7394  data_time: 0.1061  memory: 1708  loss: 3.8110  loss_cls: 2.5800  loss_bbox: 1.2310
2025/06/23 15:04:09 - mmengine - INFO - Epoch(train) [20][8700/9162]  lr: 2.0000e-04  eta: 7:27:58  time: 0.7568  data_time: 0.0898  memory: 1708  loss: 3.7896  loss_cls: 2.5290  loss_bbox: 1.2606
2025/06/23 15:04:46 - mmengine - INFO - Epoch(train) [20][8750/9162]  lr: 2.0000e-04  eta: 7:27:22  time: 0.7418  data_time: 0.1224  memory: 1708  loss: 3.7697  loss_cls: 2.5328  loss_bbox: 1.2368
2025/06/23 15:05:23 - mmengine - INFO - Epoch(train) [20][8800/9162]  lr: 2.0000e-04  eta: 7:26:46  time: 0.7426  data_time: 0.0985  memory: 1708  loss: 3.8038  loss_cls: 2.5377  loss_bbox: 1.2661
2025/06/23 15:06:01 - mmengine - INFO - Epoch(train) [20][8850/9162]  lr: 2.0000e-04  eta: 7:26:10  time: 0.7403  data_time: 0.0932  memory: 1708  loss: 3.7832  loss_cls: 2.5267  loss_bbox: 1.2565
2025/06/23 15:06:38 - mmengine - INFO - Epoch(train) [20][8900/9162]  lr: 2.0000e-04  eta: 7:25:34  time: 0.7421  data_time: 0.1228  memory: 1708  loss: 3.6184  loss_cls: 2.4598  loss_bbox: 1.1586
2025/06/23 15:06:54 - mmengine - INFO - Exp name: ssd300_coco_20250622_013555
2025/06/23 15:07:15 - mmengine - INFO - Epoch(train) [20][8950/9162]  lr: 2.0000e-04  eta: 7:24:58  time: 0.7396  data_time: 0.1082  memory: 1708  loss: 3.7434  loss_cls: 2.5280  loss_bbox: 1.2154
2025/06/23 15:07:52 - mmengine - INFO - Epoch(train) [20][9000/9162]  lr: 2.0000e-04  eta: 7:24:22  time: 0.7406  data_time: 0.1155  memory: 1708  loss: 3.7143  loss_cls: 2.5062  loss_bbox: 1.2081
2025/06/23 15:08:29 - mmengine - INFO - Epoch(train) [20][9050/9162]  lr: 2.0000e-04  eta: 7:23:46  time: 0.7447  data_time: 0.1082  memory: 1708  loss: 3.7741  loss_cls: 2.5292  loss_bbox: 1.2449
2025/06/23 15:09:07 - mmengine - INFO - Epoch(train) [20][9100/9162]  lr: 2.0000e-04  eta: 7:23:10  time: 0.7457  data_time: 0.1260  memory: 1708  loss: 3.8298  loss_cls: 2.5783  loss_bbox: 1.2514
2025/06/23 15:09:44 - mmengine - INFO - Epoch(train) [20][9150/9162]  lr: 2.0000e-04  eta: 7:22:34  time: 0.7404  data_time: 0.1106  memory: 1708  loss: 3.7940  loss_cls: 2.5131  loss_bbox: 1.2810
2025/06/23 15:09:52 - mmengine - INFO - Exp name: ssd300_coco_20250622_013555
2025/06/23 15:09:52 - mmengine - INFO - Saving checkpoint at 20 epochs
2025/06/23 15:10:07 - mmengine - INFO - Epoch(val) [20][ 50/157]    eta: 0:00:27  time: 0.2566  data_time: 0.0493  memory: 1708  
2025/06/23 15:10:20 - mmengine - INFO - Epoch(val) [20][100/157]    eta: 0:00:14  time: 0.2505  data_time: 0.0455  memory: 851  
2025/06/23 15:10:32 - mmengine - INFO - Epoch(val) [20][150/157]    eta: 0:00:01  time: 0.2533  data_time: 0.0430  memory: 851  
2025/06/23 15:10:51 - mmengine - INFO - Evaluating bbox...
2025/06/23 15:12:02 - mmengine - INFO - bbox_mAP_copypaste: 0.249 0.428 0.256 0.066 0.270 0.413
2025/06/23 15:12:03 - mmengine - INFO - Epoch(val) [20][157/157]    coco/bbox_mAP: 0.2490  coco/bbox_mAP_50: 0.4280  coco/bbox_mAP_75: 0.2560  coco/bbox_mAP_s: 0.0660  coco/bbox_mAP_m: 0.2700  coco/bbox_mAP_l: 0.4130  data_time: 0.0453  time: 0.2508
2025/06/23 15:12:40 - mmengine - INFO - Epoch(train) [21][  50/9162]  lr: 2.0000e-04  eta: 7:21:49  time: 0.7472  data_time: 0.0957  memory: 1708  loss: 3.7619  loss_cls: 2.5362  loss_bbox: 1.2257
2025/06/23 15:13:18 - mmengine - INFO - Epoch(train) [21][ 100/9162]  lr: 2.0000e-04  eta: 7:21:13  time: 0.7470  data_time: 0.1298  memory: 1708  loss: 3.8314  loss_cls: 2.5534  loss_bbox: 1.2780
2025/06/23 15:13:55 - mmengine - INFO - Epoch(train) [21][ 150/9162]  lr: 2.0000e-04  eta: 7:20:37  time: 0.7446  data_time: 0.1190  memory: 1708  loss: 3.7157  loss_cls: 2.4899  loss_bbox: 1.2258
2025/06/23 15:14:32 - mmengine - INFO - Epoch(train) [21][ 200/9162]  lr: 2.0000e-04  eta: 7:20:01  time: 0.7407  data_time: 0.1093  memory: 1708  loss: 3.8095  loss_cls: 2.5713  loss_bbox: 1.2382
2025/06/23 15:15:10 - mmengine - INFO - Epoch(train) [21][ 250/9162]  lr: 2.0000e-04  eta: 7:19:25  time: 0.7455  data_time: 0.1433  memory: 1708  loss: 3.7711  loss_cls: 2.5428  loss_bbox: 1.2282
2025/06/23 15:15:47 - mmengine - INFO - Epoch(train) [21][ 300/9162]  lr: 2.0000e-04  eta: 7:18:49  time: 0.7406  data_time: 0.1038  memory: 1708  loss: 3.7599  loss_cls: 2.5426  loss_bbox: 1.2173
2025/06/23 15:16:24 - mmengine - INFO - Epoch(train) [21][ 350/9162]  lr: 2.0000e-04  eta: 7:18:13  time: 0.7403  data_time: 0.1054  memory: 1708  loss: 3.8057  loss_cls: 2.5425  loss_bbox: 1.2632
2025/06/23 15:17:01 - mmengine - INFO - Epoch(train) [21][ 400/9162]  lr: 2.0000e-04  eta: 7:17:37  time: 0.7523  data_time: 0.1109  memory: 1708  loss: 3.8170  loss_cls: 2.5803  loss_bbox: 1.2367
2025/06/23 15:17:39 - mmengine - INFO - Epoch(train) [21][ 450/9162]  lr: 2.0000e-04  eta: 7:17:01  time: 0.7586  data_time: 0.1297  memory: 1708  loss: 3.7839  loss_cls: 2.5282  loss_bbox: 1.2557
2025/06/23 15:18:18 - mmengine - INFO - Epoch(train) [21][ 500/9162]  lr: 2.0000e-04  eta: 7:16:26  time: 0.7615  data_time: 0.1106  memory: 1708  loss: 3.7786  loss_cls: 2.5270  loss_bbox: 1.2516
2025/06/23 15:18:56 - mmengine - INFO - Epoch(train) [21][ 550/9162]  lr: 2.0000e-04  eta: 7:15:50  time: 0.7641  data_time: 0.1079  memory: 1708  loss: 3.7084  loss_cls: 2.5205  loss_bbox: 1.1880
2025/06/23 15:19:34 - mmengine - INFO - Epoch(train) [21][ 600/9162]  lr: 2.0000e-04  eta: 7:15:14  time: 0.7652  data_time: 0.1104  memory: 1708  loss: 3.7696  loss_cls: 2.5661  loss_bbox: 1.2035
2025/06/23 15:20:12 - mmengine - INFO - Epoch(train) [21][ 650/9162]  lr: 2.0000e-04  eta: 7:14:38  time: 0.7558  data_time: 0.1165  memory: 1708  loss: 3.7419  loss_cls: 2.4913  loss_bbox: 1.2507
2025/06/23 15:20:50 - mmengine - INFO - Epoch(train) [21][ 700/9162]  lr: 2.0000e-04  eta: 7:14:02  time: 0.7651  data_time: 0.1034  memory: 1708  loss: 3.7557  loss_cls: 2.4994  loss_bbox: 1.2563
2025/06/23 15:21:28 - mmengine - INFO - Epoch(train) [21][ 750/9162]  lr: 2.0000e-04  eta: 7:13:26  time: 0.7540  data_time: 0.1310  memory: 1708  loss: 3.6534  loss_cls: 2.4815  loss_bbox: 1.1719
2025/06/23 15:21:36 - mmengine - INFO - Exp name: ssd300_coco_20250622_013555
2025/06/23 15:22:06 - mmengine - INFO - Epoch(train) [21][ 800/9162]  lr: 2.0000e-04  eta: 7:12:50  time: 0.7563  data_time: 0.1041  memory: 1708  loss: 3.6690  loss_cls: 2.4710  loss_bbox: 1.1980
2025/06/23 15:22:44 - mmengine - INFO - Epoch(train) [21][ 850/9162]  lr: 2.0000e-04  eta: 7:12:14  time: 0.7502  data_time: 0.1157  memory: 1708  loss: 3.6703  loss_cls: 2.4856  loss_bbox: 1.1847
2025/06/23 15:23:21 - mmengine - INFO - Epoch(train) [21][ 900/9162]  lr: 2.0000e-04  eta: 7:11:38  time: 0.7461  data_time: 0.1140  memory: 1708  loss: 3.7470  loss_cls: 2.5016  loss_bbox: 1.2455
2025/06/23 15:23:59 - mmengine - INFO - Epoch(train) [21][ 950/9162]  lr: 2.0000e-04  eta: 7:11:02  time: 0.7509  data_time: 0.1363  memory: 1708  loss: 3.7598  loss_cls: 2.5294  loss_bbox: 1.2304
2025/06/23 15:24:36 - mmengine - INFO - Epoch(train) [21][1000/9162]  lr: 2.0000e-04  eta: 7:10:26  time: 0.7472  data_time: 0.1119  memory: 1708  loss: 3.7396  loss_cls: 2.4770  loss_bbox: 1.2626
2025/06/23 15:25:15 - mmengine - INFO - Epoch(train) [21][1050/9162]  lr: 2.0000e-04  eta: 7:09:51  time: 0.7777  data_time: 0.1221  memory: 1708  loss: 3.7303  loss_cls: 2.5385  loss_bbox: 1.1918
2025/06/23 15:25:53 - mmengine - INFO - Epoch(train) [21][1100/9162]  lr: 2.0000e-04  eta: 7:09:15  time: 0.7586  data_time: 0.0896  memory: 1708  loss: 3.8542  loss_cls: 2.6007  loss_bbox: 1.2535
2025/06/23 15:26:31 - mmengine - INFO - Epoch(train) [21][1150/9162]  lr: 2.0000e-04  eta: 7:08:39  time: 0.7600  data_time: 0.1006  memory: 1708  loss: 3.6544  loss_cls: 2.5097  loss_bbox: 1.1447
2025/06/23 15:27:08 - mmengine - INFO - Epoch(train) [21][1200/9162]  lr: 2.0000e-04  eta: 7:08:03  time: 0.7435  data_time: 0.0991  memory: 1708  loss: 3.6920  loss_cls: 2.4843  loss_bbox: 1.2077
2025/06/23 15:27:46 - mmengine - INFO - Epoch(train) [21][1250/9162]  lr: 2.0000e-04  eta: 7:07:27  time: 0.7445  data_time: 0.1158  memory: 1708  loss: 3.7097  loss_cls: 2.5244  loss_bbox: 1.1853
2025/06/23 15:28:23 - mmengine - INFO - Epoch(train) [21][1300/9162]  lr: 2.0000e-04  eta: 7:06:51  time: 0.7455  data_time: 0.1046  memory: 1708  loss: 3.7704  loss_cls: 2.5342  loss_bbox: 1.2363
2025/06/23 15:29:00 - mmengine - INFO - Epoch(train) [21][1350/9162]  lr: 2.0000e-04  eta: 7:06:15  time: 0.7338  data_time: 0.0895  memory: 1708  loss: 3.7166  loss_cls: 2.4956  loss_bbox: 1.2211
2025/06/23 15:29:37 - mmengine - INFO - Epoch(train) [21][1400/9162]  lr: 2.0000e-04  eta: 7:05:39  time: 0.7387  data_time: 0.0839  memory: 1708  loss: 3.6781  loss_cls: 2.5116  loss_bbox: 1.1665
2025/06/23 15:30:14 - mmengine - INFO - Epoch(train) [21][1450/9162]  lr: 2.0000e-04  eta: 7:05:03  time: 0.7508  data_time: 0.1306  memory: 1708  loss: 3.7250  loss_cls: 2.5331  loss_bbox: 1.1919
2025/06/23 15:30:52 - mmengine - INFO - Epoch(train) [21][1500/9162]  lr: 2.0000e-04  eta: 7:04:27  time: 0.7446  data_time: 0.1285  memory: 1708  loss: 3.7374  loss_cls: 2.5110  loss_bbox: 1.2263
2025/06/23 15:31:29 - mmengine - INFO - Epoch(train) [21][1550/9162]  lr: 2.0000e-04  eta: 7:03:50  time: 0.7420  data_time: 0.1043  memory: 1708  loss: 3.6407  loss_cls: 2.4701  loss_bbox: 1.1705
2025/06/23 15:32:07 - mmengine - INFO - Epoch(train) [21][1600/9162]  lr: 2.0000e-04  eta: 7:03:15  time: 0.7608  data_time: 0.1248  memory: 1708  loss: 3.8767  loss_cls: 2.6170  loss_bbox: 1.2596
2025/06/23 15:32:45 - mmengine - INFO - Epoch(train) [21][1650/9162]  lr: 2.0000e-04  eta: 7:02:39  time: 0.7528  data_time: 0.1281  memory: 1708  loss: 3.7737  loss_cls: 2.5581  loss_bbox: 1.2156
2025/06/23 15:33:22 - mmengine - INFO - Epoch(train) [21][1700/9162]  lr: 2.0000e-04  eta: 7:02:03  time: 0.7496  data_time: 0.1281  memory: 1708  loss: 3.6720  loss_cls: 2.4864  loss_bbox: 1.1856
2025/06/23 15:34:00 - mmengine - INFO - Epoch(train) [21][1750/9162]  lr: 2.0000e-04  eta: 7:01:27  time: 0.7582  data_time: 0.1152  memory: 1708  loss: 3.6943  loss_cls: 2.4705  loss_bbox: 1.2239
2025/06/23 15:34:08 - mmengine - INFO - Exp name: ssd300_coco_20250622_013555
2025/06/23 15:34:38 - mmengine - INFO - Epoch(train) [21][1800/9162]  lr: 2.0000e-04  eta: 7:00:51  time: 0.7489  data_time: 0.1034  memory: 1708  loss: 3.8040  loss_cls: 2.5555  loss_bbox: 1.2485
2025/06/23 15:35:15 - mmengine - INFO - Epoch(train) [21][1850/9162]  lr: 2.0000e-04  eta: 7:00:15  time: 0.7431  data_time: 0.1263  memory: 1708  loss: 3.8572  loss_cls: 2.5791  loss_bbox: 1.2782
2025/06/23 15:35:53 - mmengine - INFO - Epoch(train) [21][1900/9162]  lr: 2.0000e-04  eta: 6:59:39  time: 0.7481  data_time: 0.1424  memory: 1708  loss: 3.7316  loss_cls: 2.5020  loss_bbox: 1.2297
2025/06/23 15:36:30 - mmengine - INFO - Epoch(train) [21][1950/9162]  lr: 2.0000e-04  eta: 6:59:03  time: 0.7470  data_time: 0.1234  memory: 1708  loss: 3.7945  loss_cls: 2.5273  loss_bbox: 1.2671
2025/06/23 15:37:08 - mmengine - INFO - Epoch(train) [21][2000/9162]  lr: 2.0000e-04  eta: 6:58:27  time: 0.7508  data_time: 0.1397  memory: 1708  loss: 3.6461  loss_cls: 2.4794  loss_bbox: 1.1667
2025/06/23 15:37:44 - mmengine - INFO - Epoch(train) [21][2050/9162]  lr: 2.0000e-04  eta: 6:57:50  time: 0.7274  data_time: 0.1163  memory: 1708  loss: 3.8506  loss_cls: 2.5980  loss_bbox: 1.2526
2025/06/23 15:38:18 - mmengine - INFO - Epoch(train) [21][2100/9162]  lr: 2.0000e-04  eta: 6:57:14  time: 0.6832  data_time: 0.0526  memory: 1708  loss: 3.7070  loss_cls: 2.5112  loss_bbox: 1.1959
2025/06/23 15:38:56 - mmengine - INFO - Epoch(train) [21][2150/9162]  lr: 2.0000e-04  eta: 6:56:38  time: 0.7489  data_time: 0.1170  memory: 1708  loss: 3.7170  loss_cls: 2.5097  loss_bbox: 1.2073
2025/06/23 15:39:33 - mmengine - INFO - Epoch(train) [21][2200/9162]  lr: 2.0000e-04  eta: 6:56:02  time: 0.7378  data_time: 0.1282  memory: 1708  loss: 3.7709  loss_cls: 2.5751  loss_bbox: 1.1957
2025/06/23 15:40:10 - mmengine - INFO - Epoch(train) [21][2250/9162]  lr: 2.0000e-04  eta: 6:55:26  time: 0.7490  data_time: 0.1205  memory: 1708  loss: 3.7110  loss_cls: 2.5053  loss_bbox: 1.2057
2025/06/23 15:40:47 - mmengine - INFO - Epoch(train) [21][2300/9162]  lr: 2.0000e-04  eta: 6:54:50  time: 0.7345  data_time: 0.1034  memory: 1708  loss: 3.7957  loss_cls: 2.5346  loss_bbox: 1.2612
2025/06/23 15:41:25 - mmengine - INFO - Epoch(train) [21][2350/9162]  lr: 2.0000e-04  eta: 6:54:14  time: 0.7498  data_time: 0.1281  memory: 1708  loss: 3.8073  loss_cls: 2.5734  loss_bbox: 1.2339
2025/06/23 15:42:02 - mmengine - INFO - Epoch(train) [21][2400/9162]  lr: 2.0000e-04  eta: 6:53:37  time: 0.7402  data_time: 0.1080  memory: 1708  loss: 3.7254  loss_cls: 2.5007  loss_bbox: 1.2247
2025/06/23 15:42:39 - mmengine - INFO - Epoch(train) [21][2450/9162]  lr: 2.0000e-04  eta: 6:53:01  time: 0.7441  data_time: 0.1302  memory: 1708  loss: 3.8627  loss_cls: 2.5574  loss_bbox: 1.3053
2025/06/23 15:43:16 - mmengine - INFO - Epoch(train) [21][2500/9162]  lr: 2.0000e-04  eta: 6:52:25  time: 0.7455  data_time: 0.1285  memory: 1708  loss: 3.8415  loss_cls: 2.5783  loss_bbox: 1.2633
2025/06/23 15:43:53 - mmengine - INFO - Epoch(train) [21][2550/9162]  lr: 2.0000e-04  eta: 6:51:49  time: 0.7391  data_time: 0.1064  memory: 1708  loss: 3.8554  loss_cls: 2.5932  loss_bbox: 1.2622
2025/06/23 15:44:30 - mmengine - INFO - Epoch(train) [21][2600/9162]  lr: 2.0000e-04  eta: 6:51:13  time: 0.7396  data_time: 0.1099  memory: 1708  loss: 3.7700  loss_cls: 2.5335  loss_bbox: 1.2365
2025/06/23 15:45:08 - mmengine - INFO - Epoch(train) [21][2650/9162]  lr: 2.0000e-04  eta: 6:50:37  time: 0.7422  data_time: 0.1274  memory: 1708  loss: 3.7879  loss_cls: 2.5599  loss_bbox: 1.2279
2025/06/23 15:45:45 - mmengine - INFO - Epoch(train) [21][2700/9162]  lr: 2.0000e-04  eta: 6:50:01  time: 0.7509  data_time: 0.1174  memory: 1708  loss: 3.6937  loss_cls: 2.5094  loss_bbox: 1.1844
2025/06/23 15:46:23 - mmengine - INFO - Epoch(train) [21][2750/9162]  lr: 2.0000e-04  eta: 6:49:25  time: 0.7502  data_time: 0.1341  memory: 1708  loss: 3.7783  loss_cls: 2.5427  loss_bbox: 1.2356
2025/06/23 15:46:30 - mmengine - INFO - Exp name: ssd300_coco_20250622_013555
2025/06/23 15:47:00 - mmengine - INFO - Epoch(train) [21][2800/9162]  lr: 2.0000e-04  eta: 6:48:49  time: 0.7425  data_time: 0.1218  memory: 1708  loss: 3.7471  loss_cls: 2.5273  loss_bbox: 1.2198
2025/06/23 15:47:37 - mmengine - INFO - Epoch(train) [21][2850/9162]  lr: 2.0000e-04  eta: 6:48:13  time: 0.7394  data_time: 0.1139  memory: 1708  loss: 3.7725  loss_cls: 2.5486  loss_bbox: 1.2239
2025/06/23 15:48:15 - mmengine - INFO - Epoch(train) [21][2900/9162]  lr: 2.0000e-04  eta: 6:47:37  time: 0.7490  data_time: 0.1246  memory: 1708  loss: 3.7014  loss_cls: 2.4986  loss_bbox: 1.2027
2025/06/23 15:48:52 - mmengine - INFO - Epoch(train) [21][2950/9162]  lr: 2.0000e-04  eta: 6:47:01  time: 0.7411  data_time: 0.1212  memory: 1708  loss: 3.7667  loss_cls: 2.5524  loss_bbox: 1.2143
2025/06/23 15:49:29 - mmengine - INFO - Epoch(train) [21][3000/9162]  lr: 2.0000e-04  eta: 6:46:25  time: 0.7404  data_time: 0.1260  memory: 1708  loss: 3.8471  loss_cls: 2.5355  loss_bbox: 1.3115
2025/06/23 15:50:06 - mmengine - INFO - Epoch(train) [21][3050/9162]  lr: 2.0000e-04  eta: 6:45:49  time: 0.7368  data_time: 0.1358  memory: 1708  loss: 3.7911  loss_cls: 2.5628  loss_bbox: 1.2283
2025/06/23 15:50:42 - mmengine - INFO - Epoch(train) [21][3100/9162]  lr: 2.0000e-04  eta: 6:45:12  time: 0.7297  data_time: 0.0963  memory: 1708  loss: 3.7273  loss_cls: 2.5030  loss_bbox: 1.2243
2025/06/23 15:51:19 - mmengine - INFO - Epoch(train) [21][3150/9162]  lr: 2.0000e-04  eta: 6:44:36  time: 0.7401  data_time: 0.1294  memory: 1708  loss: 3.8328  loss_cls: 2.5556  loss_bbox: 1.2772
2025/06/23 15:51:57 - mmengine - INFO - Epoch(train) [21][3200/9162]  lr: 2.0000e-04  eta: 6:44:00  time: 0.7529  data_time: 0.1310  memory: 1708  loss: 3.6618  loss_cls: 2.4788  loss_bbox: 1.1830
2025/06/23 15:52:34 - mmengine - INFO - Epoch(train) [21][3250/9162]  lr: 2.0000e-04  eta: 6:43:24  time: 0.7444  data_time: 0.1276  memory: 1708  loss: 3.8115  loss_cls: 2.5685  loss_bbox: 1.2430
2025/06/23 15:53:12 - mmengine - INFO - Epoch(train) [21][3300/9162]  lr: 2.0000e-04  eta: 6:42:48  time: 0.7523  data_time: 0.0890  memory: 1708  loss: 3.7596  loss_cls: 2.4863  loss_bbox: 1.2733
2025/06/23 15:53:49 - mmengine - INFO - Epoch(train) [21][3350/9162]  lr: 2.0000e-04  eta: 6:42:12  time: 0.7397  data_time: 0.1038  memory: 1708  loss: 3.7331  loss_cls: 2.5243  loss_bbox: 1.2088
2025/06/23 15:54:26 - mmengine - INFO - Epoch(train) [21][3400/9162]  lr: 2.0000e-04  eta: 6:41:36  time: 0.7443  data_time: 0.1184  memory: 1708  loss: 3.7957  loss_cls: 2.5729  loss_bbox: 1.2228
2025/06/23 15:55:04 - mmengine - INFO - Epoch(train) [21][3450/9162]  lr: 2.0000e-04  eta: 6:41:00  time: 0.7536  data_time: 0.1114  memory: 1708  loss: 3.7904  loss_cls: 2.5406  loss_bbox: 1.2498
2025/06/23 15:55:41 - mmengine - INFO - Epoch(train) [21][3500/9162]  lr: 2.0000e-04  eta: 6:40:24  time: 0.7325  data_time: 0.1184  memory: 1708  loss: 3.7280  loss_cls: 2.5263  loss_bbox: 1.2016
2025/06/23 15:56:18 - mmengine - INFO - Epoch(train) [21][3550/9162]  lr: 2.0000e-04  eta: 6:39:48  time: 0.7398  data_time: 0.1257  memory: 1708  loss: 3.8212  loss_cls: 2.5449  loss_bbox: 1.2763
2025/06/23 15:56:55 - mmengine - INFO - Epoch(train) [21][3600/9162]  lr: 2.0000e-04  eta: 6:39:12  time: 0.7390  data_time: 0.1254  memory: 1708  loss: 3.7181  loss_cls: 2.5402  loss_bbox: 1.1778
2025/06/23 15:57:32 - mmengine - INFO - Epoch(train) [21][3650/9162]  lr: 2.0000e-04  eta: 6:38:36  time: 0.7427  data_time: 0.1367  memory: 1708  loss: 3.7700  loss_cls: 2.5774  loss_bbox: 1.1926
2025/06/23 15:58:09 - mmengine - INFO - Epoch(train) [21][3700/9162]  lr: 2.0000e-04  eta: 6:38:00  time: 0.7425  data_time: 0.1054  memory: 1708  loss: 3.6736  loss_cls: 2.4758  loss_bbox: 1.1978
2025/06/23 15:58:47 - mmengine - INFO - Epoch(train) [21][3750/9162]  lr: 2.0000e-04  eta: 6:37:24  time: 0.7493  data_time: 0.1129  memory: 1708  loss: 3.7408  loss_cls: 2.5197  loss_bbox: 1.2211
2025/06/23 15:58:54 - mmengine - INFO - Exp name: ssd300_coco_20250622_013555
2025/06/23 15:59:24 - mmengine - INFO - Epoch(train) [21][3800/9162]  lr: 2.0000e-04  eta: 6:36:48  time: 0.7470  data_time: 0.1023  memory: 1708  loss: 3.7538  loss_cls: 2.5101  loss_bbox: 1.2437
2025/06/23 16:00:02 - mmengine - INFO - Epoch(train) [21][3850/9162]  lr: 2.0000e-04  eta: 6:36:12  time: 0.7593  data_time: 0.1135  memory: 1708  loss: 3.7330  loss_cls: 2.5307  loss_bbox: 1.2023
2025/06/23 16:00:40 - mmengine - INFO - Epoch(train) [21][3900/9162]  lr: 2.0000e-04  eta: 6:35:36  time: 0.7487  data_time: 0.0932  memory: 1708  loss: 3.7839  loss_cls: 2.5492  loss_bbox: 1.2347
2025/06/23 16:01:17 - mmengine - INFO - Epoch(train) [21][3950/9162]  lr: 2.0000e-04  eta: 6:35:00  time: 0.7502  data_time: 0.1139  memory: 1708  loss: 3.7532  loss_cls: 2.5368  loss_bbox: 1.2164
2025/06/23 16:01:56 - mmengine - INFO - Epoch(train) [21][4000/9162]  lr: 2.0000e-04  eta: 6:34:24  time: 0.7618  data_time: 0.1293  memory: 1708  loss: 3.6726  loss_cls: 2.5036  loss_bbox: 1.1690
2025/06/23 16:02:33 - mmengine - INFO - Epoch(train) [21][4050/9162]  lr: 2.0000e-04  eta: 6:33:48  time: 0.7541  data_time: 0.1363  memory: 1708  loss: 3.8468  loss_cls: 2.5749  loss_bbox: 1.2720
2025/06/23 16:03:12 - mmengine - INFO - Epoch(train) [21][4100/9162]  lr: 2.0000e-04  eta: 6:33:12  time: 0.7642  data_time: 0.1232  memory: 1708  loss: 3.7495  loss_cls: 2.5203  loss_bbox: 1.2292
2025/06/23 16:03:49 - mmengine - INFO - Epoch(train) [21][4150/9162]  lr: 2.0000e-04  eta: 6:32:36  time: 0.7417  data_time: 0.1054  memory: 1708  loss: 3.7286  loss_cls: 2.5174  loss_bbox: 1.2112
2025/06/23 16:04:26 - mmengine - INFO - Epoch(train) [21][4200/9162]  lr: 2.0000e-04  eta: 6:32:00  time: 0.7504  data_time: 0.1301  memory: 1708  loss: 3.7308  loss_cls: 2.5547  loss_bbox: 1.1761
2025/06/23 16:05:04 - mmengine - INFO - Epoch(train) [21][4250/9162]  lr: 2.0000e-04  eta: 6:31:24  time: 0.7489  data_time: 0.1342  memory: 1708  loss: 3.7330  loss_cls: 2.5379  loss_bbox: 1.1952
2025/06/23 16:05:41 - mmengine - INFO - Epoch(train) [21][4300/9162]  lr: 2.0000e-04  eta: 6:30:48  time: 0.7451  data_time: 0.1383  memory: 1708  loss: 3.8088  loss_cls: 2.5699  loss_bbox: 1.2389
2025/06/23 16:06:19 - mmengine - INFO - Epoch(train) [21][4350/9162]  lr: 2.0000e-04  eta: 6:30:11  time: 0.7451  data_time: 0.1212  memory: 1708  loss: 3.7399  loss_cls: 2.5380  loss_bbox: 1.2019
2025/06/23 16:06:57 - mmengine - INFO - Epoch(train) [21][4400/9162]  lr: 2.0000e-04  eta: 6:29:36  time: 0.7607  data_time: 0.1108  memory: 1708  loss: 3.7743  loss_cls: 2.5440  loss_bbox: 1.2303
2025/06/23 16:07:35 - mmengine - INFO - Epoch(train) [21][4450/9162]  lr: 2.0000e-04  eta: 6:29:00  time: 0.7583  data_time: 0.0972  memory: 1708  loss: 3.6808  loss_cls: 2.4738  loss_bbox: 1.2069
2025/06/23 16:08:12 - mmengine - INFO - Epoch(train) [21][4500/9162]  lr: 2.0000e-04  eta: 6:28:23  time: 0.7470  data_time: 0.1016  memory: 1708  loss: 3.6873  loss_cls: 2.5005  loss_bbox: 1.1868
2025/06/23 16:08:50 - mmengine - INFO - Epoch(train) [21][4550/9162]  lr: 2.0000e-04  eta: 6:27:48  time: 0.7573  data_time: 0.1272  memory: 1708  loss: 3.6513  loss_cls: 2.4627  loss_bbox: 1.1886
2025/06/23 16:09:27 - mmengine - INFO - Epoch(train) [21][4600/9162]  lr: 2.0000e-04  eta: 6:27:11  time: 0.7435  data_time: 0.1010  memory: 1708  loss: 3.8720  loss_cls: 2.5821  loss_bbox: 1.2898
2025/06/23 16:10:04 - mmengine - INFO - Epoch(train) [21][4650/9162]  lr: 2.0000e-04  eta: 6:26:35  time: 0.7409  data_time: 0.1058  memory: 1708  loss: 3.8376  loss_cls: 2.5668  loss_bbox: 1.2708
2025/06/23 16:10:42 - mmengine - INFO - Epoch(train) [21][4700/9162]  lr: 2.0000e-04  eta: 6:25:59  time: 0.7451  data_time: 0.1308  memory: 1708  loss: 3.7889  loss_cls: 2.5371  loss_bbox: 1.2518
2025/06/23 16:11:19 - mmengine - INFO - Epoch(train) [21][4750/9162]  lr: 2.0000e-04  eta: 6:25:23  time: 0.7421  data_time: 0.1330  memory: 1708  loss: 3.8425  loss_cls: 2.5647  loss_bbox: 1.2778
2025/06/23 16:11:26 - mmengine - INFO - Exp name: ssd300_coco_20250622_013555
2025/06/23 16:11:56 - mmengine - INFO - Epoch(train) [21][4800/9162]  lr: 2.0000e-04  eta: 6:24:47  time: 0.7446  data_time: 0.1132  memory: 1708  loss: 3.8451  loss_cls: 2.5855  loss_bbox: 1.2596
2025/06/23 16:12:34 - mmengine - INFO - Epoch(train) [21][4850/9162]  lr: 2.0000e-04  eta: 6:24:11  time: 0.7458  data_time: 0.1323  memory: 1708  loss: 3.7634  loss_cls: 2.5470  loss_bbox: 1.2164
2025/06/23 16:13:11 - mmengine - INFO - Epoch(train) [21][4900/9162]  lr: 2.0000e-04  eta: 6:23:35  time: 0.7497  data_time: 0.1195  memory: 1708  loss: 3.6217  loss_cls: 2.4725  loss_bbox: 1.1492
2025/06/23 16:13:49 - mmengine - INFO - Epoch(train) [21][4950/9162]  lr: 2.0000e-04  eta: 6:22:59  time: 0.7549  data_time: 0.1175  memory: 1708  loss: 3.8231  loss_cls: 2.5433  loss_bbox: 1.2798
2025/06/23 16:14:27 - mmengine - INFO - Epoch(train) [21][5000/9162]  lr: 2.0000e-04  eta: 6:22:23  time: 0.7494  data_time: 0.0952  memory: 1708  loss: 3.8255  loss_cls: 2.5746  loss_bbox: 1.2509
2025/06/23 16:15:04 - mmengine - INFO - Epoch(train) [21][5050/9162]  lr: 2.0000e-04  eta: 6:21:47  time: 0.7405  data_time: 0.1063  memory: 1708  loss: 3.8828  loss_cls: 2.5851  loss_bbox: 1.2977
2025/06/23 16:15:42 - mmengine - INFO - Epoch(train) [21][5100/9162]  lr: 2.0000e-04  eta: 6:21:11  time: 0.7609  data_time: 0.1347  memory: 1708  loss: 3.8979  loss_cls: 2.6024  loss_bbox: 1.2955
2025/06/23 16:16:20 - mmengine - INFO - Epoch(train) [21][5150/9162]  lr: 2.0000e-04  eta: 6:20:35  time: 0.7539  data_time: 0.1286  memory: 1708  loss: 3.7406  loss_cls: 2.4992  loss_bbox: 1.2414
2025/06/23 16:16:57 - mmengine - INFO - Epoch(train) [21][5200/9162]  lr: 2.0000e-04  eta: 6:19:59  time: 0.7481  data_time: 0.1038  memory: 1708  loss: 3.6982  loss_cls: 2.5124  loss_bbox: 1.1858
2025/06/23 16:17:35 - mmengine - INFO - Epoch(train) [21][5250/9162]  lr: 2.0000e-04  eta: 6:19:23  time: 0.7483  data_time: 0.1269  memory: 1708  loss: 3.7204  loss_cls: 2.5163  loss_bbox: 1.2041
2025/06/23 16:18:12 - mmengine - INFO - Epoch(train) [21][5300/9162]  lr: 2.0000e-04  eta: 6:18:47  time: 0.7534  data_time: 0.1338  memory: 1708  loss: 3.8623  loss_cls: 2.6005  loss_bbox: 1.2618
2025/06/23 16:18:50 - mmengine - INFO - Epoch(train) [21][5350/9162]  lr: 2.0000e-04  eta: 6:18:11  time: 0.7567  data_time: 0.1242  memory: 1708  loss: 3.7652  loss_cls: 2.5513  loss_bbox: 1.2139
2025/06/23 16:19:28 - mmengine - INFO - Epoch(train) [21][5400/9162]  lr: 2.0000e-04  eta: 6:17:35  time: 0.7506  data_time: 0.0959  memory: 1708  loss: 3.8459  loss_cls: 2.5795  loss_bbox: 1.2664
2025/06/23 16:20:06 - mmengine - INFO - Epoch(train) [21][5450/9162]  lr: 2.0000e-04  eta: 6:16:59  time: 0.7606  data_time: 0.1241  memory: 1708  loss: 3.6869  loss_cls: 2.4672  loss_bbox: 1.2197
2025/06/23 16:20:44 - mmengine - INFO - Epoch(train) [21][5500/9162]  lr: 2.0000e-04  eta: 6:16:23  time: 0.7559  data_time: 0.1309  memory: 1708  loss: 3.6934  loss_cls: 2.5150  loss_bbox: 1.1784
2025/06/23 16:21:22 - mmengine - INFO - Epoch(train) [21][5550/9162]  lr: 2.0000e-04  eta: 6:15:47  time: 0.7626  data_time: 0.1423  memory: 1708  loss: 3.8722  loss_cls: 2.6043  loss_bbox: 1.2679
2025/06/23 16:22:01 - mmengine - INFO - Epoch(train) [21][5600/9162]  lr: 2.0000e-04  eta: 6:15:11  time: 0.7713  data_time: 0.1237  memory: 1708  loss: 3.7341  loss_cls: 2.5297  loss_bbox: 1.2044
2025/06/23 16:22:39 - mmengine - INFO - Epoch(train) [21][5650/9162]  lr: 2.0000e-04  eta: 6:14:35  time: 0.7550  data_time: 0.1200  memory: 1708  loss: 3.8080  loss_cls: 2.5353  loss_bbox: 1.2727
2025/06/23 16:23:16 - mmengine - INFO - Epoch(train) [21][5700/9162]  lr: 2.0000e-04  eta: 6:13:59  time: 0.7444  data_time: 0.1308  memory: 1708  loss: 3.6961  loss_cls: 2.5106  loss_bbox: 1.1855
2025/06/23 16:23:53 - mmengine - INFO - Epoch(train) [21][5750/9162]  lr: 2.0000e-04  eta: 6:13:23  time: 0.7473  data_time: 0.1223  memory: 1708  loss: 3.7854  loss_cls: 2.5664  loss_bbox: 1.2189
2025/06/23 16:24:01 - mmengine - INFO - Exp name: ssd300_coco_20250622_013555
2025/06/23 16:24:30 - mmengine - INFO - Epoch(train) [21][5800/9162]  lr: 2.0000e-04  eta: 6:12:47  time: 0.7411  data_time: 0.1275  memory: 1708  loss: 3.8246  loss_cls: 2.5623  loss_bbox: 1.2622
2025/06/23 16:25:08 - mmengine - INFO - Epoch(train) [21][5850/9162]  lr: 2.0000e-04  eta: 6:12:11  time: 0.7455  data_time: 0.1233  memory: 1708  loss: 3.7341  loss_cls: 2.4963  loss_bbox: 1.2378
2025/06/23 16:25:45 - mmengine - INFO - Epoch(train) [21][5900/9162]  lr: 2.0000e-04  eta: 6:11:34  time: 0.7357  data_time: 0.1248  memory: 1708  loss: 3.7193  loss_cls: 2.5180  loss_bbox: 1.2013
2025/06/23 16:26:22 - mmengine - INFO - Epoch(train) [21][5950/9162]  lr: 2.0000e-04  eta: 6:10:58  time: 0.7501  data_time: 0.1156  memory: 1708  loss: 3.7036  loss_cls: 2.5200  loss_bbox: 1.1837
2025/06/23 16:26:59 - mmengine - INFO - Epoch(train) [21][6000/9162]  lr: 2.0000e-04  eta: 6:10:22  time: 0.7410  data_time: 0.1220  memory: 1708  loss: 3.6517  loss_cls: 2.4925  loss_bbox: 1.1592
2025/06/23 16:27:37 - mmengine - INFO - Epoch(train) [21][6050/9162]  lr: 2.0000e-04  eta: 6:09:46  time: 0.7518  data_time: 0.1336  memory: 1708  loss: 3.7668  loss_cls: 2.5846  loss_bbox: 1.1822
2025/06/23 16:28:14 - mmengine - INFO - Epoch(train) [21][6100/9162]  lr: 2.0000e-04  eta: 6:09:10  time: 0.7462  data_time: 0.1230  memory: 1708  loss: 3.7361  loss_cls: 2.5063  loss_bbox: 1.2298
2025/06/23 16:28:53 - mmengine - INFO - Epoch(train) [21][6150/9162]  lr: 2.0000e-04  eta: 6:08:34  time: 0.7682  data_time: 0.1349  memory: 1708  loss: 3.8004  loss_cls: 2.5637  loss_bbox: 1.2367
2025/06/23 16:29:31 - mmengine - INFO - Epoch(train) [21][6200/9162]  lr: 2.0000e-04  eta: 6:07:58  time: 0.7518  data_time: 0.1218  memory: 1708  loss: 3.7499  loss_cls: 2.5478  loss_bbox: 1.2021
2025/06/23 16:30:08 - mmengine - INFO - Epoch(train) [21][6250/9162]  lr: 2.0000e-04  eta: 6:07:22  time: 0.7470  data_time: 0.1128  memory: 1708  loss: 3.8249  loss_cls: 2.5509  loss_bbox: 1.2741
2025/06/23 16:30:45 - mmengine - INFO - Epoch(train) [21][6300/9162]  lr: 2.0000e-04  eta: 6:06:46  time: 0.7452  data_time: 0.1121  memory: 1708  loss: 3.7094  loss_cls: 2.5011  loss_bbox: 1.2083
2025/06/23 16:31:23 - mmengine - INFO - Epoch(train) [21][6350/9162]  lr: 2.0000e-04  eta: 6:06:10  time: 0.7434  data_time: 0.1348  memory: 1708  loss: 3.9049  loss_cls: 2.5856  loss_bbox: 1.3193
2025/06/23 16:32:00 - mmengine - INFO - Epoch(train) [21][6400/9162]  lr: 2.0000e-04  eta: 6:05:34  time: 0.7455  data_time: 0.1204  memory: 1708  loss: 3.6746  loss_cls: 2.4997  loss_bbox: 1.1750
2025/06/23 16:32:37 - mmengine - INFO - Epoch(train) [21][6450/9162]  lr: 2.0000e-04  eta: 6:04:58  time: 0.7450  data_time: 0.1246  memory: 1708  loss: 3.7569  loss_cls: 2.5281  loss_bbox: 1.2288
2025/06/23 16:33:14 - mmengine - INFO - Epoch(train) [21][6500/9162]  lr: 2.0000e-04  eta: 6:04:22  time: 0.7386  data_time: 0.0996  memory: 1708  loss: 3.6462  loss_cls: 2.4807  loss_bbox: 1.1655
2025/06/23 16:33:51 - mmengine - INFO - Epoch(train) [21][6550/9162]  lr: 2.0000e-04  eta: 6:03:45  time: 0.7421  data_time: 0.1178  memory: 1708  loss: 3.7375  loss_cls: 2.5327  loss_bbox: 1.2048
2025/06/23 16:34:29 - mmengine - INFO - Epoch(train) [21][6600/9162]  lr: 2.0000e-04  eta: 6:03:09  time: 0.7512  data_time: 0.1134  memory: 1708  loss: 3.8451  loss_cls: 2.5559  loss_bbox: 1.2891
2025/06/23 16:35:06 - mmengine - INFO - Epoch(train) [21][6650/9162]  lr: 2.0000e-04  eta: 6:02:33  time: 0.7411  data_time: 0.1107  memory: 1708  loss: 3.8020  loss_cls: 2.5524  loss_bbox: 1.2495
2025/06/23 16:35:43 - mmengine - INFO - Epoch(train) [21][6700/9162]  lr: 2.0000e-04  eta: 6:01:57  time: 0.7449  data_time: 0.1238  memory: 1708  loss: 3.7486  loss_cls: 2.5536  loss_bbox: 1.1951
2025/06/23 16:36:21 - mmengine - INFO - Epoch(train) [21][6750/9162]  lr: 2.0000e-04  eta: 6:01:21  time: 0.7585  data_time: 0.1247  memory: 1708  loss: 3.7097  loss_cls: 2.5050  loss_bbox: 1.2047
2025/06/23 16:36:29 - mmengine - INFO - Exp name: ssd300_coco_20250622_013555
2025/06/23 16:36:59 - mmengine - INFO - Epoch(train) [21][6800/9162]  lr: 2.0000e-04  eta: 6:00:45  time: 0.7567  data_time: 0.1239  memory: 1708  loss: 3.8349  loss_cls: 2.5898  loss_bbox: 1.2451
2025/06/23 16:37:37 - mmengine - INFO - Epoch(train) [21][6850/9162]  lr: 2.0000e-04  eta: 6:00:09  time: 0.7420  data_time: 0.1295  memory: 1708  loss: 3.7181  loss_cls: 2.5134  loss_bbox: 1.2047
2025/06/23 16:38:14 - mmengine - INFO - Epoch(train) [21][6900/9162]  lr: 2.0000e-04  eta: 5:59:33  time: 0.7442  data_time: 0.1268  memory: 1708  loss: 3.8227  loss_cls: 2.5625  loss_bbox: 1.2602
2025/06/23 16:38:51 - mmengine - INFO - Epoch(train) [21][6950/9162]  lr: 2.0000e-04  eta: 5:58:57  time: 0.7443  data_time: 0.1056  memory: 1708  loss: 3.7793  loss_cls: 2.5602  loss_bbox: 1.2190
2025/06/23 16:39:28 - mmengine - INFO - Epoch(train) [21][7000/9162]  lr: 2.0000e-04  eta: 5:58:21  time: 0.7438  data_time: 0.1241  memory: 1708  loss: 3.7693  loss_cls: 2.5398  loss_bbox: 1.2295
2025/06/23 16:40:06 - mmengine - INFO - Epoch(train) [21][7050/9162]  lr: 2.0000e-04  eta: 5:57:44  time: 0.7421  data_time: 0.1056  memory: 1708  loss: 3.8087  loss_cls: 2.5622  loss_bbox: 1.2465
2025/06/23 16:40:43 - mmengine - INFO - Epoch(train) [21][7100/9162]  lr: 2.0000e-04  eta: 5:57:08  time: 0.7393  data_time: 0.0923  memory: 1708  loss: 3.8084  loss_cls: 2.5622  loss_bbox: 1.2462
2025/06/23 16:41:20 - mmengine - INFO - Epoch(train) [21][7150/9162]  lr: 2.0000e-04  eta: 5:56:32  time: 0.7500  data_time: 0.0941  memory: 1708  loss: 3.7562  loss_cls: 2.5297  loss_bbox: 1.2265
2025/06/23 16:41:57 - mmengine - INFO - Epoch(train) [21][7200/9162]  lr: 2.0000e-04  eta: 5:55:56  time: 0.7401  data_time: 0.0836  memory: 1708  loss: 3.7718  loss_cls: 2.5481  loss_bbox: 1.2237
2025/06/23 16:42:34 - mmengine - INFO - Epoch(train) [21][7250/9162]  lr: 2.0000e-04  eta: 5:55:20  time: 0.7419  data_time: 0.1229  memory: 1708  loss: 3.6982  loss_cls: 2.5016  loss_bbox: 1.1966
2025/06/23 16:43:13 - mmengine - INFO - Epoch(train) [21][7300/9162]  lr: 2.0000e-04  eta: 5:54:44  time: 0.7689  data_time: 0.1373  memory: 1708  loss: 3.8744  loss_cls: 2.5554  loss_bbox: 1.3190
2025/06/23 16:43:51 - mmengine - INFO - Epoch(train) [21][7350/9162]  lr: 2.0000e-04  eta: 5:54:08  time: 0.7574  data_time: 0.1230  memory: 1708  loss: 3.8515  loss_cls: 2.5992  loss_bbox: 1.2523
2025/06/23 16:44:28 - mmengine - INFO - Epoch(train) [21][7400/9162]  lr: 2.0000e-04  eta: 5:53:32  time: 0.7452  data_time: 0.1295  memory: 1708  loss: 3.8549  loss_cls: 2.5762  loss_bbox: 1.2788
2025/06/23 16:45:06 - mmengine - INFO - Epoch(train) [21][7450/9162]  lr: 2.0000e-04  eta: 5:52:56  time: 0.7449  data_time: 0.1332  memory: 1708  loss: 3.7368  loss_cls: 2.5243  loss_bbox: 1.2126
2025/06/23 16:45:43 - mmengine - INFO - Epoch(train) [21][7500/9162]  lr: 2.0000e-04  eta: 5:52:20  time: 0.7433  data_time: 0.1189  memory: 1708  loss: 3.7590  loss_cls: 2.5161  loss_bbox: 1.2428
2025/06/23 16:46:20 - mmengine - INFO - Epoch(train) [21][7550/9162]  lr: 2.0000e-04  eta: 5:51:44  time: 0.7441  data_time: 0.1131  memory: 1708  loss: 3.7377  loss_cls: 2.5100  loss_bbox: 1.2277
2025/06/23 16:46:57 - mmengine - INFO - Epoch(train) [21][7600/9162]  lr: 2.0000e-04  eta: 5:51:07  time: 0.7362  data_time: 0.1115  memory: 1708  loss: 3.7149  loss_cls: 2.5333  loss_bbox: 1.1816
2025/06/23 16:47:34 - mmengine - INFO - Epoch(train) [21][7650/9162]  lr: 2.0000e-04  eta: 5:50:31  time: 0.7399  data_time: 0.1214  memory: 1708  loss: 3.7056  loss_cls: 2.4893  loss_bbox: 1.2163
2025/06/23 16:48:12 - mmengine - INFO - Epoch(train) [21][7700/9162]  lr: 2.0000e-04  eta: 5:49:55  time: 0.7475  data_time: 0.1128  memory: 1708  loss: 3.8317  loss_cls: 2.5617  loss_bbox: 1.2700
2025/06/23 16:48:49 - mmengine - INFO - Epoch(train) [21][7750/9162]  lr: 2.0000e-04  eta: 5:49:19  time: 0.7521  data_time: 0.1152  memory: 1708  loss: 3.6997  loss_cls: 2.4656  loss_bbox: 1.2341
2025/06/23 16:48:57 - mmengine - INFO - Exp name: ssd300_coco_20250622_013555
2025/06/23 16:49:27 - mmengine - INFO - Epoch(train) [21][7800/9162]  lr: 2.0000e-04  eta: 5:48:43  time: 0.7436  data_time: 0.1240  memory: 1708  loss: 3.7485  loss_cls: 2.5321  loss_bbox: 1.2163
2025/06/23 16:50:04 - mmengine - INFO - Epoch(train) [21][7850/9162]  lr: 2.0000e-04  eta: 5:48:07  time: 0.7552  data_time: 0.1109  memory: 1708  loss: 3.7734  loss_cls: 2.5502  loss_bbox: 1.2232
2025/06/23 16:50:42 - mmengine - INFO - Epoch(train) [21][7900/9162]  lr: 2.0000e-04  eta: 5:47:31  time: 0.7510  data_time: 0.1320  memory: 1708  loss: 3.8254  loss_cls: 2.5377  loss_bbox: 1.2878
2025/06/23 16:51:20 - mmengine - INFO - Epoch(train) [21][7950/9162]  lr: 2.0000e-04  eta: 5:46:55  time: 0.7494  data_time: 0.1143  memory: 1708  loss: 3.7451  loss_cls: 2.5353  loss_bbox: 1.2097
2025/06/23 16:51:57 - mmengine - INFO - Epoch(train) [21][8000/9162]  lr: 2.0000e-04  eta: 5:46:19  time: 0.7400  data_time: 0.1120  memory: 1708  loss: 3.6294  loss_cls: 2.4864  loss_bbox: 1.1430
2025/06/23 16:52:34 - mmengine - INFO - Epoch(train) [21][8050/9162]  lr: 2.0000e-04  eta: 5:45:42  time: 0.7373  data_time: 0.1033  memory: 1708  loss: 3.8247  loss_cls: 2.5605  loss_bbox: 1.2642
2025/06/23 16:53:11 - mmengine - INFO - Epoch(train) [21][8100/9162]  lr: 2.0000e-04  eta: 5:45:06  time: 0.7475  data_time: 0.0995  memory: 1708  loss: 3.8124  loss_cls: 2.5384  loss_bbox: 1.2740
2025/06/23 16:53:49 - mmengine - INFO - Epoch(train) [21][8150/9162]  lr: 2.0000e-04  eta: 5:44:30  time: 0.7464  data_time: 0.1114  memory: 1708  loss: 3.7346  loss_cls: 2.5194  loss_bbox: 1.2153
2025/06/23 16:54:26 - mmengine - INFO - Epoch(train) [21][8200/9162]  lr: 2.0000e-04  eta: 5:43:54  time: 0.7464  data_time: 0.1095  memory: 1708  loss: 3.6962  loss_cls: 2.5095  loss_bbox: 1.1867
2025/06/23 16:55:03 - mmengine - INFO - Epoch(train) [21][8250/9162]  lr: 2.0000e-04  eta: 5:43:18  time: 0.7405  data_time: 0.0926  memory: 1708  loss: 3.6849  loss_cls: 2.4863  loss_bbox: 1.1986
2025/06/23 16:55:40 - mmengine - INFO - Epoch(train) [21][8300/9162]  lr: 2.0000e-04  eta: 5:42:42  time: 0.7409  data_time: 0.0990  memory: 1708  loss: 3.7001  loss_cls: 2.5358  loss_bbox: 1.1643
2025/06/23 16:56:17 - mmengine - INFO - Epoch(train) [21][8350/9162]  lr: 2.0000e-04  eta: 5:42:06  time: 0.7376  data_time: 0.0851  memory: 1708  loss: 3.7310  loss_cls: 2.4962  loss_bbox: 1.2348
2025/06/23 16:56:55 - mmengine - INFO - Epoch(train) [21][8400/9162]  lr: 2.0000e-04  eta: 5:41:30  time: 0.7567  data_time: 0.0859  memory: 1708  loss: 3.7592  loss_cls: 2.5637  loss_bbox: 1.1955
2025/06/23 16:57:32 - mmengine - INFO - Epoch(train) [21][8450/9162]  lr: 2.0000e-04  eta: 5:40:53  time: 0.7432  data_time: 0.1045  memory: 1708  loss: 3.8597  loss_cls: 2.5906  loss_bbox: 1.2691
2025/06/23 16:58:09 - mmengine - INFO - Epoch(train) [21][8500/9162]  lr: 2.0000e-04  eta: 5:40:17  time: 0.7371  data_time: 0.1024  memory: 1708  loss: 3.7622  loss_cls: 2.5154  loss_bbox: 1.2467
2025/06/23 16:58:46 - mmengine - INFO - Epoch(train) [21][8550/9162]  lr: 2.0000e-04  eta: 5:39:41  time: 0.7354  data_time: 0.0899  memory: 1708  loss: 3.7646  loss_cls: 2.5291  loss_bbox: 1.2355
2025/06/23 16:59:24 - mmengine - INFO - Epoch(train) [21][8600/9162]  lr: 2.0000e-04  eta: 5:39:05  time: 0.7475  data_time: 0.1209  memory: 1708  loss: 3.9279  loss_cls: 2.6196  loss_bbox: 1.3084
2025/06/23 17:00:01 - mmengine - INFO - Epoch(train) [21][8650/9162]  lr: 2.0000e-04  eta: 5:38:29  time: 0.7542  data_time: 0.1396  memory: 1708  loss: 3.8850  loss_cls: 2.5982  loss_bbox: 1.2869
2025/06/23 17:00:39 - mmengine - INFO - Epoch(train) [21][8700/9162]  lr: 2.0000e-04  eta: 5:37:53  time: 0.7588  data_time: 0.1018  memory: 1708  loss: 3.7776  loss_cls: 2.5503  loss_bbox: 1.2273
2025/06/23 17:01:17 - mmengine - INFO - Epoch(train) [21][8750/9162]  lr: 2.0000e-04  eta: 5:37:17  time: 0.7581  data_time: 0.1172  memory: 1708  loss: 3.8014  loss_cls: 2.5451  loss_bbox: 1.2564
2025/06/23 17:01:25 - mmengine - INFO - Exp name: ssd300_coco_20250622_013555
2025/06/23 17:01:55 - mmengine - INFO - Epoch(train) [21][8800/9162]  lr: 2.0000e-04  eta: 5:36:41  time: 0.7552  data_time: 0.1103  memory: 1708  loss: 3.6613  loss_cls: 2.4980  loss_bbox: 1.1633
2025/06/23 17:02:34 - mmengine - INFO - Epoch(train) [21][8850/9162]  lr: 2.0000e-04  eta: 5:36:05  time: 0.7672  data_time: 0.1082  memory: 1708  loss: 3.8842  loss_cls: 2.6014  loss_bbox: 1.2829
2025/06/23 17:03:11 - mmengine - INFO - Epoch(train) [21][8900/9162]  lr: 2.0000e-04  eta: 5:35:29  time: 0.7527  data_time: 0.1039  memory: 1708  loss: 3.7474  loss_cls: 2.5262  loss_bbox: 1.2211
2025/06/23 17:03:50 - mmengine - INFO - Epoch(train) [21][8950/9162]  lr: 2.0000e-04  eta: 5:34:53  time: 0.7727  data_time: 0.1163  memory: 1708  loss: 3.7717  loss_cls: 2.5539  loss_bbox: 1.2178
2025/06/23 17:04:28 - mmengine - INFO - Epoch(train) [21][9000/9162]  lr: 2.0000e-04  eta: 5:34:17  time: 0.7568  data_time: 0.0749  memory: 1708  loss: 3.7793  loss_cls: 2.5392  loss_bbox: 1.2402
2025/06/23 17:05:06 - mmengine - INFO - Epoch(train) [21][9050/9162]  lr: 2.0000e-04  eta: 5:33:41  time: 0.7519  data_time: 0.0967  memory: 1708  loss: 3.7614  loss_cls: 2.5485  loss_bbox: 1.2129
2025/06/23 17:05:43 - mmengine - INFO - Epoch(train) [21][9100/9162]  lr: 2.0000e-04  eta: 5:33:05  time: 0.7481  data_time: 0.0977  memory: 1708  loss: 3.7519  loss_cls: 2.5139  loss_bbox: 1.2380
2025/06/23 17:06:21 - mmengine - INFO - Epoch(train) [21][9150/9162]  lr: 2.0000e-04  eta: 5:32:29  time: 0.7599  data_time: 0.1083  memory: 1708  loss: 3.7761  loss_cls: 2.5621  loss_bbox: 1.2139
2025/06/23 17:06:30 - mmengine - INFO - Exp name: ssd300_coco_20250622_013555
2025/06/23 17:06:30 - mmengine - INFO - Saving checkpoint at 21 epochs
2025/06/23 17:06:44 - mmengine - INFO - Epoch(val) [21][ 50/157]    eta: 0:00:27  time: 0.2542  data_time: 0.0454  memory: 1708  
2025/06/23 17:06:56 - mmengine - INFO - Epoch(val) [21][100/157]    eta: 0:00:14  time: 0.2375  data_time: 0.0318  memory: 851  
2025/06/23 17:07:09 - mmengine - INFO - Epoch(val) [21][150/157]    eta: 0:00:01  time: 0.2499  data_time: 0.0419  memory: 851  
2025/06/23 17:07:28 - mmengine - INFO - Evaluating bbox...
2025/06/23 17:08:41 - mmengine - INFO - bbox_mAP_copypaste: 0.251 0.432 0.257 0.065 0.267 0.417
2025/06/23 17:08:42 - mmengine - INFO - Epoch(val) [21][157/157]    coco/bbox_mAP: 0.2510  coco/bbox_mAP_50: 0.4320  coco/bbox_mAP_75: 0.2570  coco/bbox_mAP_s: 0.0650  coco/bbox_mAP_m: 0.2670  coco/bbox_mAP_l: 0.4170  data_time: 0.0387  time: 0.2442
2025/06/23 17:09:17 - mmengine - INFO - Epoch(train) [22][  50/9162]  lr: 2.0000e-04  eta: 5:31:43  time: 0.7042  data_time: 0.0759  memory: 1708  loss: 3.7574  loss_cls: 2.5160  loss_bbox: 1.2414
2025/06/23 17:09:54 - mmengine - INFO - Epoch(train) [22][ 100/9162]  lr: 2.0000e-04  eta: 5:31:07  time: 0.7392  data_time: 0.1277  memory: 1708  loss: 3.7727  loss_cls: 2.5727  loss_bbox: 1.2000
2025/06/23 17:10:32 - mmengine - INFO - Epoch(train) [22][ 150/9162]  lr: 2.0000e-04  eta: 5:30:31  time: 0.7473  data_time: 0.1089  memory: 1708  loss: 3.7684  loss_cls: 2.5355  loss_bbox: 1.2328
2025/06/23 17:11:10 - mmengine - INFO - Epoch(train) [22][ 200/9162]  lr: 2.0000e-04  eta: 5:29:55  time: 0.7568  data_time: 0.0945  memory: 1708  loss: 3.8903  loss_cls: 2.5947  loss_bbox: 1.2956
2025/06/23 17:11:49 - mmengine - INFO - Epoch(train) [22][ 250/9162]  lr: 2.0000e-04  eta: 5:29:19  time: 0.7834  data_time: 0.1356  memory: 1708  loss: 3.8093  loss_cls: 2.5680  loss_bbox: 1.2413
2025/06/23 17:12:27 - mmengine - INFO - Epoch(train) [22][ 300/9162]  lr: 2.0000e-04  eta: 5:28:43  time: 0.7545  data_time: 0.1230  memory: 1708  loss: 3.8274  loss_cls: 2.5571  loss_bbox: 1.2703
2025/06/23 17:13:05 - mmengine - INFO - Epoch(train) [22][ 350/9162]  lr: 2.0000e-04  eta: 5:28:07  time: 0.7540  data_time: 0.1299  memory: 1708  loss: 3.7993  loss_cls: 2.5416  loss_bbox: 1.2577
2025/06/23 17:13:36 - mmengine - INFO - Epoch(train) [22][ 400/9162]  lr: 2.0000e-04  eta: 5:27:30  time: 0.6323  data_time: 0.0608  memory: 1708  loss: 3.8099  loss_cls: 2.5643  loss_bbox: 1.2456
2025/06/23 17:14:13 - mmengine - INFO - Epoch(train) [22][ 450/9162]  lr: 2.0000e-04  eta: 5:26:54  time: 0.7272  data_time: 0.1168  memory: 1708  loss: 3.8651  loss_cls: 2.5363  loss_bbox: 1.3288
2025/06/23 17:14:50 - mmengine - INFO - Epoch(train) [22][ 500/9162]  lr: 2.0000e-04  eta: 5:26:18  time: 0.7329  data_time: 0.1232  memory: 1708  loss: 3.7237  loss_cls: 2.5236  loss_bbox: 1.2001
2025/06/23 17:15:27 - mmengine - INFO - Epoch(train) [22][ 550/9162]  lr: 2.0000e-04  eta: 5:25:42  time: 0.7454  data_time: 0.1461  memory: 1708  loss: 3.7434  loss_cls: 2.5341  loss_bbox: 1.2093
2025/06/23 17:16:03 - mmengine - INFO - Exp name: ssd300_coco_20250622_013555
2025/06/23 17:16:04 - mmengine - INFO - Epoch(train) [22][ 600/9162]  lr: 2.0000e-04  eta: 5:25:05  time: 0.7428  data_time: 0.1351  memory: 1708  loss: 3.7023  loss_cls: 2.5204  loss_bbox: 1.1819
2025/06/23 17:16:41 - mmengine - INFO - Epoch(train) [22][ 650/9162]  lr: 2.0000e-04  eta: 5:24:29  time: 0.7425  data_time: 0.1276  memory: 1708  loss: 3.8287  loss_cls: 2.5848  loss_bbox: 1.2439
2025/06/23 17:17:18 - mmengine - INFO - Epoch(train) [22][ 700/9162]  lr: 2.0000e-04  eta: 5:23:53  time: 0.7411  data_time: 0.1309  memory: 1708  loss: 3.7116  loss_cls: 2.4938  loss_bbox: 1.2178
2025/06/23 17:17:55 - mmengine - INFO - Epoch(train) [22][ 750/9162]  lr: 2.0000e-04  eta: 5:23:17  time: 0.7374  data_time: 0.1071  memory: 1708  loss: 3.7506  loss_cls: 2.5410  loss_bbox: 1.2096
2025/06/23 17:18:33 - mmengine - INFO - Epoch(train) [22][ 800/9162]  lr: 2.0000e-04  eta: 5:22:41  time: 0.7475  data_time: 0.1132  memory: 1708  loss: 3.6562  loss_cls: 2.4632  loss_bbox: 1.1930
2025/06/23 17:19:10 - mmengine - INFO - Epoch(train) [22][ 850/9162]  lr: 2.0000e-04  eta: 5:22:05  time: 0.7422  data_time: 0.1296  memory: 1708  loss: 3.7893  loss_cls: 2.5526  loss_bbox: 1.2368
2025/06/23 17:19:48 - mmengine - INFO - Epoch(train) [22][ 900/9162]  lr: 2.0000e-04  eta: 5:21:29  time: 0.7591  data_time: 0.1169  memory: 1708  loss: 3.8200  loss_cls: 2.5479  loss_bbox: 1.2721
2025/06/23 17:20:25 - mmengine - INFO - Epoch(train) [22][ 950/9162]  lr: 2.0000e-04  eta: 5:20:52  time: 0.7365  data_time: 0.1000  memory: 1708  loss: 3.7039  loss_cls: 2.5072  loss_bbox: 1.1967
2025/06/23 17:21:02 - mmengine - INFO - Epoch(train) [22][1000/9162]  lr: 2.0000e-04  eta: 5:20:16  time: 0.7422  data_time: 0.1151  memory: 1708  loss: 3.7607  loss_cls: 2.5022  loss_bbox: 1.2585
2025/06/23 17:21:39 - mmengine - INFO - Epoch(train) [22][1050/9162]  lr: 2.0000e-04  eta: 5:19:40  time: 0.7406  data_time: 0.1278  memory: 1708  loss: 3.7823  loss_cls: 2.5585  loss_bbox: 1.2238
2025/06/23 17:22:16 - mmengine - INFO - Epoch(train) [22][1100/9162]  lr: 2.0000e-04  eta: 5:19:04  time: 0.7393  data_time: 0.1302  memory: 1708  loss: 3.7569  loss_cls: 2.5816  loss_bbox: 1.1753
2025/06/23 17:22:53 - mmengine - INFO - Epoch(train) [22][1150/9162]  lr: 2.0000e-04  eta: 5:18:28  time: 0.7396  data_time: 0.1196  memory: 1708  loss: 3.7902  loss_cls: 2.5602  loss_bbox: 1.2300
2025/06/23 17:23:31 - mmengine - INFO - Epoch(train) [22][1200/9162]  lr: 2.0000e-04  eta: 5:17:51  time: 0.7388  data_time: 0.1067  memory: 1708  loss: 3.8184  loss_cls: 2.5637  loss_bbox: 1.2547
2025/06/23 17:24:07 - mmengine - INFO - Epoch(train) [22][1250/9162]  lr: 2.0000e-04  eta: 5:17:15  time: 0.7361  data_time: 0.1126  memory: 1708  loss: 3.7915  loss_cls: 2.5295  loss_bbox: 1.2621
2025/06/23 17:24:44 - mmengine - INFO - Epoch(train) [22][1300/9162]  lr: 2.0000e-04  eta: 5:16:39  time: 0.7379  data_time: 0.1086  memory: 1708  loss: 3.7905  loss_cls: 2.5399  loss_bbox: 1.2506
2025/06/23 17:25:22 - mmengine - INFO - Epoch(train) [22][1350/9162]  lr: 2.0000e-04  eta: 5:16:03  time: 0.7430  data_time: 0.1189  memory: 1708  loss: 3.7429  loss_cls: 2.5607  loss_bbox: 1.1822
2025/06/23 17:25:59 - mmengine - INFO - Epoch(train) [22][1400/9162]  lr: 2.0000e-04  eta: 5:15:27  time: 0.7515  data_time: 0.1060  memory: 1708  loss: 3.7725  loss_cls: 2.5215  loss_bbox: 1.2510
2025/06/23 17:26:37 - mmengine - INFO - Epoch(train) [22][1450/9162]  lr: 2.0000e-04  eta: 5:14:51  time: 0.7458  data_time: 0.1288  memory: 1708  loss: 3.7970  loss_cls: 2.5806  loss_bbox: 1.2165
2025/06/23 17:27:14 - mmengine - INFO - Epoch(train) [22][1500/9162]  lr: 2.0000e-04  eta: 5:14:15  time: 0.7506  data_time: 0.1037  memory: 1708  loss: 3.7844  loss_cls: 2.5659  loss_bbox: 1.2185
2025/06/23 17:27:52 - mmengine - INFO - Epoch(train) [22][1550/9162]  lr: 2.0000e-04  eta: 5:13:38  time: 0.7517  data_time: 0.1384  memory: 1708  loss: 3.8462  loss_cls: 2.5906  loss_bbox: 1.2556
2025/06/23 17:28:28 - mmengine - INFO - Exp name: ssd300_coco_20250622_013555
2025/06/23 17:28:29 - mmengine - INFO - Epoch(train) [22][1600/9162]  lr: 2.0000e-04  eta: 5:13:02  time: 0.7415  data_time: 0.1022  memory: 1708  loss: 3.8054  loss_cls: 2.5533  loss_bbox: 1.2521
2025/06/23 17:29:06 - mmengine - INFO - Epoch(train) [22][1650/9162]  lr: 2.0000e-04  eta: 5:12:26  time: 0.7306  data_time: 0.0717  memory: 1708  loss: 3.7635  loss_cls: 2.5539  loss_bbox: 1.2096
2025/06/23 17:29:43 - mmengine - INFO - Epoch(train) [22][1700/9162]  lr: 2.0000e-04  eta: 5:11:50  time: 0.7383  data_time: 0.1122  memory: 1708  loss: 3.8320  loss_cls: 2.5921  loss_bbox: 1.2399
2025/06/23 17:30:20 - mmengine - INFO - Epoch(train) [22][1750/9162]  lr: 2.0000e-04  eta: 5:11:14  time: 0.7419  data_time: 0.1268  memory: 1708  loss: 3.7571  loss_cls: 2.5368  loss_bbox: 1.2203
2025/06/23 17:30:58 - mmengine - INFO - Epoch(train) [22][1800/9162]  lr: 2.0000e-04  eta: 5:10:38  time: 0.7497  data_time: 0.1139  memory: 1708  loss: 3.7736  loss_cls: 2.5262  loss_bbox: 1.2474
2025/06/23 17:31:35 - mmengine - INFO - Epoch(train) [22][1850/9162]  lr: 2.0000e-04  eta: 5:10:01  time: 0.7545  data_time: 0.1282  memory: 1708  loss: 3.8388  loss_cls: 2.5804  loss_bbox: 1.2584
2025/06/23 17:32:13 - mmengine - INFO - Epoch(train) [22][1900/9162]  lr: 2.0000e-04  eta: 5:09:25  time: 0.7522  data_time: 0.1476  memory: 1708  loss: 3.7175  loss_cls: 2.5171  loss_bbox: 1.2005
2025/06/23 17:32:51 - mmengine - INFO - Epoch(train) [22][1950/9162]  lr: 2.0000e-04  eta: 5:08:49  time: 0.7575  data_time: 0.1360  memory: 1708  loss: 3.7802  loss_cls: 2.5487  loss_bbox: 1.2315
2025/06/23 17:33:29 - mmengine - INFO - Epoch(train) [22][2000/9162]  lr: 2.0000e-04  eta: 5:08:13  time: 0.7527  data_time: 0.1297  memory: 1708  loss: 3.7384  loss_cls: 2.5408  loss_bbox: 1.1976
2025/06/23 17:34:06 - mmengine - INFO - Epoch(train) [22][2050/9162]  lr: 2.0000e-04  eta: 5:07:37  time: 0.7505  data_time: 0.1051  memory: 1708  loss: 3.6928  loss_cls: 2.4837  loss_bbox: 1.2091
2025/06/23 17:34:44 - mmengine - INFO - Epoch(train) [22][2100/9162]  lr: 2.0000e-04  eta: 5:07:01  time: 0.7498  data_time: 0.1201  memory: 1708  loss: 3.7690  loss_cls: 2.5625  loss_bbox: 1.2065
2025/06/23 17:35:21 - mmengine - INFO - Epoch(train) [22][2150/9162]  lr: 2.0000e-04  eta: 5:06:25  time: 0.7467  data_time: 0.1122  memory: 1708  loss: 3.7932  loss_cls: 2.5625  loss_bbox: 1.2307
2025/06/23 17:35:59 - mmengine - INFO - Epoch(train) [22][2200/9162]  lr: 2.0000e-04  eta: 5:05:49  time: 0.7536  data_time: 0.1494  memory: 1708  loss: 3.7941  loss_cls: 2.5526  loss_bbox: 1.2416
2025/06/23 17:36:37 - mmengine - INFO - Epoch(train) [22][2250/9162]  lr: 2.0000e-04  eta: 5:05:13  time: 0.7532  data_time: 0.0971  memory: 1708  loss: 3.7414  loss_cls: 2.5174  loss_bbox: 1.2240
2025/06/23 17:37:15 - mmengine - INFO - Epoch(train) [22][2300/9162]  lr: 2.0000e-04  eta: 5:04:36  time: 0.7547  data_time: 0.1433  memory: 1708  loss: 3.7982  loss_cls: 2.5557  loss_bbox: 1.2425
2025/06/23 17:37:53 - mmengine - INFO - Epoch(train) [22][2350/9162]  lr: 2.0000e-04  eta: 5:04:00  time: 0.7548  data_time: 0.1360  memory: 1708  loss: 3.8081  loss_cls: 2.5526  loss_bbox: 1.2554
2025/06/23 17:38:30 - mmengine - INFO - Epoch(train) [22][2400/9162]  lr: 2.0000e-04  eta: 5:03:24  time: 0.7533  data_time: 0.1232  memory: 1708  loss: 3.8015  loss_cls: 2.5395  loss_bbox: 1.2620
2025/06/23 17:39:08 - mmengine - INFO - Epoch(train) [22][2450/9162]  lr: 2.0000e-04  eta: 5:02:48  time: 0.7421  data_time: 0.1291  memory: 1708  loss: 3.8337  loss_cls: 2.5589  loss_bbox: 1.2748
2025/06/23 17:39:45 - mmengine - INFO - Epoch(train) [22][2500/9162]  lr: 2.0000e-04  eta: 5:02:12  time: 0.7406  data_time: 0.0882  memory: 1708  loss: 3.7645  loss_cls: 2.5211  loss_bbox: 1.2434
2025/06/23 17:40:22 - mmengine - INFO - Epoch(train) [22][2550/9162]  lr: 2.0000e-04  eta: 5:01:36  time: 0.7414  data_time: 0.0967  memory: 1708  loss: 3.7085  loss_cls: 2.5024  loss_bbox: 1.2061
2025/06/23 17:40:58 - mmengine - INFO - Exp name: ssd300_coco_20250622_013555
2025/06/23 17:41:00 - mmengine - INFO - Epoch(train) [22][2600/9162]  lr: 2.0000e-04  eta: 5:01:00  time: 0.7523  data_time: 0.1313  memory: 1708  loss: 3.8290  loss_cls: 2.5402  loss_bbox: 1.2889
2025/06/23 17:41:37 - mmengine - INFO - Epoch(train) [22][2650/9162]  lr: 2.0000e-04  eta: 5:00:23  time: 0.7491  data_time: 0.0995  memory: 1708  loss: 3.6473  loss_cls: 2.4788  loss_bbox: 1.1685
2025/06/23 17:42:14 - mmengine - INFO - Epoch(train) [22][2700/9162]  lr: 2.0000e-04  eta: 4:59:47  time: 0.7303  data_time: 0.0818  memory: 1708  loss: 3.7414  loss_cls: 2.5300  loss_bbox: 1.2114
2025/06/23 17:42:51 - mmengine - INFO - Epoch(train) [22][2750/9162]  lr: 2.0000e-04  eta: 4:59:11  time: 0.7458  data_time: 0.0875  memory: 1708  loss: 3.7902  loss_cls: 2.5580  loss_bbox: 1.2321
2025/06/23 17:43:28 - mmengine - INFO - Epoch(train) [22][2800/9162]  lr: 2.0000e-04  eta: 4:58:35  time: 0.7445  data_time: 0.1161  memory: 1708  loss: 3.6340  loss_cls: 2.4462  loss_bbox: 1.1878
2025/06/23 17:44:05 - mmengine - INFO - Epoch(train) [22][2850/9162]  lr: 2.0000e-04  eta: 4:57:59  time: 0.7385  data_time: 0.1137  memory: 1708  loss: 3.8195  loss_cls: 2.5486  loss_bbox: 1.2709
2025/06/23 17:44:43 - mmengine - INFO - Epoch(train) [22][2900/9162]  lr: 2.0000e-04  eta: 4:57:22  time: 0.7434  data_time: 0.0946  memory: 1708  loss: 3.7985  loss_cls: 2.5757  loss_bbox: 1.2228
2025/06/23 17:45:20 - mmengine - INFO - Epoch(train) [22][2950/9162]  lr: 2.0000e-04  eta: 4:56:46  time: 0.7402  data_time: 0.1046  memory: 1708  loss: 3.7258  loss_cls: 2.5391  loss_bbox: 1.1867
2025/06/23 17:45:57 - mmengine - INFO - Epoch(train) [22][3000/9162]  lr: 2.0000e-04  eta: 4:56:10  time: 0.7413  data_time: 0.0941  memory: 1708  loss: 3.7295  loss_cls: 2.5348  loss_bbox: 1.1948
2025/06/23 17:46:35 - mmengine - INFO - Epoch(train) [22][3050/9162]  lr: 2.0000e-04  eta: 4:55:34  time: 0.7511  data_time: 0.1060  memory: 1708  loss: 3.7531  loss_cls: 2.5492  loss_bbox: 1.2039
2025/06/23 17:47:12 - mmengine - INFO - Epoch(train) [22][3100/9162]  lr: 2.0000e-04  eta: 4:54:58  time: 0.7521  data_time: 0.1023  memory: 1708  loss: 3.8609  loss_cls: 2.5909  loss_bbox: 1.2699
2025/06/23 17:47:50 - mmengine - INFO - Epoch(train) [22][3150/9162]  lr: 2.0000e-04  eta: 4:54:22  time: 0.7541  data_time: 0.1206  memory: 1708  loss: 3.8344  loss_cls: 2.5942  loss_bbox: 1.2402
2025/06/23 17:48:27 - mmengine - INFO - Epoch(train) [22][3200/9162]  lr: 2.0000e-04  eta: 4:53:46  time: 0.7393  data_time: 0.0932  memory: 1708  loss: 3.7274  loss_cls: 2.5443  loss_bbox: 1.1831
2025/06/23 17:49:05 - mmengine - INFO - Epoch(train) [22][3250/9162]  lr: 2.0000e-04  eta: 4:53:09  time: 0.7491  data_time: 0.0790  memory: 1708  loss: 3.6191  loss_cls: 2.4607  loss_bbox: 1.1584
2025/06/23 17:49:42 - mmengine - INFO - Epoch(train) [22][3300/9162]  lr: 2.0000e-04  eta: 4:52:33  time: 0.7441  data_time: 0.1118  memory: 1708  loss: 3.7709  loss_cls: 2.5361  loss_bbox: 1.2348
2025/06/23 17:50:19 - mmengine - INFO - Epoch(train) [22][3350/9162]  lr: 2.0000e-04  eta: 4:51:57  time: 0.7410  data_time: 0.1185  memory: 1708  loss: 3.7675  loss_cls: 2.5575  loss_bbox: 1.2100
2025/06/23 17:50:56 - mmengine - INFO - Epoch(train) [22][3400/9162]  lr: 2.0000e-04  eta: 4:51:21  time: 0.7432  data_time: 0.1234  memory: 1708  loss: 3.8167  loss_cls: 2.5678  loss_bbox: 1.2489
2025/06/23 17:51:34 - mmengine - INFO - Epoch(train) [22][3450/9162]  lr: 2.0000e-04  eta: 4:50:45  time: 0.7444  data_time: 0.1259  memory: 1708  loss: 3.8022  loss_cls: 2.5584  loss_bbox: 1.2438
2025/06/23 17:52:11 - mmengine - INFO - Epoch(train) [22][3500/9162]  lr: 2.0000e-04  eta: 4:50:08  time: 0.7400  data_time: 0.1102  memory: 1708  loss: 3.7215  loss_cls: 2.5012  loss_bbox: 1.2204
2025/06/23 17:52:48 - mmengine - INFO - Epoch(train) [22][3550/9162]  lr: 2.0000e-04  eta: 4:49:32  time: 0.7343  data_time: 0.0944  memory: 1708  loss: 3.8022  loss_cls: 2.5463  loss_bbox: 1.2560
2025/06/23 17:53:24 - mmengine - INFO - Exp name: ssd300_coco_20250622_013555
2025/06/23 17:53:25 - mmengine - INFO - Epoch(train) [22][3600/9162]  lr: 2.0000e-04  eta: 4:48:56  time: 0.7494  data_time: 0.1283  memory: 1708  loss: 3.8104  loss_cls: 2.5451  loss_bbox: 1.2653
2025/06/23 17:54:02 - mmengine - INFO - Epoch(train) [22][3650/9162]  lr: 2.0000e-04  eta: 4:48:20  time: 0.7341  data_time: 0.1224  memory: 1708  loss: 3.6648  loss_cls: 2.4862  loss_bbox: 1.1787
2025/06/23 17:54:40 - mmengine - INFO - Epoch(train) [22][3700/9162]  lr: 2.0000e-04  eta: 4:47:44  time: 0.7638  data_time: 0.1222  memory: 1708  loss: 3.7293  loss_cls: 2.5307  loss_bbox: 1.1986
2025/06/23 17:55:17 - mmengine - INFO - Epoch(train) [22][3750/9162]  lr: 2.0000e-04  eta: 4:47:08  time: 0.7416  data_time: 0.1139  memory: 1708  loss: 3.7948  loss_cls: 2.5539  loss_bbox: 1.2410
2025/06/23 17:55:55 - mmengine - INFO - Epoch(train) [22][3800/9162]  lr: 2.0000e-04  eta: 4:46:31  time: 0.7460  data_time: 0.1148  memory: 1708  loss: 3.7236  loss_cls: 2.5076  loss_bbox: 1.2161
2025/06/23 17:56:32 - mmengine - INFO - Epoch(train) [22][3850/9162]  lr: 2.0000e-04  eta: 4:45:55  time: 0.7440  data_time: 0.1193  memory: 1708  loss: 3.8080  loss_cls: 2.5738  loss_bbox: 1.2342
2025/06/23 17:57:09 - mmengine - INFO - Epoch(train) [22][3900/9162]  lr: 2.0000e-04  eta: 4:45:19  time: 0.7297  data_time: 0.0972  memory: 1708  loss: 3.8557  loss_cls: 2.5782  loss_bbox: 1.2775
2025/06/23 17:57:46 - mmengine - INFO - Epoch(train) [22][3950/9162]  lr: 2.0000e-04  eta: 4:44:43  time: 0.7391  data_time: 0.0845  memory: 1708  loss: 3.7348  loss_cls: 2.5793  loss_bbox: 1.1555
2025/06/23 17:58:23 - mmengine - INFO - Epoch(train) [22][4000/9162]  lr: 2.0000e-04  eta: 4:44:07  time: 0.7421  data_time: 0.0970  memory: 1708  loss: 3.7974  loss_cls: 2.5499  loss_bbox: 1.2475
2025/06/23 17:59:00 - mmengine - INFO - Epoch(train) [22][4050/9162]  lr: 2.0000e-04  eta: 4:43:30  time: 0.7468  data_time: 0.1249  memory: 1708  loss: 3.8082  loss_cls: 2.5652  loss_bbox: 1.2430
2025/06/23 17:59:37 - mmengine - INFO - Epoch(train) [22][4100/9162]  lr: 2.0000e-04  eta: 4:42:54  time: 0.7364  data_time: 0.1134  memory: 1708  loss: 3.7527  loss_cls: 2.5162  loss_bbox: 1.2365
2025/06/23 18:00:15 - mmengine - INFO - Epoch(train) [22][4150/9162]  lr: 2.0000e-04  eta: 4:42:18  time: 0.7454  data_time: 0.1244  memory: 1708  loss: 3.6386  loss_cls: 2.4655  loss_bbox: 1.1731
2025/06/23 18:00:52 - mmengine - INFO - Epoch(train) [22][4200/9162]  lr: 2.0000e-04  eta: 4:41:42  time: 0.7385  data_time: 0.1063  memory: 1708  loss: 3.8150  loss_cls: 2.5354  loss_bbox: 1.2796
2025/06/23 18:01:30 - mmengine - INFO - Epoch(train) [22][4250/9162]  lr: 2.0000e-04  eta: 4:41:06  time: 0.7638  data_time: 0.1503  memory: 1708  loss: 3.6926  loss_cls: 2.5018  loss_bbox: 1.1908
2025/06/23 18:02:08 - mmengine - INFO - Epoch(train) [22][4300/9162]  lr: 2.0000e-04  eta: 4:40:30  time: 0.7513  data_time: 0.1387  memory: 1708  loss: 3.6875  loss_cls: 2.4798  loss_bbox: 1.2077
2025/06/23 18:02:45 - mmengine - INFO - Epoch(train) [22][4350/9162]  lr: 2.0000e-04  eta: 4:39:53  time: 0.7547  data_time: 0.1263  memory: 1708  loss: 3.7771  loss_cls: 2.5624  loss_bbox: 1.2148
2025/06/23 18:03:23 - mmengine - INFO - Epoch(train) [22][4400/9162]  lr: 2.0000e-04  eta: 4:39:17  time: 0.7467  data_time: 0.1318  memory: 1708  loss: 3.8548  loss_cls: 2.5614  loss_bbox: 1.2934
2025/06/23 18:04:00 - mmengine - INFO - Epoch(train) [22][4450/9162]  lr: 2.0000e-04  eta: 4:38:41  time: 0.7403  data_time: 0.1043  memory: 1708  loss: 3.7808  loss_cls: 2.5446  loss_bbox: 1.2362
2025/06/23 18:04:37 - mmengine - INFO - Epoch(train) [22][4500/9162]  lr: 2.0000e-04  eta: 4:38:05  time: 0.7346  data_time: 0.0984  memory: 1708  loss: 3.7080  loss_cls: 2.5003  loss_bbox: 1.2077
2025/06/23 18:05:14 - mmengine - INFO - Epoch(train) [22][4550/9162]  lr: 2.0000e-04  eta: 4:37:29  time: 0.7421  data_time: 0.1145  memory: 1708  loss: 3.8391  loss_cls: 2.5805  loss_bbox: 1.2586
2025/06/23 18:05:50 - mmengine - INFO - Exp name: ssd300_coco_20250622_013555
2025/06/23 18:05:51 - mmengine - INFO - Epoch(train) [22][4600/9162]  lr: 2.0000e-04  eta: 4:36:52  time: 0.7425  data_time: 0.1160  memory: 1708  loss: 3.6435  loss_cls: 2.4973  loss_bbox: 1.1463
2025/06/23 18:06:29 - mmengine - INFO - Epoch(train) [22][4650/9162]  lr: 2.0000e-04  eta: 4:36:16  time: 0.7498  data_time: 0.1044  memory: 1708  loss: 3.6864  loss_cls: 2.4826  loss_bbox: 1.2038
2025/06/23 18:07:06 - mmengine - INFO - Epoch(train) [22][4700/9162]  lr: 2.0000e-04  eta: 4:35:40  time: 0.7482  data_time: 0.1132  memory: 1708  loss: 3.7594  loss_cls: 2.5314  loss_bbox: 1.2280
2025/06/23 18:07:43 - mmengine - INFO - Epoch(train) [22][4750/9162]  lr: 2.0000e-04  eta: 4:35:04  time: 0.7401  data_time: 0.1297  memory: 1708  loss: 3.7995  loss_cls: 2.5849  loss_bbox: 1.2147
2025/06/23 18:08:21 - mmengine - INFO - Epoch(train) [22][4800/9162]  lr: 2.0000e-04  eta: 4:34:28  time: 0.7528  data_time: 0.1133  memory: 1708  loss: 3.6719  loss_cls: 2.4649  loss_bbox: 1.2070
2025/06/23 18:08:59 - mmengine - INFO - Epoch(train) [22][4850/9162]  lr: 2.0000e-04  eta: 4:33:52  time: 0.7478  data_time: 0.1342  memory: 1708  loss: 3.7497  loss_cls: 2.5578  loss_bbox: 1.1920
2025/06/23 18:09:36 - mmengine - INFO - Epoch(train) [22][4900/9162]  lr: 2.0000e-04  eta: 4:33:15  time: 0.7517  data_time: 0.1226  memory: 1708  loss: 3.8020  loss_cls: 2.5682  loss_bbox: 1.2338
2025/06/23 18:10:13 - mmengine - INFO - Epoch(train) [22][4950/9162]  lr: 2.0000e-04  eta: 4:32:39  time: 0.7427  data_time: 0.1102  memory: 1708  loss: 3.7370  loss_cls: 2.5483  loss_bbox: 1.1887
2025/06/23 18:10:51 - mmengine - INFO - Epoch(train) [22][5000/9162]  lr: 2.0000e-04  eta: 4:32:03  time: 0.7477  data_time: 0.1338  memory: 1708  loss: 3.8152  loss_cls: 2.5473  loss_bbox: 1.2679
2025/06/23 18:11:28 - mmengine - INFO - Epoch(train) [22][5050/9162]  lr: 2.0000e-04  eta: 4:31:27  time: 0.7490  data_time: 0.1239  memory: 1708  loss: 3.6397  loss_cls: 2.4644  loss_bbox: 1.1753
2025/06/23 18:12:05 - mmengine - INFO - Epoch(train) [22][5100/9162]  lr: 2.0000e-04  eta: 4:30:51  time: 0.7383  data_time: 0.1135  memory: 1708  loss: 3.7685  loss_cls: 2.5449  loss_bbox: 1.2236
2025/06/23 18:12:42 - mmengine - INFO - Epoch(train) [22][5150/9162]  lr: 2.0000e-04  eta: 4:30:14  time: 0.7350  data_time: 0.1044  memory: 1708  loss: 3.7937  loss_cls: 2.5587  loss_bbox: 1.2350
2025/06/23 18:13:19 - mmengine - INFO - Epoch(train) [22][5200/9162]  lr: 2.0000e-04  eta: 4:29:38  time: 0.7415  data_time: 0.0916  memory: 1708  loss: 3.7144  loss_cls: 2.5120  loss_bbox: 1.2024
2025/06/23 18:13:57 - mmengine - INFO - Epoch(train) [22][5250/9162]  lr: 2.0000e-04  eta: 4:29:02  time: 0.7466  data_time: 0.1066  memory: 1708  loss: 3.8017  loss_cls: 2.5679  loss_bbox: 1.2338
2025/06/23 18:14:35 - mmengine - INFO - Epoch(train) [22][5300/9162]  lr: 2.0000e-04  eta: 4:28:26  time: 0.7524  data_time: 0.1423  memory: 1708  loss: 3.8169  loss_cls: 2.5612  loss_bbox: 1.2557
2025/06/23 18:15:12 - mmengine - INFO - Epoch(train) [22][5350/9162]  lr: 2.0000e-04  eta: 4:27:50  time: 0.7505  data_time: 0.0994  memory: 1708  loss: 3.8319  loss_cls: 2.5588  loss_bbox: 1.2731
2025/06/23 18:15:51 - mmengine - INFO - Epoch(train) [22][5400/9162]  lr: 2.0000e-04  eta: 4:27:14  time: 0.7665  data_time: 0.1202  memory: 1708  loss: 3.7072  loss_cls: 2.5153  loss_bbox: 1.1918
2025/06/23 18:16:28 - mmengine - INFO - Epoch(train) [22][5450/9162]  lr: 2.0000e-04  eta: 4:26:37  time: 0.7423  data_time: 0.0980  memory: 1708  loss: 3.7297  loss_cls: 2.5490  loss_bbox: 1.1807
2025/06/23 18:17:05 - mmengine - INFO - Epoch(train) [22][5500/9162]  lr: 2.0000e-04  eta: 4:26:01  time: 0.7402  data_time: 0.1102  memory: 1708  loss: 3.7260  loss_cls: 2.5106  loss_bbox: 1.2154
2025/06/23 18:17:42 - mmengine - INFO - Epoch(train) [22][5550/9162]  lr: 2.0000e-04  eta: 4:25:25  time: 0.7470  data_time: 0.1398  memory: 1708  loss: 3.7457  loss_cls: 2.5189  loss_bbox: 1.2268
2025/06/23 18:18:18 - mmengine - INFO - Exp name: ssd300_coco_20250622_013555
2025/06/23 18:18:20 - mmengine - INFO - Epoch(train) [22][5600/9162]  lr: 2.0000e-04  eta: 4:24:49  time: 0.7431  data_time: 0.1240  memory: 1708  loss: 3.7918  loss_cls: 2.5387  loss_bbox: 1.2531
2025/06/23 18:18:56 - mmengine - INFO - Epoch(train) [22][5650/9162]  lr: 2.0000e-04  eta: 4:24:13  time: 0.7346  data_time: 0.1107  memory: 1708  loss: 3.7521  loss_cls: 2.4993  loss_bbox: 1.2528
2025/06/23 18:19:34 - mmengine - INFO - Epoch(train) [22][5700/9162]  lr: 2.0000e-04  eta: 4:23:36  time: 0.7425  data_time: 0.1172  memory: 1708  loss: 3.7687  loss_cls: 2.5305  loss_bbox: 1.2381
2025/06/23 18:20:10 - mmengine - INFO - Epoch(train) [22][5750/9162]  lr: 2.0000e-04  eta: 4:23:00  time: 0.7277  data_time: 0.0876  memory: 1708  loss: 3.8735  loss_cls: 2.5963  loss_bbox: 1.2772
2025/06/23 18:20:47 - mmengine - INFO - Epoch(train) [22][5800/9162]  lr: 2.0000e-04  eta: 4:22:24  time: 0.7343  data_time: 0.1058  memory: 1708  loss: 3.7641  loss_cls: 2.5124  loss_bbox: 1.2517
2025/06/23 18:21:24 - mmengine - INFO - Epoch(train) [22][5850/9162]  lr: 2.0000e-04  eta: 4:21:48  time: 0.7341  data_time: 0.1113  memory: 1708  loss: 3.8019  loss_cls: 2.5341  loss_bbox: 1.2678
2025/06/23 18:22:01 - mmengine - INFO - Epoch(train) [22][5900/9162]  lr: 2.0000e-04  eta: 4:21:11  time: 0.7465  data_time: 0.0963  memory: 1708  loss: 3.7627  loss_cls: 2.5290  loss_bbox: 1.2336
2025/06/23 18:22:38 - mmengine - INFO - Epoch(train) [22][5950/9162]  lr: 2.0000e-04  eta: 4:20:35  time: 0.7450  data_time: 0.0994  memory: 1708  loss: 3.7154  loss_cls: 2.4999  loss_bbox: 1.2155
2025/06/23 18:23:16 - mmengine - INFO - Epoch(train) [22][6000/9162]  lr: 2.0000e-04  eta: 4:19:59  time: 0.7576  data_time: 0.1385  memory: 1708  loss: 3.7765  loss_cls: 2.5558  loss_bbox: 1.2207
2025/06/23 18:23:54 - mmengine - INFO - Epoch(train) [22][6050/9162]  lr: 2.0000e-04  eta: 4:19:23  time: 0.7572  data_time: 0.0928  memory: 1708  loss: 3.7834  loss_cls: 2.5390  loss_bbox: 1.2444
2025/06/23 18:24:32 - mmengine - INFO - Epoch(train) [22][6100/9162]  lr: 2.0000e-04  eta: 4:18:47  time: 0.7455  data_time: 0.1062  memory: 1708  loss: 3.6719  loss_cls: 2.4705  loss_bbox: 1.2014
2025/06/23 18:25:09 - mmengine - INFO - Epoch(train) [22][6150/9162]  lr: 2.0000e-04  eta: 4:18:10  time: 0.7426  data_time: 0.0905  memory: 1708  loss: 3.6839  loss_cls: 2.4774  loss_bbox: 1.2065
2025/06/23 18:25:46 - mmengine - INFO - Epoch(train) [22][6200/9162]  lr: 2.0000e-04  eta: 4:17:34  time: 0.7410  data_time: 0.0859  memory: 1708  loss: 3.7711  loss_cls: 2.5575  loss_bbox: 1.2136
2025/06/23 18:26:23 - mmengine - INFO - Epoch(train) [22][6250/9162]  lr: 2.0000e-04  eta: 4:16:58  time: 0.7410  data_time: 0.1105  memory: 1708  loss: 3.7625  loss_cls: 2.5113  loss_bbox: 1.2513
2025/06/23 18:27:01 - mmengine - INFO - Epoch(train) [22][6300/9162]  lr: 2.0000e-04  eta: 4:16:22  time: 0.7476  data_time: 0.1228  memory: 1708  loss: 3.7784  loss_cls: 2.5194  loss_bbox: 1.2590
2025/06/23 18:27:38 - mmengine - INFO - Epoch(train) [22][6350/9162]  lr: 2.0000e-04  eta: 4:15:46  time: 0.7407  data_time: 0.1045  memory: 1708  loss: 3.7085  loss_cls: 2.5359  loss_bbox: 1.1727
2025/06/23 18:28:15 - mmengine - INFO - Epoch(train) [22][6400/9162]  lr: 2.0000e-04  eta: 4:15:09  time: 0.7399  data_time: 0.1096  memory: 1708  loss: 3.7772  loss_cls: 2.5680  loss_bbox: 1.2093
2025/06/23 18:28:52 - mmengine - INFO - Epoch(train) [22][6450/9162]  lr: 2.0000e-04  eta: 4:14:33  time: 0.7369  data_time: 0.0973  memory: 1708  loss: 3.7747  loss_cls: 2.5307  loss_bbox: 1.2440
2025/06/23 18:29:30 - mmengine - INFO - Epoch(train) [22][6500/9162]  lr: 2.0000e-04  eta: 4:13:57  time: 0.7578  data_time: 0.1155  memory: 1708  loss: 3.7556  loss_cls: 2.5186  loss_bbox: 1.2370
2025/06/23 18:30:07 - mmengine - INFO - Epoch(train) [22][6550/9162]  lr: 2.0000e-04  eta: 4:13:21  time: 0.7492  data_time: 0.1009  memory: 1708  loss: 3.6971  loss_cls: 2.5097  loss_bbox: 1.1874
2025/06/23 18:30:43 - mmengine - INFO - Exp name: ssd300_coco_20250622_013555
2025/06/23 18:30:45 - mmengine - INFO - Epoch(train) [22][6600/9162]  lr: 2.0000e-04  eta: 4:12:45  time: 0.7396  data_time: 0.1157  memory: 1708  loss: 3.6776  loss_cls: 2.4650  loss_bbox: 1.2126
2025/06/23 18:31:22 - mmengine - INFO - Epoch(train) [22][6650/9162]  lr: 2.0000e-04  eta: 4:12:08  time: 0.7478  data_time: 0.1100  memory: 1708  loss: 3.7688  loss_cls: 2.5341  loss_bbox: 1.2347
2025/06/23 18:31:59 - mmengine - INFO - Epoch(train) [22][6700/9162]  lr: 2.0000e-04  eta: 4:11:32  time: 0.7419  data_time: 0.1355  memory: 1708  loss: 3.6178  loss_cls: 2.4514  loss_bbox: 1.1665
2025/06/23 18:32:36 - mmengine - INFO - Epoch(train) [22][6750/9162]  lr: 2.0000e-04  eta: 4:10:56  time: 0.7371  data_time: 0.1044  memory: 1708  loss: 3.7056  loss_cls: 2.4807  loss_bbox: 1.2250
2025/06/23 18:33:13 - mmengine - INFO - Epoch(train) [22][6800/9162]  lr: 2.0000e-04  eta: 4:10:20  time: 0.7416  data_time: 0.1068  memory: 1708  loss: 3.7545  loss_cls: 2.5187  loss_bbox: 1.2358
2025/06/23 18:33:50 - mmengine - INFO - Epoch(train) [22][6850/9162]  lr: 2.0000e-04  eta: 4:09:43  time: 0.7321  data_time: 0.1100  memory: 1708  loss: 3.6923  loss_cls: 2.4922  loss_bbox: 1.2000
2025/06/23 18:34:27 - mmengine - INFO - Epoch(train) [22][6900/9162]  lr: 2.0000e-04  eta: 4:09:07  time: 0.7435  data_time: 0.0975  memory: 1708  loss: 3.7701  loss_cls: 2.5538  loss_bbox: 1.2163
2025/06/23 18:35:04 - mmengine - INFO - Epoch(train) [22][6950/9162]  lr: 2.0000e-04  eta: 4:08:31  time: 0.7419  data_time: 0.1034  memory: 1708  loss: 3.7837  loss_cls: 2.5463  loss_bbox: 1.2374
2025/06/23 18:35:41 - mmengine - INFO - Epoch(train) [22][7000/9162]  lr: 2.0000e-04  eta: 4:07:55  time: 0.7370  data_time: 0.0985  memory: 1708  loss: 3.7440  loss_cls: 2.4928  loss_bbox: 1.2512
2025/06/23 18:36:19 - mmengine - INFO - Epoch(train) [22][7050/9162]  lr: 2.0000e-04  eta: 4:07:19  time: 0.7466  data_time: 0.1452  memory: 1708  loss: 3.8476  loss_cls: 2.5675  loss_bbox: 1.2801
2025/06/23 18:36:57 - mmengine - INFO - Epoch(train) [22][7100/9162]  lr: 2.0000e-04  eta: 4:06:42  time: 0.7529  data_time: 0.1333  memory: 1708  loss: 3.7873  loss_cls: 2.5339  loss_bbox: 1.2535
2025/06/23 18:37:34 - mmengine - INFO - Epoch(train) [22][7150/9162]  lr: 2.0000e-04  eta: 4:06:06  time: 0.7391  data_time: 0.1009  memory: 1708  loss: 3.7534  loss_cls: 2.5201  loss_bbox: 1.2333
2025/06/23 18:38:11 - mmengine - INFO - Epoch(train) [22][7200/9162]  lr: 2.0000e-04  eta: 4:05:30  time: 0.7436  data_time: 0.1112  memory: 1708  loss: 3.7504  loss_cls: 2.5282  loss_bbox: 1.2222
2025/06/23 18:38:47 - mmengine - INFO - Epoch(train) [22][7250/9162]  lr: 2.0000e-04  eta: 4:04:54  time: 0.7247  data_time: 0.0914  memory: 1708  loss: 3.7135  loss_cls: 2.5345  loss_bbox: 1.1790
2025/06/23 18:39:24 - mmengine - INFO - Epoch(train) [22][7300/9162]  lr: 2.0000e-04  eta: 4:04:17  time: 0.7364  data_time: 0.1059  memory: 1708  loss: 3.7775  loss_cls: 2.5421  loss_bbox: 1.2354
2025/06/23 18:40:01 - mmengine - INFO - Epoch(train) [22][7350/9162]  lr: 2.0000e-04  eta: 4:03:41  time: 0.7396  data_time: 0.1085  memory: 1708  loss: 3.7002  loss_cls: 2.4887  loss_bbox: 1.2115
2025/06/23 18:40:38 - mmengine - INFO - Epoch(train) [22][7400/9162]  lr: 2.0000e-04  eta: 4:03:05  time: 0.7380  data_time: 0.1006  memory: 1708  loss: 3.7544  loss_cls: 2.5114  loss_bbox: 1.2431
2025/06/23 18:41:15 - mmengine - INFO - Epoch(train) [22][7450/9162]  lr: 2.0000e-04  eta: 4:02:29  time: 0.7365  data_time: 0.1123  memory: 1708  loss: 3.7741  loss_cls: 2.5469  loss_bbox: 1.2272
2025/06/23 18:41:52 - mmengine - INFO - Epoch(train) [22][7500/9162]  lr: 2.0000e-04  eta: 4:01:52  time: 0.7437  data_time: 0.1281  memory: 1708  loss: 3.7382  loss_cls: 2.5051  loss_bbox: 1.2331
2025/06/23 18:42:30 - mmengine - INFO - Epoch(train) [22][7550/9162]  lr: 2.0000e-04  eta: 4:01:16  time: 0.7446  data_time: 0.0889  memory: 1708  loss: 3.7155  loss_cls: 2.5157  loss_bbox: 1.1998
2025/06/23 18:43:06 - mmengine - INFO - Exp name: ssd300_coco_20250622_013555
2025/06/23 18:43:07 - mmengine - INFO - Epoch(train) [22][7600/9162]  lr: 2.0000e-04  eta: 4:00:40  time: 0.7445  data_time: 0.1113  memory: 1708  loss: 3.6538  loss_cls: 2.4687  loss_bbox: 1.1852
2025/06/23 18:43:45 - mmengine - INFO - Epoch(train) [22][7650/9162]  lr: 2.0000e-04  eta: 4:00:04  time: 0.7618  data_time: 0.1229  memory: 1708  loss: 3.7581  loss_cls: 2.5726  loss_bbox: 1.1855
2025/06/23 18:44:23 - mmengine - INFO - Epoch(train) [22][7700/9162]  lr: 2.0000e-04  eta: 3:59:28  time: 0.7495  data_time: 0.1217  memory: 1708  loss: 3.7547  loss_cls: 2.5315  loss_bbox: 1.2232
2025/06/23 18:45:00 - mmengine - INFO - Epoch(train) [22][7750/9162]  lr: 2.0000e-04  eta: 3:58:51  time: 0.7376  data_time: 0.1061  memory: 1708  loss: 3.8257  loss_cls: 2.5515  loss_bbox: 1.2742
2025/06/23 18:45:37 - mmengine - INFO - Epoch(train) [22][7800/9162]  lr: 2.0000e-04  eta: 3:58:15  time: 0.7385  data_time: 0.1212  memory: 1708  loss: 3.7348  loss_cls: 2.5398  loss_bbox: 1.1950
2025/06/23 18:46:14 - mmengine - INFO - Epoch(train) [22][7850/9162]  lr: 2.0000e-04  eta: 3:57:39  time: 0.7416  data_time: 0.1214  memory: 1708  loss: 3.7853  loss_cls: 2.5453  loss_bbox: 1.2400
2025/06/23 18:46:50 - mmengine - INFO - Epoch(train) [22][7900/9162]  lr: 2.0000e-04  eta: 3:57:03  time: 0.7253  data_time: 0.0673  memory: 1708  loss: 3.8100  loss_cls: 2.5380  loss_bbox: 1.2721
2025/06/23 18:47:27 - mmengine - INFO - Epoch(train) [22][7950/9162]  lr: 2.0000e-04  eta: 3:56:26  time: 0.7345  data_time: 0.0993  memory: 1708  loss: 3.7054  loss_cls: 2.4991  loss_bbox: 1.2063
2025/06/23 18:48:04 - mmengine - INFO - Epoch(train) [22][8000/9162]  lr: 2.0000e-04  eta: 3:55:50  time: 0.7309  data_time: 0.0637  memory: 1708  loss: 3.6851  loss_cls: 2.4950  loss_bbox: 1.1902
2025/06/23 18:48:41 - mmengine - INFO - Epoch(train) [22][8050/9162]  lr: 2.0000e-04  eta: 3:55:14  time: 0.7391  data_time: 0.1103  memory: 1708  loss: 3.6827  loss_cls: 2.4860  loss_bbox: 1.1967
2025/06/23 18:49:18 - mmengine - INFO - Epoch(train) [22][8100/9162]  lr: 2.0000e-04  eta: 3:54:38  time: 0.7484  data_time: 0.1111  memory: 1708  loss: 3.7864  loss_cls: 2.5564  loss_bbox: 1.2299
2025/06/23 18:49:55 - mmengine - INFO - Epoch(train) [22][8150/9162]  lr: 2.0000e-04  eta: 3:54:01  time: 0.7364  data_time: 0.0736  memory: 1708  loss: 3.6437  loss_cls: 2.4489  loss_bbox: 1.1947
2025/06/23 18:50:33 - mmengine - INFO - Epoch(train) [22][8200/9162]  lr: 2.0000e-04  eta: 3:53:25  time: 0.7535  data_time: 0.1258  memory: 1708  loss: 3.7980  loss_cls: 2.5654  loss_bbox: 1.2326
2025/06/23 18:51:10 - mmengine - INFO - Epoch(train) [22][8250/9162]  lr: 2.0000e-04  eta: 3:52:49  time: 0.7408  data_time: 0.1361  memory: 1708  loss: 3.7121  loss_cls: 2.5497  loss_bbox: 1.1624
2025/06/23 18:51:47 - mmengine - INFO - Epoch(train) [22][8300/9162]  lr: 2.0000e-04  eta: 3:52:13  time: 0.7411  data_time: 0.1114  memory: 1708  loss: 3.6547  loss_cls: 2.4755  loss_bbox: 1.1792
2025/06/23 18:52:24 - mmengine - INFO - Epoch(train) [22][8350/9162]  lr: 2.0000e-04  eta: 3:51:36  time: 0.7432  data_time: 0.0996  memory: 1708  loss: 3.6707  loss_cls: 2.4759  loss_bbox: 1.1948
2025/06/23 18:53:01 - mmengine - INFO - Epoch(train) [22][8400/9162]  lr: 2.0000e-04  eta: 3:51:00  time: 0.7270  data_time: 0.1075  memory: 1708  loss: 3.7274  loss_cls: 2.4856  loss_bbox: 1.2418
2025/06/23 18:53:38 - mmengine - INFO - Epoch(train) [22][8450/9162]  lr: 2.0000e-04  eta: 3:50:24  time: 0.7421  data_time: 0.0988  memory: 1708  loss: 3.6349  loss_cls: 2.4479  loss_bbox: 1.1870
2025/06/23 18:54:15 - mmengine - INFO - Epoch(train) [22][8500/9162]  lr: 2.0000e-04  eta: 3:49:48  time: 0.7390  data_time: 0.1327  memory: 1708  loss: 3.6826  loss_cls: 2.5052  loss_bbox: 1.1773
2025/06/23 18:54:52 - mmengine - INFO - Epoch(train) [22][8550/9162]  lr: 2.0000e-04  eta: 3:49:11  time: 0.7383  data_time: 0.1048  memory: 1708  loss: 3.7480  loss_cls: 2.5513  loss_bbox: 1.1967
2025/06/23 18:55:27 - mmengine - INFO - Exp name: ssd300_coco_20250622_013555
2025/06/23 18:55:29 - mmengine - INFO - Epoch(train) [22][8600/9162]  lr: 2.0000e-04  eta: 3:48:35  time: 0.7314  data_time: 0.0998  memory: 1708  loss: 3.6896  loss_cls: 2.4797  loss_bbox: 1.2099
2025/06/23 18:56:06 - mmengine - INFO - Epoch(train) [22][8650/9162]  lr: 2.0000e-04  eta: 3:47:59  time: 0.7438  data_time: 0.1152  memory: 1708  loss: 3.7376  loss_cls: 2.5196  loss_bbox: 1.2180
2025/06/23 18:56:44 - mmengine - INFO - Epoch(train) [22][8700/9162]  lr: 2.0000e-04  eta: 3:47:23  time: 0.7508  data_time: 0.1288  memory: 1708  loss: 3.7774  loss_cls: 2.5132  loss_bbox: 1.2642
2025/06/23 18:57:21 - mmengine - INFO - Epoch(train) [22][8750/9162]  lr: 2.0000e-04  eta: 3:46:46  time: 0.7484  data_time: 0.1410  memory: 1708  loss: 3.7786  loss_cls: 2.5350  loss_bbox: 1.2436
2025/06/23 18:57:59 - mmengine - INFO - Epoch(train) [22][8800/9162]  lr: 2.0000e-04  eta: 3:46:10  time: 0.7450  data_time: 0.1102  memory: 1708  loss: 3.7563  loss_cls: 2.5231  loss_bbox: 1.2333
2025/06/23 18:58:37 - mmengine - INFO - Epoch(train) [22][8850/9162]  lr: 2.0000e-04  eta: 3:45:34  time: 0.7582  data_time: 0.1270  memory: 1708  loss: 3.8516  loss_cls: 2.5693  loss_bbox: 1.2822
2025/06/23 18:59:14 - mmengine - INFO - Epoch(train) [22][8900/9162]  lr: 2.0000e-04  eta: 3:44:58  time: 0.7376  data_time: 0.0995  memory: 1708  loss: 3.7921  loss_cls: 2.5493  loss_bbox: 1.2427
2025/06/23 18:59:51 - mmengine - INFO - Epoch(train) [22][8950/9162]  lr: 2.0000e-04  eta: 3:44:22  time: 0.7374  data_time: 0.1068  memory: 1708  loss: 3.7493  loss_cls: 2.5223  loss_bbox: 1.2270
2025/06/23 19:00:28 - mmengine - INFO - Epoch(train) [22][9000/9162]  lr: 2.0000e-04  eta: 3:43:45  time: 0.7489  data_time: 0.0931  memory: 1708  loss: 3.7755  loss_cls: 2.5367  loss_bbox: 1.2388
2025/06/23 19:01:06 - mmengine - INFO - Epoch(train) [22][9050/9162]  lr: 2.0000e-04  eta: 3:43:09  time: 0.7515  data_time: 0.1219  memory: 1708  loss: 3.8578  loss_cls: 2.5888  loss_bbox: 1.2690
2025/06/23 19:01:43 - mmengine - INFO - Epoch(train) [22][9100/9162]  lr: 2.0000e-04  eta: 3:42:33  time: 0.7523  data_time: 0.1001  memory: 1708  loss: 3.8303  loss_cls: 2.5687  loss_bbox: 1.2617
2025/06/23 19:02:21 - mmengine - INFO - Epoch(train) [22][9150/9162]  lr: 2.0000e-04  eta: 3:41:57  time: 0.7434  data_time: 0.1063  memory: 1708  loss: 3.8314  loss_cls: 2.5746  loss_bbox: 1.2568
2025/06/23 19:02:29 - mmengine - INFO - Exp name: ssd300_coco_20250622_013555
2025/06/23 19:02:29 - mmengine - INFO - Saving checkpoint at 22 epochs
2025/06/23 19:02:44 - mmengine - INFO - Epoch(val) [22][ 50/157]    eta: 0:00:27  time: 0.2575  data_time: 0.0526  memory: 1708  
2025/06/23 19:02:56 - mmengine - INFO - Epoch(val) [22][100/157]    eta: 0:00:14  time: 0.2450  data_time: 0.0400  memory: 851  
2025/06/23 19:03:09 - mmengine - INFO - Epoch(val) [22][150/157]    eta: 0:00:01  time: 0.2562  data_time: 0.0509  memory: 851  
2025/06/23 19:03:29 - mmengine - INFO - Evaluating bbox...
2025/06/23 19:04:26 - mmengine - INFO - bbox_mAP_copypaste: 0.250 0.430 0.256 0.065 0.267 0.414
2025/06/23 19:04:27 - mmengine - INFO - Epoch(val) [22][157/157]    coco/bbox_mAP: 0.2500  coco/bbox_mAP_50: 0.4300  coco/bbox_mAP_75: 0.2560  coco/bbox_mAP_s: 0.0650  coco/bbox_mAP_m: 0.2670  coco/bbox_mAP_l: 0.4140  data_time: 0.0470  time: 0.2499
2025/06/23 19:05:03 - mmengine - INFO - Epoch(train) [23][  50/9162]  lr: 2.0000e-05  eta: 3:41:12  time: 0.7222  data_time: 0.0931  memory: 1708  loss: 3.8202  loss_cls: 2.5224  loss_bbox: 1.2978
2025/06/23 19:05:41 - mmengine - INFO - Epoch(train) [23][ 100/9162]  lr: 2.0000e-05  eta: 3:40:35  time: 0.7466  data_time: 0.1139  memory: 1708  loss: 3.7488  loss_cls: 2.5292  loss_bbox: 1.2196
2025/06/23 19:06:18 - mmengine - INFO - Epoch(train) [23][ 150/9162]  lr: 2.0000e-05  eta: 3:39:59  time: 0.7378  data_time: 0.1183  memory: 1708  loss: 3.6110  loss_cls: 2.4481  loss_bbox: 1.1630
2025/06/23 19:06:55 - mmengine - INFO - Epoch(train) [23][ 200/9162]  lr: 2.0000e-05  eta: 3:39:23  time: 0.7442  data_time: 0.1258  memory: 1708  loss: 3.7785  loss_cls: 2.5674  loss_bbox: 1.2111
2025/06/23 19:07:33 - mmengine - INFO - Epoch(train) [23][ 250/9162]  lr: 2.0000e-05  eta: 3:38:47  time: 0.7516  data_time: 0.1137  memory: 1708  loss: 3.7331  loss_cls: 2.5076  loss_bbox: 1.2254
2025/06/23 19:08:10 - mmengine - INFO - Epoch(train) [23][ 300/9162]  lr: 2.0000e-05  eta: 3:38:11  time: 0.7478  data_time: 0.1238  memory: 1708  loss: 3.7224  loss_cls: 2.5145  loss_bbox: 1.2080
2025/06/23 19:08:44 - mmengine - INFO - Epoch(train) [23][ 350/9162]  lr: 2.0000e-05  eta: 3:37:34  time: 0.6837  data_time: 0.0703  memory: 1708  loss: 3.6628  loss_cls: 2.4965  loss_bbox: 1.1663
2025/06/23 19:09:16 - mmengine - INFO - Epoch(train) [23][ 400/9162]  lr: 2.0000e-05  eta: 3:36:57  time: 0.6209  data_time: 0.0455  memory: 1708  loss: 3.6949  loss_cls: 2.5101  loss_bbox: 1.1847
2025/06/23 19:09:40 - mmengine - INFO - Exp name: ssd300_coco_20250622_013555
2025/06/23 19:09:51 - mmengine - INFO - Epoch(train) [23][ 450/9162]  lr: 2.0000e-05  eta: 3:36:21  time: 0.6991  data_time: 0.0966  memory: 1708  loss: 3.6339  loss_cls: 2.4605  loss_bbox: 1.1734
2025/06/23 19:10:28 - mmengine - INFO - Epoch(train) [23][ 500/9162]  lr: 2.0000e-05  eta: 3:35:45  time: 0.7383  data_time: 0.1122  memory: 1708  loss: 3.6503  loss_cls: 2.4619  loss_bbox: 1.1884
2025/06/23 19:11:04 - mmengine - INFO - Epoch(train) [23][ 550/9162]  lr: 2.0000e-05  eta: 3:35:08  time: 0.7332  data_time: 0.1055  memory: 1708  loss: 3.6151  loss_cls: 2.4737  loss_bbox: 1.1414
2025/06/23 19:11:41 - mmengine - INFO - Epoch(train) [23][ 600/9162]  lr: 2.0000e-05  eta: 3:34:32  time: 0.7384  data_time: 0.1340  memory: 1708  loss: 3.6572  loss_cls: 2.4776  loss_bbox: 1.1796
2025/06/23 19:12:19 - mmengine - INFO - Epoch(train) [23][ 650/9162]  lr: 2.0000e-05  eta: 3:33:56  time: 0.7445  data_time: 0.1204  memory: 1708  loss: 3.6351  loss_cls: 2.4814  loss_bbox: 1.1537
2025/06/23 19:12:56 - mmengine - INFO - Epoch(train) [23][ 700/9162]  lr: 2.0000e-05  eta: 3:33:20  time: 0.7426  data_time: 0.1192  memory: 1708  loss: 3.7631  loss_cls: 2.5225  loss_bbox: 1.2406
2025/06/23 19:13:34 - mmengine - INFO - Epoch(train) [23][ 750/9162]  lr: 2.0000e-05  eta: 3:32:43  time: 0.7499  data_time: 0.1305  memory: 1708  loss: 3.7406  loss_cls: 2.5242  loss_bbox: 1.2164
2025/06/23 19:14:11 - mmengine - INFO - Epoch(train) [23][ 800/9162]  lr: 2.0000e-05  eta: 3:32:07  time: 0.7414  data_time: 0.1389  memory: 1708  loss: 3.7947  loss_cls: 2.5442  loss_bbox: 1.2505
2025/06/23 19:14:48 - mmengine - INFO - Epoch(train) [23][ 850/9162]  lr: 2.0000e-05  eta: 3:31:31  time: 0.7396  data_time: 0.1172  memory: 1708  loss: 3.8586  loss_cls: 2.5752  loss_bbox: 1.2834
2025/06/23 19:15:25 - mmengine - INFO - Epoch(train) [23][ 900/9162]  lr: 2.0000e-05  eta: 3:30:55  time: 0.7415  data_time: 0.1198  memory: 1708  loss: 3.7888  loss_cls: 2.5427  loss_bbox: 1.2462
2025/06/23 19:16:02 - mmengine - INFO - Epoch(train) [23][ 950/9162]  lr: 2.0000e-05  eta: 3:30:18  time: 0.7408  data_time: 0.1193  memory: 1708  loss: 3.8192  loss_cls: 2.5740  loss_bbox: 1.2452
2025/06/23 19:16:39 - mmengine - INFO - Epoch(train) [23][1000/9162]  lr: 2.0000e-05  eta: 3:29:42  time: 0.7374  data_time: 0.0942  memory: 1708  loss: 3.7282  loss_cls: 2.4851  loss_bbox: 1.2431
2025/06/23 19:17:16 - mmengine - INFO - Epoch(train) [23][1050/9162]  lr: 2.0000e-05  eta: 3:29:06  time: 0.7311  data_time: 0.1140  memory: 1708  loss: 3.6832  loss_cls: 2.4693  loss_bbox: 1.2140
2025/06/23 19:17:52 - mmengine - INFO - Epoch(train) [23][1100/9162]  lr: 2.0000e-05  eta: 3:28:29  time: 0.7337  data_time: 0.1038  memory: 1708  loss: 3.8226  loss_cls: 2.5307  loss_bbox: 1.2919
2025/06/23 19:18:29 - mmengine - INFO - Epoch(train) [23][1150/9162]  lr: 2.0000e-05  eta: 3:27:53  time: 0.7382  data_time: 0.1197  memory: 1708  loss: 3.6645  loss_cls: 2.4578  loss_bbox: 1.2067
2025/06/23 19:19:07 - mmengine - INFO - Epoch(train) [23][1200/9162]  lr: 2.0000e-05  eta: 3:27:17  time: 0.7409  data_time: 0.1208  memory: 1708  loss: 3.6670  loss_cls: 2.4930  loss_bbox: 1.1740
2025/06/23 19:19:45 - mmengine - INFO - Epoch(train) [23][1250/9162]  lr: 2.0000e-05  eta: 3:26:41  time: 0.7592  data_time: 0.1218  memory: 1708  loss: 3.7176  loss_cls: 2.5054  loss_bbox: 1.2121
2025/06/23 19:20:22 - mmengine - INFO - Epoch(train) [23][1300/9162]  lr: 2.0000e-05  eta: 3:26:04  time: 0.7420  data_time: 0.1230  memory: 1708  loss: 3.6973  loss_cls: 2.4746  loss_bbox: 1.2227
2025/06/23 19:20:59 - mmengine - INFO - Epoch(train) [23][1350/9162]  lr: 2.0000e-05  eta: 3:25:28  time: 0.7402  data_time: 0.1165  memory: 1708  loss: 3.7511  loss_cls: 2.5106  loss_bbox: 1.2405
2025/06/23 19:21:36 - mmengine - INFO - Epoch(train) [23][1400/9162]  lr: 2.0000e-05  eta: 3:24:52  time: 0.7409  data_time: 0.1433  memory: 1708  loss: 3.6984  loss_cls: 2.4872  loss_bbox: 1.2112
2025/06/23 19:22:03 - mmengine - INFO - Exp name: ssd300_coco_20250622_013555
2025/06/23 19:22:14 - mmengine - INFO - Epoch(train) [23][1450/9162]  lr: 2.0000e-05  eta: 3:24:16  time: 0.7486  data_time: 0.1043  memory: 1708  loss: 3.7783  loss_cls: 2.5533  loss_bbox: 1.2250
2025/06/23 19:22:51 - mmengine - INFO - Epoch(train) [23][1500/9162]  lr: 2.0000e-05  eta: 3:23:39  time: 0.7387  data_time: 0.1199  memory: 1708  loss: 3.6435  loss_cls: 2.4920  loss_bbox: 1.1516
2025/06/23 19:23:28 - mmengine - INFO - Epoch(train) [23][1550/9162]  lr: 2.0000e-05  eta: 3:23:03  time: 0.7383  data_time: 0.0944  memory: 1708  loss: 3.6336  loss_cls: 2.4902  loss_bbox: 1.1434
2025/06/23 19:24:05 - mmengine - INFO - Epoch(train) [23][1600/9162]  lr: 2.0000e-05  eta: 3:22:27  time: 0.7395  data_time: 0.1274  memory: 1708  loss: 3.6995  loss_cls: 2.5125  loss_bbox: 1.1870
2025/06/23 19:24:42 - mmengine - INFO - Epoch(train) [23][1650/9162]  lr: 2.0000e-05  eta: 3:21:51  time: 0.7371  data_time: 0.1239  memory: 1708  loss: 3.7955  loss_cls: 2.5604  loss_bbox: 1.2351
2025/06/23 19:25:19 - mmengine - INFO - Epoch(train) [23][1700/9162]  lr: 2.0000e-05  eta: 3:21:14  time: 0.7380  data_time: 0.1099  memory: 1708  loss: 3.6229  loss_cls: 2.4740  loss_bbox: 1.1489
2025/06/23 19:25:56 - mmengine - INFO - Epoch(train) [23][1750/9162]  lr: 2.0000e-05  eta: 3:20:38  time: 0.7388  data_time: 0.1261  memory: 1708  loss: 3.5963  loss_cls: 2.4139  loss_bbox: 1.1824
2025/06/23 19:26:34 - mmengine - INFO - Epoch(train) [23][1800/9162]  lr: 2.0000e-05  eta: 3:20:02  time: 0.7561  data_time: 0.1257  memory: 1708  loss: 3.7429  loss_cls: 2.5103  loss_bbox: 1.2325
2025/06/23 19:27:11 - mmengine - INFO - Epoch(train) [23][1850/9162]  lr: 2.0000e-05  eta: 3:19:26  time: 0.7451  data_time: 0.1231  memory: 1708  loss: 3.7901  loss_cls: 2.5451  loss_bbox: 1.2450
2025/06/23 19:27:48 - mmengine - INFO - Epoch(train) [23][1900/9162]  lr: 2.0000e-05  eta: 3:18:49  time: 0.7406  data_time: 0.1341  memory: 1708  loss: 3.6652  loss_cls: 2.4611  loss_bbox: 1.2041
2025/06/23 19:28:25 - mmengine - INFO - Epoch(train) [23][1950/9162]  lr: 2.0000e-05  eta: 3:18:13  time: 0.7436  data_time: 0.1166  memory: 1708  loss: 3.7874  loss_cls: 2.5441  loss_bbox: 1.2434
2025/06/23 19:29:03 - mmengine - INFO - Epoch(train) [23][2000/9162]  lr: 2.0000e-05  eta: 3:17:37  time: 0.7524  data_time: 0.1259  memory: 1708  loss: 3.7350  loss_cls: 2.4747  loss_bbox: 1.2603
2025/06/23 19:29:41 - mmengine - INFO - Epoch(train) [23][2050/9162]  lr: 2.0000e-05  eta: 3:17:01  time: 0.7511  data_time: 0.1108  memory: 1708  loss: 3.6707  loss_cls: 2.4921  loss_bbox: 1.1786
2025/06/23 19:30:18 - mmengine - INFO - Epoch(train) [23][2100/9162]  lr: 2.0000e-05  eta: 3:16:25  time: 0.7454  data_time: 0.1073  memory: 1708  loss: 3.8058  loss_cls: 2.5472  loss_bbox: 1.2586
2025/06/23 19:30:56 - mmengine - INFO - Epoch(train) [23][2150/9162]  lr: 2.0000e-05  eta: 3:15:48  time: 0.7613  data_time: 0.1016  memory: 1708  loss: 3.6926  loss_cls: 2.5021  loss_bbox: 1.1904
2025/06/23 19:31:34 - mmengine - INFO - Epoch(train) [23][2200/9162]  lr: 2.0000e-05  eta: 3:15:12  time: 0.7514  data_time: 0.0990  memory: 1708  loss: 3.7019  loss_cls: 2.4910  loss_bbox: 1.2110
2025/06/23 19:32:12 - mmengine - INFO - Epoch(train) [23][2250/9162]  lr: 2.0000e-05  eta: 3:14:36  time: 0.7563  data_time: 0.1171  memory: 1708  loss: 3.6905  loss_cls: 2.4858  loss_bbox: 1.2047
2025/06/23 19:32:49 - mmengine - INFO - Epoch(train) [23][2300/9162]  lr: 2.0000e-05  eta: 3:14:00  time: 0.7412  data_time: 0.1274  memory: 1708  loss: 3.6652  loss_cls: 2.4556  loss_bbox: 1.2096
2025/06/23 19:33:26 - mmengine - INFO - Epoch(train) [23][2350/9162]  lr: 2.0000e-05  eta: 3:13:23  time: 0.7396  data_time: 0.0929  memory: 1708  loss: 3.8292  loss_cls: 2.5653  loss_bbox: 1.2639
2025/06/23 19:34:04 - mmengine - INFO - Epoch(train) [23][2400/9162]  lr: 2.0000e-05  eta: 3:12:47  time: 0.7487  data_time: 0.1089  memory: 1708  loss: 3.7657  loss_cls: 2.5274  loss_bbox: 1.2383
2025/06/23 19:34:30 - mmengine - INFO - Exp name: ssd300_coco_20250622_013555
2025/06/23 19:34:41 - mmengine - INFO - Epoch(train) [23][2450/9162]  lr: 2.0000e-05  eta: 3:12:11  time: 0.7422  data_time: 0.1289  memory: 1708  loss: 3.7721  loss_cls: 2.5147  loss_bbox: 1.2574
2025/06/23 19:35:18 - mmengine - INFO - Epoch(train) [23][2500/9162]  lr: 2.0000e-05  eta: 3:11:35  time: 0.7394  data_time: 0.1031  memory: 1708  loss: 3.7364  loss_cls: 2.5087  loss_bbox: 1.2277
2025/06/23 19:35:54 - mmengine - INFO - Epoch(train) [23][2550/9162]  lr: 2.0000e-05  eta: 3:10:58  time: 0.7313  data_time: 0.0664  memory: 1708  loss: 3.7937  loss_cls: 2.5221  loss_bbox: 1.2716
2025/06/23 19:36:31 - mmengine - INFO - Epoch(train) [23][2600/9162]  lr: 2.0000e-05  eta: 3:10:22  time: 0.7328  data_time: 0.0724  memory: 1708  loss: 3.7388  loss_cls: 2.5331  loss_bbox: 1.2057
2025/06/23 19:37:08 - mmengine - INFO - Epoch(train) [23][2650/9162]  lr: 2.0000e-05  eta: 3:09:46  time: 0.7397  data_time: 0.1200  memory: 1708  loss: 3.8515  loss_cls: 2.5841  loss_bbox: 1.2674
2025/06/23 19:37:46 - mmengine - INFO - Epoch(train) [23][2700/9162]  lr: 2.0000e-05  eta: 3:09:10  time: 0.7524  data_time: 0.1091  memory: 1708  loss: 3.7182  loss_cls: 2.4916  loss_bbox: 1.2266
2025/06/23 19:38:23 - mmengine - INFO - Epoch(train) [23][2750/9162]  lr: 2.0000e-05  eta: 3:08:33  time: 0.7371  data_time: 0.1168  memory: 1708  loss: 3.6570  loss_cls: 2.4668  loss_bbox: 1.1902
2025/06/23 19:39:00 - mmengine - INFO - Epoch(train) [23][2800/9162]  lr: 2.0000e-05  eta: 3:07:57  time: 0.7457  data_time: 0.1255  memory: 1708  loss: 3.7579  loss_cls: 2.5328  loss_bbox: 1.2251
2025/06/23 19:39:37 - mmengine - INFO - Epoch(train) [23][2850/9162]  lr: 2.0000e-05  eta: 3:07:21  time: 0.7386  data_time: 0.0943  memory: 1708  loss: 3.6970  loss_cls: 2.5295  loss_bbox: 1.1674
2025/06/23 19:40:15 - mmengine - INFO - Epoch(train) [23][2900/9162]  lr: 2.0000e-05  eta: 3:06:44  time: 0.7524  data_time: 0.0817  memory: 1708  loss: 3.7092  loss_cls: 2.4994  loss_bbox: 1.2098
2025/06/23 19:40:53 - mmengine - INFO - Epoch(train) [23][2950/9162]  lr: 2.0000e-05  eta: 3:06:08  time: 0.7535  data_time: 0.1123  memory: 1708  loss: 3.8068  loss_cls: 2.5503  loss_bbox: 1.2566
2025/06/23 19:41:30 - mmengine - INFO - Epoch(train) [23][3000/9162]  lr: 2.0000e-05  eta: 3:05:32  time: 0.7450  data_time: 0.1361  memory: 1708  loss: 3.6744  loss_cls: 2.4599  loss_bbox: 1.2145
2025/06/23 19:42:07 - mmengine - INFO - Epoch(train) [23][3050/9162]  lr: 2.0000e-05  eta: 3:04:56  time: 0.7371  data_time: 0.1197  memory: 1708  loss: 3.7088  loss_cls: 2.5058  loss_bbox: 1.2030
2025/06/23 19:42:44 - mmengine - INFO - Epoch(train) [23][3100/9162]  lr: 2.0000e-05  eta: 3:04:19  time: 0.7341  data_time: 0.1135  memory: 1708  loss: 3.7292  loss_cls: 2.4953  loss_bbox: 1.2340
2025/06/23 19:43:21 - mmengine - INFO - Epoch(train) [23][3150/9162]  lr: 2.0000e-05  eta: 3:03:43  time: 0.7386  data_time: 0.1092  memory: 1708  loss: 3.7408  loss_cls: 2.5418  loss_bbox: 1.1990
2025/06/23 19:43:58 - mmengine - INFO - Epoch(train) [23][3200/9162]  lr: 2.0000e-05  eta: 3:03:07  time: 0.7468  data_time: 0.1262  memory: 1708  loss: 3.7211  loss_cls: 2.4930  loss_bbox: 1.2281
2025/06/23 19:44:35 - mmengine - INFO - Epoch(train) [23][3250/9162]  lr: 2.0000e-05  eta: 3:02:31  time: 0.7394  data_time: 0.1191  memory: 1708  loss: 3.7782  loss_cls: 2.5410  loss_bbox: 1.2372
2025/06/23 19:45:12 - mmengine - INFO - Epoch(train) [23][3300/9162]  lr: 2.0000e-05  eta: 3:01:54  time: 0.7332  data_time: 0.0876  memory: 1708  loss: 3.6718  loss_cls: 2.5040  loss_bbox: 1.1678
2025/06/23 19:45:49 - mmengine - INFO - Epoch(train) [23][3350/9162]  lr: 2.0000e-05  eta: 3:01:18  time: 0.7349  data_time: 0.0789  memory: 1708  loss: 3.7429  loss_cls: 2.5270  loss_bbox: 1.2160
2025/06/23 19:46:26 - mmengine - INFO - Epoch(train) [23][3400/9162]  lr: 2.0000e-05  eta: 3:00:42  time: 0.7375  data_time: 0.0838  memory: 1708  loss: 3.7304  loss_cls: 2.5096  loss_bbox: 1.2208
2025/06/23 19:46:53 - mmengine - INFO - Exp name: ssd300_coco_20250622_013555
2025/06/23 19:47:03 - mmengine - INFO - Epoch(train) [23][3450/9162]  lr: 2.0000e-05  eta: 3:00:05  time: 0.7452  data_time: 0.1099  memory: 1708  loss: 3.7989  loss_cls: 2.5136  loss_bbox: 1.2852
2025/06/23 19:47:41 - mmengine - INFO - Epoch(train) [23][3500/9162]  lr: 2.0000e-05  eta: 2:59:29  time: 0.7471  data_time: 0.1000  memory: 1708  loss: 3.7131  loss_cls: 2.4886  loss_bbox: 1.2245
2025/06/23 19:48:19 - mmengine - INFO - Epoch(train) [23][3550/9162]  lr: 2.0000e-05  eta: 2:58:53  time: 0.7588  data_time: 0.1185  memory: 1708  loss: 3.7018  loss_cls: 2.4953  loss_bbox: 1.2065
2025/06/23 19:48:56 - mmengine - INFO - Epoch(train) [23][3600/9162]  lr: 2.0000e-05  eta: 2:58:17  time: 0.7432  data_time: 0.1040  memory: 1708  loss: 3.6371  loss_cls: 2.4517  loss_bbox: 1.1854
2025/06/23 19:49:33 - mmengine - INFO - Epoch(train) [23][3650/9162]  lr: 2.0000e-05  eta: 2:57:40  time: 0.7340  data_time: 0.0787  memory: 1708  loss: 3.6933  loss_cls: 2.4967  loss_bbox: 1.1966
2025/06/23 19:50:10 - mmengine - INFO - Epoch(train) [23][3700/9162]  lr: 2.0000e-05  eta: 2:57:04  time: 0.7449  data_time: 0.1033  memory: 1708  loss: 3.8538  loss_cls: 2.5922  loss_bbox: 1.2616
2025/06/23 19:50:48 - mmengine - INFO - Epoch(train) [23][3750/9162]  lr: 2.0000e-05  eta: 2:56:28  time: 0.7434  data_time: 0.1029  memory: 1708  loss: 3.7287  loss_cls: 2.5147  loss_bbox: 1.2140
2025/06/23 19:51:25 - mmengine - INFO - Epoch(train) [23][3800/9162]  lr: 2.0000e-05  eta: 2:55:52  time: 0.7504  data_time: 0.0975  memory: 1708  loss: 3.8143  loss_cls: 2.5514  loss_bbox: 1.2628
2025/06/23 19:52:02 - mmengine - INFO - Epoch(train) [23][3850/9162]  lr: 2.0000e-05  eta: 2:55:15  time: 0.7436  data_time: 0.1150  memory: 1708  loss: 3.7438  loss_cls: 2.5326  loss_bbox: 1.2112
2025/06/23 19:52:39 - mmengine - INFO - Epoch(train) [23][3900/9162]  lr: 2.0000e-05  eta: 2:54:39  time: 0.7351  data_time: 0.1044  memory: 1708  loss: 3.7748  loss_cls: 2.4886  loss_bbox: 1.2863
2025/06/23 19:53:16 - mmengine - INFO - Epoch(train) [23][3950/9162]  lr: 2.0000e-05  eta: 2:54:03  time: 0.7389  data_time: 0.1025  memory: 1708  loss: 3.7567  loss_cls: 2.5257  loss_bbox: 1.2310
2025/06/23 19:53:53 - mmengine - INFO - Epoch(train) [23][4000/9162]  lr: 2.0000e-05  eta: 2:53:27  time: 0.7373  data_time: 0.1001  memory: 1708  loss: 3.7873  loss_cls: 2.5347  loss_bbox: 1.2525
2025/06/23 19:54:31 - mmengine - INFO - Epoch(train) [23][4050/9162]  lr: 2.0000e-05  eta: 2:52:50  time: 0.7532  data_time: 0.1152  memory: 1708  loss: 3.6925  loss_cls: 2.4594  loss_bbox: 1.2331
2025/06/23 19:55:09 - mmengine - INFO - Epoch(train) [23][4100/9162]  lr: 2.0000e-05  eta: 2:52:14  time: 0.7551  data_time: 0.1259  memory: 1708  loss: 3.7428  loss_cls: 2.5199  loss_bbox: 1.2229
2025/06/23 19:55:46 - mmengine - INFO - Epoch(train) [23][4150/9162]  lr: 2.0000e-05  eta: 2:51:38  time: 0.7479  data_time: 0.0936  memory: 1708  loss: 3.7801  loss_cls: 2.5538  loss_bbox: 1.2263
2025/06/23 19:56:24 - mmengine - INFO - Epoch(train) [23][4200/9162]  lr: 2.0000e-05  eta: 2:51:02  time: 0.7470  data_time: 0.1104  memory: 1708  loss: 3.6138  loss_cls: 2.4558  loss_bbox: 1.1581
2025/06/23 19:57:01 - mmengine - INFO - Epoch(train) [23][4250/9162]  lr: 2.0000e-05  eta: 2:50:25  time: 0.7419  data_time: 0.0956  memory: 1708  loss: 3.7553  loss_cls: 2.5484  loss_bbox: 1.2069
2025/06/23 19:57:38 - mmengine - INFO - Epoch(train) [23][4300/9162]  lr: 2.0000e-05  eta: 2:49:49  time: 0.7439  data_time: 0.1101  memory: 1708  loss: 3.7693  loss_cls: 2.5087  loss_bbox: 1.2607
2025/06/23 19:58:15 - mmengine - INFO - Epoch(train) [23][4350/9162]  lr: 2.0000e-05  eta: 2:49:13  time: 0.7314  data_time: 0.0916  memory: 1708  loss: 3.6548  loss_cls: 2.4750  loss_bbox: 1.1798
2025/06/23 19:58:52 - mmengine - INFO - Epoch(train) [23][4400/9162]  lr: 2.0000e-05  eta: 2:48:36  time: 0.7443  data_time: 0.1167  memory: 1708  loss: 3.8278  loss_cls: 2.5565  loss_bbox: 1.2714
2025/06/23 19:59:19 - mmengine - INFO - Exp name: ssd300_coco_20250622_013555
2025/06/23 19:59:30 - mmengine - INFO - Epoch(train) [23][4450/9162]  lr: 2.0000e-05  eta: 2:48:00  time: 0.7464  data_time: 0.1166  memory: 1708  loss: 3.7384  loss_cls: 2.5226  loss_bbox: 1.2158
2025/06/23 20:00:07 - mmengine - INFO - Epoch(train) [23][4500/9162]  lr: 2.0000e-05  eta: 2:47:24  time: 0.7432  data_time: 0.1352  memory: 1708  loss: 3.6579  loss_cls: 2.4680  loss_bbox: 1.1899
2025/06/23 20:00:44 - mmengine - INFO - Epoch(train) [23][4550/9162]  lr: 2.0000e-05  eta: 2:46:48  time: 0.7439  data_time: 0.1256  memory: 1708  loss: 3.7202  loss_cls: 2.4782  loss_bbox: 1.2420
2025/06/23 20:01:22 - mmengine - INFO - Epoch(train) [23][4600/9162]  lr: 2.0000e-05  eta: 2:46:11  time: 0.7445  data_time: 0.0883  memory: 1708  loss: 3.7005  loss_cls: 2.4984  loss_bbox: 1.2021
2025/06/23 20:01:59 - mmengine - INFO - Epoch(train) [23][4650/9162]  lr: 2.0000e-05  eta: 2:45:35  time: 0.7563  data_time: 0.1175  memory: 1708  loss: 3.7783  loss_cls: 2.5248  loss_bbox: 1.2535
2025/06/23 20:02:37 - mmengine - INFO - Epoch(train) [23][4700/9162]  lr: 2.0000e-05  eta: 2:44:59  time: 0.7542  data_time: 0.0975  memory: 1708  loss: 3.8356  loss_cls: 2.5624  loss_bbox: 1.2731
2025/06/23 20:03:15 - mmengine - INFO - Epoch(train) [23][4750/9162]  lr: 2.0000e-05  eta: 2:44:23  time: 0.7478  data_time: 0.1100  memory: 1708  loss: 3.7022  loss_cls: 2.5190  loss_bbox: 1.1833
2025/06/23 20:03:52 - mmengine - INFO - Epoch(train) [23][4800/9162]  lr: 2.0000e-05  eta: 2:43:46  time: 0.7454  data_time: 0.1258  memory: 1708  loss: 3.7450  loss_cls: 2.5241  loss_bbox: 1.2209
2025/06/23 20:04:29 - mmengine - INFO - Epoch(train) [23][4850/9162]  lr: 2.0000e-05  eta: 2:43:10  time: 0.7389  data_time: 0.1249  memory: 1708  loss: 3.7982  loss_cls: 2.5522  loss_bbox: 1.2459
2025/06/23 20:05:06 - mmengine - INFO - Epoch(train) [23][4900/9162]  lr: 2.0000e-05  eta: 2:42:34  time: 0.7458  data_time: 0.1344  memory: 1708  loss: 3.7664  loss_cls: 2.5433  loss_bbox: 1.2231
2025/06/23 20:05:44 - mmengine - INFO - Epoch(train) [23][4950/9162]  lr: 2.0000e-05  eta: 2:41:58  time: 0.7494  data_time: 0.1430  memory: 1708  loss: 3.7372  loss_cls: 2.5408  loss_bbox: 1.1964
2025/06/23 20:06:22 - mmengine - INFO - Epoch(train) [23][5000/9162]  lr: 2.0000e-05  eta: 2:41:21  time: 0.7660  data_time: 0.1255  memory: 1708  loss: 3.7831  loss_cls: 2.5556  loss_bbox: 1.2275
2025/06/23 20:07:00 - mmengine - INFO - Epoch(train) [23][5050/9162]  lr: 2.0000e-05  eta: 2:40:45  time: 0.7558  data_time: 0.1193  memory: 1708  loss: 3.6519  loss_cls: 2.4860  loss_bbox: 1.1659
2025/06/23 20:07:38 - mmengine - INFO - Epoch(train) [23][5100/9162]  lr: 2.0000e-05  eta: 2:40:09  time: 0.7515  data_time: 0.1260  memory: 1708  loss: 3.7359  loss_cls: 2.4932  loss_bbox: 1.2426
2025/06/23 20:08:16 - mmengine - INFO - Epoch(train) [23][5150/9162]  lr: 2.0000e-05  eta: 2:39:33  time: 0.7601  data_time: 0.1097  memory: 1708  loss: 3.5645  loss_cls: 2.4501  loss_bbox: 1.1144
2025/06/23 20:08:54 - mmengine - INFO - Epoch(train) [23][5200/9162]  lr: 2.0000e-05  eta: 2:38:56  time: 0.7608  data_time: 0.0970  memory: 1708  loss: 3.6229  loss_cls: 2.4362  loss_bbox: 1.1867
2025/06/23 20:09:32 - mmengine - INFO - Epoch(train) [23][5250/9162]  lr: 2.0000e-05  eta: 2:38:20  time: 0.7620  data_time: 0.1252  memory: 1708  loss: 3.7554  loss_cls: 2.5336  loss_bbox: 1.2219
2025/06/23 20:10:10 - mmengine - INFO - Epoch(train) [23][5300/9162]  lr: 2.0000e-05  eta: 2:37:44  time: 0.7563  data_time: 0.1141  memory: 1708  loss: 3.7549  loss_cls: 2.5173  loss_bbox: 1.2375
2025/06/23 20:10:48 - mmengine - INFO - Epoch(train) [23][5350/9162]  lr: 2.0000e-05  eta: 2:37:08  time: 0.7490  data_time: 0.1329  memory: 1708  loss: 3.8133  loss_cls: 2.5524  loss_bbox: 1.2609
2025/06/23 20:11:26 - mmengine - INFO - Epoch(train) [23][5400/9162]  lr: 2.0000e-05  eta: 2:36:31  time: 0.7578  data_time: 0.1357  memory: 1708  loss: 3.7170  loss_cls: 2.4767  loss_bbox: 1.2403
2025/06/23 20:11:53 - mmengine - INFO - Exp name: ssd300_coco_20250622_013555
2025/06/23 20:12:03 - mmengine - INFO - Epoch(train) [23][5450/9162]  lr: 2.0000e-05  eta: 2:35:55  time: 0.7464  data_time: 0.1343  memory: 1708  loss: 3.8214  loss_cls: 2.5367  loss_bbox: 1.2847
2025/06/23 20:12:40 - mmengine - INFO - Epoch(train) [23][5500/9162]  lr: 2.0000e-05  eta: 2:35:19  time: 0.7399  data_time: 0.1223  memory: 1708  loss: 3.6778  loss_cls: 2.4900  loss_bbox: 1.1878
2025/06/23 20:13:18 - mmengine - INFO - Epoch(train) [23][5550/9162]  lr: 2.0000e-05  eta: 2:34:43  time: 0.7480  data_time: 0.1154  memory: 1708  loss: 3.6690  loss_cls: 2.4929  loss_bbox: 1.1761
2025/06/23 20:13:55 - mmengine - INFO - Epoch(train) [23][5600/9162]  lr: 2.0000e-05  eta: 2:34:06  time: 0.7419  data_time: 0.1004  memory: 1708  loss: 3.7509  loss_cls: 2.5154  loss_bbox: 1.2355
2025/06/23 20:14:32 - mmengine - INFO - Epoch(train) [23][5650/9162]  lr: 2.0000e-05  eta: 2:33:30  time: 0.7429  data_time: 0.1041  memory: 1708  loss: 3.7133  loss_cls: 2.4994  loss_bbox: 1.2139
2025/06/23 20:15:09 - mmengine - INFO - Epoch(train) [23][5700/9162]  lr: 2.0000e-05  eta: 2:32:54  time: 0.7399  data_time: 0.0931  memory: 1708  loss: 3.7527  loss_cls: 2.5472  loss_bbox: 1.2055
2025/06/23 20:15:47 - mmengine - INFO - Epoch(train) [23][5750/9162]  lr: 2.0000e-05  eta: 2:32:17  time: 0.7458  data_time: 0.0865  memory: 1708  loss: 3.8401  loss_cls: 2.5405  loss_bbox: 1.2997
2025/06/23 20:16:25 - mmengine - INFO - Epoch(train) [23][5800/9162]  lr: 2.0000e-05  eta: 2:31:41  time: 0.7543  data_time: 0.1129  memory: 1708  loss: 3.6036  loss_cls: 2.4599  loss_bbox: 1.1437
2025/06/23 20:17:01 - mmengine - INFO - Epoch(train) [23][5850/9162]  lr: 2.0000e-05  eta: 2:31:05  time: 0.7368  data_time: 0.1101  memory: 1708  loss: 3.6856  loss_cls: 2.5237  loss_bbox: 1.1620
2025/06/23 20:17:39 - mmengine - INFO - Epoch(train) [23][5900/9162]  lr: 2.0000e-05  eta: 2:30:29  time: 0.7385  data_time: 0.1005  memory: 1708  loss: 3.7268  loss_cls: 2.5317  loss_bbox: 1.1951
2025/06/23 20:18:16 - mmengine - INFO - Epoch(train) [23][5950/9162]  lr: 2.0000e-05  eta: 2:29:52  time: 0.7424  data_time: 0.1060  memory: 1708  loss: 3.6506  loss_cls: 2.4792  loss_bbox: 1.1714
2025/06/23 20:18:53 - mmengine - INFO - Epoch(train) [23][6000/9162]  lr: 2.0000e-05  eta: 2:29:16  time: 0.7414  data_time: 0.1296  memory: 1708  loss: 3.7288  loss_cls: 2.4908  loss_bbox: 1.2380
2025/06/23 20:19:30 - mmengine - INFO - Epoch(train) [23][6050/9162]  lr: 2.0000e-05  eta: 2:28:40  time: 0.7362  data_time: 0.1302  memory: 1708  loss: 3.6563  loss_cls: 2.4557  loss_bbox: 1.2006
2025/06/23 20:20:07 - mmengine - INFO - Epoch(train) [23][6100/9162]  lr: 2.0000e-05  eta: 2:28:03  time: 0.7521  data_time: 0.1230  memory: 1708  loss: 3.8030  loss_cls: 2.5769  loss_bbox: 1.2262
2025/06/23 20:20:45 - mmengine - INFO - Epoch(train) [23][6150/9162]  lr: 2.0000e-05  eta: 2:27:27  time: 0.7404  data_time: 0.1439  memory: 1708  loss: 3.7293  loss_cls: 2.5185  loss_bbox: 1.2108
2025/06/23 20:21:22 - mmengine - INFO - Epoch(train) [23][6200/9162]  lr: 2.0000e-05  eta: 2:26:51  time: 0.7407  data_time: 0.1029  memory: 1708  loss: 3.7463  loss_cls: 2.5334  loss_bbox: 1.2129
2025/06/23 20:21:59 - mmengine - INFO - Epoch(train) [23][6250/9162]  lr: 2.0000e-05  eta: 2:26:15  time: 0.7378  data_time: 0.1250  memory: 1708  loss: 3.6726  loss_cls: 2.4650  loss_bbox: 1.2077
2025/06/23 20:22:36 - mmengine - INFO - Epoch(train) [23][6300/9162]  lr: 2.0000e-05  eta: 2:25:38  time: 0.7406  data_time: 0.0875  memory: 1708  loss: 3.7400  loss_cls: 2.4883  loss_bbox: 1.2517
2025/06/23 20:23:13 - mmengine - INFO - Epoch(train) [23][6350/9162]  lr: 2.0000e-05  eta: 2:25:02  time: 0.7479  data_time: 0.1174  memory: 1708  loss: 3.6742  loss_cls: 2.4740  loss_bbox: 1.2002
2025/06/23 20:23:50 - mmengine - INFO - Epoch(train) [23][6400/9162]  lr: 2.0000e-05  eta: 2:24:26  time: 0.7394  data_time: 0.1288  memory: 1708  loss: 3.7338  loss_cls: 2.5214  loss_bbox: 1.2123
2025/06/23 20:24:17 - mmengine - INFO - Exp name: ssd300_coco_20250622_013555
2025/06/23 20:24:27 - mmengine - INFO - Epoch(train) [23][6450/9162]  lr: 2.0000e-05  eta: 2:23:49  time: 0.7372  data_time: 0.1329  memory: 1708  loss: 3.7051  loss_cls: 2.5098  loss_bbox: 1.1952
2025/06/23 20:25:04 - mmengine - INFO - Epoch(train) [23][6500/9162]  lr: 2.0000e-05  eta: 2:23:13  time: 0.7399  data_time: 0.1181  memory: 1708  loss: 3.7631  loss_cls: 2.5138  loss_bbox: 1.2493
2025/06/23 20:25:41 - mmengine - INFO - Epoch(train) [23][6550/9162]  lr: 2.0000e-05  eta: 2:22:37  time: 0.7378  data_time: 0.1150  memory: 1708  loss: 3.7856  loss_cls: 2.5404  loss_bbox: 1.2452
2025/06/23 20:26:19 - mmengine - INFO - Epoch(train) [23][6600/9162]  lr: 2.0000e-05  eta: 2:22:00  time: 0.7549  data_time: 0.1113  memory: 1708  loss: 3.6963  loss_cls: 2.4796  loss_bbox: 1.2167
2025/06/23 20:26:56 - mmengine - INFO - Epoch(train) [23][6650/9162]  lr: 2.0000e-05  eta: 2:21:24  time: 0.7375  data_time: 0.0971  memory: 1708  loss: 3.7511  loss_cls: 2.5342  loss_bbox: 1.2169
2025/06/23 20:27:33 - mmengine - INFO - Epoch(train) [23][6700/9162]  lr: 2.0000e-05  eta: 2:20:48  time: 0.7412  data_time: 0.1216  memory: 1708  loss: 3.6849  loss_cls: 2.4958  loss_bbox: 1.1891
2025/06/23 20:28:11 - mmengine - INFO - Epoch(train) [23][6750/9162]  lr: 2.0000e-05  eta: 2:20:12  time: 0.7481  data_time: 0.1362  memory: 1708  loss: 3.7724  loss_cls: 2.5367  loss_bbox: 1.2357
2025/06/23 20:28:48 - mmengine - INFO - Epoch(train) [23][6800/9162]  lr: 2.0000e-05  eta: 2:19:35  time: 0.7411  data_time: 0.1198  memory: 1708  loss: 3.8606  loss_cls: 2.5879  loss_bbox: 1.2727
2025/06/23 20:29:26 - mmengine - INFO - Epoch(train) [23][6850/9162]  lr: 2.0000e-05  eta: 2:18:59  time: 0.7619  data_time: 0.1111  memory: 1708  loss: 3.6744  loss_cls: 2.4917  loss_bbox: 1.1827
2025/06/23 20:30:04 - mmengine - INFO - Epoch(train) [23][6900/9162]  lr: 2.0000e-05  eta: 2:18:23  time: 0.7598  data_time: 0.0995  memory: 1708  loss: 3.7466  loss_cls: 2.4973  loss_bbox: 1.2493
2025/06/23 20:30:41 - mmengine - INFO - Epoch(train) [23][6950/9162]  lr: 2.0000e-05  eta: 2:17:46  time: 0.7334  data_time: 0.0892  memory: 1708  loss: 3.7924  loss_cls: 2.5233  loss_bbox: 1.2691
2025/06/23 20:31:19 - mmengine - INFO - Epoch(train) [23][7000/9162]  lr: 2.0000e-05  eta: 2:17:10  time: 0.7509  data_time: 0.1219  memory: 1708  loss: 3.6349  loss_cls: 2.5073  loss_bbox: 1.1276
2025/06/23 20:31:56 - mmengine - INFO - Epoch(train) [23][7050/9162]  lr: 2.0000e-05  eta: 2:16:34  time: 0.7444  data_time: 0.1040  memory: 1708  loss: 3.6562  loss_cls: 2.4700  loss_bbox: 1.1862
2025/06/23 20:32:33 - mmengine - INFO - Epoch(train) [23][7100/9162]  lr: 2.0000e-05  eta: 2:15:58  time: 0.7414  data_time: 0.1127  memory: 1708  loss: 3.7081  loss_cls: 2.4788  loss_bbox: 1.2293
2025/06/23 20:33:11 - mmengine - INFO - Epoch(train) [23][7150/9162]  lr: 2.0000e-05  eta: 2:15:21  time: 0.7527  data_time: 0.1271  memory: 1708  loss: 3.7591  loss_cls: 2.4984  loss_bbox: 1.2607
2025/06/23 20:33:48 - mmengine - INFO - Epoch(train) [23][7200/9162]  lr: 2.0000e-05  eta: 2:14:45  time: 0.7423  data_time: 0.1209  memory: 1708  loss: 3.6222  loss_cls: 2.4453  loss_bbox: 1.1769
2025/06/23 20:34:25 - mmengine - INFO - Epoch(train) [23][7250/9162]  lr: 2.0000e-05  eta: 2:14:09  time: 0.7379  data_time: 0.1057  memory: 1708  loss: 3.6041  loss_cls: 2.4366  loss_bbox: 1.1674
2025/06/23 20:35:02 - mmengine - INFO - Epoch(train) [23][7300/9162]  lr: 2.0000e-05  eta: 2:13:32  time: 0.7375  data_time: 0.0909  memory: 1708  loss: 3.7261  loss_cls: 2.5024  loss_bbox: 1.2236
2025/06/23 20:35:39 - mmengine - INFO - Epoch(train) [23][7350/9162]  lr: 2.0000e-05  eta: 2:12:56  time: 0.7450  data_time: 0.1237  memory: 1708  loss: 3.5881  loss_cls: 2.4344  loss_bbox: 1.1536
2025/06/23 20:36:16 - mmengine - INFO - Epoch(train) [23][7400/9162]  lr: 2.0000e-05  eta: 2:12:20  time: 0.7266  data_time: 0.0819  memory: 1708  loss: 3.6239  loss_cls: 2.4619  loss_bbox: 1.1621
2025/06/23 20:36:43 - mmengine - INFO - Exp name: ssd300_coco_20250622_013555
2025/06/23 20:36:54 - mmengine - INFO - Epoch(train) [23][7450/9162]  lr: 2.0000e-05  eta: 2:11:43  time: 0.7510  data_time: 0.0925  memory: 1708  loss: 3.7575  loss_cls: 2.5404  loss_bbox: 1.2171
2025/06/23 20:37:31 - mmengine - INFO - Epoch(train) [23][7500/9162]  lr: 2.0000e-05  eta: 2:11:07  time: 0.7496  data_time: 0.0850  memory: 1708  loss: 3.6693  loss_cls: 2.4687  loss_bbox: 1.2006
2025/06/23 20:38:08 - mmengine - INFO - Epoch(train) [23][7550/9162]  lr: 2.0000e-05  eta: 2:10:31  time: 0.7372  data_time: 0.1006  memory: 1708  loss: 3.8006  loss_cls: 2.5360  loss_bbox: 1.2645
2025/06/23 20:38:45 - mmengine - INFO - Epoch(train) [23][7600/9162]  lr: 2.0000e-05  eta: 2:09:55  time: 0.7399  data_time: 0.1285  memory: 1708  loss: 3.7488  loss_cls: 2.5240  loss_bbox: 1.2249
2025/06/23 20:39:22 - mmengine - INFO - Epoch(train) [23][7650/9162]  lr: 2.0000e-05  eta: 2:09:18  time: 0.7414  data_time: 0.1021  memory: 1708  loss: 3.6211  loss_cls: 2.4501  loss_bbox: 1.1710
2025/06/23 20:39:59 - mmengine - INFO - Epoch(train) [23][7700/9162]  lr: 2.0000e-05  eta: 2:08:42  time: 0.7411  data_time: 0.0920  memory: 1708  loss: 3.7981  loss_cls: 2.5667  loss_bbox: 1.2314
2025/06/23 20:40:37 - mmengine - INFO - Epoch(train) [23][7750/9162]  lr: 2.0000e-05  eta: 2:08:06  time: 0.7409  data_time: 0.1151  memory: 1708  loss: 3.6902  loss_cls: 2.5026  loss_bbox: 1.1875
2025/06/23 20:41:14 - mmengine - INFO - Epoch(train) [23][7800/9162]  lr: 2.0000e-05  eta: 2:07:29  time: 0.7438  data_time: 0.1060  memory: 1708  loss: 3.7181  loss_cls: 2.4767  loss_bbox: 1.2414
2025/06/23 20:41:51 - mmengine - INFO - Epoch(train) [23][7850/9162]  lr: 2.0000e-05  eta: 2:06:53  time: 0.7429  data_time: 0.1106  memory: 1708  loss: 3.7720  loss_cls: 2.5701  loss_bbox: 1.2019
2025/06/23 20:42:28 - mmengine - INFO - Epoch(train) [23][7900/9162]  lr: 2.0000e-05  eta: 2:06:17  time: 0.7313  data_time: 0.0827  memory: 1708  loss: 3.6027  loss_cls: 2.4644  loss_bbox: 1.1383
2025/06/23 20:43:05 - mmengine - INFO - Epoch(train) [23][7950/9162]  lr: 2.0000e-05  eta: 2:05:40  time: 0.7372  data_time: 0.0989  memory: 1708  loss: 3.6283  loss_cls: 2.4577  loss_bbox: 1.1705
2025/06/23 20:43:42 - mmengine - INFO - Epoch(train) [23][8000/9162]  lr: 2.0000e-05  eta: 2:05:04  time: 0.7379  data_time: 0.1148  memory: 1708  loss: 3.7235  loss_cls: 2.5206  loss_bbox: 1.2029
2025/06/23 20:44:19 - mmengine - INFO - Epoch(train) [23][8050/9162]  lr: 2.0000e-05  eta: 2:04:28  time: 0.7392  data_time: 0.1158  memory: 1708  loss: 3.6446  loss_cls: 2.4472  loss_bbox: 1.1975
2025/06/23 20:44:57 - mmengine - INFO - Epoch(train) [23][8100/9162]  lr: 2.0000e-05  eta: 2:03:51  time: 0.7568  data_time: 0.1230  memory: 1708  loss: 3.7504  loss_cls: 2.5434  loss_bbox: 1.2070
2025/06/23 20:45:34 - mmengine - INFO - Epoch(train) [23][8150/9162]  lr: 2.0000e-05  eta: 2:03:15  time: 0.7382  data_time: 0.1273  memory: 1708  loss: 3.7129  loss_cls: 2.4868  loss_bbox: 1.2260
2025/06/23 20:46:11 - mmengine - INFO - Epoch(train) [23][8200/9162]  lr: 2.0000e-05  eta: 2:02:39  time: 0.7351  data_time: 0.0989  memory: 1708  loss: 3.7279  loss_cls: 2.5080  loss_bbox: 1.2199
2025/06/23 20:46:48 - mmengine - INFO - Epoch(train) [23][8250/9162]  lr: 2.0000e-05  eta: 2:02:03  time: 0.7388  data_time: 0.1067  memory: 1708  loss: 3.7068  loss_cls: 2.4994  loss_bbox: 1.2074
2025/06/23 20:47:24 - mmengine - INFO - Epoch(train) [23][8300/9162]  lr: 2.0000e-05  eta: 2:01:26  time: 0.7327  data_time: 0.1097  memory: 1708  loss: 3.7237  loss_cls: 2.5075  loss_bbox: 1.2161
2025/06/23 20:48:02 - mmengine - INFO - Epoch(train) [23][8350/9162]  lr: 2.0000e-05  eta: 2:00:50  time: 0.7548  data_time: 0.1115  memory: 1708  loss: 3.7840  loss_cls: 2.5454  loss_bbox: 1.2386
2025/06/23 20:48:39 - mmengine - INFO - Epoch(train) [23][8400/9162]  lr: 2.0000e-05  eta: 2:00:14  time: 0.7403  data_time: 0.1175  memory: 1708  loss: 3.7606  loss_cls: 2.5177  loss_bbox: 1.2429
2025/06/23 20:49:06 - mmengine - INFO - Exp name: ssd300_coco_20250622_013555
2025/06/23 20:49:16 - mmengine - INFO - Epoch(train) [23][8450/9162]  lr: 2.0000e-05  eta: 1:59:37  time: 0.7390  data_time: 0.0999  memory: 1708  loss: 3.7008  loss_cls: 2.4905  loss_bbox: 1.2103
2025/06/23 20:49:53 - mmengine - INFO - Epoch(train) [23][8500/9162]  lr: 2.0000e-05  eta: 1:59:01  time: 0.7374  data_time: 0.0829  memory: 1708  loss: 3.7429  loss_cls: 2.5021  loss_bbox: 1.2408
2025/06/23 20:50:30 - mmengine - INFO - Epoch(train) [23][8550/9162]  lr: 2.0000e-05  eta: 1:58:25  time: 0.7385  data_time: 0.0887  memory: 1708  loss: 3.8077  loss_cls: 2.5512  loss_bbox: 1.2565
2025/06/23 20:51:08 - mmengine - INFO - Epoch(train) [23][8600/9162]  lr: 2.0000e-05  eta: 1:57:48  time: 0.7533  data_time: 0.1240  memory: 1708  loss: 3.7819  loss_cls: 2.5157  loss_bbox: 1.2662
2025/06/23 20:51:45 - mmengine - INFO - Epoch(train) [23][8650/9162]  lr: 2.0000e-05  eta: 1:57:12  time: 0.7447  data_time: 0.1442  memory: 1708  loss: 3.7621  loss_cls: 2.5204  loss_bbox: 1.2417
2025/06/23 20:52:23 - mmengine - INFO - Epoch(train) [23][8700/9162]  lr: 2.0000e-05  eta: 1:56:36  time: 0.7465  data_time: 0.1180  memory: 1708  loss: 3.8675  loss_cls: 2.5928  loss_bbox: 1.2748
2025/06/23 20:53:01 - mmengine - INFO - Epoch(train) [23][8750/9162]  lr: 2.0000e-05  eta: 1:55:59  time: 0.7519  data_time: 0.1349  memory: 1708  loss: 3.7639  loss_cls: 2.5266  loss_bbox: 1.2373
2025/06/23 20:53:37 - mmengine - INFO - Epoch(train) [23][8800/9162]  lr: 2.0000e-05  eta: 1:55:23  time: 0.7325  data_time: 0.0840  memory: 1708  loss: 3.8708  loss_cls: 2.5989  loss_bbox: 1.2718
2025/06/23 20:54:15 - mmengine - INFO - Epoch(train) [23][8850/9162]  lr: 2.0000e-05  eta: 1:54:47  time: 0.7436  data_time: 0.1163  memory: 1708  loss: 3.7999  loss_cls: 2.5411  loss_bbox: 1.2589
2025/06/23 20:54:51 - mmengine - INFO - Epoch(train) [23][8900/9162]  lr: 2.0000e-05  eta: 1:54:10  time: 0.7338  data_time: 0.1199  memory: 1708  loss: 3.7404  loss_cls: 2.5091  loss_bbox: 1.2313
2025/06/23 20:55:28 - mmengine - INFO - Epoch(train) [23][8950/9162]  lr: 2.0000e-05  eta: 1:53:34  time: 0.7404  data_time: 0.0921  memory: 1708  loss: 3.7382  loss_cls: 2.5016  loss_bbox: 1.2366
2025/06/23 20:56:06 - mmengine - INFO - Epoch(train) [23][9000/9162]  lr: 2.0000e-05  eta: 1:52:58  time: 0.7495  data_time: 0.1121  memory: 1708  loss: 3.6987  loss_cls: 2.4882  loss_bbox: 1.2105
2025/06/23 20:56:43 - mmengine - INFO - Epoch(train) [23][9050/9162]  lr: 2.0000e-05  eta: 1:52:21  time: 0.7320  data_time: 0.0654  memory: 1708  loss: 3.6447  loss_cls: 2.4831  loss_bbox: 1.1617
2025/06/23 20:57:20 - mmengine - INFO - Epoch(train) [23][9100/9162]  lr: 2.0000e-05  eta: 1:51:45  time: 0.7469  data_time: 0.1174  memory: 1708  loss: 3.6314  loss_cls: 2.4691  loss_bbox: 1.1623
2025/06/23 20:57:57 - mmengine - INFO - Epoch(train) [23][9150/9162]  lr: 2.0000e-05  eta: 1:51:09  time: 0.7418  data_time: 0.1067  memory: 1708  loss: 3.6799  loss_cls: 2.4905  loss_bbox: 1.1894
2025/06/23 20:58:06 - mmengine - INFO - Exp name: ssd300_coco_20250622_013555
2025/06/23 20:58:06 - mmengine - INFO - Saving checkpoint at 23 epochs
2025/06/23 20:58:20 - mmengine - INFO - Epoch(val) [23][ 50/157]    eta: 0:00:27  time: 0.2569  data_time: 0.0531  memory: 1708  
2025/06/23 20:58:33 - mmengine - INFO - Epoch(val) [23][100/157]    eta: 0:00:14  time: 0.2460  data_time: 0.0440  memory: 851  
2025/06/23 20:58:44 - mmengine - INFO - Epoch(val) [23][150/157]    eta: 0:00:01  time: 0.2335  data_time: 0.0303  memory: 851  
2025/06/23 20:59:02 - mmengine - INFO - Evaluating bbox...
2025/06/23 20:59:56 - mmengine - INFO - bbox_mAP_copypaste: 0.252 0.433 0.261 0.066 0.272 0.420
2025/06/23 20:59:57 - mmengine - INFO - Epoch(val) [23][157/157]    coco/bbox_mAP: 0.2520  coco/bbox_mAP_50: 0.4330  coco/bbox_mAP_75: 0.2610  coco/bbox_mAP_s: 0.0660  coco/bbox_mAP_m: 0.2720  coco/bbox_mAP_l: 0.4200  data_time: 0.0415  time: 0.2424
2025/06/23 21:00:34 - mmengine - INFO - Epoch(train) [24][  50/9162]  lr: 2.0000e-05  eta: 1:50:24  time: 0.7403  data_time: 0.0986  memory: 1708  loss: 3.6277  loss_cls: 2.4509  loss_bbox: 1.1768
2025/06/23 21:01:12 - mmengine - INFO - Epoch(train) [24][ 100/9162]  lr: 2.0000e-05  eta: 1:49:48  time: 0.7541  data_time: 0.1199  memory: 1708  loss: 3.8678  loss_cls: 2.6018  loss_bbox: 1.2659
2025/06/23 21:01:50 - mmengine - INFO - Epoch(train) [24][ 150/9162]  lr: 2.0000e-05  eta: 1:49:11  time: 0.7518  data_time: 0.1228  memory: 1708  loss: 3.6586  loss_cls: 2.4625  loss_bbox: 1.1961
2025/06/23 21:02:27 - mmengine - INFO - Epoch(train) [24][ 200/9162]  lr: 2.0000e-05  eta: 1:48:35  time: 0.7401  data_time: 0.1059  memory: 1708  loss: 3.8410  loss_cls: 2.5536  loss_bbox: 1.2875
2025/06/23 21:03:04 - mmengine - INFO - Epoch(train) [24][ 250/9162]  lr: 2.0000e-05  eta: 1:47:59  time: 0.7420  data_time: 0.1053  memory: 1708  loss: 3.7515  loss_cls: 2.5268  loss_bbox: 1.2247
2025/06/23 21:03:22 - mmengine - INFO - Exp name: ssd300_coco_20250622_013555
2025/06/23 21:03:41 - mmengine - INFO - Epoch(train) [24][ 300/9162]  lr: 2.0000e-05  eta: 1:47:22  time: 0.7436  data_time: 0.1022  memory: 1708  loss: 3.7540  loss_cls: 2.5041  loss_bbox: 1.2499
2025/06/23 21:04:19 - mmengine - INFO - Epoch(train) [24][ 350/9162]  lr: 2.0000e-05  eta: 1:46:46  time: 0.7574  data_time: 0.1510  memory: 1708  loss: 3.7986  loss_cls: 2.5168  loss_bbox: 1.2818
2025/06/23 21:04:57 - mmengine - INFO - Epoch(train) [24][ 400/9162]  lr: 2.0000e-05  eta: 1:46:10  time: 0.7561  data_time: 0.1384  memory: 1708  loss: 3.6602  loss_cls: 2.4710  loss_bbox: 1.1892
2025/06/23 21:05:35 - mmengine - INFO - Epoch(train) [24][ 450/9162]  lr: 2.0000e-05  eta: 1:45:33  time: 0.7572  data_time: 0.1326  memory: 1708  loss: 3.6208  loss_cls: 2.4294  loss_bbox: 1.1914
2025/06/23 21:06:12 - mmengine - INFO - Epoch(train) [24][ 500/9162]  lr: 2.0000e-05  eta: 1:44:57  time: 0.7465  data_time: 0.1255  memory: 1708  loss: 3.7555  loss_cls: 2.5318  loss_bbox: 1.2237
2025/06/23 21:06:51 - mmengine - INFO - Epoch(train) [24][ 550/9162]  lr: 2.0000e-05  eta: 1:44:21  time: 0.7663  data_time: 0.1243  memory: 1708  loss: 3.7520  loss_cls: 2.5498  loss_bbox: 1.2022
2025/06/23 21:07:28 - mmengine - INFO - Epoch(train) [24][ 600/9162]  lr: 2.0000e-05  eta: 1:43:45  time: 0.7453  data_time: 0.0995  memory: 1708  loss: 3.7230  loss_cls: 2.5105  loss_bbox: 1.2125
2025/06/23 21:08:06 - mmengine - INFO - Epoch(train) [24][ 650/9162]  lr: 2.0000e-05  eta: 1:43:08  time: 0.7561  data_time: 0.0929  memory: 1708  loss: 3.5647  loss_cls: 2.4404  loss_bbox: 1.1243
2025/06/23 21:08:44 - mmengine - INFO - Epoch(train) [24][ 700/9162]  lr: 2.0000e-05  eta: 1:42:32  time: 0.7506  data_time: 0.0963  memory: 1708  loss: 3.6508  loss_cls: 2.4689  loss_bbox: 1.1818
2025/06/23 21:09:21 - mmengine - INFO - Epoch(train) [24][ 750/9162]  lr: 2.0000e-05  eta: 1:41:56  time: 0.7486  data_time: 0.0902  memory: 1708  loss: 3.7042  loss_cls: 2.5235  loss_bbox: 1.1807
2025/06/23 21:09:58 - mmengine - INFO - Epoch(train) [24][ 800/9162]  lr: 2.0000e-05  eta: 1:41:19  time: 0.7403  data_time: 0.1281  memory: 1708  loss: 3.7657  loss_cls: 2.5415  loss_bbox: 1.2242
2025/06/23 21:10:35 - mmengine - INFO - Epoch(train) [24][ 850/9162]  lr: 2.0000e-05  eta: 1:40:43  time: 0.7397  data_time: 0.1109  memory: 1708  loss: 3.7304  loss_cls: 2.5067  loss_bbox: 1.2237
2025/06/23 21:11:13 - mmengine - INFO - Epoch(train) [24][ 900/9162]  lr: 2.0000e-05  eta: 1:40:07  time: 0.7436  data_time: 0.1254  memory: 1708  loss: 3.6173  loss_cls: 2.4429  loss_bbox: 1.1744
2025/06/23 21:11:51 - mmengine - INFO - Epoch(train) [24][ 950/9162]  lr: 2.0000e-05  eta: 1:39:30  time: 0.7652  data_time: 0.1357  memory: 1708  loss: 3.7744  loss_cls: 2.5271  loss_bbox: 1.2474
2025/06/23 21:12:29 - mmengine - INFO - Epoch(train) [24][1000/9162]  lr: 2.0000e-05  eta: 1:38:54  time: 0.7521  data_time: 0.1366  memory: 1708  loss: 3.6908  loss_cls: 2.4857  loss_bbox: 1.2051
2025/06/23 21:13:05 - mmengine - INFO - Epoch(train) [24][1050/9162]  lr: 2.0000e-05  eta: 1:38:18  time: 0.7296  data_time: 0.0936  memory: 1708  loss: 3.6935  loss_cls: 2.4963  loss_bbox: 1.1972
2025/06/23 21:13:36 - mmengine - INFO - Epoch(train) [24][1100/9162]  lr: 2.0000e-05  eta: 1:37:41  time: 0.6220  data_time: 0.0461  memory: 1708  loss: 3.6816  loss_cls: 2.5048  loss_bbox: 1.1768
2025/06/23 21:14:11 - mmengine - INFO - Epoch(train) [24][1150/9162]  lr: 2.0000e-05  eta: 1:37:05  time: 0.6835  data_time: 0.0558  memory: 1708  loss: 3.7489  loss_cls: 2.5145  loss_bbox: 1.2345
2025/06/23 21:14:48 - mmengine - INFO - Epoch(train) [24][1200/9162]  lr: 2.0000e-05  eta: 1:36:28  time: 0.7526  data_time: 0.1423  memory: 1708  loss: 3.7153  loss_cls: 2.4949  loss_bbox: 1.2205
2025/06/23 21:15:26 - mmengine - INFO - Epoch(train) [24][1250/9162]  lr: 2.0000e-05  eta: 1:35:52  time: 0.7435  data_time: 0.1248  memory: 1708  loss: 3.7741  loss_cls: 2.5102  loss_bbox: 1.2639
2025/06/23 21:15:44 - mmengine - INFO - Exp name: ssd300_coco_20250622_013555
2025/06/23 21:16:03 - mmengine - INFO - Epoch(train) [24][1300/9162]  lr: 2.0000e-05  eta: 1:35:16  time: 0.7410  data_time: 0.1128  memory: 1708  loss: 3.6871  loss_cls: 2.4905  loss_bbox: 1.1965
2025/06/23 21:16:40 - mmengine - INFO - Epoch(train) [24][1350/9162]  lr: 2.0000e-05  eta: 1:34:39  time: 0.7512  data_time: 0.1150  memory: 1708  loss: 3.6722  loss_cls: 2.4686  loss_bbox: 1.2036
2025/06/23 21:17:18 - mmengine - INFO - Epoch(train) [24][1400/9162]  lr: 2.0000e-05  eta: 1:34:03  time: 0.7404  data_time: 0.1250  memory: 1708  loss: 3.6986  loss_cls: 2.4889  loss_bbox: 1.2096
2025/06/23 21:17:55 - mmengine - INFO - Epoch(train) [24][1450/9162]  lr: 2.0000e-05  eta: 1:33:27  time: 0.7441  data_time: 0.1240  memory: 1708  loss: 3.7319  loss_cls: 2.5267  loss_bbox: 1.2052
2025/06/23 21:18:32 - mmengine - INFO - Epoch(train) [24][1500/9162]  lr: 2.0000e-05  eta: 1:32:50  time: 0.7385  data_time: 0.1103  memory: 1708  loss: 3.7317  loss_cls: 2.5404  loss_bbox: 1.1913
2025/06/23 21:19:09 - mmengine - INFO - Epoch(train) [24][1550/9162]  lr: 2.0000e-05  eta: 1:32:14  time: 0.7471  data_time: 0.1240  memory: 1708  loss: 3.7337  loss_cls: 2.5430  loss_bbox: 1.1907
2025/06/23 21:19:47 - mmengine - INFO - Epoch(train) [24][1600/9162]  lr: 2.0000e-05  eta: 1:31:38  time: 0.7434  data_time: 0.1204  memory: 1708  loss: 3.7211  loss_cls: 2.4727  loss_bbox: 1.2484
2025/06/23 21:20:24 - mmengine - INFO - Epoch(train) [24][1650/9162]  lr: 2.0000e-05  eta: 1:31:01  time: 0.7496  data_time: 0.1145  memory: 1708  loss: 3.7464  loss_cls: 2.5031  loss_bbox: 1.2433
2025/06/23 21:21:01 - mmengine - INFO - Epoch(train) [24][1700/9162]  lr: 2.0000e-05  eta: 1:30:25  time: 0.7426  data_time: 0.1005  memory: 1708  loss: 3.7025  loss_cls: 2.4890  loss_bbox: 1.2135
2025/06/23 21:21:39 - mmengine - INFO - Epoch(train) [24][1750/9162]  lr: 2.0000e-05  eta: 1:29:49  time: 0.7451  data_time: 0.1040  memory: 1708  loss: 3.6299  loss_cls: 2.4677  loss_bbox: 1.1622
2025/06/23 21:22:15 - mmengine - INFO - Epoch(train) [24][1800/9162]  lr: 2.0000e-05  eta: 1:29:12  time: 0.7286  data_time: 0.0869  memory: 1708  loss: 3.7603  loss_cls: 2.5532  loss_bbox: 1.2071
2025/06/23 21:22:52 - mmengine - INFO - Epoch(train) [24][1850/9162]  lr: 2.0000e-05  eta: 1:28:36  time: 0.7375  data_time: 0.1213  memory: 1708  loss: 3.6162  loss_cls: 2.4531  loss_bbox: 1.1632
2025/06/23 21:23:29 - mmengine - INFO - Epoch(train) [24][1900/9162]  lr: 2.0000e-05  eta: 1:28:00  time: 0.7328  data_time: 0.0960  memory: 1708  loss: 3.6461  loss_cls: 2.4760  loss_bbox: 1.1702
2025/06/23 21:24:07 - mmengine - INFO - Epoch(train) [24][1950/9162]  lr: 2.0000e-05  eta: 1:27:23  time: 0.7482  data_time: 0.1264  memory: 1708  loss: 3.7786  loss_cls: 2.5396  loss_bbox: 1.2390
2025/06/23 21:24:43 - mmengine - INFO - Epoch(train) [24][2000/9162]  lr: 2.0000e-05  eta: 1:26:47  time: 0.7364  data_time: 0.1275  memory: 1708  loss: 3.7418  loss_cls: 2.5175  loss_bbox: 1.2243
2025/06/23 21:25:20 - mmengine - INFO - Epoch(train) [24][2050/9162]  lr: 2.0000e-05  eta: 1:26:11  time: 0.7341  data_time: 0.1118  memory: 1708  loss: 3.6283  loss_cls: 2.4569  loss_bbox: 1.1713
2025/06/23 21:25:57 - mmengine - INFO - Epoch(train) [24][2100/9162]  lr: 2.0000e-05  eta: 1:25:34  time: 0.7407  data_time: 0.1213  memory: 1708  loss: 3.7769  loss_cls: 2.5398  loss_bbox: 1.2371
2025/06/23 21:26:34 - mmengine - INFO - Epoch(train) [24][2150/9162]  lr: 2.0000e-05  eta: 1:24:58  time: 0.7286  data_time: 0.1017  memory: 1708  loss: 3.6816  loss_cls: 2.4581  loss_bbox: 1.2235
2025/06/23 21:27:12 - mmengine - INFO - Epoch(train) [24][2200/9162]  lr: 2.0000e-05  eta: 1:24:22  time: 0.7563  data_time: 0.1404  memory: 1708  loss: 3.7749  loss_cls: 2.5571  loss_bbox: 1.2178
2025/06/23 21:27:49 - mmengine - INFO - Epoch(train) [24][2250/9162]  lr: 2.0000e-05  eta: 1:23:45  time: 0.7367  data_time: 0.1122  memory: 1708  loss: 3.6947  loss_cls: 2.4966  loss_bbox: 1.1981
2025/06/23 21:28:06 - mmengine - INFO - Exp name: ssd300_coco_20250622_013555
2025/06/23 21:28:25 - mmengine - INFO - Epoch(train) [24][2300/9162]  lr: 2.0000e-05  eta: 1:23:09  time: 0.7291  data_time: 0.0807  memory: 1708  loss: 3.7519  loss_cls: 2.5413  loss_bbox: 1.2106
2025/06/23 21:29:03 - mmengine - INFO - Epoch(train) [24][2350/9162]  lr: 2.0000e-05  eta: 1:22:33  time: 0.7538  data_time: 0.1414  memory: 1708  loss: 3.7799  loss_cls: 2.5141  loss_bbox: 1.2658
2025/06/23 21:29:40 - mmengine - INFO - Epoch(train) [24][2400/9162]  lr: 2.0000e-05  eta: 1:21:56  time: 0.7352  data_time: 0.1058  memory: 1708  loss: 3.7098  loss_cls: 2.4855  loss_bbox: 1.2243
2025/06/23 21:30:17 - mmengine - INFO - Epoch(train) [24][2450/9162]  lr: 2.0000e-05  eta: 1:21:20  time: 0.7369  data_time: 0.0882  memory: 1708  loss: 3.6864  loss_cls: 2.4794  loss_bbox: 1.2070
2025/06/23 21:30:54 - mmengine - INFO - Epoch(train) [24][2500/9162]  lr: 2.0000e-05  eta: 1:20:44  time: 0.7433  data_time: 0.1066  memory: 1708  loss: 3.7375  loss_cls: 2.5155  loss_bbox: 1.2220
2025/06/23 21:31:31 - mmengine - INFO - Epoch(train) [24][2550/9162]  lr: 2.0000e-05  eta: 1:20:07  time: 0.7401  data_time: 0.1197  memory: 1708  loss: 3.7729  loss_cls: 2.5446  loss_bbox: 1.2283
2025/06/23 21:32:08 - mmengine - INFO - Epoch(train) [24][2600/9162]  lr: 2.0000e-05  eta: 1:19:31  time: 0.7377  data_time: 0.1035  memory: 1708  loss: 3.7160  loss_cls: 2.5065  loss_bbox: 1.2096
2025/06/23 21:32:45 - mmengine - INFO - Epoch(train) [24][2650/9162]  lr: 2.0000e-05  eta: 1:18:55  time: 0.7374  data_time: 0.1288  memory: 1708  loss: 3.7394  loss_cls: 2.5029  loss_bbox: 1.2365
2025/06/23 21:33:22 - mmengine - INFO - Epoch(train) [24][2700/9162]  lr: 2.0000e-05  eta: 1:18:18  time: 0.7385  data_time: 0.1051  memory: 1708  loss: 3.7419  loss_cls: 2.5386  loss_bbox: 1.2033
2025/06/23 21:33:59 - mmengine - INFO - Epoch(train) [24][2750/9162]  lr: 2.0000e-05  eta: 1:17:42  time: 0.7308  data_time: 0.1109  memory: 1708  loss: 3.6771  loss_cls: 2.4696  loss_bbox: 1.2074
2025/06/23 21:34:36 - mmengine - INFO - Epoch(train) [24][2800/9162]  lr: 2.0000e-05  eta: 1:17:06  time: 0.7492  data_time: 0.0837  memory: 1708  loss: 3.6712  loss_cls: 2.4724  loss_bbox: 1.1988
2025/06/23 21:35:15 - mmengine - INFO - Epoch(train) [24][2850/9162]  lr: 2.0000e-05  eta: 1:16:29  time: 0.7628  data_time: 0.1135  memory: 1708  loss: 3.7756  loss_cls: 2.5331  loss_bbox: 1.2425
2025/06/23 21:35:53 - mmengine - INFO - Epoch(train) [24][2900/9162]  lr: 2.0000e-05  eta: 1:15:53  time: 0.7558  data_time: 0.1150  memory: 1708  loss: 3.6374  loss_cls: 2.4781  loss_bbox: 1.1593
2025/06/23 21:36:31 - mmengine - INFO - Epoch(train) [24][2950/9162]  lr: 2.0000e-05  eta: 1:15:17  time: 0.7722  data_time: 0.1282  memory: 1708  loss: 3.6908  loss_cls: 2.4875  loss_bbox: 1.2033
2025/06/23 21:37:09 - mmengine - INFO - Epoch(train) [24][3000/9162]  lr: 2.0000e-05  eta: 1:14:40  time: 0.7535  data_time: 0.1306  memory: 1708  loss: 3.7119  loss_cls: 2.4986  loss_bbox: 1.2133
2025/06/23 21:37:47 - mmengine - INFO - Epoch(train) [24][3050/9162]  lr: 2.0000e-05  eta: 1:14:04  time: 0.7555  data_time: 0.1373  memory: 1708  loss: 3.6709  loss_cls: 2.5099  loss_bbox: 1.1610
2025/06/23 21:38:25 - mmengine - INFO - Epoch(train) [24][3100/9162]  lr: 2.0000e-05  eta: 1:13:28  time: 0.7631  data_time: 0.1261  memory: 1708  loss: 3.7432  loss_cls: 2.5000  loss_bbox: 1.2432
2025/06/23 21:39:03 - mmengine - INFO - Epoch(train) [24][3150/9162]  lr: 2.0000e-05  eta: 1:12:52  time: 0.7496  data_time: 0.1264  memory: 1708  loss: 3.6679  loss_cls: 2.4542  loss_bbox: 1.2137
2025/06/23 21:39:40 - mmengine - INFO - Epoch(train) [24][3200/9162]  lr: 2.0000e-05  eta: 1:12:15  time: 0.7525  data_time: 0.1110  memory: 1708  loss: 3.7056  loss_cls: 2.4912  loss_bbox: 1.2144
2025/06/23 21:40:18 - mmengine - INFO - Epoch(train) [24][3250/9162]  lr: 2.0000e-05  eta: 1:11:39  time: 0.7538  data_time: 0.1271  memory: 1708  loss: 3.6666  loss_cls: 2.4630  loss_bbox: 1.2035
2025/06/23 21:40:37 - mmengine - INFO - Exp name: ssd300_coco_20250622_013555
2025/06/23 21:40:56 - mmengine - INFO - Epoch(train) [24][3300/9162]  lr: 2.0000e-05  eta: 1:11:03  time: 0.7509  data_time: 0.1407  memory: 1708  loss: 3.8088  loss_cls: 2.5731  loss_bbox: 1.2357
2025/06/23 21:41:33 - mmengine - INFO - Epoch(train) [24][3350/9162]  lr: 2.0000e-05  eta: 1:10:26  time: 0.7381  data_time: 0.1246  memory: 1708  loss: 3.7848  loss_cls: 2.5663  loss_bbox: 1.2185
2025/06/23 21:42:10 - mmengine - INFO - Epoch(train) [24][3400/9162]  lr: 2.0000e-05  eta: 1:09:50  time: 0.7468  data_time: 0.1087  memory: 1708  loss: 3.7609  loss_cls: 2.5652  loss_bbox: 1.1957
2025/06/23 21:42:47 - mmengine - INFO - Epoch(train) [24][3450/9162]  lr: 2.0000e-05  eta: 1:09:14  time: 0.7424  data_time: 0.1313  memory: 1708  loss: 3.6687  loss_cls: 2.5002  loss_bbox: 1.1685
2025/06/23 21:43:25 - mmengine - INFO - Epoch(train) [24][3500/9162]  lr: 2.0000e-05  eta: 1:08:37  time: 0.7489  data_time: 0.1329  memory: 1708  loss: 3.6805  loss_cls: 2.4859  loss_bbox: 1.1945
2025/06/23 21:44:02 - mmengine - INFO - Epoch(train) [24][3550/9162]  lr: 2.0000e-05  eta: 1:08:01  time: 0.7436  data_time: 0.1204  memory: 1708  loss: 3.6878  loss_cls: 2.4796  loss_bbox: 1.2082
2025/06/23 21:44:39 - mmengine - INFO - Epoch(train) [24][3600/9162]  lr: 2.0000e-05  eta: 1:07:25  time: 0.7374  data_time: 0.0774  memory: 1708  loss: 3.6823  loss_cls: 2.4930  loss_bbox: 1.1893
2025/06/23 21:45:16 - mmengine - INFO - Epoch(train) [24][3650/9162]  lr: 2.0000e-05  eta: 1:06:48  time: 0.7415  data_time: 0.0959  memory: 1708  loss: 3.6102  loss_cls: 2.4739  loss_bbox: 1.1364
2025/06/23 21:45:54 - mmengine - INFO - Epoch(train) [24][3700/9162]  lr: 2.0000e-05  eta: 1:06:12  time: 0.7444  data_time: 0.1216  memory: 1708  loss: 3.6636  loss_cls: 2.4938  loss_bbox: 1.1698
2025/06/23 21:46:31 - mmengine - INFO - Epoch(train) [24][3750/9162]  lr: 2.0000e-05  eta: 1:05:35  time: 0.7390  data_time: 0.1072  memory: 1708  loss: 3.7208  loss_cls: 2.5128  loss_bbox: 1.2080
2025/06/23 21:47:08 - mmengine - INFO - Epoch(train) [24][3800/9162]  lr: 2.0000e-05  eta: 1:04:59  time: 0.7413  data_time: 0.0994  memory: 1708  loss: 3.7988  loss_cls: 2.5645  loss_bbox: 1.2343
2025/06/23 21:47:45 - mmengine - INFO - Epoch(train) [24][3850/9162]  lr: 2.0000e-05  eta: 1:04:23  time: 0.7374  data_time: 0.1187  memory: 1708  loss: 3.6959  loss_cls: 2.5177  loss_bbox: 1.1783
2025/06/23 21:48:22 - mmengine - INFO - Epoch(train) [24][3900/9162]  lr: 2.0000e-05  eta: 1:03:46  time: 0.7460  data_time: 0.0959  memory: 1708  loss: 3.6223  loss_cls: 2.4485  loss_bbox: 1.1738
2025/06/23 21:48:59 - mmengine - INFO - Epoch(train) [24][3950/9162]  lr: 2.0000e-05  eta: 1:03:10  time: 0.7351  data_time: 0.1102  memory: 1708  loss: 3.6764  loss_cls: 2.5054  loss_bbox: 1.1710
2025/06/23 21:49:36 - mmengine - INFO - Epoch(train) [24][4000/9162]  lr: 2.0000e-05  eta: 1:02:34  time: 0.7409  data_time: 0.1086  memory: 1708  loss: 3.6416  loss_cls: 2.4963  loss_bbox: 1.1453
2025/06/23 21:50:14 - mmengine - INFO - Epoch(train) [24][4050/9162]  lr: 2.0000e-05  eta: 1:01:57  time: 0.7519  data_time: 0.0878  memory: 1708  loss: 3.7195  loss_cls: 2.4956  loss_bbox: 1.2239
2025/06/23 21:50:51 - mmengine - INFO - Epoch(train) [24][4100/9162]  lr: 2.0000e-05  eta: 1:01:21  time: 0.7402  data_time: 0.1069  memory: 1708  loss: 3.7224  loss_cls: 2.5096  loss_bbox: 1.2128
2025/06/23 21:51:28 - mmengine - INFO - Epoch(train) [24][4150/9162]  lr: 2.0000e-05  eta: 1:00:45  time: 0.7426  data_time: 0.0982  memory: 1708  loss: 3.7906  loss_cls: 2.5402  loss_bbox: 1.2504
2025/06/23 21:52:06 - mmengine - INFO - Epoch(train) [24][4200/9162]  lr: 2.0000e-05  eta: 1:00:08  time: 0.7458  data_time: 0.1353  memory: 1708  loss: 3.6910  loss_cls: 2.4965  loss_bbox: 1.1945
2025/06/23 21:52:43 - mmengine - INFO - Epoch(train) [24][4250/9162]  lr: 2.0000e-05  eta: 0:59:32  time: 0.7493  data_time: 0.1253  memory: 1708  loss: 3.7875  loss_cls: 2.5476  loss_bbox: 1.2400
2025/06/23 21:53:01 - mmengine - INFO - Exp name: ssd300_coco_20250622_013555
2025/06/23 21:53:20 - mmengine - INFO - Epoch(train) [24][4300/9162]  lr: 2.0000e-05  eta: 0:58:56  time: 0.7398  data_time: 0.1240  memory: 1708  loss: 3.7791  loss_cls: 2.5379  loss_bbox: 1.2412
2025/06/23 21:53:58 - mmengine - INFO - Epoch(train) [24][4350/9162]  lr: 2.0000e-05  eta: 0:58:19  time: 0.7423  data_time: 0.1142  memory: 1708  loss: 3.7746  loss_cls: 2.5449  loss_bbox: 1.2296
2025/06/23 21:54:35 - mmengine - INFO - Epoch(train) [24][4400/9162]  lr: 2.0000e-05  eta: 0:57:43  time: 0.7459  data_time: 0.0774  memory: 1708  loss: 3.7048  loss_cls: 2.5022  loss_bbox: 1.2026
2025/06/23 21:55:12 - mmengine - INFO - Epoch(train) [24][4450/9162]  lr: 2.0000e-05  eta: 0:57:07  time: 0.7407  data_time: 0.1241  memory: 1708  loss: 3.7035  loss_cls: 2.4990  loss_bbox: 1.2045
2025/06/23 21:55:49 - mmengine - INFO - Epoch(train) [24][4500/9162]  lr: 2.0000e-05  eta: 0:56:30  time: 0.7409  data_time: 0.1160  memory: 1708  loss: 3.6109  loss_cls: 2.4297  loss_bbox: 1.1813
2025/06/23 21:56:27 - mmengine - INFO - Epoch(train) [24][4550/9162]  lr: 2.0000e-05  eta: 0:55:54  time: 0.7556  data_time: 0.1087  memory: 1708  loss: 3.6940  loss_cls: 2.4900  loss_bbox: 1.2039
2025/06/23 21:57:05 - mmengine - INFO - Epoch(train) [24][4600/9162]  lr: 2.0000e-05  eta: 0:55:18  time: 0.7486  data_time: 0.1090  memory: 1708  loss: 3.6178  loss_cls: 2.4349  loss_bbox: 1.1828
2025/06/23 21:57:41 - mmengine - INFO - Epoch(train) [24][4650/9162]  lr: 2.0000e-05  eta: 0:54:41  time: 0.7314  data_time: 0.1016  memory: 1708  loss: 3.8371  loss_cls: 2.5344  loss_bbox: 1.3027
2025/06/23 21:58:18 - mmengine - INFO - Epoch(train) [24][4700/9162]  lr: 2.0000e-05  eta: 0:54:05  time: 0.7345  data_time: 0.0991  memory: 1708  loss: 3.6539  loss_cls: 2.4692  loss_bbox: 1.1847
2025/06/23 21:58:55 - mmengine - INFO - Epoch(train) [24][4750/9162]  lr: 2.0000e-05  eta: 0:53:29  time: 0.7304  data_time: 0.0961  memory: 1708  loss: 3.6703  loss_cls: 2.4665  loss_bbox: 1.2038
2025/06/23 21:59:32 - mmengine - INFO - Epoch(train) [24][4800/9162]  lr: 2.0000e-05  eta: 0:52:52  time: 0.7399  data_time: 0.1351  memory: 1708  loss: 3.6073  loss_cls: 2.4160  loss_bbox: 1.1913
2025/06/23 22:00:09 - mmengine - INFO - Epoch(train) [24][4850/9162]  lr: 2.0000e-05  eta: 0:52:16  time: 0.7513  data_time: 0.1099  memory: 1708  loss: 3.6441  loss_cls: 2.4885  loss_bbox: 1.1555
2025/06/23 22:00:47 - mmengine - INFO - Epoch(train) [24][4900/9162]  lr: 2.0000e-05  eta: 0:51:39  time: 0.7445  data_time: 0.1333  memory: 1708  loss: 3.7840  loss_cls: 2.5252  loss_bbox: 1.2588
2025/06/23 22:01:24 - mmengine - INFO - Epoch(train) [24][4950/9162]  lr: 2.0000e-05  eta: 0:51:03  time: 0.7375  data_time: 0.1251  memory: 1708  loss: 3.7664  loss_cls: 2.5214  loss_bbox: 1.2450
2025/06/23 22:02:01 - mmengine - INFO - Epoch(train) [24][5000/9162]  lr: 2.0000e-05  eta: 0:50:27  time: 0.7400  data_time: 0.1260  memory: 1708  loss: 3.8141  loss_cls: 2.5876  loss_bbox: 1.2265
2025/06/23 22:02:38 - mmengine - INFO - Epoch(train) [24][5050/9162]  lr: 2.0000e-05  eta: 0:49:50  time: 0.7459  data_time: 0.1255  memory: 1708  loss: 3.6737  loss_cls: 2.4731  loss_bbox: 1.2005
2025/06/23 22:03:16 - mmengine - INFO - Epoch(train) [24][5100/9162]  lr: 2.0000e-05  eta: 0:49:14  time: 0.7445  data_time: 0.1354  memory: 1708  loss: 3.7526  loss_cls: 2.5314  loss_bbox: 1.2212
2025/06/23 22:03:53 - mmengine - INFO - Epoch(train) [24][5150/9162]  lr: 2.0000e-05  eta: 0:48:38  time: 0.7562  data_time: 0.1182  memory: 1708  loss: 3.7577  loss_cls: 2.4741  loss_bbox: 1.2836
2025/06/23 22:04:31 - mmengine - INFO - Epoch(train) [24][5200/9162]  lr: 2.0000e-05  eta: 0:48:01  time: 0.7402  data_time: 0.1179  memory: 1708  loss: 3.7181  loss_cls: 2.4922  loss_bbox: 1.2260
2025/06/23 22:05:08 - mmengine - INFO - Epoch(train) [24][5250/9162]  lr: 2.0000e-05  eta: 0:47:25  time: 0.7405  data_time: 0.1189  memory: 1708  loss: 3.7179  loss_cls: 2.5153  loss_bbox: 1.2026
2025/06/23 22:05:26 - mmengine - INFO - Exp name: ssd300_coco_20250622_013555
2025/06/23 22:05:45 - mmengine - INFO - Epoch(train) [24][5300/9162]  lr: 2.0000e-05  eta: 0:46:49  time: 0.7414  data_time: 0.1026  memory: 1708  loss: 3.7443  loss_cls: 2.5425  loss_bbox: 1.2017
2025/06/23 22:06:22 - mmengine - INFO - Epoch(train) [24][5350/9162]  lr: 2.0000e-05  eta: 0:46:12  time: 0.7486  data_time: 0.1282  memory: 1708  loss: 3.7336  loss_cls: 2.5208  loss_bbox: 1.2128
2025/06/23 22:07:00 - mmengine - INFO - Epoch(train) [24][5400/9162]  lr: 2.0000e-05  eta: 0:45:36  time: 0.7425  data_time: 0.1056  memory: 1708  loss: 3.6996  loss_cls: 2.5008  loss_bbox: 1.1988
2025/06/23 22:07:37 - mmengine - INFO - Epoch(train) [24][5450/9162]  lr: 2.0000e-05  eta: 0:45:00  time: 0.7379  data_time: 0.1099  memory: 1708  loss: 3.6455  loss_cls: 2.4566  loss_bbox: 1.1889
2025/06/23 22:08:14 - mmengine - INFO - Epoch(train) [24][5500/9162]  lr: 2.0000e-05  eta: 0:44:23  time: 0.7416  data_time: 0.1125  memory: 1708  loss: 3.7201  loss_cls: 2.4920  loss_bbox: 1.2281
2025/06/23 22:08:51 - mmengine - INFO - Epoch(train) [24][5550/9162]  lr: 2.0000e-05  eta: 0:43:47  time: 0.7375  data_time: 0.1048  memory: 1708  loss: 3.7844  loss_cls: 2.5407  loss_bbox: 1.2437
2025/06/23 22:09:28 - mmengine - INFO - Epoch(train) [24][5600/9162]  lr: 2.0000e-05  eta: 0:43:10  time: 0.7410  data_time: 0.1121  memory: 1708  loss: 3.7939  loss_cls: 2.5672  loss_bbox: 1.2267
2025/06/23 22:10:06 - mmengine - INFO - Epoch(train) [24][5650/9162]  lr: 2.0000e-05  eta: 0:42:34  time: 0.7544  data_time: 0.1158  memory: 1708  loss: 3.6662  loss_cls: 2.4932  loss_bbox: 1.1730
2025/06/23 22:10:43 - mmengine - INFO - Epoch(train) [24][5700/9162]  lr: 2.0000e-05  eta: 0:41:58  time: 0.7406  data_time: 0.1013  memory: 1708  loss: 3.7377  loss_cls: 2.5236  loss_bbox: 1.2141
2025/06/23 22:11:21 - mmengine - INFO - Epoch(train) [24][5750/9162]  lr: 2.0000e-05  eta: 0:41:21  time: 0.7542  data_time: 0.1235  memory: 1708  loss: 3.7558  loss_cls: 2.5143  loss_bbox: 1.2414
2025/06/23 22:11:58 - mmengine - INFO - Epoch(train) [24][5800/9162]  lr: 2.0000e-05  eta: 0:40:45  time: 0.7391  data_time: 0.0964  memory: 1708  loss: 3.6934  loss_cls: 2.5201  loss_bbox: 1.1733
2025/06/23 22:12:35 - mmengine - INFO - Epoch(train) [24][5850/9162]  lr: 2.0000e-05  eta: 0:40:09  time: 0.7362  data_time: 0.0942  memory: 1708  loss: 3.6990  loss_cls: 2.4880  loss_bbox: 1.2110
2025/06/23 22:13:12 - mmengine - INFO - Epoch(train) [24][5900/9162]  lr: 2.0000e-05  eta: 0:39:32  time: 0.7448  data_time: 0.1006  memory: 1708  loss: 3.7638  loss_cls: 2.5320  loss_bbox: 1.2318
2025/06/23 22:13:49 - mmengine - INFO - Epoch(train) [24][5950/9162]  lr: 2.0000e-05  eta: 0:38:56  time: 0.7395  data_time: 0.0970  memory: 1708  loss: 3.7139  loss_cls: 2.5022  loss_bbox: 1.2116
2025/06/23 22:14:26 - mmengine - INFO - Epoch(train) [24][6000/9162]  lr: 2.0000e-05  eta: 0:38:20  time: 0.7429  data_time: 0.1124  memory: 1708  loss: 3.6660  loss_cls: 2.4648  loss_bbox: 1.2012
2025/06/23 22:15:04 - mmengine - INFO - Epoch(train) [24][6050/9162]  lr: 2.0000e-05  eta: 0:37:43  time: 0.7458  data_time: 0.1202  memory: 1708  loss: 3.6733  loss_cls: 2.4629  loss_bbox: 1.2103
2025/06/23 22:15:41 - mmengine - INFO - Epoch(train) [24][6100/9162]  lr: 2.0000e-05  eta: 0:37:07  time: 0.7403  data_time: 0.1252  memory: 1708  loss: 3.7149  loss_cls: 2.5206  loss_bbox: 1.1944
2025/06/23 22:16:18 - mmengine - INFO - Epoch(train) [24][6150/9162]  lr: 2.0000e-05  eta: 0:36:31  time: 0.7399  data_time: 0.1291  memory: 1708  loss: 3.6246  loss_cls: 2.4575  loss_bbox: 1.1671
2025/06/23 22:16:56 - mmengine - INFO - Epoch(train) [24][6200/9162]  lr: 2.0000e-05  eta: 0:35:54  time: 0.7509  data_time: 0.1046  memory: 1708  loss: 3.6366  loss_cls: 2.4830  loss_bbox: 1.1536
2025/06/23 22:17:33 - mmengine - INFO - Epoch(train) [24][6250/9162]  lr: 2.0000e-05  eta: 0:35:18  time: 0.7418  data_time: 0.0939  memory: 1708  loss: 3.5610  loss_cls: 2.4347  loss_bbox: 1.1264
2025/06/23 22:17:51 - mmengine - INFO - Exp name: ssd300_coco_20250622_013555
2025/06/23 22:18:10 - mmengine - INFO - Epoch(train) [24][6300/9162]  lr: 2.0000e-05  eta: 0:34:41  time: 0.7539  data_time: 0.1230  memory: 1708  loss: 3.6381  loss_cls: 2.4419  loss_bbox: 1.1962
2025/06/23 22:18:48 - mmengine - INFO - Epoch(train) [24][6350/9162]  lr: 2.0000e-05  eta: 0:34:05  time: 0.7421  data_time: 0.1244  memory: 1708  loss: 3.7687  loss_cls: 2.5438  loss_bbox: 1.2249
2025/06/23 22:19:25 - mmengine - INFO - Epoch(train) [24][6400/9162]  lr: 2.0000e-05  eta: 0:33:29  time: 0.7506  data_time: 0.1339  memory: 1708  loss: 3.7592  loss_cls: 2.5297  loss_bbox: 1.2295
2025/06/23 22:20:03 - mmengine - INFO - Epoch(train) [24][6450/9162]  lr: 2.0000e-05  eta: 0:32:52  time: 0.7417  data_time: 0.1026  memory: 1708  loss: 3.7430  loss_cls: 2.5325  loss_bbox: 1.2105
2025/06/23 22:20:40 - mmengine - INFO - Epoch(train) [24][6500/9162]  lr: 2.0000e-05  eta: 0:32:16  time: 0.7434  data_time: 0.1361  memory: 1708  loss: 3.7239  loss_cls: 2.5037  loss_bbox: 1.2203
2025/06/23 22:21:17 - mmengine - INFO - Epoch(train) [24][6550/9162]  lr: 2.0000e-05  eta: 0:31:40  time: 0.7374  data_time: 0.1276  memory: 1708  loss: 3.5212  loss_cls: 2.4144  loss_bbox: 1.1069
2025/06/23 22:21:54 - mmengine - INFO - Epoch(train) [24][6600/9162]  lr: 2.0000e-05  eta: 0:31:03  time: 0.7406  data_time: 0.1105  memory: 1708  loss: 3.8199  loss_cls: 2.5698  loss_bbox: 1.2502
2025/06/23 22:22:31 - mmengine - INFO - Epoch(train) [24][6650/9162]  lr: 2.0000e-05  eta: 0:30:27  time: 0.7389  data_time: 0.1070  memory: 1708  loss: 3.6420  loss_cls: 2.4579  loss_bbox: 1.1841
2025/06/23 22:23:08 - mmengine - INFO - Epoch(train) [24][6700/9162]  lr: 2.0000e-05  eta: 0:29:51  time: 0.7426  data_time: 0.0840  memory: 1708  loss: 3.7485  loss_cls: 2.4961  loss_bbox: 1.2523
2025/06/23 22:23:46 - mmengine - INFO - Epoch(train) [24][6750/9162]  lr: 2.0000e-05  eta: 0:29:14  time: 0.7610  data_time: 0.1090  memory: 1708  loss: 3.7581  loss_cls: 2.5165  loss_bbox: 1.2416
2025/06/23 22:24:24 - mmengine - INFO - Epoch(train) [24][6800/9162]  lr: 2.0000e-05  eta: 0:28:38  time: 0.7605  data_time: 0.1205  memory: 1708  loss: 3.6569  loss_cls: 2.4935  loss_bbox: 1.1634
2025/06/23 22:25:03 - mmengine - INFO - Epoch(train) [24][6850/9162]  lr: 2.0000e-05  eta: 0:28:01  time: 0.7652  data_time: 0.1292  memory: 1708  loss: 3.7210  loss_cls: 2.5447  loss_bbox: 1.1762
2025/06/23 22:25:41 - mmengine - INFO - Epoch(train) [24][6900/9162]  lr: 2.0000e-05  eta: 0:27:25  time: 0.7565  data_time: 0.1424  memory: 1708  loss: 3.6576  loss_cls: 2.5283  loss_bbox: 1.1294
2025/06/23 22:26:19 - mmengine - INFO - Epoch(train) [24][6950/9162]  lr: 2.0000e-05  eta: 0:26:49  time: 0.7592  data_time: 0.1360  memory: 1708  loss: 3.8582  loss_cls: 2.5925  loss_bbox: 1.2658
2025/06/23 22:26:56 - mmengine - INFO - Epoch(train) [24][7000/9162]  lr: 2.0000e-05  eta: 0:26:12  time: 0.7445  data_time: 0.1396  memory: 1708  loss: 3.7867  loss_cls: 2.5307  loss_bbox: 1.2560
2025/06/23 22:27:33 - mmengine - INFO - Epoch(train) [24][7050/9162]  lr: 2.0000e-05  eta: 0:25:36  time: 0.7397  data_time: 0.0989  memory: 1708  loss: 3.7138  loss_cls: 2.4856  loss_bbox: 1.2282
2025/06/23 22:28:10 - mmengine - INFO - Epoch(train) [24][7100/9162]  lr: 2.0000e-05  eta: 0:25:00  time: 0.7431  data_time: 0.1275  memory: 1708  loss: 3.6421  loss_cls: 2.4546  loss_bbox: 1.1874
2025/06/23 22:28:48 - mmengine - INFO - Epoch(train) [24][7150/9162]  lr: 2.0000e-05  eta: 0:24:23  time: 0.7421  data_time: 0.1207  memory: 1708  loss: 3.7780  loss_cls: 2.5045  loss_bbox: 1.2735
2025/06/23 22:29:25 - mmengine - INFO - Epoch(train) [24][7200/9162]  lr: 2.0000e-05  eta: 0:23:47  time: 0.7371  data_time: 0.0997  memory: 1708  loss: 3.7364  loss_cls: 2.5143  loss_bbox: 1.2220
2025/06/23 22:30:01 - mmengine - INFO - Epoch(train) [24][7250/9162]  lr: 2.0000e-05  eta: 0:23:11  time: 0.7358  data_time: 0.1224  memory: 1708  loss: 3.7166  loss_cls: 2.4962  loss_bbox: 1.2204
2025/06/23 22:30:20 - mmengine - INFO - Exp name: ssd300_coco_20250622_013555
2025/06/23 22:30:39 - mmengine - INFO - Epoch(train) [24][7300/9162]  lr: 2.0000e-05  eta: 0:22:34  time: 0.7478  data_time: 0.1153  memory: 1708  loss: 3.7633  loss_cls: 2.5470  loss_bbox: 1.2163
2025/06/23 22:31:15 - mmengine - INFO - Epoch(train) [24][7350/9162]  lr: 2.0000e-05  eta: 0:21:58  time: 0.7276  data_time: 0.1070  memory: 1708  loss: 3.6997  loss_cls: 2.5033  loss_bbox: 1.1963
2025/06/23 22:31:53 - mmengine - INFO - Epoch(train) [24][7400/9162]  lr: 2.0000e-05  eta: 0:21:21  time: 0.7591  data_time: 0.1258  memory: 1708  loss: 3.8171  loss_cls: 2.5699  loss_bbox: 1.2472
2025/06/23 22:32:30 - mmengine - INFO - Epoch(train) [24][7450/9162]  lr: 2.0000e-05  eta: 0:20:45  time: 0.7382  data_time: 0.1248  memory: 1708  loss: 3.7984  loss_cls: 2.5456  loss_bbox: 1.2528
2025/06/23 22:33:07 - mmengine - INFO - Epoch(train) [24][7500/9162]  lr: 2.0000e-05  eta: 0:20:09  time: 0.7383  data_time: 0.1173  memory: 1708  loss: 3.7455  loss_cls: 2.5270  loss_bbox: 1.2185
2025/06/23 22:33:45 - mmengine - INFO - Epoch(train) [24][7550/9162]  lr: 2.0000e-05  eta: 0:19:32  time: 0.7397  data_time: 0.1323  memory: 1708  loss: 3.7436  loss_cls: 2.5101  loss_bbox: 1.2335
2025/06/23 22:34:22 - mmengine - INFO - Epoch(train) [24][7600/9162]  lr: 2.0000e-05  eta: 0:18:56  time: 0.7432  data_time: 0.1174  memory: 1708  loss: 3.6928  loss_cls: 2.4833  loss_bbox: 1.2095
2025/06/23 22:34:59 - mmengine - INFO - Epoch(train) [24][7650/9162]  lr: 2.0000e-05  eta: 0:18:20  time: 0.7464  data_time: 0.1294  memory: 1708  loss: 3.8013  loss_cls: 2.5634  loss_bbox: 1.2379
2025/06/23 22:35:36 - mmengine - INFO - Epoch(train) [24][7700/9162]  lr: 2.0000e-05  eta: 0:17:43  time: 0.7366  data_time: 0.1145  memory: 1708  loss: 3.6871  loss_cls: 2.5172  loss_bbox: 1.1699
2025/06/23 22:36:13 - mmengine - INFO - Epoch(train) [24][7750/9162]  lr: 2.0000e-05  eta: 0:17:07  time: 0.7393  data_time: 0.1083  memory: 1708  loss: 3.7947  loss_cls: 2.5602  loss_bbox: 1.2345
2025/06/23 22:36:50 - mmengine - INFO - Epoch(train) [24][7800/9162]  lr: 2.0000e-05  eta: 0:16:30  time: 0.7379  data_time: 0.1324  memory: 1708  loss: 3.7378  loss_cls: 2.4824  loss_bbox: 1.2554
2025/06/23 22:37:28 - mmengine - INFO - Epoch(train) [24][7850/9162]  lr: 2.0000e-05  eta: 0:15:54  time: 0.7449  data_time: 0.1231  memory: 1708  loss: 3.7277  loss_cls: 2.5104  loss_bbox: 1.2174
2025/06/23 22:38:05 - mmengine - INFO - Epoch(train) [24][7900/9162]  lr: 2.0000e-05  eta: 0:15:18  time: 0.7382  data_time: 0.1358  memory: 1708  loss: 3.7853  loss_cls: 2.5404  loss_bbox: 1.2449
2025/06/23 22:38:42 - mmengine - INFO - Epoch(train) [24][7950/9162]  lr: 2.0000e-05  eta: 0:14:41  time: 0.7452  data_time: 0.1175  memory: 1708  loss: 3.6911  loss_cls: 2.4856  loss_bbox: 1.2055
2025/06/23 22:39:19 - mmengine - INFO - Epoch(train) [24][8000/9162]  lr: 2.0000e-05  eta: 0:14:05  time: 0.7336  data_time: 0.1148  memory: 1708  loss: 3.7585  loss_cls: 2.5347  loss_bbox: 1.2239
2025/06/23 22:39:55 - mmengine - INFO - Epoch(train) [24][8050/9162]  lr: 2.0000e-05  eta: 0:13:29  time: 0.7341  data_time: 0.1116  memory: 1708  loss: 3.7892  loss_cls: 2.5587  loss_bbox: 1.2306
2025/06/23 22:40:33 - mmengine - INFO - Epoch(train) [24][8100/9162]  lr: 2.0000e-05  eta: 0:12:52  time: 0.7439  data_time: 0.1177  memory: 1708  loss: 3.9223  loss_cls: 2.6131  loss_bbox: 1.3092
2025/06/23 22:41:10 - mmengine - INFO - Epoch(train) [24][8150/9162]  lr: 2.0000e-05  eta: 0:12:16  time: 0.7427  data_time: 0.1351  memory: 1708  loss: 3.6919  loss_cls: 2.4998  loss_bbox: 1.1921
2025/06/23 22:41:47 - mmengine - INFO - Epoch(train) [24][8200/9162]  lr: 2.0000e-05  eta: 0:11:39  time: 0.7406  data_time: 0.0995  memory: 1708  loss: 3.6427  loss_cls: 2.4636  loss_bbox: 1.1792
2025/06/23 22:42:24 - mmengine - INFO - Epoch(train) [24][8250/9162]  lr: 2.0000e-05  eta: 0:11:03  time: 0.7362  data_time: 0.1103  memory: 1708  loss: 3.7762  loss_cls: 2.5095  loss_bbox: 1.2667
2025/06/23 22:42:42 - mmengine - INFO - Exp name: ssd300_coco_20250622_013555
2025/06/23 22:43:01 - mmengine - INFO - Epoch(train) [24][8300/9162]  lr: 2.0000e-05  eta: 0:10:27  time: 0.7398  data_time: 0.1247  memory: 1708  loss: 3.7820  loss_cls: 2.5161  loss_bbox: 1.2659
2025/06/23 22:43:38 - mmengine - INFO - Epoch(train) [24][8350/9162]  lr: 2.0000e-05  eta: 0:09:50  time: 0.7403  data_time: 0.1299  memory: 1708  loss: 3.6904  loss_cls: 2.4938  loss_bbox: 1.1966
2025/06/23 22:44:15 - mmengine - INFO - Epoch(train) [24][8400/9162]  lr: 2.0000e-05  eta: 0:09:14  time: 0.7391  data_time: 0.0943  memory: 1708  loss: 3.6391  loss_cls: 2.4304  loss_bbox: 1.2087
2025/06/23 22:44:53 - mmengine - INFO - Epoch(train) [24][8450/9162]  lr: 2.0000e-05  eta: 0:08:38  time: 0.7524  data_time: 0.1167  memory: 1708  loss: 3.5885  loss_cls: 2.4268  loss_bbox: 1.1616
2025/06/23 22:45:30 - mmengine - INFO - Epoch(train) [24][8500/9162]  lr: 2.0000e-05  eta: 0:08:01  time: 0.7488  data_time: 0.1018  memory: 1708  loss: 3.7322  loss_cls: 2.5231  loss_bbox: 1.2091
2025/06/23 22:46:08 - mmengine - INFO - Epoch(train) [24][8550/9162]  lr: 2.0000e-05  eta: 0:07:25  time: 0.7407  data_time: 0.1164  memory: 1708  loss: 3.7504  loss_cls: 2.5043  loss_bbox: 1.2461
2025/06/23 22:46:45 - mmengine - INFO - Epoch(train) [24][8600/9162]  lr: 2.0000e-05  eta: 0:06:48  time: 0.7358  data_time: 0.1247  memory: 1708  loss: 3.6582  loss_cls: 2.4347  loss_bbox: 1.2234
2025/06/23 22:47:22 - mmengine - INFO - Epoch(train) [24][8650/9162]  lr: 2.0000e-05  eta: 0:06:12  time: 0.7493  data_time: 0.1144  memory: 1708  loss: 3.6235  loss_cls: 2.4318  loss_bbox: 1.1917
2025/06/23 22:47:59 - mmengine - INFO - Epoch(train) [24][8700/9162]  lr: 2.0000e-05  eta: 0:05:36  time: 0.7425  data_time: 0.1248  memory: 1708  loss: 3.7942  loss_cls: 2.5316  loss_bbox: 1.2626
2025/06/23 22:48:36 - mmengine - INFO - Epoch(train) [24][8750/9162]  lr: 2.0000e-05  eta: 0:04:59  time: 0.7410  data_time: 0.1123  memory: 1708  loss: 3.7377  loss_cls: 2.5267  loss_bbox: 1.2110
2025/06/23 22:49:13 - mmengine - INFO - Epoch(train) [24][8800/9162]  lr: 2.0000e-05  eta: 0:04:23  time: 0.7381  data_time: 0.1212  memory: 1708  loss: 3.7372  loss_cls: 2.5316  loss_bbox: 1.2056
2025/06/23 22:49:51 - mmengine - INFO - Epoch(train) [24][8850/9162]  lr: 2.0000e-05  eta: 0:03:47  time: 0.7427  data_time: 0.1282  memory: 1708  loss: 3.7034  loss_cls: 2.4897  loss_bbox: 1.2137
2025/06/23 22:50:28 - mmengine - INFO - Epoch(train) [24][8900/9162]  lr: 2.0000e-05  eta: 0:03:10  time: 0.7418  data_time: 0.1306  memory: 1708  loss: 3.7403  loss_cls: 2.4975  loss_bbox: 1.2428
2025/06/23 22:51:05 - mmengine - INFO - Epoch(train) [24][8950/9162]  lr: 2.0000e-05  eta: 0:02:34  time: 0.7390  data_time: 0.1050  memory: 1708  loss: 3.6714  loss_cls: 2.4681  loss_bbox: 1.2032
2025/06/23 22:51:43 - mmengine - INFO - Epoch(train) [24][9000/9162]  lr: 2.0000e-05  eta: 0:01:57  time: 0.7511  data_time: 0.0995  memory: 1708  loss: 3.7828  loss_cls: 2.5519  loss_bbox: 1.2309
2025/06/23 22:52:20 - mmengine - INFO - Epoch(train) [24][9050/9162]  lr: 2.0000e-05  eta: 0:01:21  time: 0.7415  data_time: 0.0972  memory: 1708  loss: 3.6530  loss_cls: 2.4777  loss_bbox: 1.1753
2025/06/23 22:52:57 - mmengine - INFO - Epoch(train) [24][9100/9162]  lr: 2.0000e-05  eta: 0:00:45  time: 0.7390  data_time: 0.1070  memory: 1708  loss: 3.6665  loss_cls: 2.5022  loss_bbox: 1.1642
2025/06/23 22:53:34 - mmengine - INFO - Epoch(train) [24][9150/9162]  lr: 2.0000e-05  eta: 0:00:08  time: 0.7424  data_time: 0.0914  memory: 1708  loss: 3.7291  loss_cls: 2.5255  loss_bbox: 1.2036
2025/06/23 22:53:43 - mmengine - INFO - Exp name: ssd300_coco_20250622_013555
2025/06/23 22:53:43 - mmengine - INFO - Saving checkpoint at 24 epochs
2025/06/23 22:53:56 - mmengine - INFO - Epoch(val) [24][ 50/157]    eta: 0:00:26  time: 0.2501  data_time: 0.0499  memory: 1708  
2025/06/23 22:54:09 - mmengine - INFO - Epoch(val) [24][100/157]    eta: 0:00:14  time: 0.2495  data_time: 0.0498  memory: 851  
2025/06/23 22:54:21 - mmengine - INFO - Epoch(val) [24][150/157]    eta: 0:00:01  time: 0.2491  data_time: 0.0483  memory: 851  
2025/06/23 22:54:40 - mmengine - INFO - Evaluating bbox...
2025/06/23 22:55:35 - mmengine - INFO - bbox_mAP_copypaste: 0.253 0.433 0.261 0.066 0.271 0.420
2025/06/23 22:55:36 - mmengine - INFO - Epoch(val) [24][157/157]    coco/bbox_mAP: 0.2530  coco/bbox_mAP_50: 0.4330  coco/bbox_mAP_75: 0.2610  coco/bbox_mAP_s: 0.0660  coco/bbox_mAP_m: 0.2710  coco/bbox_mAP_l: 0.4200  data_time: 0.0493  time: 0.2477
