[2025-08-22 00:24:28,122][fairseq_cli.train][INFO] - {'_name': None, 'common': {'_name': None, 'no_progress_bar': False, 'log_interval': 1, 'log_format': 'json', 'log_file': None, 'tensorboard_logdir': 'tblog', 'wandb_project': None, 'azureml_logging': False, 'seed': 1337, 'cpu': False, 'tpu': False, 'bf16': False, 'memory_efficient_bf16': False, 'fp16': True, 'memory_efficient_fp16': False, 'fp16_no_flatten_grads': False, 'fp16_init_scale': 128, 'fp16_scale_window': None, 'fp16_scale_tolerance': 0.0, 'on_cpu_convert_precision': False, 'min_loss_scale': 0.0001, 'threshold_loss_scale': None, 'amp': False, 'amp_batch_retries': 2, 'amp_init_scale': 128, 'amp_scale_window': None, 'user_dir': None, 'empty_cache_freq': 0, 'all_gather_list_size': 16384, 'model_parallel_size': 1, 'quantization_config_path': None, 'profile': False, 'reset_logging': False, 'suppress_crashes': False, 'use_plasma_view': False, 'plasma_path': '/tmp/plasma'}, 'common_eval': {'_name': None, 'path': None, 'post_process': None, 'quiet': False, 'model_overrides': '{}', 'results_path': None}, 'distributed_training': {'_name': None, 'distributed_world_size': 1, 'distributed_num_procs': 1, 'distributed_rank': 0, 'distributed_backend': 'nccl', 'distributed_init_method': None, 'distributed_port': 29671, 'device_id': 0, 'distributed_no_spawn': False, 'ddp_backend': 'no_c10d', 'ddp_comm_hook': 'none', 'bucket_cap_mb': 25, 'fix_batches_to_gpus': False, 'find_unused_parameters': True, 'gradient_as_bucket_view': False, 'fast_stat_sync': False, 'heartbeat_timeout': -1, 'broadcast_buffers': False, 'slowmo_momentum': None, 'slowmo_algorithm': 'LocalSGD', 'localsgd_frequency': 3, 'nprocs_per_node': 1, 'pipeline_model_parallel': False, 'pipeline_balance': None, 'pipeline_devices': None, 'pipeline_chunks': 0, 'pipeline_encoder_balance': None, 'pipeline_encoder_devices': None, 'pipeline_decoder_balance': None, 'pipeline_decoder_devices': None, 'pipeline_checkpoint': 'never', 'zero_sharding': 'none', 'fp16': True, 'memory_efficient_fp16': False, 'tpu': False, 'no_reshard_after_forward': False, 'fp32_reduce_scatter': False, 'cpu_offload': False, 'use_sharded_state': False}, 'dataset': {'_name': None, 'num_workers': 10, 'skip_invalid_size_inputs_valid_test': True, 'max_tokens': 500000, 'batch_size': None, 'required_batch_size_multiple': 8, 'required_seq_len_multiple': 1, 'dataset_impl': None, 'data_buffer_size': 10, 'train_subset': 'train', 'valid_subset': 'valid', 'combine_valid_subsets': None, 'ignore_unused_valid_subsets': False, 'validate_interval': 5, 'validate_interval_updates': 10000, 'validate_after_updates': 0, 'fixed_validation_seed': None, 'disable_validation': False, 'max_tokens_valid': 500000, 'batch_size_valid': None, 'max_valid_steps': None, 'curriculum': 0, 'gen_subset': 'test', 'num_shards': 1, 'shard_id': 0}, 'optimization': {'_name': None, 'max_epoch': 0, 'max_update': 200, 'stop_time_hours': 0.0, 'clip_norm': 10.0, 'sentence_avg': False, 'update_freq': [1], 'lr': [0.0005], 'stop_min_lr': -1.0, 'use_bmuf': False}, 'checkpoint': {'_name': None, 'save_dir': 'checkpoints', 'restore_file': 'checkpoint_last.pt', 'finetune_from_model': None, 'reset_dataloader': False, 'reset_lr_scheduler': False, 'reset_meters': False, 'reset_optimizer': False, 'optimizer_overrides': '{}', 'save_interval': 1, 'save_interval_updates': 25000, 'keep_interval_updates': 1, 'keep_interval_updates_pattern': -1, 'keep_last_epochs': -1, 'keep_best_checkpoints': 10, 'no_save': False, 'no_epoch_checkpoints': True, 'no_last_checkpoints': False, 'no_save_optimizer_state': False, 'best_checkpoint_metric': 'loss', 'maximize_best_checkpoint_metric': False, 'patience': -1, 'checkpoint_suffix': '', 'checkpoint_shard_count': 1, 'load_checkpoint_on_all_dp_ranks': False, 'write_checkpoints_asynchronously': False, 'model_parallel_size': 1}, 'bmuf': {'_name': None, 'block_lr': 1.0, 'block_momentum': 0.875, 'global_sync_iter': 50, 'warmup_iterations': 500, 'use_nbm': False, 'average_sync': False, 'distributed_world_size': 1}, 'generation': {'_name': None, 'beam': 5, 'nbest': 1, 'max_len_a': 0.0, 'max_len_b': 200, 'min_len': 1, 'match_source_len': False, 'unnormalized': False, 'no_early_stop': False, 'no_beamable_mm': False, 'lenpen': 1.0, 'unkpen': 0.0, 'replace_unk': None, 'sacrebleu': False, 'score_reference': False, 'prefix_size': 0, 'no_repeat_ngram_size': 0, 'sampling': False, 'sampling_topk': -1, 'sampling_topp': -1.0, 'constraints': None, 'temperature': 1.0, 'diverse_beam_groups': -1, 'diverse_beam_strength': 0.5, 'diversity_rate': -1.0, 'print_alignment': None, 'print_step': False, 'lm_path': None, 'lm_weight': 0.0, 'iter_decode_eos_penalty': 0.0, 'iter_decode_max_iter': 10, 'iter_decode_force_max_iter': False, 'iter_decode_with_beam': 1, 'iter_decode_with_external_reranker': False, 'retain_iter_history': False, 'retain_dropout': False, 'retain_dropout_modules': None, 'decoding_format': None, 'no_seed_provided': False}, 'eval_lm': {'_name': None, 'output_word_probs': False, 'output_word_stats': False, 'context_window': 0, 'softmax_batch': 9223372036854775807}, 'interactive': {'_name': None, 'buffer_size': 0, 'input': '-'}, 'model': {'_name': 'contentvec', 'label_rate': 50, 'extractor_mode': 'default', 'encoder_layers': 12, 'encoder_layers_1': 3, 'encoder_embed_dim': 768, 'encoder_ffn_embed_dim': 3072, 'encoder_attention_heads': 12, 'activation_fn': 'gelu', 'ctr_layers': [-6], 'dropout': 0.1, 'attention_dropout': 0.1, 'activation_dropout': 0.0, 'encoder_layerdrop': 0.05, 'dropout_input': 0.1, 'dropout_features': 0.1, 'final_dim': 256, 'untie_final_proj': True, 'layer_norm_first': False, 'conv_feature_layers': '[(512,10,5)] + [(512,3,2)] * 4 + [(512,2,2)] * 2', 'conv_bias': False, 'logit_temp': 0.1, 'logit_temp_ctr': 0.1, 'target_glu': False, 'feature_grad_mult': 0.1, 'mask_length': 10, 'mask_prob': 0.8, 'mask_selection': 'static', 'mask_other': 0.0, 'no_mask_overlap': False, 'mask_min_space': 1, 'mask_channel_length': 10, 'mask_channel_prob': 0.0, 'mask_channel_selection': 'static', 'mask_channel_other': 0.0, 'no_mask_channel_overlap': False, 'mask_channel_min_space': 1, 'num_negatives': 100, 'cross_sample_negatives': 0, 'conv_pos': 128, 'conv_pos_groups': 16, 'latent_temp': [2.0, 0.5, 0.999995], 'skip_masked': False, 'skip_nomask': False}, 'task': {'_name': 'contentvec_pretraining', 'data': '/home/01/raithan/contentvec/data/LibriSpeech/metadata', 'fine_tuning': False, 'labels': ['km'], 'label_dir': '/home/01/raithan/contentvec/data/LibriSpeech/label', 'label_rate': 50, 'sample_rate': 16000, 'normalize': False, 'enable_padding': False, 'max_keep_size': None, 'max_sample_size': 250000, 'min_sample_size': 32000, 'single_target': False, 'random_crop': True, 'crop': True, 'pad_audio': False, 'spk2info': '/home/01/raithan/contentvec/data/LibriSpeech/metadata/spk2info.dict'}, 'criterion': {'_name': 'contentvec', 'pred_masked_weight': 1.0, 'pred_nomask_weight': 0.0, 'loss_weights': [10.0, 1e-05], 'log_keys': []}, 'optimizer': {'_name': 'adam', 'adam_betas': '(0.9,0.98)', 'adam_eps': 1e-06, 'weight_decay': 0.01, 'use_old_adam': False, 'fp16_adam_stats': False, 'tpu': False, 'lr': [0.0005]}, 'lr_scheduler': {'_name': 'polynomial_decay', 'warmup_updates': 8000, 'force_anneal': None, 'end_learning_rate': 0.0, 'power': 1.0, 'total_num_update': 200, 'lr': [0.0005]}, 'scoring': None, 'bpe': None, 'tokenizer': None, 'ema': {'_name': None, 'store_ema': False, 'ema_decay': 0.9999, 'ema_start_update': 0, 'ema_seed_model': None, 'ema_update_freq': 1, 'ema_fp32': False}, 'job_logging_cfg': {'version': 1, 'formatters': {'simple': {'format': '[%(asctime)s][%(name)s][%(levelname)s] - %(message)s'}}, 'handlers': {'console': {'class': 'logging.StreamHandler', 'formatter': 'simple', 'stream': 'ext://sys.stdout'}, 'file': {'class': 'logging.FileHandler', 'formatter': 'simple', 'filename': 'hydra_train.log'}}, 'root': {'level': 'INFO', 'handlers': ['console', 'file']}, 'disable_existing_loggers': False}}
[2025-08-22 00:24:28,128][fairseq.tasks.contentvec_pretraining][INFO] - current directory is /home/01/raithan/contentvec/tmp
[2025-08-22 00:24:28,128][fairseq.tasks.contentvec_pretraining][INFO] - ContentvecPretrainingTask Config {'_name': 'contentvec_pretraining', 'data': '/home/01/raithan/contentvec/data/LibriSpeech/metadata', 'fine_tuning': False, 'labels': ['km'], 'label_dir': '/home/01/raithan/contentvec/data/LibriSpeech/label', 'label_rate': 50, 'sample_rate': 16000, 'normalize': False, 'enable_padding': False, 'max_keep_size': None, 'max_sample_size': 250000, 'min_sample_size': 32000, 'single_target': False, 'random_crop': True, 'crop': True, 'pad_audio': False, 'spk2info': '/home/01/raithan/contentvec/data/LibriSpeech/metadata/spk2info.dict'}
[2025-08-22 00:24:28,141][fairseq.models.hubert.contentvec][INFO] - ContentvecModel Config: {'_name': 'contentvec', 'label_rate': 50, 'extractor_mode': default, 'encoder_layers': 12, 'encoder_layers_1': 3, 'encoder_embed_dim': 768, 'encoder_ffn_embed_dim': 3072, 'encoder_attention_heads': 12, 'activation_fn': gelu, 'ctr_layers': [-6], 'dropout': 0.1, 'attention_dropout': 0.1, 'activation_dropout': 0.0, 'encoder_layerdrop': 0.05, 'dropout_input': 0.1, 'dropout_features': 0.1, 'final_dim': 256, 'untie_final_proj': True, 'layer_norm_first': False, 'conv_feature_layers': '[(512,10,5)] + [(512,3,2)] * 4 + [(512,2,2)] * 2', 'conv_bias': False, 'logit_temp': 0.1, 'logit_temp_ctr': 0.1, 'target_glu': False, 'feature_grad_mult': 0.1, 'mask_length': 10, 'mask_prob': 0.8, 'mask_selection': static, 'mask_other': 0.0, 'no_mask_overlap': False, 'mask_min_space': 1, 'mask_channel_length': 10, 'mask_channel_prob': 0.0, 'mask_channel_selection': static, 'mask_channel_other': 0.0, 'no_mask_channel_overlap': False, 'mask_channel_min_space': 1, 'num_negatives': 100, 'cross_sample_negatives': 0, 'conv_pos': 128, 'conv_pos_groups': 16, 'latent_temp': [2.0, 0.5, 0.999995], 'skip_masked': False, 'skip_nomask': False}
[2025-08-22 00:24:30,524][fairseq_cli.train][INFO] - ContentvecModel(
  (feature_extractor): ConvFeatureExtractionModel(
    (conv_layers): ModuleList(
      (0): Sequential(
        (0): Conv1d(1, 512, kernel_size=(10,), stride=(5,), bias=False)
        (1): Dropout(p=0.0, inplace=False)
        (2): Fp32GroupNorm(512, 512, eps=1e-05, affine=True)
        (3): GELU(approximate='none')
      )
      (1): Sequential(
        (0): Conv1d(512, 512, kernel_size=(3,), stride=(2,), bias=False)
        (1): Dropout(p=0.0, inplace=False)
        (2): GELU(approximate='none')
      )
      (2): Sequential(
        (0): Conv1d(512, 512, kernel_size=(3,), stride=(2,), bias=False)
        (1): Dropout(p=0.0, inplace=False)
        (2): GELU(approximate='none')
      )
      (3): Sequential(
        (0): Conv1d(512, 512, kernel_size=(3,), stride=(2,), bias=False)
        (1): Dropout(p=0.0, inplace=False)
        (2): GELU(approximate='none')
      )
      (4): Sequential(
        (0): Conv1d(512, 512, kernel_size=(3,), stride=(2,), bias=False)
        (1): Dropout(p=0.0, inplace=False)
        (2): GELU(approximate='none')
      )
      (5): Sequential(
        (0): Conv1d(512, 512, kernel_size=(2,), stride=(2,), bias=False)
        (1): Dropout(p=0.0, inplace=False)
        (2): GELU(approximate='none')
      )
      (6): Sequential(
        (0): Conv1d(512, 512, kernel_size=(2,), stride=(2,), bias=False)
        (1): Dropout(p=0.0, inplace=False)
        (2): GELU(approximate='none')
      )
    )
  )
  (post_extract_proj): Linear(in_features=512, out_features=768, bias=True)
  (dropout_input): Dropout(p=0.1, inplace=False)
  (dropout_features): Dropout(p=0.1, inplace=False)
  (encoder): TransformerEncoder_1(
    (pos_conv): Sequential(
      (0): Conv1d(768, 768, kernel_size=(128,), stride=(1,), padding=(64,), groups=16)
      (1): SamePad()
      (2): GELU(approximate='none')
    )
    (layers): ModuleList(
      (0): TransformerSentenceEncoderLayer(
        (self_attn): MultiheadAttention(
          (dropout_module): FairseqDropout()
          (k_proj): Linear(in_features=768, out_features=768, bias=True)
          (v_proj): Linear(in_features=768, out_features=768, bias=True)
          (q_proj): Linear(in_features=768, out_features=768, bias=True)
          (out_proj): Linear(in_features=768, out_features=768, bias=True)
        )
        (dropout1): Dropout(p=0.1, inplace=False)
        (dropout2): Dropout(p=0.0, inplace=False)
        (dropout3): Dropout(p=0.1, inplace=False)
        (self_attn_layer_norm): LayerNorm((768,), eps=1e-05, elementwise_affine=True)
        (fc1): Linear(in_features=768, out_features=3072, bias=True)
        (fc2): Linear(in_features=3072, out_features=768, bias=True)
        (final_layer_norm): LayerNorm((768,), eps=1e-05, elementwise_affine=True)
      )
      (1): TransformerSentenceEncoderLayer(
        (self_attn): MultiheadAttention(
          (dropout_module): FairseqDropout()
          (k_proj): Linear(in_features=768, out_features=768, bias=True)
          (v_proj): Linear(in_features=768, out_features=768, bias=True)
          (q_proj): Linear(in_features=768, out_features=768, bias=True)
          (out_proj): Linear(in_features=768, out_features=768, bias=True)
        )
        (dropout1): Dropout(p=0.1, inplace=False)
        (dropout2): Dropout(p=0.0, inplace=False)
        (dropout3): Dropout(p=0.1, inplace=False)
        (self_attn_layer_norm): LayerNorm((768,), eps=1e-05, elementwise_affine=True)
        (fc1): Linear(in_features=768, out_features=3072, bias=True)
        (fc2): Linear(in_features=3072, out_features=768, bias=True)
        (final_layer_norm): LayerNorm((768,), eps=1e-05, elementwise_affine=True)
      )
      (2): TransformerSentenceEncoderLayer(
        (self_attn): MultiheadAttention(
          (dropout_module): FairseqDropout()
          (k_proj): Linear(in_features=768, out_features=768, bias=True)
          (v_proj): Linear(in_features=768, out_features=768, bias=True)
          (q_proj): Linear(in_features=768, out_features=768, bias=True)
          (out_proj): Linear(in_features=768, out_features=768, bias=True)
        )
        (dropout1): Dropout(p=0.1, inplace=False)
        (dropout2): Dropout(p=0.0, inplace=False)
        (dropout3): Dropout(p=0.1, inplace=False)
        (self_attn_layer_norm): LayerNorm((768,), eps=1e-05, elementwise_affine=True)
        (fc1): Linear(in_features=768, out_features=3072, bias=True)
        (fc2): Linear(in_features=3072, out_features=768, bias=True)
        (final_layer_norm): LayerNorm((768,), eps=1e-05, elementwise_affine=True)
      )
      (3): TransformerSentenceEncoderLayer(
        (self_attn): MultiheadAttention(
          (dropout_module): FairseqDropout()
          (k_proj): Linear(in_features=768, out_features=768, bias=True)
          (v_proj): Linear(in_features=768, out_features=768, bias=True)
          (q_proj): Linear(in_features=768, out_features=768, bias=True)
          (out_proj): Linear(in_features=768, out_features=768, bias=True)
        )
        (dropout1): Dropout(p=0.1, inplace=False)
        (dropout2): Dropout(p=0.0, inplace=False)
        (dropout3): Dropout(p=0.1, inplace=False)
        (self_attn_layer_norm): LayerNorm((768,), eps=1e-05, elementwise_affine=True)
        (fc1): Linear(in_features=768, out_features=3072, bias=True)
        (fc2): Linear(in_features=3072, out_features=768, bias=True)
        (final_layer_norm): LayerNorm((768,), eps=1e-05, elementwise_affine=True)
      )
      (4): TransformerSentenceEncoderLayer(
        (self_attn): MultiheadAttention(
          (dropout_module): FairseqDropout()
          (k_proj): Linear(in_features=768, out_features=768, bias=True)
          (v_proj): Linear(in_features=768, out_features=768, bias=True)
          (q_proj): Linear(in_features=768, out_features=768, bias=True)
          (out_proj): Linear(in_features=768, out_features=768, bias=True)
        )
        (dropout1): Dropout(p=0.1, inplace=False)
        (dropout2): Dropout(p=0.0, inplace=False)
        (dropout3): Dropout(p=0.1, inplace=False)
        (self_attn_layer_norm): LayerNorm((768,), eps=1e-05, elementwise_affine=True)
        (fc1): Linear(in_features=768, out_features=3072, bias=True)
        (fc2): Linear(in_features=3072, out_features=768, bias=True)
        (final_layer_norm): LayerNorm((768,), eps=1e-05, elementwise_affine=True)
      )
      (5): TransformerSentenceEncoderLayer(
        (self_attn): MultiheadAttention(
          (dropout_module): FairseqDropout()
          (k_proj): Linear(in_features=768, out_features=768, bias=True)
          (v_proj): Linear(in_features=768, out_features=768, bias=True)
          (q_proj): Linear(in_features=768, out_features=768, bias=True)
          (out_proj): Linear(in_features=768, out_features=768, bias=True)
        )
        (dropout1): Dropout(p=0.1, inplace=False)
        (dropout2): Dropout(p=0.0, inplace=False)
        (dropout3): Dropout(p=0.1, inplace=False)
        (self_attn_layer_norm): LayerNorm((768,), eps=1e-05, elementwise_affine=True)
        (fc1): Linear(in_features=768, out_features=3072, bias=True)
        (fc2): Linear(in_features=3072, out_features=768, bias=True)
        (final_layer_norm): LayerNorm((768,), eps=1e-05, elementwise_affine=True)
      )
      (6): TransformerSentenceEncoderLayer(
        (self_attn): MultiheadAttention(
          (dropout_module): FairseqDropout()
          (k_proj): Linear(in_features=768, out_features=768, bias=True)
          (v_proj): Linear(in_features=768, out_features=768, bias=True)
          (q_proj): Linear(in_features=768, out_features=768, bias=True)
          (out_proj): Linear(in_features=768, out_features=768, bias=True)
        )
        (dropout1): Dropout(p=0.1, inplace=False)
        (dropout2): Dropout(p=0.0, inplace=False)
        (dropout3): Dropout(p=0.1, inplace=False)
        (self_attn_layer_norm): LayerNorm((768,), eps=1e-05, elementwise_affine=True)
        (fc1): Linear(in_features=768, out_features=3072, bias=True)
        (fc2): Linear(in_features=3072, out_features=768, bias=True)
        (final_layer_norm): LayerNorm((768,), eps=1e-05, elementwise_affine=True)
      )
      (7): TransformerSentenceEncoderLayer(
        (self_attn): MultiheadAttention(
          (dropout_module): FairseqDropout()
          (k_proj): Linear(in_features=768, out_features=768, bias=True)
          (v_proj): Linear(in_features=768, out_features=768, bias=True)
          (q_proj): Linear(in_features=768, out_features=768, bias=True)
          (out_proj): Linear(in_features=768, out_features=768, bias=True)
        )
        (dropout1): Dropout(p=0.1, inplace=False)
        (dropout2): Dropout(p=0.0, inplace=False)
        (dropout3): Dropout(p=0.1, inplace=False)
        (self_attn_layer_norm): LayerNorm((768,), eps=1e-05, elementwise_affine=True)
        (fc1): Linear(in_features=768, out_features=3072, bias=True)
        (fc2): Linear(in_features=3072, out_features=768, bias=True)
        (final_layer_norm): LayerNorm((768,), eps=1e-05, elementwise_affine=True)
      )
      (8): TransformerSentenceEncoderLayer(
        (self_attn): MultiheadAttention(
          (dropout_module): FairseqDropout()
          (k_proj): Linear(in_features=768, out_features=768, bias=True)
          (v_proj): Linear(in_features=768, out_features=768, bias=True)
          (q_proj): Linear(in_features=768, out_features=768, bias=True)
          (out_proj): Linear(in_features=768, out_features=768, bias=True)
        )
        (dropout1): Dropout(p=0.1, inplace=False)
        (dropout2): Dropout(p=0.0, inplace=False)
        (dropout3): Dropout(p=0.1, inplace=False)
        (self_attn_layer_norm): LayerNorm((768,), eps=1e-05, elementwise_affine=True)
        (fc1): Linear(in_features=768, out_features=3072, bias=True)
        (fc2): Linear(in_features=3072, out_features=768, bias=True)
        (final_layer_norm): LayerNorm((768,), eps=1e-05, elementwise_affine=True)
      )
      (9): TransformerSentenceEncoderLayer(
        (self_attn): MultiheadAttention(
          (dropout_module): FairseqDropout()
          (k_proj): Linear(in_features=768, out_features=768, bias=True)
          (v_proj): Linear(in_features=768, out_features=768, bias=True)
          (q_proj): Linear(in_features=768, out_features=768, bias=True)
          (out_proj): Linear(in_features=768, out_features=768, bias=True)
        )
        (dropout1): Dropout(p=0.1, inplace=False)
        (dropout2): Dropout(p=0.0, inplace=False)
        (dropout3): Dropout(p=0.1, inplace=False)
        (self_attn_layer_norm): LayerNorm((768,), eps=1e-05, elementwise_affine=True)
        (fc1): Linear(in_features=768, out_features=3072, bias=True)
        (fc2): Linear(in_features=3072, out_features=768, bias=True)
        (final_layer_norm): LayerNorm((768,), eps=1e-05, elementwise_affine=True)
      )
      (10): TransformerSentenceEncoderLayer(
        (self_attn): MultiheadAttention(
          (dropout_module): FairseqDropout()
          (k_proj): Linear(in_features=768, out_features=768, bias=True)
          (v_proj): Linear(in_features=768, out_features=768, bias=True)
          (q_proj): Linear(in_features=768, out_features=768, bias=True)
          (out_proj): Linear(in_features=768, out_features=768, bias=True)
        )
        (dropout1): Dropout(p=0.1, inplace=False)
        (dropout2): Dropout(p=0.0, inplace=False)
        (dropout3): Dropout(p=0.1, inplace=False)
        (self_attn_layer_norm): LayerNorm((768,), eps=1e-05, elementwise_affine=True)
        (fc1): Linear(in_features=768, out_features=3072, bias=True)
        (fc2): Linear(in_features=3072, out_features=768, bias=True)
        (final_layer_norm): LayerNorm((768,), eps=1e-05, elementwise_affine=True)
      )
      (11): TransformerSentenceEncoderLayer(
        (self_attn): MultiheadAttention(
          (dropout_module): FairseqDropout()
          (k_proj): Linear(in_features=768, out_features=768, bias=True)
          (v_proj): Linear(in_features=768, out_features=768, bias=True)
          (q_proj): Linear(in_features=768, out_features=768, bias=True)
          (out_proj): Linear(in_features=768, out_features=768, bias=True)
        )
        (dropout1): Dropout(p=0.1, inplace=False)
        (dropout2): Dropout(p=0.0, inplace=False)
        (dropout3): Dropout(p=0.1, inplace=False)
        (self_attn_layer_norm): LayerNorm((768,), eps=1e-05, elementwise_affine=True)
        (fc1): Linear(in_features=768, out_features=3072, bias=True)
        (fc2): Linear(in_features=3072, out_features=768, bias=True)
        (final_layer_norm): LayerNorm((768,), eps=1e-05, elementwise_affine=True)
      )
      (12): TransformerSentenceEncoderLayer_1(
        (self_attn): MultiheadAttention(
          (dropout_module): FairseqDropout()
          (k_proj): Linear(in_features=768, out_features=768, bias=True)
          (v_proj): Linear(in_features=768, out_features=768, bias=True)
          (q_proj): Linear(in_features=768, out_features=768, bias=True)
          (out_proj): Linear(in_features=768, out_features=768, bias=True)
        )
        (dropout1): Dropout(p=0.1, inplace=False)
        (dropout2): Dropout(p=0.0, inplace=False)
        (dropout3): Dropout(p=0.1, inplace=False)
        (self_attn_layer_norm): CondLayerNorm(
          768, eps=1e-05, elementwise_affine=True
          (weight_ln): Linear(in_features=256, out_features=768, bias=False)
          (bias_ln): Linear(in_features=256, out_features=768, bias=False)
        )
        (fc1): Linear(in_features=768, out_features=3072, bias=True)
        (fc2): Linear(in_features=3072, out_features=768, bias=True)
        (final_layer_norm): CondLayerNorm(
          768, eps=1e-05, elementwise_affine=True
          (weight_ln): Linear(in_features=256, out_features=768, bias=False)
          (bias_ln): Linear(in_features=256, out_features=768, bias=False)
        )
      )
      (13): TransformerSentenceEncoderLayer_1(
        (self_attn): MultiheadAttention(
          (dropout_module): FairseqDropout()
          (k_proj): Linear(in_features=768, out_features=768, bias=True)
          (v_proj): Linear(in_features=768, out_features=768, bias=True)
          (q_proj): Linear(in_features=768, out_features=768, bias=True)
          (out_proj): Linear(in_features=768, out_features=768, bias=True)
        )
        (dropout1): Dropout(p=0.1, inplace=False)
        (dropout2): Dropout(p=0.0, inplace=False)
        (dropout3): Dropout(p=0.1, inplace=False)
        (self_attn_layer_norm): CondLayerNorm(
          768, eps=1e-05, elementwise_affine=True
          (weight_ln): Linear(in_features=256, out_features=768, bias=False)
          (bias_ln): Linear(in_features=256, out_features=768, bias=False)
        )
        (fc1): Linear(in_features=768, out_features=3072, bias=True)
        (fc2): Linear(in_features=3072, out_features=768, bias=True)
        (final_layer_norm): CondLayerNorm(
          768, eps=1e-05, elementwise_affine=True
          (weight_ln): Linear(in_features=256, out_features=768, bias=False)
          (bias_ln): Linear(in_features=256, out_features=768, bias=False)
        )
      )
      (14): TransformerSentenceEncoderLayer_1(
        (self_attn): MultiheadAttention(
          (dropout_module): FairseqDropout()
          (k_proj): Linear(in_features=768, out_features=768, bias=True)
          (v_proj): Linear(in_features=768, out_features=768, bias=True)
          (q_proj): Linear(in_features=768, out_features=768, bias=True)
          (out_proj): Linear(in_features=768, out_features=768, bias=True)
        )
        (dropout1): Dropout(p=0.1, inplace=False)
        (dropout2): Dropout(p=0.0, inplace=False)
        (dropout3): Dropout(p=0.1, inplace=False)
        (self_attn_layer_norm): CondLayerNorm(
          768, eps=1e-05, elementwise_affine=True
          (weight_ln): Linear(in_features=256, out_features=768, bias=False)
          (bias_ln): Linear(in_features=256, out_features=768, bias=False)
        )
        (fc1): Linear(in_features=768, out_features=3072, bias=True)
        (fc2): Linear(in_features=3072, out_features=768, bias=True)
        (final_layer_norm): CondLayerNorm(
          768, eps=1e-05, elementwise_affine=True
          (weight_ln): Linear(in_features=256, out_features=768, bias=False)
          (bias_ln): Linear(in_features=256, out_features=768, bias=False)
        )
      )
    )
    (layer_norm): LayerNorm((768,), eps=1e-05, elementwise_affine=True)
    (cond_layer_norm): CondLayerNorm(
      768, eps=1e-05, elementwise_affine=True
      (weight_ln): Linear(in_features=256, out_features=768, bias=False)
      (bias_ln): Linear(in_features=256, out_features=768, bias=False)
    )
  )
  (layer_norm): LayerNorm((512,), eps=1e-05, elementwise_affine=True)
  (final_proj): Linear(in_features=768, out_features=256, bias=True)
  (layer_proj): Linear(in_features=768, out_features=256, bias=True)
)
[2025-08-22 00:24:30,527][fairseq_cli.train][INFO] - task: ContentvecPretrainingTask
[2025-08-22 00:24:30,527][fairseq_cli.train][INFO] - model: ContentvecModel
[2025-08-22 00:24:30,527][fairseq_cli.train][INFO] - criterion: ContentvecCriterion
[2025-08-22 00:24:30,529][fairseq_cli.train][INFO] - num. shared model params: 118,798,976 (num. trained: 118,798,976)
[2025-08-22 00:24:30,531][fairseq_cli.train][INFO] - num. expert model params: 0 (num. trained: 0)
[2025-08-22 00:24:30,551][fairseq.data.audio.contentvec_dataset][INFO] - max_keep=None, min_keep=32000, loaded 5469, skipped 98 short and 0 long, longest-loaded=561920, shortest-loaded=32000
[2025-08-22 00:24:30,636][fairseq.data.audio.contentvec_dataset][INFO] - pad_audio=False, random_crop=True, crop=True, normalize=False, max_sample_size=250000
[2025-08-22 00:24:31,779][fairseq.trainer][INFO] - detected shared parameter: feature_extractor.conv_layers.0.0.bias <- feature_extractor.conv_layers.1.0.bias
[2025-08-22 00:24:31,779][fairseq.trainer][INFO] - detected shared parameter: feature_extractor.conv_layers.0.0.bias <- feature_extractor.conv_layers.2.0.bias
[2025-08-22 00:24:31,779][fairseq.trainer][INFO] - detected shared parameter: feature_extractor.conv_layers.0.0.bias <- feature_extractor.conv_layers.3.0.bias
[2025-08-22 00:24:31,779][fairseq.trainer][INFO] - detected shared parameter: feature_extractor.conv_layers.0.0.bias <- feature_extractor.conv_layers.4.0.bias
[2025-08-22 00:24:31,779][fairseq.trainer][INFO] - detected shared parameter: feature_extractor.conv_layers.0.0.bias <- feature_extractor.conv_layers.5.0.bias
[2025-08-22 00:24:31,779][fairseq.trainer][INFO] - detected shared parameter: feature_extractor.conv_layers.0.0.bias <- feature_extractor.conv_layers.6.0.bias
[2025-08-22 00:24:31,779][fairseq.trainer][INFO] - detected shared parameter: feature_extractor.conv_layers.0.0.bias <- encoder.layers.12.self_attn_layer_norm.weight_ln.bias
[2025-08-22 00:24:31,780][fairseq.trainer][INFO] - detected shared parameter: feature_extractor.conv_layers.0.0.bias <- encoder.layers.12.self_attn_layer_norm.bias_ln.bias
[2025-08-22 00:24:31,780][fairseq.trainer][INFO] - detected shared parameter: feature_extractor.conv_layers.0.0.bias <- encoder.layers.12.final_layer_norm.weight_ln.bias
[2025-08-22 00:24:31,780][fairseq.trainer][INFO] - detected shared parameter: feature_extractor.conv_layers.0.0.bias <- encoder.layers.12.final_layer_norm.bias_ln.bias
[2025-08-22 00:24:31,780][fairseq.trainer][INFO] - detected shared parameter: feature_extractor.conv_layers.0.0.bias <- encoder.layers.13.self_attn_layer_norm.weight_ln.bias
[2025-08-22 00:24:31,780][fairseq.trainer][INFO] - detected shared parameter: feature_extractor.conv_layers.0.0.bias <- encoder.layers.13.self_attn_layer_norm.bias_ln.bias
[2025-08-22 00:24:31,780][fairseq.trainer][INFO] - detected shared parameter: feature_extractor.conv_layers.0.0.bias <- encoder.layers.13.final_layer_norm.weight_ln.bias
[2025-08-22 00:24:31,780][fairseq.trainer][INFO] - detected shared parameter: feature_extractor.conv_layers.0.0.bias <- encoder.layers.13.final_layer_norm.bias_ln.bias
[2025-08-22 00:24:31,780][fairseq.trainer][INFO] - detected shared parameter: feature_extractor.conv_layers.0.0.bias <- encoder.layers.14.self_attn_layer_norm.weight_ln.bias
[2025-08-22 00:24:31,780][fairseq.trainer][INFO] - detected shared parameter: feature_extractor.conv_layers.0.0.bias <- encoder.layers.14.self_attn_layer_norm.bias_ln.bias
[2025-08-22 00:24:31,780][fairseq.trainer][INFO] - detected shared parameter: feature_extractor.conv_layers.0.0.bias <- encoder.layers.14.final_layer_norm.weight_ln.bias
[2025-08-22 00:24:31,780][fairseq.trainer][INFO] - detected shared parameter: feature_extractor.conv_layers.0.0.bias <- encoder.layers.14.final_layer_norm.bias_ln.bias
[2025-08-22 00:24:31,780][fairseq.trainer][INFO] - detected shared parameter: feature_extractor.conv_layers.0.0.bias <- encoder.cond_layer_norm.weight_ln.bias
[2025-08-22 00:24:31,780][fairseq.trainer][INFO] - detected shared parameter: feature_extractor.conv_layers.0.0.bias <- encoder.cond_layer_norm.bias_ln.bias
[2025-08-22 00:24:31,781][fairseq.utils][INFO] - ***********************CUDA enviroments for all 1 workers***********************
[2025-08-22 00:24:31,781][fairseq.utils][INFO] - rank   0: capabilities =  8.9  ; total memory = 23.546 GB ; name = NVIDIA GeForce RTX 4090                 
[2025-08-22 00:24:31,781][fairseq.utils][INFO] - ***********************CUDA enviroments for all 1 workers***********************
[2025-08-22 00:24:31,781][fairseq_cli.train][INFO] - training on 1 devices (GPUs/TPUs)
[2025-08-22 00:24:31,782][fairseq_cli.train][INFO] - max tokens per device = 500000 and max sentences per device = None
[2025-08-22 00:24:31,783][fairseq.trainer][INFO] - Preparing to load checkpoint checkpoints/checkpoint_last.pt
[2025-08-22 00:24:31,783][fairseq.trainer][INFO] - No existing checkpoint found checkpoints/checkpoint_last.pt
[2025-08-22 00:24:31,783][fairseq.trainer][INFO] - loading train data for epoch 1
[2025-08-22 00:24:32,108][fairseq.data.audio.contentvec_dataset][INFO] - max_keep=None, min_keep=32000, loaded 280513, skipped 728 short and 0 long, longest-loaded=474880, shortest-loaded=32000
[2025-08-22 00:24:38,943][fairseq.data.audio.contentvec_dataset][INFO] - pad_audio=False, random_crop=True, crop=True, normalize=False, max_sample_size=250000
[2025-08-22 00:24:40,966][fairseq.trainer][INFO] - begin training epoch 1
[2025-08-22 00:24:40,967][fairseq_cli.train][INFO] - Start iterating over samples
[2025-08-22 00:25:20,609][train_inner][INFO] - {"epoch": 1, "update": 0.0, "loss": "11.249", "count_m_0": "1836", "count_u_0": "1288", "loss_m_0": "6.741", "loss_u_0": "4.711", "loss_mlm": "6.741", "loss_features_pen": "4.508", "ctr_loss": "5.026", "ctr_weighted_loss": "0", "correct_m_0": "0.00762527", "correct_u_0": "0", "ppl": "2433.42", "wps": "0", "ups": "0", "wpb": "1836", "bsz": "2", "num_updates": "1", "lr": "6.25e-08", "gnorm": "2.825", "clip": "0", "loss_scale": "128", "train_wall": "38", "gb_free": "16.3", "wall": "49"}
TCAPPDLL 2025-08-22 00:25:20.609663 - Epoch: 1 Iteration: 1  rank : 0  train.loss : 11.249  train.ips : 0.0 wps
[2025-08-22 00:25:20,871][train_inner][INFO] - {"epoch": 1, "update": 0.0, "loss": "11.053", "count_m_0": "1388", "count_u_0": "1088", "loss_m_0": "6.842", "loss_u_0": "5.3", "loss_mlm": "6.842", "loss_features_pen": "4.211", "ctr_loss": "5.759", "ctr_weighted_loss": "0", "correct_m_0": "0.0115274", "correct_u_0": "0.00735294", "ppl": "2124.14", "wps": "5626.8", "ups": "4.05", "wpb": "1388", "bsz": "2", "num_updates": "2", "lr": "1.25e-07", "gnorm": "2.887", "clip": "0", "loss_scale": "128", "train_wall": "0", "gb_free": "17", "wall": "49"}
TCAPPDLL 2025-08-22 00:25:20.872618 - Epoch: 1 Iteration: 2  rank : 0  train.loss : 11.053  train.ips : 5290.4 wps
[2025-08-22 00:25:21,066][train_inner][INFO] - {"epoch": 1, "update": 0.0, "loss": "11.352", "count_m_0": "1632", "count_u_0": "1436", "loss_m_0": "6.775", "loss_u_0": "5.934", "loss_mlm": "6.775", "loss_features_pen": "4.577", "ctr_loss": "5.509", "ctr_weighted_loss": "0", "correct_m_0": "0.00857843", "correct_u_0": "0.00139276", "ppl": "2614.68", "wps": "8563.3", "ups": "5.25", "wpb": "1632", "bsz": "2", "num_updates": "3", "lr": "1.875e-07", "gnorm": "2.807", "clip": "0", "loss_scale": "128", "train_wall": "0", "gb_free": "15.6", "wall": "49"}
TCAPPDLL 2025-08-22 00:25:21.066830 - Epoch: 1 Iteration: 3  rank : 0  train.loss : 11.352  train.ips : 8417.9 wps
[2025-08-22 00:25:21,245][train_inner][INFO] - {"epoch": 1, "update": 0.0, "loss": "11.36", "count_m_0": "1616", "count_u_0": "1508", "loss_m_0": "6.794", "loss_u_0": "6.355", "loss_mlm": "6.794", "loss_features_pen": "4.566", "ctr_loss": "5.781", "ctr_weighted_loss": "0", "correct_m_0": "0.00371287", "correct_u_0": "0.00132626", "ppl": "2628.49", "wps": "9192.7", "ups": "5.69", "wpb": "1616", "bsz": "2", "num_updates": "4", "lr": "2.5e-07", "gnorm": "3.067", "clip": "0", "loss_scale": "128", "train_wall": "0", "gb_free": "15.9", "wall": "49"}
TCAPPDLL 2025-08-22 00:25:21.246197 - Epoch: 1 Iteration: 4  rank : 0  train.loss : 11.36  train.ips : 9023.0 wps
[2025-08-22 00:25:21,428][train_inner][INFO] - {"epoch": 1, "update": 0.0, "loss": "10.902", "count_m_0": "1548", "count_u_0": "1280", "loss_m_0": "6.824", "loss_u_0": "5.619", "loss_mlm": "6.824", "loss_features_pen": "4.078", "ctr_loss": "5.736", "ctr_weighted_loss": "0", "correct_m_0": "0.00129199", "correct_u_0": "0", "ppl": "1913.64", "wps": "8635", "ups": "5.58", "wpb": "1548", "bsz": "2", "num_updates": "5", "lr": "3.125e-07", "gnorm": "2.668", "clip": "0", "loss_scale": "128", "train_wall": "0", "gb_free": "16", "wall": "50"}
TCAPPDLL 2025-08-22 00:25:21.429591 - Epoch: 1 Iteration: 5  rank : 0  train.loss : 10.902  train.ips : 8453.4 wps
[2025-08-22 00:25:21,602][train_inner][INFO] - {"epoch": 1, "update": 0.0, "loss": "11.29", "count_m_0": "1468", "count_u_0": "1248", "loss_m_0": "6.763", "loss_u_0": "5.764", "loss_mlm": "6.763", "loss_features_pen": "4.527", "ctr_loss": "5.449", "ctr_weighted_loss": "0", "correct_m_0": "0.00681199", "correct_u_0": "0.00560897", "ppl": "2504.18", "wps": "8641.4", "ups": "5.89", "wpb": "1468", "bsz": "2", "num_updates": "6", "lr": "3.75e-07", "gnorm": "2.892", "clip": "0", "loss_scale": "128", "train_wall": "0", "gb_free": "16.5", "wall": "50"}
TCAPPDLL 2025-08-22 00:25:21.603371 - Epoch: 1 Iteration: 6  rank : 0  train.loss : 11.29  train.ips : 8460.8 wps
[2025-08-22 00:25:21,767][train_inner][INFO] - {"epoch": 1, "update": 0.0, "loss": "10.825", "count_m_0": "1576", "count_u_0": "1252", "loss_m_0": "6.832", "loss_u_0": "5.408", "loss_mlm": "6.832", "loss_features_pen": "3.992", "ctr_loss": "5.852", "ctr_weighted_loss": "0", "correct_m_0": "0.00634518", "correct_u_0": "0.000798722", "ppl": "1813.79", "wps": "9827.8", "ups": "6.24", "wpb": "1576", "bsz": "2", "num_updates": "7", "lr": "4.375e-07", "gnorm": "2.865", "clip": "0", "loss_scale": "128", "train_wall": "0", "gb_free": "16.4", "wall": "50"}
TCAPPDLL 2025-08-22 00:25:21.769248 - Epoch: 1 Iteration: 7  rank : 0  train.loss : 10.825  train.ips : 9581.4 wps
[2025-08-22 00:25:21,955][train_inner][INFO] - {"epoch": 1, "update": 0.0, "loss": "10.978", "count_m_0": "1760", "count_u_0": "1364", "loss_m_0": "6.809", "loss_u_0": "5.263", "loss_mlm": "6.809", "loss_features_pen": "4.168", "ctr_loss": "5.892", "ctr_weighted_loss": "0", "correct_m_0": "0.00681818", "correct_u_0": "0.00439883", "ppl": "2016.32", "wps": "9853.1", "ups": "5.6", "wpb": "1760", "bsz": "2", "num_updates": "8", "lr": "5e-07", "gnorm": "2.997", "clip": "0", "loss_scale": "128", "train_wall": "0", "gb_free": "15.7", "wall": "50"}
TCAPPDLL 2025-08-22 00:25:21.956917 - Epoch: 1 Iteration: 8  rank : 0  train.loss : 10.978  train.ips : 9425.0 wps
[2025-08-22 00:25:22,124][train_inner][INFO] - {"epoch": 1, "update": 0.0, "loss": "10.907", "count_m_0": "1216", "count_u_0": "1084", "loss_m_0": "6.756", "loss_u_0": "6.035", "loss_mlm": "6.756", "loss_features_pen": "4.15", "ctr_loss": "5.475", "ctr_weighted_loss": "0", "correct_m_0": "0.00164474", "correct_u_0": "0.0129151", "ppl": "1919.86", "wps": "7387.8", "ups": "6.08", "wpb": "1216", "bsz": "2", "num_updates": "9", "lr": "5.625e-07", "gnorm": "2.764", "clip": "0", "loss_scale": "128", "train_wall": "0", "gb_free": "17.3", "wall": "50"}
TCAPPDLL 2025-08-22 00:25:22.125228 - Epoch: 1 Iteration: 9  rank : 0  train.loss : 10.907  train.ips : 7239.0 wps
[2025-08-22 00:25:22,293][train_inner][INFO] - {"epoch": 1, "update": 0.0, "loss": "11.543", "count_m_0": "1584", "count_u_0": "1068", "loss_m_0": "6.751", "loss_u_0": "4.565", "loss_mlm": "6.751", "loss_features_pen": "4.792", "ctr_loss": "5.686", "ctr_weighted_loss": "0.001", "correct_m_0": "0.00883838", "correct_u_0": "0.0205993", "ppl": "2983.98", "wps": "9604.3", "ups": "6.06", "wpb": "1584", "bsz": "2", "num_updates": "10", "lr": "6.25e-07", "gnorm": "3.088", "clip": "0", "loss_scale": "128", "train_wall": "0", "gb_free": "16.6", "wall": "51"}
TCAPPDLL 2025-08-22 00:25:22.294162 - Epoch: 1 Iteration: 10  rank : 0  train.loss : 11.543  train.ips : 9400.9 wps
[2025-08-22 00:25:22,473][train_inner][INFO] - {"epoch": 1, "update": 0.0, "loss": "11.155", "count_m_0": "1640", "count_u_0": "1092", "loss_m_0": "6.77", "loss_u_0": "4.498", "loss_mlm": "6.77", "loss_features_pen": "4.385", "ctr_loss": "5.654", "ctr_weighted_loss": "0.001", "correct_m_0": "0.0109756", "correct_u_0": "0.010989", "ppl": "2280.63", "wps": "9394.2", "ups": "5.73", "wpb": "1640", "bsz": "2", "num_updates": "11", "lr": "6.875e-07", "gnorm": "2.854", "clip": "0", "loss_scale": "128", "train_wall": "0", "gb_free": "16.2", "wall": "51"}
TCAPPDLL 2025-08-22 00:25:22.474254 - Epoch: 1 Iteration: 11  rank : 0  train.loss : 11.155  train.ips : 9125.3 wps
[2025-08-22 00:25:22,648][train_inner][INFO] - {"epoch": 1, "update": 0.0, "loss": "10.57", "count_m_0": "1460", "count_u_0": "1208", "loss_m_0": "6.799", "loss_u_0": "5.618", "loss_mlm": "6.799", "loss_features_pen": "3.77", "ctr_loss": "5.671", "ctr_weighted_loss": "0.001", "correct_m_0": "0.00684932", "correct_u_0": "0.0115894", "ppl": "1519.97", "wps": "8727.4", "ups": "5.98", "wpb": "1460", "bsz": "2", "num_updates": "12", "lr": "7.5e-07", "gnorm": "2.441", "clip": "0", "loss_scale": "128", "train_wall": "0", "gb_free": "16.6", "wall": "51"}
TCAPPDLL 2025-08-22 00:25:22.649449 - Epoch: 1 Iteration: 12  rank : 0  train.loss : 10.57  train.ips : 8369.4 wps
[2025-08-22 00:25:22,830][train_inner][INFO] - {"epoch": 1, "update": 0.0, "loss": "10.862", "count_m_0": "1628", "count_u_0": "1120", "loss_m_0": "6.778", "loss_u_0": "4.668", "loss_mlm": "6.778", "loss_features_pen": "4.084", "ctr_loss": "5.561", "ctr_weighted_loss": "0.001", "correct_m_0": "0.00982801", "correct_u_0": "0.0196429", "ppl": "1861.76", "wps": "9261.8", "ups": "5.69", "wpb": "1628", "bsz": "2", "num_updates": "13", "lr": "8.125e-07", "gnorm": "2.592", "clip": "0", "loss_scale": "128", "train_wall": "0", "gb_free": "16.2", "wall": "51"}
TCAPPDLL 2025-08-22 00:25:22.833122 - Epoch: 1 Iteration: 13  rank : 0  train.loss : 10.862  train.ips : 8966.0 wps
[2025-08-22 00:25:23,005][train_inner][INFO] - {"epoch": 1, "update": 0.0, "loss": "11.183", "count_m_0": "1472", "count_u_0": "1116", "loss_m_0": "6.784", "loss_u_0": "5.105", "loss_mlm": "6.784", "loss_features_pen": "4.399", "ctr_loss": "5.604", "ctr_weighted_loss": "0.001", "correct_m_0": "0.00271739", "correct_u_0": "0.0107527", "ppl": "2325.48", "wps": "8718.3", "ups": "5.92", "wpb": "1472", "bsz": "2", "num_updates": "14", "lr": "8.75e-07", "gnorm": "2.858", "clip": "0", "loss_scale": "128", "train_wall": "0", "gb_free": "16.8", "wall": "51"}
TCAPPDLL 2025-08-22 00:25:23.006566 - Epoch: 1 Iteration: 14  rank : 0  train.loss : 11.183  train.ips : 8501.3 wps
[2025-08-22 00:25:23,167][train_inner][INFO] - {"epoch": 1, "update": 0.0, "loss": "11.175", "count_m_0": "1376", "count_u_0": "1212", "loss_m_0": "6.761", "loss_u_0": "5.96", "loss_mlm": "6.761", "loss_features_pen": "4.413", "ctr_loss": "5.357", "ctr_weighted_loss": "0.001", "correct_m_0": "0.00726744", "correct_u_0": "0.00825083", "ppl": "2312.5", "wps": "8714.8", "ups": "6.33", "wpb": "1376", "bsz": "2", "num_updates": "15", "lr": "9.375e-07", "gnorm": "2.793", "clip": "0", "loss_scale": "128", "train_wall": "0", "gb_free": "16.7", "wall": "51"}
TCAPPDLL 2025-08-22 00:25:23.168281 - Epoch: 1 Iteration: 15  rank : 0  train.loss : 11.175  train.ips : 8525.0 wps
[2025-08-22 00:25:23,353][train_inner][INFO] - {"epoch": 1, "update": 0.0, "loss": "10.896", "count_m_0": "1576", "count_u_0": "1284", "loss_m_0": "6.762", "loss_u_0": "5.527", "loss_mlm": "6.762", "loss_features_pen": "4.133", "ctr_loss": "5.746", "ctr_weighted_loss": "0.001", "correct_m_0": "0.00126904", "correct_u_0": "0.0046729", "ppl": "1904.99", "wps": "8664.5", "ups": "5.5", "wpb": "1576", "bsz": "2", "num_updates": "16", "lr": "1e-06", "gnorm": "2.689", "clip": "0", "loss_scale": "128", "train_wall": "0", "gb_free": "15.9", "wall": "52"}
TCAPPDLL 2025-08-22 00:25:23.354198 - Epoch: 1 Iteration: 16  rank : 0  train.loss : 10.896  train.ips : 8497.6 wps
[2025-08-22 00:25:23,530][train_inner][INFO] - {"epoch": 1, "update": 0.0, "loss": "11.625", "count_m_0": "1520", "count_u_0": "1244", "loss_m_0": "6.729", "loss_u_0": "5.512", "loss_mlm": "6.729", "loss_features_pen": "4.895", "ctr_loss": "5.599", "ctr_weighted_loss": "0.001", "correct_m_0": "0.0105263", "correct_u_0": "0.00803859", "ppl": "3157.75", "wps": "8810.6", "ups": "5.8", "wpb": "1520", "bsz": "2", "num_updates": "17", "lr": "1.0625e-06", "gnorm": "3.13", "clip": "0", "loss_scale": "128", "train_wall": "0", "gb_free": "16.6", "wall": "52"}
TCAPPDLL 2025-08-22 00:25:23.530783 - Epoch: 1 Iteration: 17  rank : 0  train.loss : 11.625  train.ips : 8636.4 wps
[2025-08-22 00:25:23,730][train_inner][INFO] - {"epoch": 1, "update": 0.0, "loss": "11.1", "count_m_0": "1752", "count_u_0": "1348", "loss_m_0": "6.779", "loss_u_0": "5.192", "loss_mlm": "6.779", "loss_features_pen": "4.32", "ctr_loss": "5.317", "ctr_weighted_loss": "0.001", "correct_m_0": "0.00799087", "correct_u_0": "0.0037092", "ppl": "2194.8", "wps": "9010.9", "ups": "5.14", "wpb": "1752", "bsz": "2", "num_updates": "18", "lr": "1.125e-06", "gnorm": "2.719", "clip": "0", "loss_scale": "128", "train_wall": "0", "gb_free": "15.6", "wall": "52"}
TCAPPDLL 2025-08-22 00:25:23.733350 - Epoch: 1 Iteration: 18  rank : 0  train.loss : 11.1  train.ips : 8753.9 wps
[2025-08-22 00:25:23,924][train_inner][INFO] - {"epoch": 1, "update": 0.0, "loss": "11.334", "count_m_0": "1688", "count_u_0": "1396", "loss_m_0": "6.73", "loss_u_0": "5.567", "loss_mlm": "6.73", "loss_features_pen": "4.603", "ctr_loss": "5.403", "ctr_weighted_loss": "0.001", "correct_m_0": "0.007109", "correct_u_0": "0.017192", "ppl": "2581.39", "wps": "8984.9", "ups": "5.32", "wpb": "1688", "bsz": "2", "num_updates": "19", "lr": "1.1875e-06", "gnorm": "2.834", "clip": "0", "loss_scale": "128", "train_wall": "0", "gb_free": "15.8", "wall": "52"}
TCAPPDLL 2025-08-22 00:25:23.925279 - Epoch: 1 Iteration: 19  rank : 0  train.loss : 11.334  train.ips : 8824.4 wps
[2025-08-22 00:25:24,095][train_inner][INFO] - {"epoch": 1, "update": 0.0, "loss": "11.352", "count_m_0": "1256", "count_u_0": "1092", "loss_m_0": "6.765", "loss_u_0": "5.884", "loss_mlm": "6.765", "loss_features_pen": "4.586", "ctr_loss": "5.809", "ctr_weighted_loss": "0.001", "correct_m_0": "0.00477707", "correct_u_0": "0.00915751", "ppl": "2614.78", "wps": "7618", "ups": "6.07", "wpb": "1256", "bsz": "2", "num_updates": "20", "lr": "1.25e-06", "gnorm": "2.693", "clip": "0", "loss_scale": "128", "train_wall": "0", "gb_free": "17.2", "wall": "52"}
TCAPPDLL 2025-08-22 00:25:24.096158 - Epoch: 1 Iteration: 20  rank : 0  train.loss : 11.352  train.ips : 7366.2 wps
[2025-08-22 00:25:24,283][train_inner][INFO] - {"epoch": 1, "update": 0.0, "loss": "10.723", "count_m_0": "1792", "count_u_0": "1332", "loss_m_0": "6.77", "loss_u_0": "5.035", "loss_mlm": "6.77", "loss_features_pen": "3.952", "ctr_loss": "5.68", "ctr_weighted_loss": "0.001", "correct_m_0": "0.0145089", "correct_u_0": "0.00750751", "ppl": "1690.07", "wps": "9726.5", "ups": "5.43", "wpb": "1792", "bsz": "2", "num_updates": "21", "lr": "1.3125e-06", "gnorm": "2.543", "clip": "0", "loss_scale": "128", "train_wall": "0", "gb_free": "15.5", "wall": "52"}
TCAPPDLL 2025-08-22 00:25:24.284679 - Epoch: 1 Iteration: 21  rank : 0  train.loss : 10.723  train.ips : 9525.4 wps
[2025-08-22 00:25:24,565][train_inner][INFO] - {"epoch": 1, "update": 0.0, "loss": "11.096", "count_m_0": "1460", "count_u_0": "1330", "loss_m_0": "6.793", "loss_u_0": "6.181", "loss_mlm": "6.793", "loss_features_pen": "4.301", "ctr_loss": "6.538", "ctr_weighted_loss": "0.001", "correct_m_0": "0.00342466", "correct_u_0": "0.012782", "ppl": "2189.03", "wps": "5256.1", "ups": "3.6", "wpb": "1460", "bsz": "5", "num_updates": "22", "lr": "1.375e-06", "gnorm": "2.785", "clip": "0", "loss_scale": "128", "train_wall": "0", "gb_free": "17.1", "wall": "53"}
TCAPPDLL 2025-08-22 00:25:24.566649 - Epoch: 1 Iteration: 22  rank : 0  train.loss : 11.096  train.ips : 5189.1 wps
[2025-08-22 00:25:24,757][train_inner][INFO] - {"epoch": 1, "update": 0.0, "loss": "10.881", "count_m_0": "1744", "count_u_0": "1380", "loss_m_0": "6.824", "loss_u_0": "5.361", "loss_mlm": "6.824", "loss_features_pen": "4.056", "ctr_loss": "5.645", "ctr_weighted_loss": "0.001", "correct_m_0": "0.00229358", "correct_u_0": "0.0057971", "ppl": "1885.72", "wps": "9407.7", "ups": "5.39", "wpb": "1744", "bsz": "2", "num_updates": "23", "lr": "1.4375e-06", "gnorm": "2.979", "clip": "0", "loss_scale": "128", "train_wall": "0", "gb_free": "15.3", "wall": "53"}
TCAPPDLL 2025-08-22 00:25:24.758217 - Epoch: 1 Iteration: 23  rank : 0  train.loss : 10.881  train.ips : 9120.4 wps
[2025-08-22 00:25:24,957][train_inner][INFO] - {"epoch": 1, "update": 0.0, "loss": "11.092", "count_m_0": "1700", "count_u_0": "1304", "loss_m_0": "6.801", "loss_u_0": "5.186", "loss_mlm": "6.801", "loss_features_pen": "4.289", "ctr_loss": "5.363", "ctr_weighted_loss": "0.001", "correct_m_0": "0.00352941", "correct_u_0": "0.00153374", "ppl": "2182.28", "wps": "8849.5", "ups": "5.21", "wpb": "1700", "bsz": "2", "num_updates": "24", "lr": "1.5e-06", "gnorm": "2.957", "clip": "0", "loss_scale": "128", "train_wall": "0", "gb_free": "15.6", "wall": "53"}
TCAPPDLL 2025-08-22 00:25:24.958766 - Epoch: 1 Iteration: 24  rank : 0  train.loss : 11.092  train.ips : 8489.9 wps
[2025-08-22 00:25:25,149][train_inner][INFO] - {"epoch": 1, "update": 0.0, "loss": "11.071", "count_m_0": "1640", "count_u_0": "1348", "loss_m_0": "6.788", "loss_u_0": "5.564", "loss_mlm": "6.788", "loss_features_pen": "4.282", "ctr_loss": "5.598", "ctr_weighted_loss": "0.001", "correct_m_0": "0.00670732", "correct_u_0": "0.00519288", "ppl": "2151.29", "wps": "8744.5", "ups": "5.33", "wpb": "1640", "bsz": "2", "num_updates": "25", "lr": "1.5625e-06", "gnorm": "2.836", "clip": "0", "loss_scale": "128", "train_wall": "0", "gb_free": "15.6", "wall": "53"}
TCAPPDLL 2025-08-22 00:25:25.150116 - Epoch: 1 Iteration: 25  rank : 0  train.loss : 11.071  train.ips : 8585.3 wps
[2025-08-22 00:25:25,309][train_inner][INFO] - {"epoch": 1, "update": 0.0, "loss": "10.848", "count_m_0": "1340", "count_u_0": "896", "loss_m_0": "6.822", "loss_u_0": "4.569", "loss_mlm": "6.822", "loss_features_pen": "4.025", "ctr_loss": "5.384", "ctr_weighted_loss": "0.001", "correct_m_0": "0", "correct_u_0": "0", "ppl": "1843.13", "wps": "8585.7", "ups": "6.41", "wpb": "1340", "bsz": "2", "num_updates": "26", "lr": "1.625e-06", "gnorm": "2.933", "clip": "0", "loss_scale": "128", "train_wall": "0", "gb_free": "17.5", "wall": "54"}
TCAPPDLL 2025-08-22 00:25:25.310619 - Epoch: 1 Iteration: 26  rank : 0  train.loss : 10.848  train.ips : 8376.5 wps
[2025-08-22 00:25:25,512][train_inner][INFO] - {"epoch": 1, "update": 0.0, "loss": "10.003", "count_m_0": "1560", "count_u_0": "1204", "loss_m_0": "6.811", "loss_u_0": "5.281", "loss_mlm": "6.811", "loss_features_pen": "3.191", "ctr_loss": "6.546", "ctr_weighted_loss": "0.002", "correct_m_0": "0.00384615", "correct_u_0": "0", "ppl": "1026.19", "wps": "7846.2", "ups": "5.03", "wpb": "1560", "bsz": "2", "num_updates": "27", "lr": "1.6875e-06", "gnorm": "2.326", "clip": "0", "loss_scale": "128", "train_wall": "0", "gb_free": "16.2", "wall": "54"}
TCAPPDLL 2025-08-22 00:25:25.513060 - Epoch: 1 Iteration: 27  rank : 0  train.loss : 10.003  train.ips : 7719.1 wps
[2025-08-22 00:25:25,680][train_inner][INFO] - {"epoch": 1, "update": 0.0, "loss": "10.479", "count_m_0": "1536", "count_u_0": "1292", "loss_m_0": "6.789", "loss_u_0": "5.664", "loss_mlm": "6.789", "loss_features_pen": "3.689", "ctr_loss": "5.806", "ctr_weighted_loss": "0.002", "correct_m_0": "0.00390625", "correct_u_0": "0.00154799", "ppl": "1427.4", "wps": "9363.2", "ups": "6.1", "wpb": "1536", "bsz": "2", "num_updates": "28", "lr": "1.75e-06", "gnorm": "2.557", "clip": "0", "loss_scale": "128", "train_wall": "0", "gb_free": "16.4", "wall": "54"}
TCAPPDLL 2025-08-22 00:25:25.680914 - Epoch: 1 Iteration: 28  rank : 0  train.loss : 10.479  train.ips : 9166.0 wps
[2025-08-22 00:25:25,943][train_inner][INFO] - {"epoch": 1, "update": 0.0, "loss": "10.516", "count_m_0": "1504", "count_u_0": "1296", "loss_m_0": "6.781", "loss_u_0": "5.853", "loss_mlm": "6.781", "loss_features_pen": "3.733", "ctr_loss": "6.097", "ctr_weighted_loss": "0.002", "correct_m_0": "0.000664894", "correct_u_0": "0.0177469", "ppl": "1464.41", "wps": "5826.8", "ups": "3.87", "wpb": "1504", "bsz": "8", "num_updates": "29", "lr": "1.8125e-06", "gnorm": "2.386", "clip": "0", "loss_scale": "128", "train_wall": "0", "gb_free": "17.3", "wall": "54"}
TCAPPDLL 2025-08-22 00:25:25.944523 - Epoch: 1 Iteration: 29  rank : 0  train.loss : 10.516  train.ips : 5714.1 wps
[2025-08-22 00:25:26,122][train_inner][INFO] - {"epoch": 1, "update": 0.0, "loss": "10.5", "count_m_0": "1480", "count_u_0": "1044", "loss_m_0": "6.823", "loss_u_0": "4.768", "loss_mlm": "6.823", "loss_features_pen": "3.676", "ctr_loss": "6.127", "ctr_weighted_loss": "0.002", "correct_m_0": "0.00472973", "correct_u_0": "0.01341", "ppl": "1447.88", "wps": "8568", "ups": "5.79", "wpb": "1480", "bsz": "2", "num_updates": "30", "lr": "1.875e-06", "gnorm": "2.406", "clip": "0", "loss_scale": "128", "train_wall": "0", "gb_free": "16.7", "wall": "54"}
TCAPPDLL 2025-08-22 00:25:26.123205 - Epoch: 1 Iteration: 30  rank : 0  train.loss : 10.5  train.ips : 8296.3 wps
[2025-08-22 00:25:26,317][train_inner][INFO] - {"epoch": 1, "update": 0.0, "loss": "10.699", "count_m_0": "1624", "count_u_0": "1428", "loss_m_0": "6.742", "loss_u_0": "5.956", "loss_mlm": "6.742", "loss_features_pen": "3.955", "ctr_loss": "6.388", "ctr_weighted_loss": "0.002", "correct_m_0": "0.00985222", "correct_u_0": "0.0168067", "ppl": "1661.9", "wps": "8523.3", "ups": "5.25", "wpb": "1624", "bsz": "2", "num_updates": "31", "lr": "1.9375e-06", "gnorm": "2.431", "clip": "0", "loss_scale": "128", "train_wall": "0", "gb_free": "15.6", "wall": "55"}
TCAPPDLL 2025-08-22 00:25:26.318179 - Epoch: 1 Iteration: 31  rank : 0  train.loss : 10.699  train.ips : 8366.0 wps
[2025-08-22 00:25:26,510][train_inner][INFO] - {"epoch": 1, "update": 0.0, "loss": "10.307", "count_m_0": "1640", "count_u_0": "1156", "loss_m_0": "6.758", "loss_u_0": "4.734", "loss_mlm": "6.758", "loss_features_pen": "3.547", "ctr_loss": "6.02", "ctr_weighted_loss": "0.002", "correct_m_0": "0.00243902", "correct_u_0": "0.0155709", "ppl": "1266.81", "wps": "8850.2", "ups": "5.4", "wpb": "1640", "bsz": "2", "num_updates": "32", "lr": "2e-06", "gnorm": "2.43", "clip": "0", "loss_scale": "128", "train_wall": "0", "gb_free": "16.1", "wall": "55"}
TCAPPDLL 2025-08-22 00:25:26.510698 - Epoch: 1 Iteration: 32  rank : 0  train.loss : 10.307  train.ips : 8532.6 wps
[2025-08-22 00:25:26,707][train_inner][INFO] - {"epoch": 1, "update": 0.0, "loss": "9.936", "count_m_0": "1716", "count_u_0": "1240", "loss_m_0": "6.783", "loss_u_0": "4.889", "loss_mlm": "6.783", "loss_features_pen": "3.151", "ctr_loss": "5.956", "ctr_weighted_loss": "0.002", "correct_m_0": "0.00641026", "correct_u_0": "0.00645161", "ppl": "979.46", "wps": "9047.9", "ups": "5.27", "wpb": "1716", "bsz": "2", "num_updates": "33", "lr": "2.0625e-06", "gnorm": "2.409", "clip": "0", "loss_scale": "128", "train_wall": "0", "gb_free": "15.9", "wall": "55"}
TCAPPDLL 2025-08-22 00:25:26.708541 - Epoch: 1 Iteration: 33  rank : 0  train.loss : 9.936  train.ips : 8720.9 wps
[2025-08-22 00:25:26,883][train_inner][INFO] - {"epoch": 1, "update": 0.0, "loss": "10.747", "count_m_0": "1296", "count_u_0": "1084", "loss_m_0": "6.824", "loss_u_0": "5.63", "loss_mlm": "6.824", "loss_features_pen": "3.922", "ctr_loss": "6.23", "ctr_weighted_loss": "0.002", "correct_m_0": "0.00308642", "correct_u_0": "0.0166052", "ppl": "1719", "wps": "7553", "ups": "5.83", "wpb": "1296", "bsz": "2", "num_updates": "34", "lr": "2.125e-06", "gnorm": "2.573", "clip": "0", "loss_scale": "128", "train_wall": "0", "gb_free": "17.1", "wall": "55"}
TCAPPDLL 2025-08-22 00:25:26.884613 - Epoch: 1 Iteration: 34  rank : 0  train.loss : 10.747  train.ips : 7372.9 wps
[2025-08-22 00:25:27,057][train_inner][INFO] - {"epoch": 1, "update": 0.0, "loss": "10.44", "count_m_0": "1344", "count_u_0": "1476", "loss_m_0": "6.776", "loss_u_0": "7.409", "loss_mlm": "6.776", "loss_features_pen": "3.661", "ctr_loss": "6.444", "ctr_weighted_loss": "0.002", "correct_m_0": "0.00297619", "correct_u_0": "0.00542005", "ppl": "1389.29", "wps": "7928.5", "ups": "5.9", "wpb": "1344", "bsz": "6", "num_updates": "35", "lr": "2.1875e-06", "gnorm": "2.575", "clip": "0", "loss_scale": "128", "train_wall": "0", "gb_free": "17.1", "wall": "55"}
TCAPPDLL 2025-08-22 00:25:27.058413 - Epoch: 1 Iteration: 35  rank : 0  train.loss : 10.44  train.ips : 7746.2 wps
[2025-08-22 00:25:27,253][train_inner][INFO] - {"epoch": 1, "update": 0.0, "loss": "10.921", "count_m_0": "1596", "count_u_0": "1376", "loss_m_0": "6.745", "loss_u_0": "5.852", "loss_mlm": "6.745", "loss_features_pen": "4.175", "ctr_loss": "6.523", "ctr_weighted_loss": "0.002", "correct_m_0": "0.00501253", "correct_u_0": "0.0101744", "ppl": "1939.48", "wps": "8451.1", "ups": "5.3", "wpb": "1596", "bsz": "2", "num_updates": "36", "lr": "2.25e-06", "gnorm": "3.028", "clip": "0", "loss_scale": "128", "train_wall": "0", "gb_free": "15.6", "wall": "55"}
TCAPPDLL 2025-08-22 00:25:27.254116 - Epoch: 1 Iteration: 36  rank : 0  train.loss : 10.921  train.ips : 8167.9 wps
[2025-08-22 00:25:27,413][train_inner][INFO] - {"epoch": 1, "update": 0.0, "loss": "10.105", "count_m_0": "1440", "count_u_0": "1228", "loss_m_0": "6.75", "loss_u_0": "5.76", "loss_mlm": "6.75", "loss_features_pen": "3.353", "ctr_loss": "6.397", "ctr_weighted_loss": "0.002", "correct_m_0": "0.00972222", "correct_u_0": "0.00814332", "ppl": "1101.04", "wps": "9234.7", "ups": "6.41", "wpb": "1440", "bsz": "2", "num_updates": "37", "lr": "2.3125e-06", "gnorm": "2.336", "clip": "0", "loss_scale": "128", "train_wall": "0", "gb_free": "16.4", "wall": "56"}
TCAPPDLL 2025-08-22 00:25:27.415242 - Epoch: 1 Iteration: 37  rank : 0  train.loss : 10.105  train.ips : 9008.5 wps
[2025-08-22 00:25:27,629][train_inner][INFO] - {"epoch": 1, "update": 0.0, "loss": "9.895", "count_m_0": "1316", "count_u_0": "1192", "loss_m_0": "6.754", "loss_u_0": "6.162", "loss_mlm": "6.754", "loss_features_pen": "3.139", "ctr_loss": "6.707", "ctr_weighted_loss": "0.002", "correct_m_0": "0.00911854", "correct_u_0": "0.00838926", "ppl": "952.2", "wps": "6240.8", "ups": "4.74", "wpb": "1316", "bsz": "2", "num_updates": "38", "lr": "2.375e-06", "gnorm": "2.576", "clip": "0", "loss_scale": "128", "train_wall": "0", "gb_free": "16.9", "wall": "56"}
TCAPPDLL 2025-08-22 00:25:27.629783 - Epoch: 1 Iteration: 38  rank : 0  train.loss : 9.895  train.ips : 6141.8 wps
[2025-08-22 00:25:27,794][train_inner][INFO] - {"epoch": 1, "update": 0.0, "loss": "9.978", "count_m_0": "1580", "count_u_0": "1280", "loss_m_0": "6.75", "loss_u_0": "5.475", "loss_mlm": "6.75", "loss_features_pen": "3.226", "ctr_loss": "5.627", "ctr_weighted_loss": "0.002", "correct_m_0": "0.00886076", "correct_u_0": "0.0046875", "ppl": "1008.76", "wps": "9749.8", "ups": "6.17", "wpb": "1580", "bsz": "2", "num_updates": "39", "lr": "2.4375e-06", "gnorm": "2.151", "clip": "0", "loss_scale": "128", "train_wall": "0", "gb_free": "16.3", "wall": "56"}
TCAPPDLL 2025-08-22 00:25:27.795454 - Epoch: 1 Iteration: 39  rank : 0  train.loss : 9.978  train.ips : 9553.9 wps
[2025-08-22 00:25:27,978][train_inner][INFO] - {"epoch": 1, "update": 0.0, "loss": "9.897", "count_m_0": "1712", "count_u_0": "1412", "loss_m_0": "6.724", "loss_u_0": "5.574", "loss_mlm": "6.724", "loss_features_pen": "3.17", "ctr_loss": "6.935", "ctr_weighted_loss": "0.003", "correct_m_0": "0.00175234", "correct_u_0": "0.00424929", "ppl": "953.18", "wps": "9486.7", "ups": "5.54", "wpb": "1712", "bsz": "2", "num_updates": "40", "lr": "2.5e-06", "gnorm": "2.723", "clip": "0", "loss_scale": "128", "train_wall": "0", "gb_free": "15.5", "wall": "56"}
TCAPPDLL 2025-08-22 00:25:27.979385 - Epoch: 1 Iteration: 40  rank : 0  train.loss : 9.897  train.ips : 9322.5 wps
[2025-08-22 00:25:28,172][train_inner][INFO] - {"epoch": 1, "update": 0.0, "loss": "10.043", "count_m_0": "1796", "count_u_0": "1224", "loss_m_0": "6.763", "loss_u_0": "4.619", "loss_mlm": "6.763", "loss_features_pen": "3.278", "ctr_loss": "6.331", "ctr_weighted_loss": "0.003", "correct_m_0": "0.00222717", "correct_u_0": "0.00653595", "ppl": "1054.69", "wps": "9464.1", "ups": "5.27", "wpb": "1796", "bsz": "2", "num_updates": "41", "lr": "2.5625e-06", "gnorm": "2.224", "clip": "0", "loss_scale": "128", "train_wall": "0", "gb_free": "15.7", "wall": "56"}
TCAPPDLL 2025-08-22 00:25:28.173198 - Epoch: 1 Iteration: 41  rank : 0  train.loss : 10.043  train.ips : 9279.8 wps
[2025-08-22 00:25:28,343][train_inner][INFO] - {"epoch": 1, "update": 0.0, "loss": "10.088", "count_m_0": "1412", "count_u_0": "1352", "loss_m_0": "6.748", "loss_u_0": "6.477", "loss_mlm": "6.748", "loss_features_pen": "3.337", "ctr_loss": "5.38", "ctr_weighted_loss": "0.002", "correct_m_0": "0.00566572", "correct_u_0": "0.00961538", "ppl": "1088.14", "wps": "8587.8", "ups": "6.08", "wpb": "1412", "bsz": "2", "num_updates": "42", "lr": "2.625e-06", "gnorm": "2.528", "clip": "0", "loss_scale": "128", "train_wall": "0", "gb_free": "16.1", "wall": "57"}
TCAPPDLL 2025-08-22 00:25:28.344297 - Epoch: 1 Iteration: 42  rank : 0  train.loss : 10.088  train.ips : 8266.1 wps
[2025-08-22 00:25:28,679][train_inner][INFO] - {"epoch": 1, "update": 0.0, "loss": "10.15", "count_m_0": "1728", "count_u_0": "1396", "loss_m_0": "6.755", "loss_u_0": "5.467", "loss_mlm": "6.755", "loss_features_pen": "3.393", "ctr_loss": "6.172", "ctr_weighted_loss": "0.003", "correct_m_0": "0.0202546", "correct_u_0": "0.00429799", "ppl": "1136.11", "wps": "9353", "ups": "5.41", "wpb": "1728", "bsz": "2", "num_updates": "43", "lr": "2.6875e-06", "gnorm": "2.163", "clip": "0", "loss_scale": "128", "train_wall": "0", "gb_free": "15.3", "wall": "57"}
TCAPPDLL 2025-08-22 00:25:28.681145 - Epoch: 1 Iteration: 43  rank : 0  train.loss : 10.15  train.ips : 5144.1 wps
[2025-08-22 00:25:28,834][train_inner][INFO] - {"epoch": 1, "update": 0.0, "loss": "9.968", "count_m_0": "1348", "count_u_0": "888", "loss_m_0": "6.735", "loss_u_0": "4.474", "loss_mlm": "6.735", "loss_features_pen": "3.231", "ctr_loss": "5.906", "ctr_weighted_loss": "0.003", "correct_m_0": "0.0037092", "correct_u_0": "0.00900901", "ppl": "1001.38", "wps": "9068.4", "ups": "6.73", "wpb": "1348", "bsz": "2", "num_updates": "44", "lr": "2.75e-06", "gnorm": "2.396", "clip": "0", "loss_scale": "128", "train_wall": "0", "gb_free": "17.4", "wall": "57"}
TCAPPDLL 2025-08-22 00:25:28.835238 - Epoch: 1 Iteration: 44  rank : 0  train.loss : 9.968  train.ips : 8807.6 wps
[2025-08-22 00:25:28,983][train_inner][INFO] - {"epoch": 1, "update": 0.0, "loss": "9.542", "count_m_0": "1332", "count_u_0": "968", "loss_m_0": "6.745", "loss_u_0": "4.911", "loss_mlm": "6.745", "loss_features_pen": "2.796", "ctr_loss": "5.464", "ctr_weighted_loss": "0.002", "correct_m_0": "0.0165165", "correct_u_0": "0.017562", "ppl": "745.62", "wps": "9227.5", "ups": "6.93", "wpb": "1332", "bsz": "2", "num_updates": "45", "lr": "2.8125e-06", "gnorm": "2.128", "clip": "0", "loss_scale": "128", "train_wall": "0", "gb_free": "17.4", "wall": "57"}
TCAPPDLL 2025-08-22 00:25:28.983763 - Epoch: 1 Iteration: 45  rank : 0  train.loss : 9.542  train.ips : 8986.8 wps
[2025-08-22 00:25:29,174][train_inner][INFO] - {"epoch": 1, "update": 0.0, "loss": "9.353", "count_m_0": "1708", "count_u_0": "1376", "loss_m_0": "6.738", "loss_u_0": "5.465", "loss_mlm": "6.738", "loss_features_pen": "2.613", "ctr_loss": "6.481", "ctr_weighted_loss": "0.003", "correct_m_0": "0.0117096", "correct_u_0": "0.0130814", "ppl": "654.06", "wps": "9118.1", "ups": "5.34", "wpb": "1708", "bsz": "2", "num_updates": "46", "lr": "2.875e-06", "gnorm": "2.056", "clip": "0", "loss_scale": "128", "train_wall": "0", "gb_free": "15.4", "wall": "57"}
TCAPPDLL 2025-08-22 00:25:29.174795 - Epoch: 1 Iteration: 46  rank : 0  train.loss : 9.353  train.ips : 8954.5 wps
[2025-08-22 00:25:29,349][train_inner][INFO] - {"epoch": 1, "update": 0.0, "loss": "9.878", "count_m_0": "1518", "count_u_0": "1236", "loss_m_0": "6.771", "loss_u_0": "5.529", "loss_mlm": "6.771", "loss_features_pen": "3.105", "ctr_loss": "6.12", "ctr_weighted_loss": "0.003", "correct_m_0": "0.00461133", "correct_u_0": "0.00485437", "ppl": "940.73", "wps": "8815.4", "ups": "5.81", "wpb": "1518", "bsz": "3", "num_updates": "47", "lr": "2.9375e-06", "gnorm": "2.204", "clip": "0", "loss_scale": "128", "train_wall": "0", "gb_free": "16.7", "wall": "58"}
TCAPPDLL 2025-08-22 00:25:29.350447 - Epoch: 1 Iteration: 47  rank : 0  train.loss : 9.878  train.ips : 8665.3 wps
[2025-08-22 00:25:29,523][train_inner][INFO] - {"epoch": 1, "update": 0.0, "loss": "9.696", "count_m_0": "1624", "count_u_0": "1332", "loss_m_0": "6.812", "loss_u_0": "5.548", "loss_mlm": "6.812", "loss_features_pen": "2.881", "ctr_loss": "6.962", "ctr_weighted_loss": "0.003", "correct_m_0": "0.00246305", "correct_u_0": "0.00900901", "ppl": "829.26", "wps": "9548.7", "ups": "5.88", "wpb": "1624", "bsz": "2", "num_updates": "48", "lr": "3e-06", "gnorm": "3.112", "clip": "0", "loss_scale": "128", "train_wall": "0", "gb_free": "15.9", "wall": "58"}
TCAPPDLL 2025-08-22 00:25:29.524009 - Epoch: 1 Iteration: 48  rank : 0  train.loss : 9.696  train.ips : 9374.7 wps
[2025-08-22 00:25:29,748][train_inner][INFO] - {"epoch": 1, "update": 0.0, "loss": "9.74", "count_m_0": "1636", "count_u_0": "1240", "loss_m_0": "6.786", "loss_u_0": "5.164", "loss_mlm": "6.786", "loss_features_pen": "2.952", "ctr_loss": "6.484", "ctr_weighted_loss": "0.003", "correct_m_0": "0.00550122", "correct_u_0": "0.00645161", "ppl": "855.42", "wps": "7383.9", "ups": "4.51", "wpb": "1636", "bsz": "2", "num_updates": "49", "lr": "3.0625e-06", "gnorm": "2.196", "clip": "0", "loss_scale": "128", "train_wall": "0", "gb_free": "15.9", "wall": "58"}
TCAPPDLL 2025-08-22 00:25:29.749211 - Epoch: 1 Iteration: 49  rank : 0  train.loss : 9.74  train.ips : 7273.6 wps
[2025-08-22 00:25:29,936][train_inner][INFO] - {"epoch": 1, "update": 0.0, "loss": "9.212", "count_m_0": "1740", "count_u_0": "1384", "loss_m_0": "6.793", "loss_u_0": "5.39", "loss_mlm": "6.793", "loss_features_pen": "2.416", "ctr_loss": "6.701", "ctr_weighted_loss": "0.003", "correct_m_0": "0.0103448", "correct_u_0": "0.00433526", "ppl": "593.23", "wps": "9464.8", "ups": "5.44", "wpb": "1740", "bsz": "2", "num_updates": "50", "lr": "3.125e-06", "gnorm": "2.798", "clip": "0", "loss_scale": "128", "train_wall": "0", "gb_free": "15.5", "wall": "58"}
TCAPPDLL 2025-08-22 00:25:29.936550 - Epoch: 1 Iteration: 50  rank : 0  train.loss : 9.212  train.ips : 9303.7 wps
[2025-08-22 00:25:30,126][train_inner][INFO] - {"epoch": 1, "update": 0.0, "loss": "9.027", "count_m_0": "1600", "count_u_0": "1404", "loss_m_0": "6.789", "loss_u_0": "5.937", "loss_mlm": "6.789", "loss_features_pen": "2.235", "ctr_loss": "6.595", "ctr_weighted_loss": "0.003", "correct_m_0": "0.00625", "correct_u_0": "0.0014245", "ppl": "521.55", "wps": "8544.3", "ups": "5.34", "wpb": "1600", "bsz": "2", "num_updates": "51", "lr": "3.1875e-06", "gnorm": "2.037", "clip": "0", "loss_scale": "128", "train_wall": "0", "gb_free": "15.8", "wall": "58"}
TCAPPDLL 2025-08-22 00:25:30.127384 - Epoch: 1 Iteration: 51  rank : 0  train.loss : 9.027  train.ips : 8397.2 wps
[2025-08-22 00:25:30,294][train_inner][INFO] - {"epoch": 1, "update": 0.0, "loss": "9.226", "count_m_0": "1336", "count_u_0": "1236", "loss_m_0": "6.764", "loss_u_0": "6.245", "loss_mlm": "6.764", "loss_features_pen": "2.459", "ctr_loss": "5.942", "ctr_weighted_loss": "0.003", "correct_m_0": "0.0149701", "correct_u_0": "0.00809061", "ppl": "598.83", "wps": "8195.9", "ups": "6.13", "wpb": "1336", "bsz": "2", "num_updates": "52", "lr": "3.25e-06", "gnorm": "2.042", "clip": "0", "loss_scale": "128", "train_wall": "0", "gb_free": "16.8", "wall": "59"}
TCAPPDLL 2025-08-22 00:25:30.294990 - Epoch: 1 Iteration: 52  rank : 0  train.loss : 9.226  train.ips : 7984.5 wps
[2025-08-22 00:25:30,459][train_inner][INFO] - {"epoch": 1, "update": 0.0, "loss": "9.462", "count_m_0": "1260", "count_u_0": "1158", "loss_m_0": "6.79", "loss_u_0": "6.223", "loss_mlm": "6.79", "loss_features_pen": "2.669", "ctr_loss": "5.657", "ctr_weighted_loss": "0.003", "correct_m_0": "0.00396825", "correct_u_0": "0.00863558", "ppl": "705.17", "wps": "7807.9", "ups": "6.2", "wpb": "1260", "bsz": "3", "num_updates": "53", "lr": "3.3125e-06", "gnorm": "2.159", "clip": "0", "loss_scale": "128", "train_wall": "0", "gb_free": "17.5", "wall": "59"}
TCAPPDLL 2025-08-22 00:25:30.460444 - Epoch: 1 Iteration: 53  rank : 0  train.loss : 9.462  train.ips : 7635.9 wps
[2025-08-22 00:25:30,617][train_inner][INFO] - {"epoch": 1, "update": 0.0, "loss": "9.583", "count_m_0": "1312", "count_u_0": "1164", "loss_m_0": "6.797", "loss_u_0": "5.997", "loss_mlm": "6.797", "loss_features_pen": "2.783", "ctr_loss": "5.901", "ctr_weighted_loss": "0.003", "correct_m_0": "0.00381098", "correct_u_0": "0.00687285", "ppl": "766.7", "wps": "8538.9", "ups": "6.51", "wpb": "1312", "bsz": "2", "num_updates": "54", "lr": "3.375e-06", "gnorm": "2.195", "clip": "0", "loss_scale": "128", "train_wall": "0", "gb_free": "17", "wall": "59"}
TCAPPDLL 2025-08-22 00:25:30.618050 - Epoch: 1 Iteration: 54  rank : 0  train.loss : 9.583  train.ips : 8362.7 wps
[2025-08-22 00:25:30,800][train_inner][INFO] - {"epoch": 1, "update": 0.0, "loss": "8.925", "count_m_0": "1724", "count_u_0": "1152", "loss_m_0": "6.755", "loss_u_0": "4.505", "loss_mlm": "6.755", "loss_features_pen": "2.168", "ctr_loss": "5.699", "ctr_weighted_loss": "0.003", "correct_m_0": "0.00986079", "correct_u_0": "0.0190972", "ppl": "486.22", "wps": "9629.8", "ups": "5.59", "wpb": "1724", "bsz": "2", "num_updates": "55", "lr": "3.4375e-06", "gnorm": "1.748", "clip": "0", "loss_scale": "128", "train_wall": "0", "gb_free": "15.9", "wall": "59"}
TCAPPDLL 2025-08-22 00:25:30.800835 - Epoch: 1 Iteration: 55  rank : 0  train.loss : 8.925  train.ips : 9456.6 wps
[2025-08-22 00:25:30,977][train_inner][INFO] - {"epoch": 1, "update": 0.0, "loss": "9.117", "count_m_0": "1640", "count_u_0": "1444", "loss_m_0": "6.758", "loss_u_0": "5.963", "loss_mlm": "6.758", "loss_features_pen": "2.356", "ctr_loss": "6.074", "ctr_weighted_loss": "0.003", "correct_m_0": "0.0054878", "correct_u_0": "0.00692521", "ppl": "555.16", "wps": "9445.3", "ups": "5.76", "wpb": "1640", "bsz": "2", "num_updates": "56", "lr": "3.5e-06", "gnorm": "1.872", "clip": "0", "loss_scale": "128", "train_wall": "0", "gb_free": "16", "wall": "59"}
TCAPPDLL 2025-08-22 00:25:30.978304 - Epoch: 1 Iteration: 56  rank : 0  train.loss : 9.117  train.ips : 9259.9 wps
[2025-08-22 00:25:31,137][train_inner][INFO] - {"epoch": 1, "update": 0.0, "loss": "9.141", "count_m_0": "1388", "count_u_0": "864", "loss_m_0": "6.758", "loss_u_0": "4.229", "loss_mlm": "6.758", "loss_features_pen": "2.381", "ctr_loss": "5.87", "ctr_weighted_loss": "0.003", "correct_m_0": "0.028098", "correct_u_0": "0", "ppl": "564.53", "wps": "8862.3", "ups": "6.38", "wpb": "1388", "bsz": "2", "num_updates": "57", "lr": "3.5625e-06", "gnorm": "2.065", "clip": "0", "loss_scale": "128", "train_wall": "0", "gb_free": "17.3", "wall": "59"}
TCAPPDLL 2025-08-22 00:25:31.138329 - Epoch: 1 Iteration: 57  rank : 0  train.loss : 9.141  train.ips : 8698.0 wps
[2025-08-22 00:25:31,323][train_inner][INFO] - {"epoch": 1, "update": 0.0, "loss": "9.233", "count_m_0": "1620", "count_u_0": "1480", "loss_m_0": "6.755", "loss_u_0": "6.136", "loss_mlm": "6.755", "loss_features_pen": "2.476", "ctr_loss": "5.398", "ctr_weighted_loss": "0.003", "correct_m_0": "0.0037037", "correct_u_0": "0.0135135", "ppl": "601.81", "wps": "8936.3", "ups": "5.52", "wpb": "1620", "bsz": "2", "num_updates": "58", "lr": "3.625e-06", "gnorm": "2.038", "clip": "0", "loss_scale": "128", "train_wall": "0", "gb_free": "15.5", "wall": "60"}
TCAPPDLL 2025-08-22 00:25:31.324487 - Epoch: 1 Iteration: 58  rank : 0  train.loss : 9.233  train.ips : 8722.2 wps
[2025-08-22 00:25:31,516][train_inner][INFO] - {"epoch": 1, "update": 0.0, "loss": "8.759", "count_m_0": "1704", "count_u_0": "1332", "loss_m_0": "6.757", "loss_u_0": "5.277", "loss_mlm": "6.757", "loss_features_pen": "2", "ctr_loss": "5.771", "ctr_weighted_loss": "0.003", "correct_m_0": "0.00352113", "correct_u_0": "0.0135135", "ppl": "433.25", "wps": "9012.7", "ups": "5.29", "wpb": "1704", "bsz": "2", "num_updates": "59", "lr": "3.6875e-06", "gnorm": "1.823", "clip": "0", "loss_scale": "128", "train_wall": "0", "gb_free": "15.7", "wall": "60"}
TCAPPDLL 2025-08-22 00:25:31.517216 - Epoch: 1 Iteration: 59  rank : 0  train.loss : 8.759  train.ips : 8862.3 wps
[2025-08-22 00:25:31,693][train_inner][INFO] - {"epoch": 1, "update": 0.0, "loss": "8.47", "count_m_0": "1552", "count_u_0": "1404", "loss_m_0": "6.727", "loss_u_0": "6.078", "loss_mlm": "6.727", "loss_features_pen": "1.74", "ctr_loss": "5.863", "ctr_weighted_loss": "0.003", "correct_m_0": "0.0115979", "correct_u_0": "0.014245", "ppl": "354.51", "wps": "8965.3", "ups": "5.78", "wpb": "1552", "bsz": "2", "num_updates": "60", "lr": "3.75e-06", "gnorm": "1.799", "clip": "0", "loss_scale": "128", "train_wall": "0", "gb_free": "15.6", "wall": "60"}
TCAPPDLL 2025-08-22 00:25:31.693954 - Epoch: 1 Iteration: 60  rank : 0  train.loss : 8.47  train.ips : 8798.6 wps
[2025-08-22 00:25:31,873][train_inner][INFO] - {"epoch": 1, "update": 0.001, "loss": "9.27", "count_m_0": "1144", "count_u_0": "980", "loss_m_0": "6.765", "loss_u_0": "5.781", "loss_mlm": "6.765", "loss_features_pen": "2.502", "ctr_loss": "5.602", "ctr_weighted_loss": "0.003", "correct_m_0": "0", "correct_u_0": "0.00204082", "ppl": "617.28", "wps": "6506.3", "ups": "5.69", "wpb": "1144", "bsz": "2", "num_updates": "61", "lr": "3.8125e-06", "gnorm": "2.061", "clip": "0", "loss_scale": "128", "train_wall": "0", "gb_free": "17.7", "wall": "60"}
TCAPPDLL 2025-08-22 00:25:31.874157 - Epoch: 1 Iteration: 61  rank : 0  train.loss : 9.27  train.ips : 6359.1 wps
[2025-08-22 00:25:32,064][train_inner][INFO] - {"epoch": 1, "update": 0.001, "loss": "8.775", "count_m_0": "1796", "count_u_0": "1328", "loss_m_0": "6.819", "loss_u_0": "4.977", "loss_mlm": "6.819", "loss_features_pen": "1.953", "ctr_loss": "5.759", "ctr_weighted_loss": "0.004", "correct_m_0": "0.00222717", "correct_u_0": "0.00677711", "ppl": "438.01", "wps": "9551.6", "ups": "5.32", "wpb": "1796", "bsz": "2", "num_updates": "62", "lr": "3.875e-06", "gnorm": "1.827", "clip": "0", "loss_scale": "128", "train_wall": "0", "gb_free": "15.3", "wall": "60"}
TCAPPDLL 2025-08-22 00:25:32.065687 - Epoch: 1 Iteration: 62  rank : 0  train.loss : 8.775  train.ips : 9408.4 wps
[2025-08-22 00:25:32,246][train_inner][INFO] - {"epoch": 1, "update": 0.001, "loss": "8.867", "count_m_0": "1664", "count_u_0": "1324", "loss_m_0": "6.792", "loss_u_0": "5.376", "loss_mlm": "6.792", "loss_features_pen": "2.072", "ctr_loss": "6.286", "ctr_weighted_loss": "0.004", "correct_m_0": "0.00240385", "correct_u_0": "0.00302115", "ppl": "466.82", "wps": "9382.6", "ups": "5.64", "wpb": "1664", "bsz": "2", "num_updates": "63", "lr": "3.9375e-06", "gnorm": "1.821", "clip": "0", "loss_scale": "128", "train_wall": "0", "gb_free": "15.6", "wall": "60"}
TCAPPDLL 2025-08-22 00:25:32.246820 - Epoch: 1 Iteration: 63  rank : 0  train.loss : 8.867  train.ips : 9203.5 wps
[2025-08-22 00:25:32,432][train_inner][INFO] - {"epoch": 1, "update": 0.001, "loss": "9.06", "count_m_0": "1548", "count_u_0": "1376", "loss_m_0": "6.712", "loss_u_0": "6.021", "loss_mlm": "6.712", "loss_features_pen": "2.346", "ctr_loss": "5.432", "ctr_weighted_loss": "0.003", "correct_m_0": "0.0129199", "correct_u_0": "0.00581395", "ppl": "533.89", "wps": "8511.2", "ups": "5.5", "wpb": "1548", "bsz": "2", "num_updates": "64", "lr": "4e-06", "gnorm": "1.828", "clip": "0", "loss_scale": "128", "train_wall": "0", "gb_free": "15.9", "wall": "61"}
TCAPPDLL 2025-08-22 00:25:32.432614 - Epoch: 1 Iteration: 64  rank : 0  train.loss : 9.06  train.ips : 8346.4 wps
[2025-08-22 00:25:32,605][train_inner][INFO] - {"epoch": 1, "update": 0.001, "loss": "8.468", "count_m_0": "1564", "count_u_0": "1312", "loss_m_0": "6.708", "loss_u_0": "5.672", "loss_mlm": "6.708", "loss_features_pen": "1.757", "ctr_loss": "5.834", "ctr_weighted_loss": "0.004", "correct_m_0": "0.0044757", "correct_u_0": "0.00457317", "ppl": "354.16", "wps": "9248.4", "ups": "5.91", "wpb": "1564", "bsz": "2", "num_updates": "65", "lr": "4.0625e-06", "gnorm": "1.94", "clip": "0", "loss_scale": "128", "train_wall": "0", "gb_free": "15.9", "wall": "61"}
TCAPPDLL 2025-08-22 00:25:32.606401 - Epoch: 1 Iteration: 65  rank : 0  train.loss : 8.468  train.ips : 9015.4 wps
[2025-08-22 00:25:32,791][train_inner][INFO] - {"epoch": 1, "update": 0.001, "loss": "8.776", "count_m_0": "1640", "count_u_0": "1484", "loss_m_0": "6.746", "loss_u_0": "6.134", "loss_mlm": "6.746", "loss_features_pen": "2.027", "ctr_loss": "5.599", "ctr_weighted_loss": "0.004", "correct_m_0": "0.0164634", "correct_u_0": "0.00539084", "ppl": "438.33", "wps": "9055.8", "ups": "5.52", "wpb": "1640", "bsz": "2", "num_updates": "66", "lr": "4.125e-06", "gnorm": "2.325", "clip": "0", "loss_scale": "128", "train_wall": "0", "gb_free": "15.7", "wall": "61"}
TCAPPDLL 2025-08-22 00:25:32.792478 - Epoch: 1 Iteration: 66  rank : 0  train.loss : 8.776  train.ips : 8836.3 wps
[2025-08-22 00:25:32,975][train_inner][INFO] - {"epoch": 1, "update": 0.001, "loss": "8.781", "count_m_0": "1748", "count_u_0": "1320", "loss_m_0": "6.738", "loss_u_0": "5.102", "loss_mlm": "6.738", "loss_features_pen": "2.039", "ctr_loss": "6.189", "ctr_weighted_loss": "0.004", "correct_m_0": "0.00572082", "correct_u_0": "0.00454545", "ppl": "439.8", "wps": "9757.4", "ups": "5.58", "wpb": "1748", "bsz": "2", "num_updates": "67", "lr": "4.1875e-06", "gnorm": "1.888", "clip": "0", "loss_scale": "128", "train_wall": "0", "gb_free": "15.4", "wall": "61"}
TCAPPDLL 2025-08-22 00:25:32.975817 - Epoch: 1 Iteration: 67  rank : 0  train.loss : 8.781  train.ips : 9554.2 wps
[2025-08-22 00:25:33,149][train_inner][INFO] - {"epoch": 1, "update": 0.001, "loss": "8.482", "count_m_0": "1620", "count_u_0": "1064", "loss_m_0": "6.769", "loss_u_0": "4.428", "loss_mlm": "6.769", "loss_features_pen": "1.711", "ctr_loss": "5.519", "ctr_weighted_loss": "0.004", "correct_m_0": "0", "correct_u_0": "0.0056391", "ppl": "357.57", "wps": "9510.7", "ups": "5.87", "wpb": "1620", "bsz": "2", "num_updates": "68", "lr": "4.25e-06", "gnorm": "2.025", "clip": "0", "loss_scale": "128", "train_wall": "0", "gb_free": "16.7", "wall": "61"}
TCAPPDLL 2025-08-22 00:25:33.150129 - Epoch: 1 Iteration: 68  rank : 0  train.loss : 8.482  train.ips : 9309.6 wps
[2025-08-22 00:25:33,315][train_inner][INFO] - {"epoch": 1, "update": 0.001, "loss": "8.392", "count_m_0": "1516", "count_u_0": "1200", "loss_m_0": "6.734", "loss_u_0": "5.326", "loss_mlm": "6.734", "loss_features_pen": "1.655", "ctr_loss": "5.752", "ctr_weighted_loss": "0.004", "correct_m_0": "0.0191293", "correct_u_0": "0.015", "ppl": "335.99", "wps": "9298.9", "ups": "6.13", "wpb": "1516", "bsz": "2", "num_updates": "69", "lr": "4.3125e-06", "gnorm": "1.694", "clip": "0", "loss_scale": "128", "train_wall": "0", "gb_free": "16.3", "wall": "62"}
TCAPPDLL 2025-08-22 00:25:33.316632 - Epoch: 1 Iteration: 69  rank : 0  train.loss : 8.392  train.ips : 9130.3 wps
[2025-08-22 00:25:33,486][train_inner][INFO] - {"epoch": 1, "update": 0.001, "loss": "8.666", "count_m_0": "1440", "count_u_0": "1284", "loss_m_0": "6.709", "loss_u_0": "6.016", "loss_mlm": "6.709", "loss_features_pen": "1.953", "ctr_loss": "5.842", "ctr_weighted_loss": "0.004", "correct_m_0": "0.00486111", "correct_u_0": "0.0101246", "ppl": "406.09", "wps": "8621.8", "ups": "5.99", "wpb": "1440", "bsz": "6", "num_updates": "70", "lr": "4.375e-06", "gnorm": "1.989", "clip": "0", "loss_scale": "128", "train_wall": "0", "gb_free": "17.3", "wall": "62"}
TCAPPDLL 2025-08-22 00:25:33.487116 - Epoch: 1 Iteration: 70  rank : 0  train.loss : 8.666  train.ips : 8468.6 wps
[2025-08-22 00:25:33,662][train_inner][INFO] - {"epoch": 1, "update": 0.001, "loss": "8.422", "count_m_0": "1556", "count_u_0": "1304", "loss_m_0": "6.685", "loss_u_0": "5.648", "loss_mlm": "6.685", "loss_features_pen": "1.734", "ctr_loss": "5.6", "ctr_weighted_loss": "0.004", "correct_m_0": "0.00514139", "correct_u_0": "0.00613497", "ppl": "343.03", "wps": "9115", "ups": "5.86", "wpb": "1556", "bsz": "2", "num_updates": "71", "lr": "4.4375e-06", "gnorm": "1.912", "clip": "0", "loss_scale": "128", "train_wall": "0", "gb_free": "16.1", "wall": "62"}
TCAPPDLL 2025-08-22 00:25:33.664000 - Epoch: 1 Iteration: 71  rank : 0  train.loss : 8.422  train.ips : 8830.9 wps
[2025-08-22 00:25:33,877][train_inner][INFO] - {"epoch": 1, "update": 0.001, "loss": "8.378", "count_m_0": "1544", "count_u_0": "1252", "loss_m_0": "6.716", "loss_u_0": "5.452", "loss_mlm": "6.716", "loss_features_pen": "1.658", "ctr_loss": "5.404", "ctr_weighted_loss": "0.004", "correct_m_0": "0.0187824", "correct_u_0": "0.00638978", "ppl": "332.58", "wps": "8227.1", "ups": "5.33", "wpb": "1544", "bsz": "2", "num_updates": "72", "lr": "4.5e-06", "gnorm": "1.721", "clip": "0", "loss_scale": "128", "train_wall": "0", "gb_free": "16.3", "wall": "62"}
TCAPPDLL 2025-08-22 00:25:33.878354 - Epoch: 1 Iteration: 72  rank : 0  train.loss : 8.378  train.ips : 7224.4 wps
[2025-08-22 00:25:34,061][train_inner][INFO] - {"epoch": 1, "update": 0.001, "loss": "8.479", "count_m_0": "1404", "count_u_0": "896", "loss_m_0": "6.731", "loss_u_0": "4.293", "loss_mlm": "6.731", "loss_features_pen": "1.745", "ctr_loss": "5.773", "ctr_weighted_loss": "0.004", "correct_m_0": "0.00783476", "correct_u_0": "0.0200893", "ppl": "356.8", "wps": "7860.6", "ups": "5.6", "wpb": "1404", "bsz": "2", "num_updates": "73", "lr": "4.5625e-06", "gnorm": "1.817", "clip": "0", "loss_scale": "128", "train_wall": "0", "gb_free": "17.4", "wall": "62"}
TCAPPDLL 2025-08-22 00:25:34.061815 - Epoch: 1 Iteration: 73  rank : 0  train.loss : 8.479  train.ips : 7669.6 wps
[2025-08-22 00:25:34,232][train_inner][INFO] - {"epoch": 1, "update": 0.001, "loss": "8.507", "count_m_0": "1304", "count_u_0": "1060", "loss_m_0": "6.684", "loss_u_0": "5.437", "loss_mlm": "6.684", "loss_features_pen": "1.819", "ctr_loss": "6.081", "ctr_weighted_loss": "0.004", "correct_m_0": "0.00766871", "correct_u_0": "0.0132075", "ppl": "363.87", "wps": "7793.3", "ups": "5.98", "wpb": "1304", "bsz": "2", "num_updates": "74", "lr": "4.625e-06", "gnorm": "1.932", "clip": "0", "loss_scale": "128", "train_wall": "0", "gb_free": "17.3", "wall": "62"}
TCAPPDLL 2025-08-22 00:25:34.233148 - Epoch: 1 Iteration: 74  rank : 0  train.loss : 8.507  train.ips : 7627.5 wps
[2025-08-22 00:25:34,399][train_inner][INFO] - {"epoch": 1, "update": 0.001, "loss": "8.292", "count_m_0": "1452", "count_u_0": "1280", "loss_m_0": "6.728", "loss_u_0": "5.959", "loss_mlm": "6.728", "loss_features_pen": "1.56", "ctr_loss": "5.637", "ctr_weighted_loss": "0.004", "correct_m_0": "0.00619835", "correct_u_0": "0.00703125", "ppl": "313.46", "wps": "8876.9", "ups": "6.11", "wpb": "1452", "bsz": "2", "num_updates": "75", "lr": "4.6875e-06", "gnorm": "1.72", "clip": "0", "loss_scale": "128", "train_wall": "0", "gb_free": "16.2", "wall": "63"}
TCAPPDLL 2025-08-22 00:25:34.400482 - Epoch: 1 Iteration: 75  rank : 0  train.loss : 8.292  train.ips : 8711.0 wps
[2025-08-22 00:25:34,600][train_inner][INFO] - {"epoch": 1, "update": 0.001, "loss": "8.344", "count_m_0": "1780", "count_u_0": "1320", "loss_m_0": "6.7", "loss_u_0": "4.977", "loss_mlm": "6.7", "loss_features_pen": "1.64", "ctr_loss": "6.119", "ctr_weighted_loss": "0.005", "correct_m_0": "0.0129213", "correct_u_0": "0.00984848", "ppl": "324.87", "wps": "9029.8", "ups": "5.07", "wpb": "1780", "bsz": "2", "num_updates": "76", "lr": "4.75e-06", "gnorm": "1.98", "clip": "0", "loss_scale": "128", "train_wall": "0", "gb_free": "15.5", "wall": "63"}
TCAPPDLL 2025-08-22 00:25:34.601408 - Epoch: 1 Iteration: 76  rank : 0  train.loss : 8.344  train.ips : 8874.4 wps
[2025-08-22 00:25:34,816][train_inner][INFO] - {"epoch": 1, "update": 0.001, "loss": "8.177", "count_m_0": "1504", "count_u_0": "1228", "loss_m_0": "6.752", "loss_u_0": "5.47", "loss_mlm": "6.752", "loss_features_pen": "1.422", "ctr_loss": "5.206", "ctr_weighted_loss": "0.004", "correct_m_0": "0.0239362", "correct_u_0": "0.014658", "ppl": "289.49", "wps": "7106", "ups": "4.72", "wpb": "1504", "bsz": "2", "num_updates": "77", "lr": "4.8125e-06", "gnorm": "1.794", "clip": "0", "loss_scale": "128", "train_wall": "0", "gb_free": "16.5", "wall": "63"}
TCAPPDLL 2025-08-22 00:25:34.817174 - Epoch: 1 Iteration: 77  rank : 0  train.loss : 8.177  train.ips : 6991.7 wps
[2025-08-22 00:25:34,993][train_inner][INFO] - {"epoch": 1, "update": 0.001, "loss": "7.999", "count_m_0": "1608", "count_u_0": "1380", "loss_m_0": "6.687", "loss_u_0": "5.77", "loss_mlm": "6.687", "loss_features_pen": "1.308", "ctr_loss": "5.683", "ctr_weighted_loss": "0.004", "correct_m_0": "0.0130597", "correct_u_0": "0.00869565", "ppl": "255.82", "wps": "9313.2", "ups": "5.79", "wpb": "1608", "bsz": "2", "num_updates": "78", "lr": "4.875e-06", "gnorm": "1.432", "clip": "0", "loss_scale": "128", "train_wall": "0", "gb_free": "15.8", "wall": "63"}
TCAPPDLL 2025-08-22 00:25:34.994893 - Epoch: 1 Iteration: 78  rank : 0  train.loss : 7.999  train.ips : 9087.9 wps
[2025-08-22 00:25:35,359][train_inner][INFO] - {"epoch": 1, "update": 0.001, "loss": "8.25", "count_m_0": "1464", "count_u_0": "1508", "loss_m_0": "6.734", "loss_u_0": "6.963", "loss_mlm": "6.734", "loss_features_pen": "1.511", "ctr_loss": "6.281", "ctr_weighted_loss": "0.005", "correct_m_0": "0.00956284", "correct_u_0": "0.00862069", "ppl": "304.54", "wps": "4053.6", "ups": "2.77", "wpb": "1464", "bsz": "2", "num_updates": "79", "lr": "4.9375e-06", "gnorm": "1.785", "clip": "0", "loss_scale": "128", "train_wall": "0", "gb_free": "15.6", "wall": "64"}
TCAPPDLL 2025-08-22 00:25:35.360276 - Epoch: 1 Iteration: 79  rank : 0  train.loss : 8.25  train.ips : 4009.8 wps
[2025-08-22 00:25:35,531][train_inner][INFO] - {"epoch": 1, "update": 0.001, "loss": "8.112", "count_m_0": "1560", "count_u_0": "1188", "loss_m_0": "6.732", "loss_u_0": "5.12", "loss_mlm": "6.732", "loss_features_pen": "1.377", "ctr_loss": "5.531", "ctr_weighted_loss": "0.004", "correct_m_0": "0.0179487", "correct_u_0": "0.010101", "ppl": "276.71", "wps": "9299.8", "ups": "5.96", "wpb": "1560", "bsz": "2", "num_updates": "80", "lr": "5e-06", "gnorm": "1.838", "clip": "0", "loss_scale": "128", "train_wall": "0", "gb_free": "16.2", "wall": "64"}
TCAPPDLL 2025-08-22 00:25:35.532670 - Epoch: 1 Iteration: 80  rank : 0  train.loss : 8.112  train.ips : 9068.1 wps
[2025-08-22 00:25:35,720][train_inner][INFO] - {"epoch": 1, "update": 0.001, "loss": "8.091", "count_m_0": "1608", "count_u_0": "1360", "loss_m_0": "6.703", "loss_u_0": "5.727", "loss_mlm": "6.703", "loss_features_pen": "1.383", "ctr_loss": "6.446", "ctr_weighted_loss": "0.005", "correct_m_0": "0.0068408", "correct_u_0": "0.00147059", "ppl": "272.59", "wps": "8724.9", "ups": "5.43", "wpb": "1608", "bsz": "4", "num_updates": "81", "lr": "5.0625e-06", "gnorm": "2.189", "clip": "0", "loss_scale": "128", "train_wall": "0", "gb_free": "16.7", "wall": "64"}
TCAPPDLL 2025-08-22 00:25:35.721432 - Epoch: 1 Iteration: 81  rank : 0  train.loss : 8.091  train.ips : 8536.5 wps
[2025-08-22 00:25:35,916][train_inner][INFO] - {"epoch": 1, "update": 0.001, "loss": "8.154", "count_m_0": "1550", "count_u_0": "1360", "loss_m_0": "6.748", "loss_u_0": "5.928", "loss_mlm": "6.748", "loss_features_pen": "1.402", "ctr_loss": "5.575", "ctr_weighted_loss": "0.005", "correct_m_0": "0.00451613", "correct_u_0": "0.00735294", "ppl": "284.91", "wps": "8076", "ups": "5.21", "wpb": "1550", "bsz": "5", "num_updates": "82", "lr": "5.125e-06", "gnorm": "1.786", "clip": "0", "loss_scale": "128", "train_wall": "0", "gb_free": "16.8", "wall": "64"}
TCAPPDLL 2025-08-22 00:25:35.917293 - Epoch: 1 Iteration: 82  rank : 0  train.loss : 8.154  train.ips : 7927.3 wps
[2025-08-22 00:25:36,161][train_inner][INFO] - {"epoch": 1, "update": 0.001, "loss": "7.95", "count_m_0": "1804", "count_u_0": "1316", "loss_m_0": "6.731", "loss_u_0": "4.915", "loss_mlm": "6.731", "loss_features_pen": "1.215", "ctr_loss": "5.512", "ctr_weighted_loss": "0.005", "correct_m_0": "0.017184", "correct_u_0": "0.00835866", "ppl": "247.2", "wps": "7501.7", "ups": "4.16", "wpb": "1804", "bsz": "2", "num_updates": "83", "lr": "5.1875e-06", "gnorm": "1.644", "clip": "0", "loss_scale": "128", "train_wall": "0", "gb_free": "15.5", "wall": "64"}
TCAPPDLL 2025-08-22 00:25:36.162555 - Epoch: 1 Iteration: 83  rank : 0  train.loss : 7.95  train.ips : 7373.3 wps
[2025-08-22 00:25:36,438][train_inner][INFO] - {"epoch": 1, "update": 0.001, "loss": "7.835", "count_m_0": "1716", "count_u_0": "1408", "loss_m_0": "6.7", "loss_u_0": "5.527", "loss_mlm": "6.7", "loss_features_pen": "1.131", "ctr_loss": "5.498", "ctr_weighted_loss": "0.005", "correct_m_0": "0.0128205", "correct_u_0": "0.00852273", "ppl": "228.29", "wps": "6296.7", "ups": "3.67", "wpb": "1716", "bsz": "2", "num_updates": "84", "lr": "5.25e-06", "gnorm": "1.604", "clip": "0", "loss_scale": "128", "train_wall": "0", "gb_free": "15.5", "wall": "65"}
TCAPPDLL 2025-08-22 00:25:36.439382 - Epoch: 1 Iteration: 84  rank : 0  train.loss : 7.835  train.ips : 6213.9 wps
[2025-08-22 00:25:36,605][train_inner][INFO] - {"epoch": 1, "update": 0.001, "loss": "8.011", "count_m_0": "1536", "count_u_0": "1180", "loss_m_0": "6.674", "loss_u_0": "5.177", "loss_mlm": "6.674", "loss_features_pen": "1.333", "ctr_loss": "5.553", "ctr_weighted_loss": "0.005", "correct_m_0": "0.0169271", "correct_u_0": "0.00847458", "ppl": "257.9", "wps": "9473.8", "ups": "6.17", "wpb": "1536", "bsz": "2", "num_updates": "85", "lr": "5.3125e-06", "gnorm": "1.928", "clip": "0", "loss_scale": "128", "train_wall": "0", "gb_free": "16.5", "wall": "65"}
TCAPPDLL 2025-08-22 00:25:36.606288 - Epoch: 1 Iteration: 85  rank : 0  train.loss : 8.011  train.ips : 9228.4 wps
[2025-08-22 00:25:36,822][train_inner][INFO] - {"epoch": 1, "update": 0.001, "loss": "7.914", "count_m_0": "1544", "count_u_0": "1172", "loss_m_0": "6.77", "loss_u_0": "5.09", "loss_mlm": "6.77", "loss_features_pen": "1.141", "ctr_loss": "6.009", "ctr_weighted_loss": "0.005", "correct_m_0": "0.0220207", "correct_u_0": "0.0170648", "ppl": "241.24", "wps": "7282.8", "ups": "4.72", "wpb": "1544", "bsz": "2", "num_updates": "86", "lr": "5.375e-06", "gnorm": "1.689", "clip": "0", "loss_scale": "128", "train_wall": "0", "gb_free": "16.3", "wall": "65"}
TCAPPDLL 2025-08-22 00:25:36.824056 - Epoch: 1 Iteration: 86  rank : 0  train.loss : 7.914  train.ips : 7106.8 wps
[2025-08-22 00:25:37,000][train_inner][INFO] - {"epoch": 1, "update": 0.001, "loss": "7.797", "count_m_0": "1460", "count_u_0": "1176", "loss_m_0": "6.722", "loss_u_0": "5.412", "loss_mlm": "6.722", "loss_features_pen": "1.072", "ctr_loss": "5.531", "ctr_weighted_loss": "0.005", "correct_m_0": "0.00684932", "correct_u_0": "0.0085034", "ppl": "222.42", "wps": "8439.6", "ups": "5.78", "wpb": "1460", "bsz": "2", "num_updates": "87", "lr": "5.4375e-06", "gnorm": "1.395", "clip": "0", "loss_scale": "128", "train_wall": "0", "gb_free": "16.7", "wall": "65"}
TCAPPDLL 2025-08-22 00:25:37.001637 - Epoch: 1 Iteration: 87  rank : 0  train.loss : 7.797  train.ips : 8240.0 wps
[2025-08-22 00:25:37,173][train_inner][INFO] - {"epoch": 1, "update": 0.001, "loss": "7.843", "count_m_0": "1504", "count_u_0": "1260", "loss_m_0": "6.702", "loss_u_0": "5.604", "loss_mlm": "6.702", "loss_features_pen": "1.137", "ctr_loss": "5.448", "ctr_weighted_loss": "0.005", "correct_m_0": "0.0339096", "correct_u_0": "0.015873", "ppl": "229.66", "wps": "8895.3", "ups": "5.91", "wpb": "1504", "bsz": "2", "num_updates": "88", "lr": "5.5e-06", "gnorm": "1.734", "clip": "0", "loss_scale": "128", "train_wall": "0", "gb_free": "16.2", "wall": "65"}
TCAPPDLL 2025-08-22 00:25:37.174573 - Epoch: 1 Iteration: 88  rank : 0  train.loss : 7.843  train.ips : 8713.5 wps
[2025-08-22 00:25:37,346][train_inner][INFO] - {"epoch": 1, "update": 0.001, "loss": "7.966", "count_m_0": "1232", "count_u_0": "1164", "loss_m_0": "6.728", "loss_u_0": "6.353", "loss_mlm": "6.728", "loss_features_pen": "1.234", "ctr_loss": "5.137", "ctr_weighted_loss": "0.005", "correct_m_0": "0.0219156", "correct_u_0": "0.0309278", "ppl": "250.1", "wps": "7320.2", "ups": "5.94", "wpb": "1232", "bsz": "2", "num_updates": "89", "lr": "5.5625e-06", "gnorm": "1.625", "clip": "0", "loss_scale": "128", "train_wall": "0", "gb_free": "17.2", "wall": "66"}
TCAPPDLL 2025-08-22 00:25:37.346850 - Epoch: 1 Iteration: 89  rank : 0  train.loss : 7.966  train.ips : 7163.8 wps
[2025-08-22 00:25:37,518][train_inner][INFO] - {"epoch": 1, "update": 0.001, "loss": "7.851", "count_m_0": "1608", "count_u_0": "1268", "loss_m_0": "6.765", "loss_u_0": "5.3", "loss_mlm": "6.765", "loss_features_pen": "1.082", "ctr_loss": "5.536", "ctr_weighted_loss": "0.005", "correct_m_0": "0.00124378", "correct_u_0": "0.011041", "ppl": "230.89", "wps": "9573.1", "ups": "5.95", "wpb": "1608", "bsz": "2", "num_updates": "90", "lr": "5.625e-06", "gnorm": "1.409", "clip": "0", "loss_scale": "128", "train_wall": "0", "gb_free": "16.1", "wall": "66"}
TCAPPDLL 2025-08-22 00:25:37.519258 - Epoch: 1 Iteration: 90  rank : 0  train.loss : 7.851  train.ips : 9343.3 wps
[2025-08-22 00:25:37,688][fairseq.trainer][INFO] - NOTE: gradient overflow detected, ignoring gradient, setting loss scale to: 64.0
[2025-08-22 00:25:37,907][train_inner][INFO] - {"epoch": 1, "update": 0.001, "loss": "7.721", "count_m_0": "1638", "count_u_0": "1236", "loss_m_0": "6.708", "loss_u_0": "5.084", "loss_mlm": "6.708", "loss_features_pen": "1.009", "ctr_loss": "5.99", "ctr_weighted_loss": "0.005", "correct_m_0": "0.0103785", "correct_u_0": "0.012945", "ppl": "210.98", "wps": "4254.3", "ups": "2.6", "wpb": "1638", "bsz": "3", "num_updates": "91", "lr": "5.6875e-06", "gnorm": "1.433", "clip": "0", "loss_scale": "64", "train_wall": "0", "gb_free": "15.4", "wall": "66"}
TCAPPDLL 2025-08-22 00:25:37.908458 - Epoch: 1 Iteration: 91  rank : 0  train.loss : 7.721  train.ips : 4212.7 wps
[2025-08-22 00:25:38,098][train_inner][INFO] - {"epoch": 1, "update": 0.001, "loss": "7.696", "count_m_0": "1540", "count_u_0": "1464", "loss_m_0": "6.736", "loss_u_0": "6.403", "loss_mlm": "6.736", "loss_features_pen": "0.955", "ctr_loss": "5.763", "ctr_weighted_loss": "0.005", "correct_m_0": "0.0123377", "correct_u_0": "0.00614754", "ppl": "207.3", "wps": "8236.1", "ups": "5.35", "wpb": "1540", "bsz": "2", "num_updates": "92", "lr": "5.75e-06", "gnorm": "1.502", "clip": "0", "loss_scale": "64", "train_wall": "0", "gb_free": "15.5", "wall": "66"}
TCAPPDLL 2025-08-22 00:25:38.099801 - Epoch: 1 Iteration: 92  rank : 0  train.loss : 7.696  train.ips : 8064.0 wps
[2025-08-22 00:25:38,277][train_inner][INFO] - {"epoch": 1, "update": 0.001, "loss": "7.817", "count_m_0": "1592", "count_u_0": "1428", "loss_m_0": "6.741", "loss_u_0": "6.027", "loss_mlm": "6.741", "loss_features_pen": "1.071", "ctr_loss": "5.555", "ctr_weighted_loss": "0.005", "correct_m_0": "0.0157035", "correct_u_0": "0.0196078", "ppl": "225.47", "wps": "9085.7", "ups": "5.71", "wpb": "1592", "bsz": "2", "num_updates": "93", "lr": "5.8125e-06", "gnorm": "1.337", "clip": "0", "loss_scale": "64", "train_wall": "0", "gb_free": "15.7", "wall": "66"}
TCAPPDLL 2025-08-22 00:25:38.278760 - Epoch: 1 Iteration: 93  rank : 0  train.loss : 7.817  train.ips : 8926.5 wps
[2025-08-22 00:25:38,455][train_inner][INFO] - {"epoch": 1, "update": 0.001, "loss": "7.626", "count_m_0": "1676", "count_u_0": "1312", "loss_m_0": "6.707", "loss_u_0": "5.251", "loss_mlm": "6.707", "loss_features_pen": "0.915", "ctr_loss": "5.479", "ctr_weighted_loss": "0.005", "correct_m_0": "0.0202864", "correct_u_0": "0.0175305", "ppl": "197.58", "wps": "9677.5", "ups": "5.77", "wpb": "1676", "bsz": "2", "num_updates": "94", "lr": "5.875e-06", "gnorm": "1.597", "clip": "0", "loss_scale": "64", "train_wall": "0", "gb_free": "16", "wall": "67"}
TCAPPDLL 2025-08-22 00:25:38.455908 - Epoch: 1 Iteration: 94  rank : 0  train.loss : 7.626  train.ips : 9490.4 wps
[2025-08-22 00:25:38,792][train_inner][INFO] - {"epoch": 1, "update": 0.001, "loss": "7.681", "count_m_0": "1876", "count_u_0": "1248", "loss_m_0": "6.707", "loss_u_0": "4.441", "loss_mlm": "6.707", "loss_features_pen": "0.97", "ctr_loss": "5.433", "ctr_weighted_loss": "0.005", "correct_m_0": "0.0010661", "correct_u_0": "0.0176282", "ppl": "205.16", "wps": "6965.4", "ups": "3.71", "wpb": "1876", "bsz": "2", "num_updates": "95", "lr": "5.9375e-06", "gnorm": "1.546", "clip": "0", "loss_scale": "64", "train_wall": "0", "gb_free": "15.4", "wall": "67"}
TCAPPDLL 2025-08-22 00:25:38.793174 - Epoch: 1 Iteration: 95  rank : 0  train.loss : 7.681  train.ips : 5568.8 wps
[2025-08-22 00:25:38,971][train_inner][INFO] - {"epoch": 1, "update": 0.001, "loss": "7.77", "count_m_0": "1592", "count_u_0": "1412", "loss_m_0": "6.727", "loss_u_0": "5.989", "loss_mlm": "6.727", "loss_features_pen": "1.039", "ctr_loss": "5.742", "ctr_weighted_loss": "0.005", "correct_m_0": "0.0213568", "correct_u_0": "0.00495751", "ppl": "218.34", "wps": "9105.7", "ups": "5.72", "wpb": "1592", "bsz": "2", "num_updates": "96", "lr": "6e-06", "gnorm": "1.459", "clip": "0", "loss_scale": "64", "train_wall": "0", "gb_free": "15.7", "wall": "67"}
TCAPPDLL 2025-08-22 00:25:38.971842 - Epoch: 1 Iteration: 96  rank : 0  train.loss : 7.77  train.ips : 8924.4 wps
[2025-08-22 00:25:39,141][train_inner][INFO] - {"epoch": 1, "update": 0.001, "loss": "7.659", "count_m_0": "1416", "count_u_0": "1170", "loss_m_0": "6.728", "loss_u_0": "5.551", "loss_mlm": "6.728", "loss_features_pen": "0.927", "ctr_loss": "5.552", "ctr_weighted_loss": "0.005", "correct_m_0": "0.0141243", "correct_u_0": "0.0119658", "ppl": "202.12", "wps": "8535.5", "ups": "6.03", "wpb": "1416", "bsz": "3", "num_updates": "97", "lr": "6.0625e-06", "gnorm": "1.537", "clip": "0", "loss_scale": "64", "train_wall": "0", "gb_free": "17.1", "wall": "67"}
TCAPPDLL 2025-08-22 00:25:39.141945 - Epoch: 1 Iteration: 97  rank : 0  train.loss : 7.659  train.ips : 8342.8 wps
[2025-08-22 00:25:39,320][train_inner][INFO] - {"epoch": 1, "update": 0.001, "loss": "7.664", "count_m_0": "1680", "count_u_0": "1372", "loss_m_0": "6.719", "loss_u_0": "5.524", "loss_mlm": "6.719", "loss_features_pen": "0.941", "ctr_loss": "5.586", "ctr_weighted_loss": "0.005", "correct_m_0": "0.00357143", "correct_u_0": "0", "ppl": "202.86", "wps": "9544.3", "ups": "5.68", "wpb": "1680", "bsz": "2", "num_updates": "98", "lr": "6.125e-06", "gnorm": "1.548", "clip": "0", "loss_scale": "64", "train_wall": "0", "gb_free": "15.7", "wall": "68"}
TCAPPDLL 2025-08-22 00:25:39.321711 - Epoch: 1 Iteration: 98  rank : 0  train.loss : 7.664  train.ips : 9361.7 wps
[2025-08-22 00:25:39,466][train_inner][INFO] - {"epoch": 1, "update": 0.001, "loss": "7.695", "count_m_0": "1192", "count_u_0": "1044", "loss_m_0": "6.74", "loss_u_0": "5.892", "loss_mlm": "6.74", "loss_features_pen": "0.951", "ctr_loss": "5.506", "ctr_weighted_loss": "0.005", "correct_m_0": "0.010906", "correct_u_0": "0.00191571", "ppl": "207.23", "wps": "8613.1", "ups": "7.23", "wpb": "1192", "bsz": "2", "num_updates": "99", "lr": "6.1875e-06", "gnorm": "1.827", "clip": "0", "loss_scale": "64", "train_wall": "0", "gb_free": "17.4", "wall": "68"}
TCAPPDLL 2025-08-22 00:25:39.467258 - Epoch: 1 Iteration: 99  rank : 0  train.loss : 7.695  train.ips : 8205.6 wps
[2025-08-22 00:25:39,643][train_inner][INFO] - {"epoch": 1, "update": 0.001, "loss": "7.748", "count_m_0": "1528", "count_u_0": "1204", "loss_m_0": "6.722", "loss_u_0": "5.277", "loss_mlm": "6.722", "loss_features_pen": "1.021", "ctr_loss": "5.381", "ctr_weighted_loss": "0.005", "correct_m_0": "0.0013089", "correct_u_0": "0.00664452", "ppl": "214.94", "wps": "8856.9", "ups": "5.8", "wpb": "1528", "bsz": "2", "num_updates": "100", "lr": "6.25e-06", "gnorm": "1.791", "clip": "0", "loss_scale": "64", "train_wall": "0", "gb_free": "16.3", "wall": "68"}
TCAPPDLL 2025-08-22 00:25:39.643807 - Epoch: 1 Iteration: 100  rank : 0  train.loss : 7.748  train.ips : 8668.8 wps
[2025-08-22 00:25:39,828][train_inner][INFO] - {"epoch": 1, "update": 0.001, "loss": "7.607", "count_m_0": "1700", "count_u_0": "1368", "loss_m_0": "6.726", "loss_u_0": "5.409", "loss_mlm": "6.726", "loss_features_pen": "0.875", "ctr_loss": "6.135", "ctr_weighted_loss": "0.006", "correct_m_0": "0.0129412", "correct_u_0": "0.00584795", "ppl": "194.89", "wps": "9349.3", "ups": "5.5", "wpb": "1700", "bsz": "2", "num_updates": "101", "lr": "6.3125e-06", "gnorm": "1.333", "clip": "0", "loss_scale": "64", "train_wall": "0", "gb_free": "15.4", "wall": "68"}
TCAPPDLL 2025-08-22 00:25:39.829071 - Epoch: 1 Iteration: 101  rank : 0  train.loss : 7.607  train.ips : 9202.1 wps
[2025-08-22 00:25:40,021][train_inner][INFO] - {"epoch": 1, "update": 0.001, "loss": "7.592", "count_m_0": "1560", "count_u_0": "1564", "loss_m_0": "6.695", "loss_u_0": "6.709", "loss_mlm": "6.695", "loss_features_pen": "0.892", "ctr_loss": "4.905", "ctr_weighted_loss": "0.005", "correct_m_0": "0.0025641", "correct_u_0": "0.011509", "ppl": "193", "wps": "8369.5", "ups": "5.36", "wpb": "1560", "bsz": "2", "num_updates": "102", "lr": "6.375e-06", "gnorm": "1.928", "clip": "0", "loss_scale": "64", "train_wall": "0", "gb_free": "15.2", "wall": "68"}
TCAPPDLL 2025-08-22 00:25:40.022030 - Epoch: 1 Iteration: 102  rank : 0  train.loss : 7.592  train.ips : 8099.3 wps
[2025-08-22 00:25:40,211][train_inner][INFO] - {"epoch": 1, "update": 0.001, "loss": "7.547", "count_m_0": "1576", "count_u_0": "1548", "loss_m_0": "6.701", "loss_u_0": "6.557", "loss_mlm": "6.701", "loss_features_pen": "0.841", "ctr_loss": "5.061", "ctr_weighted_loss": "0.005", "correct_m_0": "0.0152284", "correct_u_0": "0.0445736", "ppl": "187.07", "wps": "8459.3", "ups": "5.37", "wpb": "1576", "bsz": "2", "num_updates": "103", "lr": "6.4375e-06", "gnorm": "2.141", "clip": "0", "loss_scale": "64", "train_wall": "0", "gb_free": "15.2", "wall": "68"}
TCAPPDLL 2025-08-22 00:25:40.211910 - Epoch: 1 Iteration: 103  rank : 0  train.loss : 7.547  train.ips : 8312.1 wps
[2025-08-22 00:25:40,392][train_inner][INFO] - {"epoch": 1, "update": 0.001, "loss": "7.481", "count_m_0": "1584", "count_u_0": "1116", "loss_m_0": "6.67", "loss_u_0": "4.736", "loss_mlm": "6.67", "loss_features_pen": "0.807", "ctr_loss": "5.518", "ctr_weighted_loss": "0.006", "correct_m_0": "0.0138889", "correct_u_0": "0.00358423", "ppl": "178.63", "wps": "9156", "ups": "5.78", "wpb": "1584", "bsz": "2", "num_updates": "104", "lr": "6.5e-06", "gnorm": "1.485", "clip": "0", "loss_scale": "64", "train_wall": "0", "gb_free": "16.5", "wall": "69"}
TCAPPDLL 2025-08-22 00:25:40.393809 - Epoch: 1 Iteration: 104  rank : 0  train.loss : 7.481  train.ips : 8743.7 wps
[2025-08-22 00:25:40,568][train_inner][INFO] - {"epoch": 1, "update": 0.001, "loss": "7.461", "count_m_0": "1600", "count_u_0": "1260", "loss_m_0": "6.74", "loss_u_0": "5.286", "loss_mlm": "6.74", "loss_features_pen": "0.716", "ctr_loss": "5.534", "ctr_weighted_loss": "0.006", "correct_m_0": "0.00875", "correct_u_0": "0.00952381", "ppl": "176.13", "wps": "9319.3", "ups": "5.82", "wpb": "1600", "bsz": "2", "num_updates": "105", "lr": "6.5625e-06", "gnorm": "1.449", "clip": "0", "loss_scale": "64", "train_wall": "0", "gb_free": "15.9", "wall": "69"}
TCAPPDLL 2025-08-22 00:25:40.569204 - Epoch: 1 Iteration: 105  rank : 0  train.loss : 7.461  train.ips : 9147.8 wps
[2025-08-22 00:25:40,752][train_inner][INFO] - {"epoch": 1, "update": 0.001, "loss": "7.52", "count_m_0": "1328", "count_u_0": "1480", "loss_m_0": "6.68", "loss_u_0": "7.483", "loss_mlm": "6.68", "loss_features_pen": "0.833", "ctr_loss": "5.782", "ctr_weighted_loss": "0.006", "correct_m_0": "0.0165663", "correct_u_0": "0.00405405", "ppl": "183.54", "wps": "7411.4", "ups": "5.58", "wpb": "1328", "bsz": "4", "num_updates": "106", "lr": "6.625e-06", "gnorm": "1.362", "clip": "0", "loss_scale": "64", "train_wall": "0", "gb_free": "16.8", "wall": "69"}
TCAPPDLL 2025-08-22 00:25:40.753331 - Epoch: 1 Iteration: 106  rank : 0  train.loss : 7.52  train.ips : 7227.0 wps
[2025-08-22 00:25:40,954][train_inner][INFO] - {"epoch": 1, "update": 0.001, "loss": "7.523", "count_m_0": "1784", "count_u_0": "1332", "loss_m_0": "6.719", "loss_u_0": "5.031", "loss_mlm": "6.719", "loss_features_pen": "0.799", "ctr_loss": "5.858", "ctr_weighted_loss": "0.006", "correct_m_0": "0.0179372", "correct_u_0": "0.0225225", "ppl": "183.9", "wps": "9163.1", "ups": "5.14", "wpb": "1784", "bsz": "2", "num_updates": "107", "lr": "6.6875e-06", "gnorm": "1.645", "clip": "0", "loss_scale": "64", "train_wall": "0", "gb_free": "15.5", "wall": "69"}
TCAPPDLL 2025-08-22 00:25:40.955717 - Epoch: 1 Iteration: 107  rank : 0  train.loss : 7.523  train.ips : 8827.4 wps
[2025-08-22 00:25:41,127][train_inner][INFO] - {"epoch": 1, "update": 0.001, "loss": "7.413", "count_m_0": "1184", "count_u_0": "1360", "loss_m_0": "6.713", "loss_u_0": "7.702", "loss_mlm": "6.713", "loss_features_pen": "0.693", "ctr_loss": "6.447", "ctr_weighted_loss": "0.007", "correct_m_0": "0.0126689", "correct_u_0": "0.0132353", "ppl": "170.43", "wps": "7104", "ups": "6", "wpb": "1184", "bsz": "8", "num_updates": "108", "lr": "6.75e-06", "gnorm": "1.608", "clip": "0", "loss_scale": "64", "train_wall": "0", "gb_free": "17.8", "wall": "69"}
TCAPPDLL 2025-08-22 00:25:41.128947 - Epoch: 1 Iteration: 108  rank : 0  train.loss : 7.413  train.ips : 6847.8 wps
[2025-08-22 00:25:41,306][train_inner][INFO] - {"epoch": 1, "update": 0.001, "loss": "7.451", "count_m_0": "1692", "count_u_0": "1264", "loss_m_0": "6.737", "loss_u_0": "5.053", "loss_mlm": "6.737", "loss_features_pen": "0.709", "ctr_loss": "5.688", "ctr_weighted_loss": "0.006", "correct_m_0": "0.00768322", "correct_u_0": "0.00158228", "ppl": "174.97", "wps": "9710.9", "ups": "5.74", "wpb": "1692", "bsz": "2", "num_updates": "109", "lr": "6.8125e-06", "gnorm": "1.332", "clip": "0", "loss_scale": "64", "train_wall": "0", "gb_free": "15.7", "wall": "70"}
TCAPPDLL 2025-08-22 00:25:41.307121 - Epoch: 1 Iteration: 109  rank : 0  train.loss : 7.451  train.ips : 9512.4 wps
[2025-08-22 00:25:41,486][train_inner][INFO] - {"epoch": 1, "update": 0.001, "loss": "7.282", "count_m_0": "1576", "count_u_0": "1268", "loss_m_0": "6.672", "loss_u_0": "5.415", "loss_mlm": "6.672", "loss_features_pen": "0.605", "ctr_loss": "5.378", "ctr_weighted_loss": "0.006", "correct_m_0": "0.0247462", "correct_u_0": "0.0291798", "ppl": "155.62", "wps": "8928.4", "ups": "5.67", "wpb": "1576", "bsz": "2", "num_updates": "110", "lr": "6.875e-06", "gnorm": "1.881", "clip": "0", "loss_scale": "64", "train_wall": "0", "gb_free": "16.2", "wall": "70"}
TCAPPDLL 2025-08-22 00:25:41.487490 - Epoch: 1 Iteration: 110  rank : 0  train.loss : 7.282  train.ips : 8751.0 wps
[2025-08-22 00:25:41,660][train_inner][INFO] - {"epoch": 1, "update": 0.001, "loss": "7.393", "count_m_0": "1386", "count_u_0": "1224", "loss_m_0": "6.704", "loss_u_0": "5.912", "loss_mlm": "6.704", "loss_features_pen": "0.682", "ctr_loss": "6.366", "ctr_weighted_loss": "0.007", "correct_m_0": "0.0137085", "correct_u_0": "0.0196078", "ppl": "168.07", "wps": "8158.6", "ups": "5.89", "wpb": "1386", "bsz": "3", "num_updates": "111", "lr": "6.9375e-06", "gnorm": "1.712", "clip": "0", "loss_scale": "64", "train_wall": "0", "gb_free": "17", "wall": "70"}
TCAPPDLL 2025-08-22 00:25:41.661803 - Epoch: 1 Iteration: 111  rank : 0  train.loss : 7.393  train.ips : 7965.8 wps
[2025-08-22 00:25:41,814][train_inner][INFO] - {"epoch": 1, "update": 0.001, "loss": "7.64", "count_m_0": "1524", "count_u_0": "1048", "loss_m_0": "6.742", "loss_u_0": "4.648", "loss_mlm": "6.742", "loss_features_pen": "0.893", "ctr_loss": "5.836", "ctr_weighted_loss": "0.006", "correct_m_0": "0.00262467", "correct_u_0": "0.00667939", "ppl": "199.47", "wps": "10251", "ups": "6.73", "wpb": "1524", "bsz": "2", "num_updates": "112", "lr": "7e-06", "gnorm": "1.556", "clip": "0", "loss_scale": "64", "train_wall": "0", "gb_free": "16.8", "wall": "70"}
TCAPPDLL 2025-08-22 00:25:41.815683 - Epoch: 1 Iteration: 112  rank : 0  train.loss : 7.64  train.ips : 9939.1 wps
[2025-08-22 00:25:41,987][train_inner][INFO] - {"epoch": 1, "update": 0.001, "loss": "7.501", "count_m_0": "1492", "count_u_0": "1272", "loss_m_0": "6.626", "loss_u_0": "5.696", "loss_mlm": "6.626", "loss_features_pen": "0.87", "ctr_loss": "5.459", "ctr_weighted_loss": "0.006", "correct_m_0": "0.00871314", "correct_u_0": "0.00314465", "ppl": "181.11", "wps": "9073.6", "ups": "6.08", "wpb": "1492", "bsz": "2", "num_updates": "113", "lr": "7.0625e-06", "gnorm": "1.946", "clip": "0", "loss_scale": "64", "train_wall": "0", "gb_free": "16.2", "wall": "70"}
TCAPPDLL 2025-08-22 00:25:41.988270 - Epoch: 1 Iteration: 113  rank : 0  train.loss : 7.501  train.ips : 8667.1 wps
[2025-08-22 00:25:42,153][train_inner][INFO] - {"epoch": 1, "update": 0.001, "loss": "7.368", "count_m_0": "1532", "count_u_0": "1152", "loss_m_0": "6.659", "loss_u_0": "5.032", "loss_mlm": "6.659", "loss_features_pen": "0.703", "ctr_loss": "6.669", "ctr_weighted_loss": "0.008", "correct_m_0": "0.00587467", "correct_u_0": "0.00434028", "ppl": "165.15", "wps": "9705.3", "ups": "6.33", "wpb": "1532", "bsz": "2", "num_updates": "114", "lr": "7.125e-06", "gnorm": "1.85", "clip": "0", "loss_scale": "64", "train_wall": "0", "gb_free": "16.5", "wall": "70"}
TCAPPDLL 2025-08-22 00:25:42.154873 - Epoch: 1 Iteration: 114  rank : 0  train.loss : 7.368  train.ips : 9213.0 wps
[2025-08-22 00:25:42,329][train_inner][INFO] - {"epoch": 1, "update": 0.001, "loss": "7.501", "count_m_0": "1500", "count_u_0": "1280", "loss_m_0": "6.71", "loss_u_0": "5.746", "loss_mlm": "6.71", "loss_features_pen": "0.787", "ctr_loss": "5.24", "ctr_weighted_loss": "0.006", "correct_m_0": "0.0133333", "correct_u_0": "0.0046875", "ppl": "181.2", "wps": "8763.4", "ups": "5.84", "wpb": "1500", "bsz": "2", "num_updates": "115", "lr": "7.1875e-06", "gnorm": "1.606", "clip": "0", "loss_scale": "64", "train_wall": "0", "gb_free": "16.5", "wall": "71"}
TCAPPDLL 2025-08-22 00:25:42.330500 - Epoch: 1 Iteration: 115  rank : 0  train.loss : 7.501  train.ips : 8564.1 wps
[2025-08-22 00:25:42,499][train_inner][INFO] - {"epoch": 1, "update": 0.001, "loss": "7.355", "count_m_0": "1288", "count_u_0": "1156", "loss_m_0": "6.677", "loss_u_0": "5.999", "loss_mlm": "6.677", "loss_features_pen": "0.672", "ctr_loss": "6.044", "ctr_weighted_loss": "0.007", "correct_m_0": "0.0147516", "correct_u_0": "0.0181661", "ppl": "163.71", "wps": "7790", "ups": "6.05", "wpb": "1288", "bsz": "2", "num_updates": "116", "lr": "7.25e-06", "gnorm": "1.623", "clip": "0", "loss_scale": "64", "train_wall": "0", "gb_free": "17.1", "wall": "71"}
TCAPPDLL 2025-08-22 00:25:42.500424 - Epoch: 1 Iteration: 116  rank : 0  train.loss : 7.355  train.ips : 7592.9 wps
[2025-08-22 00:25:42,673][train_inner][INFO] - {"epoch": 1, "update": 0.001, "loss": "7.331", "count_m_0": "1416", "count_u_0": "1074", "loss_m_0": "6.725", "loss_u_0": "5.101", "loss_mlm": "6.725", "loss_features_pen": "0.6", "ctr_loss": "5.977", "ctr_weighted_loss": "0.007", "correct_m_0": "0.0218927", "correct_u_0": "0.00372439", "ppl": "160.97", "wps": "8311.5", "ups": "5.87", "wpb": "1416", "bsz": "3", "num_updates": "117", "lr": "7.3125e-06", "gnorm": "1.396", "clip": "0", "loss_scale": "64", "train_wall": "0", "gb_free": "17.3", "wall": "71"}
TCAPPDLL 2025-08-22 00:25:42.674682 - Epoch: 1 Iteration: 117  rank : 0  train.loss : 7.331  train.ips : 8143.0 wps
[2025-08-22 00:25:42,854][train_inner][INFO] - {"epoch": 1, "update": 0.001, "loss": "7.242", "count_m_0": "1288", "count_u_0": "1124", "loss_m_0": "6.716", "loss_u_0": "5.905", "loss_mlm": "6.716", "loss_features_pen": "0.52", "ctr_loss": "5.834", "ctr_weighted_loss": "0.007", "correct_m_0": "0.0131988", "correct_u_0": "0.00177936", "ppl": "151.35", "wps": "7268.1", "ups": "5.64", "wpb": "1288", "bsz": "2", "num_updates": "118", "lr": "7.375e-06", "gnorm": "1.527", "clip": "0", "loss_scale": "64", "train_wall": "0", "gb_free": "17", "wall": "71"}
TCAPPDLL 2025-08-22 00:25:42.855498 - Epoch: 1 Iteration: 118  rank : 0  train.loss : 7.242  train.ips : 7133.8 wps
[2025-08-22 00:25:43,024][train_inner][INFO] - {"epoch": 1, "update": 0.001, "loss": "7.306", "count_m_0": "1224", "count_u_0": "932", "loss_m_0": "6.73", "loss_u_0": "5.136", "loss_mlm": "6.73", "loss_features_pen": "0.571", "ctr_loss": "5.927", "ctr_weighted_loss": "0.007", "correct_m_0": "0.0106209", "correct_u_0": "0.0236052", "ppl": "158.23", "wps": "7411.4", "ups": "6.05", "wpb": "1224", "bsz": "2", "num_updates": "119", "lr": "7.4375e-06", "gnorm": "1.582", "clip": "0", "loss_scale": "64", "train_wall": "0", "gb_free": "17.6", "wall": "71"}
TCAPPDLL 2025-08-22 00:25:43.024734 - Epoch: 1 Iteration: 119  rank : 0  train.loss : 7.306  train.ips : 7245.1 wps
[2025-08-22 00:25:43,195][train_inner][INFO] - {"epoch": 1, "update": 0.001, "loss": "7.392", "count_m_0": "1680", "count_u_0": "1084", "loss_m_0": "6.7", "loss_u_0": "4.309", "loss_mlm": "6.7", "loss_features_pen": "0.687", "ctr_loss": "6.505", "ctr_weighted_loss": "0.008", "correct_m_0": "0.010119", "correct_u_0": "0.0249077", "ppl": "167.94", "wps": "10005.2", "ups": "5.96", "wpb": "1680", "bsz": "2", "num_updates": "120", "lr": "7.5e-06", "gnorm": "1.574", "clip": "0", "loss_scale": "64", "train_wall": "0", "gb_free": "16.1", "wall": "71"}
TCAPPDLL 2025-08-22 00:25:43.196518 - Epoch: 1 Iteration: 120  rank : 0  train.loss : 7.392  train.ips : 9799.4 wps
[2025-08-22 00:25:43,340][train_inner][INFO] - {"epoch": 1, "update": 0.001, "loss": "7.284", "count_m_0": "1212", "count_u_0": "1088", "loss_m_0": "6.684", "loss_u_0": "6.029", "loss_mlm": "6.684", "loss_features_pen": "0.594", "ctr_loss": "6.202", "ctr_weighted_loss": "0.007", "correct_m_0": "0.0165017", "correct_u_0": "0.00919118", "ppl": "155.88", "wps": "8653.1", "ups": "7.14", "wpb": "1212", "bsz": "2", "num_updates": "121", "lr": "7.5625e-06", "gnorm": "1.549", "clip": "0", "loss_scale": "64", "train_wall": "0", "gb_free": "17.4", "wall": "72"}
TCAPPDLL 2025-08-22 00:25:43.340681 - Epoch: 1 Iteration: 121  rank : 0  train.loss : 7.284  train.ips : 8425.7 wps
[2025-08-22 00:25:43,525][train_inner][INFO] - {"epoch": 1, "update": 0.001, "loss": "7.238", "count_m_0": "1724", "count_u_0": "1392", "loss_m_0": "6.698", "loss_u_0": "5.43", "loss_mlm": "6.698", "loss_features_pen": "0.535", "ctr_loss": "5.757", "ctr_weighted_loss": "0.007", "correct_m_0": "0.00464037", "correct_u_0": "0.00287356", "ppl": "150.99", "wps": "9594.6", "ups": "5.57", "wpb": "1724", "bsz": "2", "num_updates": "122", "lr": "7.625e-06", "gnorm": "1.424", "clip": "0", "loss_scale": "64", "train_wall": "0", "gb_free": "15.5", "wall": "72"}
TCAPPDLL 2025-08-22 00:25:43.525831 - Epoch: 1 Iteration: 122  rank : 0  train.loss : 7.238  train.ips : 9335.5 wps
[2025-08-22 00:25:43,690][train_inner][INFO] - {"epoch": 1, "update": 0.001, "loss": "7.177", "count_m_0": "1224", "count_u_0": "948", "loss_m_0": "6.702", "loss_u_0": "5.179", "loss_mlm": "6.702", "loss_features_pen": "0.469", "ctr_loss": "5.967", "ctr_weighted_loss": "0.007", "correct_m_0": "0.0261438", "correct_u_0": "0.00843882", "ppl": "144.7", "wps": "7747.4", "ups": "6.33", "wpb": "1224", "bsz": "2", "num_updates": "123", "lr": "7.6875e-06", "gnorm": "2.039", "clip": "0", "loss_scale": "64", "train_wall": "0", "gb_free": "17.6", "wall": "72"}
TCAPPDLL 2025-08-22 00:25:43.691880 - Epoch: 1 Iteration: 123  rank : 0  train.loss : 7.177  train.ips : 7396.3 wps
[2025-08-22 00:25:43,879][train_inner][INFO] - {"epoch": 1, "update": 0.001, "loss": "7.325", "count_m_0": "1456", "count_u_0": "1084", "loss_m_0": "6.729", "loss_u_0": "5.024", "loss_mlm": "6.729", "loss_features_pen": "0.591", "ctr_loss": "5.7", "ctr_weighted_loss": "0.007", "correct_m_0": "0.0103022", "correct_u_0": "0.00738007", "ppl": "160.3", "wps": "7922.4", "ups": "5.44", "wpb": "1456", "bsz": "2", "num_updates": "124", "lr": "7.75e-06", "gnorm": "1.71", "clip": "0", "loss_scale": "64", "train_wall": "0", "gb_free": "16.7", "wall": "72"}
TCAPPDLL 2025-08-22 00:25:43.881046 - Epoch: 1 Iteration: 124  rank : 0  train.loss : 7.325  train.ips : 7718.8 wps
[2025-08-22 00:25:44,060][train_inner][INFO] - {"epoch": 1, "update": 0.001, "loss": "7.214", "count_m_0": "1524", "count_u_0": "1304", "loss_m_0": "6.681", "loss_u_0": "5.723", "loss_mlm": "6.681", "loss_features_pen": "0.527", "ctr_loss": "5.749", "ctr_weighted_loss": "0.007", "correct_m_0": "0.00853018", "correct_u_0": "0.0053681", "ppl": "148.48", "wps": "8618.5", "ups": "5.66", "wpb": "1524", "bsz": "2", "num_updates": "125", "lr": "7.8125e-06", "gnorm": "1.22", "clip": "0", "loss_scale": "64", "train_wall": "0", "gb_free": "16", "wall": "72"}
TCAPPDLL 2025-08-22 00:25:44.061460 - Epoch: 1 Iteration: 125  rank : 0  train.loss : 7.214  train.ips : 8473.3 wps
[2025-08-22 00:25:44,236][train_inner][INFO] - {"epoch": 1, "update": 0.001, "loss": "7.246", "count_m_0": "1604", "count_u_0": "1368", "loss_m_0": "6.696", "loss_u_0": "5.695", "loss_mlm": "6.696", "loss_features_pen": "0.544", "ctr_loss": "5.875", "ctr_weighted_loss": "0.007", "correct_m_0": "0.0193267", "correct_u_0": "0.0248538", "ppl": "151.79", "wps": "9385.5", "ups": "5.85", "wpb": "1604", "bsz": "2", "num_updates": "126", "lr": "7.875e-06", "gnorm": "1.353", "clip": "0", "loss_scale": "64", "train_wall": "0", "gb_free": "15.8", "wall": "72"}
TCAPPDLL 2025-08-22 00:25:44.236680 - Epoch: 1 Iteration: 126  rank : 0  train.loss : 7.246  train.ips : 9170.5 wps
[2025-08-22 00:25:44,403][train_inner][INFO] - {"epoch": 1, "update": 0.001, "loss": "7.142", "count_m_0": "1504", "count_u_0": "1260", "loss_m_0": "6.632", "loss_u_0": "5.61", "loss_mlm": "6.632", "loss_features_pen": "0.504", "ctr_loss": "5.926", "ctr_weighted_loss": "0.007", "correct_m_0": "0.0246011", "correct_u_0": "0.015873", "ppl": "141.26", "wps": "9226.7", "ups": "6.13", "wpb": "1504", "bsz": "2", "num_updates": "127", "lr": "7.9375e-06", "gnorm": "1.512", "clip": "0", "loss_scale": "64", "train_wall": "0", "gb_free": "16.2", "wall": "73"}
TCAPPDLL 2025-08-22 00:25:44.403731 - Epoch: 1 Iteration: 127  rank : 0  train.loss : 7.142  train.ips : 9020.2 wps
[2025-08-22 00:25:44,567][train_inner][INFO] - {"epoch": 1, "update": 0.001, "loss": "7.119", "count_m_0": "1396", "count_u_0": "1288", "loss_m_0": "6.721", "loss_u_0": "6.201", "loss_mlm": "6.721", "loss_features_pen": "0.391", "ctr_loss": "6.401", "ctr_weighted_loss": "0.008", "correct_m_0": "0.0114613", "correct_u_0": "0.0263975", "ppl": "139.01", "wps": "8683.1", "ups": "6.22", "wpb": "1396", "bsz": "2", "num_updates": "128", "lr": "8e-06", "gnorm": "1.686", "clip": "0", "loss_scale": "64", "train_wall": "0", "gb_free": "16.3", "wall": "73"}
TCAPPDLL 2025-08-22 00:25:44.568178 - Epoch: 1 Iteration: 128  rank : 0  train.loss : 7.119  train.ips : 8509.4 wps
[2025-08-22 00:25:44,745][train_inner][INFO] - {"epoch": 1, "update": 0.001, "loss": "7.159", "count_m_0": "1796", "count_u_0": "1256", "loss_m_0": "6.681", "loss_u_0": "4.692", "loss_mlm": "6.681", "loss_features_pen": "0.472", "ctr_loss": "6.403", "ctr_weighted_loss": "0.008", "correct_m_0": "0.00723831", "correct_u_0": "0.0111465", "ppl": "142.9", "wps": "10306.3", "ups": "5.74", "wpb": "1796", "bsz": "2", "num_updates": "129", "lr": "8.0625e-06", "gnorm": "1.208", "clip": "0", "loss_scale": "64", "train_wall": "0", "gb_free": "15.6", "wall": "73"}
TCAPPDLL 2025-08-22 00:25:44.746119 - Epoch: 1 Iteration: 129  rank : 0  train.loss : 7.159  train.ips : 10118.6 wps
[2025-08-22 00:25:44,920][train_inner][INFO] - {"epoch": 1, "update": 0.001, "loss": "7.171", "count_m_0": "1616", "count_u_0": "1308", "loss_m_0": "6.66", "loss_u_0": "5.401", "loss_mlm": "6.66", "loss_features_pen": "0.505", "ctr_loss": "6.053", "ctr_weighted_loss": "0.008", "correct_m_0": "0.0191832", "correct_u_0": "0.0129969", "ppl": "144.08", "wps": "9434.5", "ups": "5.84", "wpb": "1616", "bsz": "2", "num_updates": "130", "lr": "8.125e-06", "gnorm": "1.819", "clip": "0", "loss_scale": "64", "train_wall": "0", "gb_free": "15.8", "wall": "73"}
TCAPPDLL 2025-08-22 00:25:44.921027 - Epoch: 1 Iteration: 130  rank : 0  train.loss : 7.171  train.ips : 9253.5 wps
[2025-08-22 00:25:45,075][train_inner][INFO] - {"epoch": 1, "update": 0.001, "loss": "7.079", "count_m_0": "1132", "count_u_0": "960", "loss_m_0": "6.618", "loss_u_0": "5.687", "loss_mlm": "6.618", "loss_features_pen": "0.455", "ctr_loss": "5.821", "ctr_weighted_loss": "0.008", "correct_m_0": "0.0291519", "correct_u_0": "0.00729167", "ppl": "135.23", "wps": "7478.2", "ups": "6.61", "wpb": "1132", "bsz": "2", "num_updates": "131", "lr": "8.1875e-06", "gnorm": "1.687", "clip": "0", "loss_scale": "64", "train_wall": "0", "gb_free": "17.8", "wall": "73"}
TCAPPDLL 2025-08-22 00:25:45.076041 - Epoch: 1 Iteration: 131  rank : 0  train.loss : 7.079  train.ips : 7314.6 wps
[2025-08-22 00:25:45,257][train_inner][INFO] - {"epoch": 1, "update": 0.001, "loss": "7.241", "count_m_0": "1740", "count_u_0": "1312", "loss_m_0": "6.708", "loss_u_0": "5.059", "loss_mlm": "6.708", "loss_features_pen": "0.527", "ctr_loss": "5.851", "ctr_weighted_loss": "0.008", "correct_m_0": "0.0114943", "correct_u_0": "0.0228659", "ppl": "151.27", "wps": "9764.4", "ups": "5.61", "wpb": "1740", "bsz": "2", "num_updates": "132", "lr": "8.25e-06", "gnorm": "1.292", "clip": "0", "loss_scale": "64", "train_wall": "0", "gb_free": "15.7", "wall": "73"}
TCAPPDLL 2025-08-22 00:25:45.258001 - Epoch: 1 Iteration: 132  rank : 0  train.loss : 7.241  train.ips : 9588.2 wps
[2025-08-22 00:25:45,417][train_inner][INFO] - {"epoch": 1, "update": 0.001, "loss": "7.16", "count_m_0": "1344", "count_u_0": "1340", "loss_m_0": "6.663", "loss_u_0": "6.669", "loss_mlm": "6.663", "loss_features_pen": "0.49", "ctr_loss": "5.809", "ctr_weighted_loss": "0.008", "correct_m_0": "0.0119048", "correct_u_0": "0.0104478", "ppl": "143.06", "wps": "8573.1", "ups": "6.38", "wpb": "1344", "bsz": "2", "num_updates": "133", "lr": "8.3125e-06", "gnorm": "1.485", "clip": "0", "loss_scale": "64", "train_wall": "0", "gb_free": "16.3", "wall": "74"}
TCAPPDLL 2025-08-22 00:25:45.418307 - Epoch: 1 Iteration: 133  rank : 0  train.loss : 7.16  train.ips : 8404.5 wps
[2025-08-22 00:25:45,575][train_inner][INFO] - {"epoch": 1, "update": 0.001, "loss": "7.028", "count_m_0": "1060", "count_u_0": "1144", "loss_m_0": "6.575", "loss_u_0": "7.197", "loss_mlm": "6.575", "loss_features_pen": "0.442", "ctr_loss": "7.264", "ctr_weighted_loss": "0.01", "correct_m_0": "0.0207547", "correct_u_0": "0.0104895", "ppl": "130.51", "wps": "6860.1", "ups": "6.47", "wpb": "1060", "bsz": "2", "num_updates": "134", "lr": "8.375e-06", "gnorm": "1.994", "clip": "0", "loss_scale": "64", "train_wall": "0", "gb_free": "17.4", "wall": "74"}
TCAPPDLL 2025-08-22 00:25:45.576277 - Epoch: 1 Iteration: 134  rank : 0  train.loss : 7.028  train.ips : 6722.1 wps
[2025-08-22 00:25:45,733][train_inner][INFO] - {"epoch": 1, "update": 0.001, "loss": "7.131", "count_m_0": "1344", "count_u_0": "1244", "loss_m_0": "6.676", "loss_u_0": "6.205", "loss_mlm": "6.676", "loss_features_pen": "0.447", "ctr_loss": "5.985", "ctr_weighted_loss": "0.008", "correct_m_0": "0.03125", "correct_u_0": "0.0128617", "ppl": "140.13", "wps": "8738.3", "ups": "6.5", "wpb": "1344", "bsz": "2", "num_updates": "135", "lr": "8.4375e-06", "gnorm": "1.318", "clip": "0", "loss_scale": "64", "train_wall": "0", "gb_free": "16.6", "wall": "74"}
TCAPPDLL 2025-08-22 00:25:45.734321 - Epoch: 1 Iteration: 135  rank : 0  train.loss : 7.131  train.ips : 8529.5 wps
[2025-08-22 00:25:45,890][train_inner][INFO] - {"epoch": 1, "update": 0.001, "loss": "7.122", "count_m_0": "1452", "count_u_0": "1056", "loss_m_0": "6.704", "loss_u_0": "4.856", "loss_mlm": "6.704", "loss_features_pen": "0.41", "ctr_loss": "7.691", "ctr_weighted_loss": "0.01", "correct_m_0": "0.00895317", "correct_u_0": "0.00852273", "ppl": "139.25", "wps": "9499.2", "ups": "6.54", "wpb": "1452", "bsz": "2", "num_updates": "136", "lr": "8.5e-06", "gnorm": "1.392", "clip": "0", "loss_scale": "64", "train_wall": "0", "gb_free": "16.8", "wall": "74"}
TCAPPDLL 2025-08-22 00:25:45.890682 - Epoch: 1 Iteration: 136  rank : 0  train.loss : 7.122  train.ips : 9305.1 wps
[2025-08-22 00:25:46,069][train_inner][INFO] - {"epoch": 1, "update": 0.001, "loss": "7.118", "count_m_0": "1632", "count_u_0": "1372", "loss_m_0": "6.689", "loss_u_0": "5.65", "loss_mlm": "6.689", "loss_features_pen": "0.421", "ctr_loss": "6.264", "ctr_weighted_loss": "0.009", "correct_m_0": "0.00551471", "correct_u_0": "0.0109329", "ppl": "138.89", "wps": "9278", "ups": "5.68", "wpb": "1632", "bsz": "2", "num_updates": "137", "lr": "8.5625e-06", "gnorm": "1.3", "clip": "0", "loss_scale": "64", "train_wall": "0", "gb_free": "15.5", "wall": "74"}
TCAPPDLL 2025-08-22 00:25:46.069890 - Epoch: 1 Iteration: 137  rank : 0  train.loss : 7.118  train.ips : 9128.9 wps
[2025-08-22 00:25:46,270][train_inner][INFO] - {"epoch": 1, "update": 0.001, "loss": "7.067", "count_m_0": "1608", "count_u_0": "1516", "loss_m_0": "6.677", "loss_u_0": "6.281", "loss_mlm": "6.677", "loss_features_pen": "0.382", "ctr_loss": "6.107", "ctr_weighted_loss": "0.008", "correct_m_0": "0.0136816", "correct_u_0": "0.00923483", "ppl": "134.07", "wps": "8139.2", "ups": "5.06", "wpb": "1608", "bsz": "2", "num_updates": "138", "lr": "8.625e-06", "gnorm": "1.367", "clip": "0", "loss_scale": "64", "train_wall": "0", "gb_free": "15.2", "wall": "74"}
TCAPPDLL 2025-08-22 00:25:46.271374 - Epoch: 1 Iteration: 138  rank : 0  train.loss : 7.067  train.ips : 7995.7 wps
[2025-08-22 00:25:46,448][train_inner][INFO] - {"epoch": 1, "update": 0.001, "loss": "7.078", "count_m_0": "1644", "count_u_0": "1328", "loss_m_0": "6.714", "loss_u_0": "5.409", "loss_mlm": "6.714", "loss_features_pen": "0.358", "ctr_loss": "5.746", "ctr_weighted_loss": "0.008", "correct_m_0": "0.0279805", "correct_u_0": "0.0195783", "ppl": "135.13", "wps": "9475.5", "ups": "5.76", "wpb": "1644", "bsz": "2", "num_updates": "139", "lr": "8.6875e-06", "gnorm": "1.397", "clip": "0", "loss_scale": "64", "train_wall": "0", "gb_free": "15.9", "wall": "75"}
TCAPPDLL 2025-08-22 00:25:46.449100 - Epoch: 1 Iteration: 139  rank : 0  train.loss : 7.078  train.ips : 9268.3 wps
[2025-08-22 00:25:46,620][train_inner][INFO] - {"epoch": 1, "update": 0.001, "loss": "6.982", "count_m_0": "1508", "count_u_0": "1352", "loss_m_0": "6.643", "loss_u_0": "6.012", "loss_mlm": "6.643", "loss_features_pen": "0.332", "ctr_loss": "6.048", "ctr_weighted_loss": "0.008", "correct_m_0": "0.0185676", "correct_u_0": "0.00739645", "ppl": "126.45", "wps": "8952.4", "ups": "5.94", "wpb": "1508", "bsz": "2", "num_updates": "140", "lr": "8.75e-06", "gnorm": "1.391", "clip": "0", "loss_scale": "64", "train_wall": "0", "gb_free": "16.1", "wall": "75"}
TCAPPDLL 2025-08-22 00:25:46.621848 - Epoch: 1 Iteration: 140  rank : 0  train.loss : 6.982  train.ips : 8760.6 wps
[2025-08-22 00:25:46,808][train_inner][INFO] - {"epoch": 1, "update": 0.001, "loss": "7.03", "count_m_0": "1672", "count_u_0": "1452", "loss_m_0": "6.657", "loss_u_0": "5.795", "loss_mlm": "6.657", "loss_features_pen": "0.364", "ctr_loss": "6.633", "ctr_weighted_loss": "0.009", "correct_m_0": "0.00956938", "correct_u_0": "0", "ppl": "130.65", "wps": "9146.2", "ups": "5.47", "wpb": "1672", "bsz": "2", "num_updates": "141", "lr": "8.8125e-06", "gnorm": "1.189", "clip": "0", "loss_scale": "64", "train_wall": "0", "gb_free": "15.5", "wall": "75"}
TCAPPDLL 2025-08-22 00:25:46.808982 - Epoch: 1 Iteration: 141  rank : 0  train.loss : 7.03  train.ips : 8961.2 wps
[2025-08-22 00:25:46,986][train_inner][INFO] - {"epoch": 1, "update": 0.001, "loss": "7.093", "count_m_0": "1688", "count_u_0": "1348", "loss_m_0": "6.685", "loss_u_0": "5.336", "loss_mlm": "6.685", "loss_features_pen": "0.401", "ctr_loss": "6.914", "ctr_weighted_loss": "0.01", "correct_m_0": "0.0118483", "correct_u_0": "0.0133531", "ppl": "136.57", "wps": "9649.6", "ups": "5.72", "wpb": "1688", "bsz": "2", "num_updates": "142", "lr": "8.875e-06", "gnorm": "1.156", "clip": "0", "loss_scale": "64", "train_wall": "0", "gb_free": "15.7", "wall": "75"}
TCAPPDLL 2025-08-22 00:25:46.987685 - Epoch: 1 Iteration: 142  rank : 0  train.loss : 7.093  train.ips : 9473.2 wps
[2025-08-22 00:25:47,154][train_inner][INFO] - {"epoch": 1, "update": 0.001, "loss": "7.037", "count_m_0": "1476", "count_u_0": "1288", "loss_m_0": "6.674", "loss_u_0": "5.811", "loss_mlm": "6.674", "loss_features_pen": "0.355", "ctr_loss": "6.852", "ctr_weighted_loss": "0.01", "correct_m_0": "0.0149051", "correct_u_0": "0.0139752", "ppl": "131.34", "wps": "9022.9", "ups": "6.11", "wpb": "1476", "bsz": "2", "num_updates": "143", "lr": "8.9375e-06", "gnorm": "2.099", "clip": "0", "loss_scale": "64", "train_wall": "0", "gb_free": "16.2", "wall": "75"}
TCAPPDLL 2025-08-22 00:25:47.154865 - Epoch: 1 Iteration: 143  rank : 0  train.loss : 7.037  train.ips : 8843.0 wps
[2025-08-22 00:25:47,351][train_inner][INFO] - {"epoch": 1, "update": 0.001, "loss": "7.043", "count_m_0": "1760", "count_u_0": "1292", "loss_m_0": "6.694", "loss_u_0": "4.924", "loss_mlm": "6.694", "loss_features_pen": "0.342", "ctr_loss": "6.475", "ctr_weighted_loss": "0.009", "correct_m_0": "0.0232955", "correct_u_0": "0.00541796", "ppl": "131.89", "wps": "10054.2", "ups": "5.71", "wpb": "1760", "bsz": "2", "num_updates": "144", "lr": "9e-06", "gnorm": "1.243", "clip": "0", "loss_scale": "64", "train_wall": "0", "gb_free": "15.6", "wall": "76"}
TCAPPDLL 2025-08-22 00:25:47.354620 - Epoch: 1 Iteration: 144  rank : 0  train.loss : 7.043  train.ips : 8831.0 wps
[2025-08-22 00:25:47,534][train_inner][INFO] - {"epoch": 1, "update": 0.001, "loss": "7.078", "count_m_0": "1572", "count_u_0": "1158", "loss_m_0": "6.698", "loss_u_0": "4.939", "loss_mlm": "6.698", "loss_features_pen": "0.373", "ctr_loss": "6.263", "ctr_weighted_loss": "0.009", "correct_m_0": "0.00445293", "correct_u_0": "0.00863558", "ppl": "135.08", "wps": "8987.7", "ups": "5.72", "wpb": "1572", "bsz": "3", "num_updates": "145", "lr": "9.0625e-06", "gnorm": "1.429", "clip": "0", "loss_scale": "64", "train_wall": "0", "gb_free": "16.9", "wall": "76"}
TCAPPDLL 2025-08-22 00:25:47.535368 - Epoch: 1 Iteration: 145  rank : 0  train.loss : 7.078  train.ips : 8726.8 wps
[2025-08-22 00:25:47,684][train_inner][INFO] - {"epoch": 1, "update": 0.001, "loss": "7.013", "count_m_0": "1432", "count_u_0": "1092", "loss_m_0": "6.688", "loss_u_0": "5.123", "loss_mlm": "6.688", "loss_features_pen": "0.318", "ctr_loss": "6.176", "ctr_weighted_loss": "0.009", "correct_m_0": "0.0174581", "correct_u_0": "0.014652", "ppl": "129.17", "wps": "9871.6", "ups": "6.89", "wpb": "1432", "bsz": "2", "num_updates": "146", "lr": "9.125e-06", "gnorm": "1.3", "clip": "0", "loss_scale": "64", "train_wall": "0", "gb_free": "16.9", "wall": "76"}
TCAPPDLL 2025-08-22 00:25:47.684526 - Epoch: 1 Iteration: 146  rank : 0  train.loss : 7.013  train.ips : 9622.2 wps
[2025-08-22 00:25:47,858][train_inner][INFO] - {"epoch": 1, "update": 0.001, "loss": "7", "count_m_0": "1470", "count_u_0": "1188", "loss_m_0": "6.69", "loss_u_0": "5.443", "loss_mlm": "6.69", "loss_features_pen": "0.303", "ctr_loss": "6.535", "ctr_weighted_loss": "0.01", "correct_m_0": "0.0108844", "correct_u_0": "0.0109428", "ppl": "128.04", "wps": "8642.2", "ups": "5.88", "wpb": "1470", "bsz": "3", "num_updates": "147", "lr": "9.1875e-06", "gnorm": "1.411", "clip": "0", "loss_scale": "64", "train_wall": "0", "gb_free": "17.1", "wall": "76"}
TCAPPDLL 2025-08-22 00:25:47.859034 - Epoch: 1 Iteration: 147  rank : 0  train.loss : 7.0  train.ips : 8437.7 wps
[2025-08-22 00:25:48,034][train_inner][INFO] - {"epoch": 1, "update": 0.001, "loss": "7.074", "count_m_0": "1472", "count_u_0": "1404", "loss_m_0": "6.638", "loss_u_0": "6.356", "loss_mlm": "6.638", "loss_features_pen": "0.427", "ctr_loss": "6.033", "ctr_weighted_loss": "0.009", "correct_m_0": "0.0203804", "correct_u_0": "0.017094", "ppl": "134.75", "wps": "8570.9", "ups": "5.82", "wpb": "1472", "bsz": "2", "num_updates": "148", "lr": "9.25e-06", "gnorm": "1.492", "clip": "0", "loss_scale": "64", "train_wall": "0", "gb_free": "15.8", "wall": "76"}
TCAPPDLL 2025-08-22 00:25:48.034518 - Epoch: 1 Iteration: 148  rank : 0  train.loss : 7.074  train.ips : 8401.6 wps
[2025-08-22 00:25:48,190][train_inner][INFO] - {"epoch": 1, "update": 0.001, "loss": "7.026", "count_m_0": "1296", "count_u_0": "1100", "loss_m_0": "6.626", "loss_u_0": "5.693", "loss_mlm": "6.626", "loss_features_pen": "0.392", "ctr_loss": "6.168", "ctr_weighted_loss": "0.009", "correct_m_0": "0.0239198", "correct_u_0": "0.01", "ppl": "130.33", "wps": "8567.1", "ups": "6.61", "wpb": "1296", "bsz": "2", "num_updates": "149", "lr": "9.3125e-06", "gnorm": "1.3", "clip": "0", "loss_scale": "64", "train_wall": "0", "gb_free": "17.2", "wall": "76"}
TCAPPDLL 2025-08-22 00:25:48.191588 - Epoch: 1 Iteration: 149  rank : 0  train.loss : 7.026  train.ips : 8266.3 wps
[2025-08-22 00:25:48,350][train_inner][INFO] - {"epoch": 1, "update": 0.001, "loss": "7.031", "count_m_0": "1408", "count_u_0": "1244", "loss_m_0": "6.714", "loss_u_0": "5.913", "loss_mlm": "6.714", "loss_features_pen": "0.309", "ctr_loss": "6.039", "ctr_weighted_loss": "0.009", "correct_m_0": "0.0163352", "correct_u_0": "0.0233119", "ppl": "130.8", "wps": "9161", "ups": "6.51", "wpb": "1408", "bsz": "2", "num_updates": "150", "lr": "9.375e-06", "gnorm": "1.27", "clip": "0", "loss_scale": "64", "train_wall": "0", "gb_free": "16.6", "wall": "77"}
TCAPPDLL 2025-08-22 00:25:48.352605 - Epoch: 1 Iteration: 150  rank : 0  train.loss : 7.031  train.ips : 8773.3 wps
[2025-08-22 00:25:48,491][train_inner][INFO] - {"epoch": 1, "update": 0.001, "loss": "7.021", "count_m_0": "1160", "count_u_0": "964", "loss_m_0": "6.73", "loss_u_0": "5.614", "loss_mlm": "6.73", "loss_features_pen": "0.284", "ctr_loss": "5.898", "ctr_weighted_loss": "0.009", "correct_m_0": "0.0224138", "correct_u_0": "0.0176349", "ppl": "129.86", "wps": "8534.5", "ups": "7.36", "wpb": "1160", "bsz": "2", "num_updates": "151", "lr": "9.4375e-06", "gnorm": "1.504", "clip": "0", "loss_scale": "64", "train_wall": "0", "gb_free": "17.7", "wall": "77"}
TCAPPDLL 2025-08-22 00:25:48.491997 - Epoch: 1 Iteration: 151  rank : 0  train.loss : 7.021  train.ips : 8356.3 wps
[2025-08-22 00:25:48,646][train_inner][INFO] - {"epoch": 1, "update": 0.001, "loss": "7.003", "count_m_0": "1392", "count_u_0": "1116", "loss_m_0": "6.655", "loss_u_0": "5.331", "loss_mlm": "6.655", "loss_features_pen": "0.342", "ctr_loss": "5.282", "ctr_weighted_loss": "0.008", "correct_m_0": "0.0100575", "correct_u_0": "0.0376344", "ppl": "128.28", "wps": "9221.9", "ups": "6.62", "wpb": "1392", "bsz": "2", "num_updates": "152", "lr": "9.5e-06", "gnorm": "1.335", "clip": "0", "loss_scale": "64", "train_wall": "0", "gb_free": "17", "wall": "77"}
TCAPPDLL 2025-08-22 00:25:48.647232 - Epoch: 1 Iteration: 152  rank : 0  train.loss : 7.003  train.ips : 8986.8 wps
[2025-08-22 00:25:48,798][train_inner][INFO] - {"epoch": 1, "update": 0.001, "loss": "7.024", "count_m_0": "1376", "count_u_0": "1164", "loss_m_0": "6.68", "loss_u_0": "5.607", "loss_mlm": "6.68", "loss_features_pen": "0.337", "ctr_loss": "5.831", "ctr_weighted_loss": "0.009", "correct_m_0": "0.00436047", "correct_u_0": "0.0171821", "ppl": "130.17", "wps": "9346.4", "ups": "6.79", "wpb": "1376", "bsz": "2", "num_updates": "153", "lr": "9.5625e-06", "gnorm": "1.475", "clip": "0", "loss_scale": "64", "train_wall": "0", "gb_free": "16.9", "wall": "77"}
TCAPPDLL 2025-08-22 00:25:48.798796 - Epoch: 1 Iteration: 153  rank : 0  train.loss : 7.024  train.ips : 9100.6 wps
[2025-08-22 00:25:48,963][train_inner][INFO] - {"epoch": 1, "update": 0.001, "loss": "7.007", "count_m_0": "1528", "count_u_0": "1268", "loss_m_0": "6.654", "loss_u_0": "5.514", "loss_mlm": "6.654", "loss_features_pen": "0.346", "ctr_loss": "5.555", "ctr_weighted_loss": "0.008", "correct_m_0": "0.026178", "correct_u_0": "0.0141956", "ppl": "128.65", "wps": "9478.1", "ups": "6.2", "wpb": "1528", "bsz": "2", "num_updates": "154", "lr": "9.625e-06", "gnorm": "1.291", "clip": "0", "loss_scale": "64", "train_wall": "0", "gb_free": "16.5", "wall": "77"}
TCAPPDLL 2025-08-22 00:25:48.963956 - Epoch: 1 Iteration: 154  rank : 0  train.loss : 7.007  train.ips : 9268.7 wps
[2025-08-22 00:25:49,126][train_inner][INFO] - {"epoch": 1, "update": 0.001, "loss": "7.01", "count_m_0": "1344", "count_u_0": "1122", "loss_m_0": "6.712", "loss_u_0": "5.622", "loss_mlm": "6.712", "loss_features_pen": "0.29", "ctr_loss": "6.246", "ctr_weighted_loss": "0.01", "correct_m_0": "0.0119048", "correct_u_0": "0.00980392", "ppl": "128.89", "wps": "8413.3", "ups": "6.26", "wpb": "1344", "bsz": "3", "num_updates": "155", "lr": "9.6875e-06", "gnorm": "1.396", "clip": "0", "loss_scale": "64", "train_wall": "0", "gb_free": "17.5", "wall": "77"}
TCAPPDLL 2025-08-22 00:25:49.127329 - Epoch: 1 Iteration: 155  rank : 0  train.loss : 7.01  train.ips : 8240.3 wps
[2025-08-22 00:25:49,314][train_inner][INFO] - {"epoch": 1, "update": 0.001, "loss": "7.056", "count_m_0": "1812", "count_u_0": "1312", "loss_m_0": "6.675", "loss_u_0": "4.827", "loss_mlm": "6.675", "loss_features_pen": "0.375", "ctr_loss": "5.829", "ctr_weighted_loss": "0.009", "correct_m_0": "0.0198675", "correct_u_0": "0.0320122", "ppl": "133.07", "wps": "9849.4", "ups": "5.44", "wpb": "1812", "bsz": "2", "num_updates": "156", "lr": "9.75e-06", "gnorm": "1.281", "clip": "0", "loss_scale": "64", "train_wall": "0", "gb_free": "15.2", "wall": "78"}
TCAPPDLL 2025-08-22 00:25:49.315088 - Epoch: 1 Iteration: 156  rank : 0  train.loss : 7.056  train.ips : 9665.1 wps
[2025-08-22 00:25:49,460][train_inner][INFO] - {"epoch": 1, "update": 0.001, "loss": "6.921", "count_m_0": "1264", "count_u_0": "1036", "loss_m_0": "6.567", "loss_u_0": "5.458", "loss_mlm": "6.567", "loss_features_pen": "0.346", "ctr_loss": "6.058", "ctr_weighted_loss": "0.009", "correct_m_0": "0.00316456", "correct_u_0": "0.0135135", "ppl": "121.19", "wps": "8878.5", "ups": "7.02", "wpb": "1264", "bsz": "2", "num_updates": "157", "lr": "9.8125e-06", "gnorm": "1.843", "clip": "0", "loss_scale": "64", "train_wall": "0", "gb_free": "17.3", "wall": "78"}
TCAPPDLL 2025-08-22 00:25:49.460966 - Epoch: 1 Iteration: 157  rank : 0  train.loss : 6.921  train.ips : 8681.2 wps
[2025-08-22 00:25:49,644][train_inner][INFO] - {"epoch": 1, "update": 0.001, "loss": "6.975", "count_m_0": "1696", "count_u_0": "1372", "loss_m_0": "6.683", "loss_u_0": "5.373", "loss_mlm": "6.683", "loss_features_pen": "0.284", "ctr_loss": "6.499", "ctr_weighted_loss": "0.01", "correct_m_0": "0.0283019", "correct_u_0": "0.016035", "ppl": "125.8", "wps": "9407.3", "ups": "5.55", "wpb": "1696", "bsz": "2", "num_updates": "158", "lr": "9.875e-06", "gnorm": "1.457", "clip": "0", "loss_scale": "64", "train_wall": "0", "gb_free": "15.4", "wall": "78"}
TCAPPDLL 2025-08-22 00:25:49.644779 - Epoch: 1 Iteration: 158  rank : 0  train.loss : 6.975  train.ips : 9241.7 wps
[2025-08-22 00:25:49,810][train_inner][INFO] - {"epoch": 1, "update": 0.001, "loss": "6.871", "count_m_0": "1564", "count_u_0": "1216", "loss_m_0": "6.622", "loss_u_0": "5.174", "loss_mlm": "6.622", "loss_features_pen": "0.241", "ctr_loss": "6.062", "ctr_weighted_loss": "0.01", "correct_m_0": "0.00127877", "correct_u_0": "0.00657895", "ppl": "117.04", "wps": "9639.4", "ups": "6.16", "wpb": "1564", "bsz": "2", "num_updates": "159", "lr": "9.9375e-06", "gnorm": "1.792", "clip": "0", "loss_scale": "64", "train_wall": "0", "gb_free": "16.4", "wall": "78"}
TCAPPDLL 2025-08-22 00:25:49.810824 - Epoch: 1 Iteration: 159  rank : 0  train.loss : 6.871  train.ips : 9439.8 wps
[2025-08-22 00:25:49,996][train_inner][INFO] - {"epoch": 1, "update": 0.001, "loss": "6.915", "count_m_0": "1732", "count_u_0": "1392", "loss_m_0": "6.649", "loss_u_0": "5.326", "loss_mlm": "6.649", "loss_features_pen": "0.259", "ctr_loss": "5.881", "ctr_weighted_loss": "0.009", "correct_m_0": "0.0236721", "correct_u_0": "0.0222701", "ppl": "120.67", "wps": "9460", "ups": "5.46", "wpb": "1732", "bsz": "2", "num_updates": "160", "lr": "1e-05", "gnorm": "1.441", "clip": "0", "loss_scale": "64", "train_wall": "0", "gb_free": "15.5", "wall": "78"}
TCAPPDLL 2025-08-22 00:25:49.997970 - Epoch: 1 Iteration: 160  rank : 0  train.loss : 6.915  train.ips : 9272.8 wps
[2025-08-22 00:25:50,167][train_inner][INFO] - {"epoch": 1, "update": 0.001, "loss": "6.967", "count_m_0": "1552", "count_u_0": "1196", "loss_m_0": "6.715", "loss_u_0": "5.167", "loss_mlm": "6.715", "loss_features_pen": "0.245", "ctr_loss": "6.082", "ctr_weighted_loss": "0.01", "correct_m_0": "0.00322165", "correct_u_0": "0.0117057", "ppl": "125.07", "wps": "9434.4", "ups": "6.08", "wpb": "1552", "bsz": "2", "num_updates": "161", "lr": "1.00625e-05", "gnorm": "1.367", "clip": "0", "loss_scale": "64", "train_wall": "0", "gb_free": "16.2", "wall": "78"}
TCAPPDLL 2025-08-22 00:25:50.168770 - Epoch: 1 Iteration: 161  rank : 0  train.loss : 6.967  train.ips : 9137.9 wps
[2025-08-22 00:25:50,323][train_inner][INFO] - {"epoch": 1, "update": 0.001, "loss": "7.009", "count_m_0": "1408", "count_u_0": "1100", "loss_m_0": "6.686", "loss_u_0": "5.23", "loss_mlm": "6.686", "loss_features_pen": "0.316", "ctr_loss": "5.851", "ctr_weighted_loss": "0.009", "correct_m_0": "0.0142045", "correct_u_0": "0.00909091", "ppl": "128.83", "wps": "9276.9", "ups": "6.59", "wpb": "1408", "bsz": "2", "num_updates": "162", "lr": "1.0125e-05", "gnorm": "1.207", "clip": "0", "loss_scale": "64", "train_wall": "0", "gb_free": "17", "wall": "79"}
TCAPPDLL 2025-08-22 00:25:50.324138 - Epoch: 1 Iteration: 162  rank : 0  train.loss : 7.009  train.ips : 9078.9 wps
[2025-08-22 00:25:50,489][train_inner][INFO] - {"epoch": 1, "update": 0.001, "loss": "6.976", "count_m_0": "1396", "count_u_0": "1304", "loss_m_0": "6.716", "loss_u_0": "6.281", "loss_mlm": "6.716", "loss_features_pen": "0.25", "ctr_loss": "6.46", "ctr_weighted_loss": "0.01", "correct_m_0": "0.0100287", "correct_u_0": "0.0145706", "ppl": "125.88", "wps": "8598.3", "ups": "6.16", "wpb": "1396", "bsz": "2", "num_updates": "163", "lr": "1.01875e-05", "gnorm": "1.383", "clip": "0", "loss_scale": "64", "train_wall": "0", "gb_free": "16.3", "wall": "79"}
TCAPPDLL 2025-08-22 00:25:50.490332 - Epoch: 1 Iteration: 163  rank : 0  train.loss : 6.976  train.ips : 8413.8 wps
[2025-08-22 00:25:50,660][train_inner][INFO] - {"epoch": 1, "update": 0.001, "loss": "6.912", "count_m_0": "1556", "count_u_0": "1320", "loss_m_0": "6.676", "loss_u_0": "5.638", "loss_mlm": "6.676", "loss_features_pen": "0.227", "ctr_loss": "6.836", "ctr_weighted_loss": "0.011", "correct_m_0": "0.0141388", "correct_u_0": "0.030303", "ppl": "120.45", "wps": "9309.1", "ups": "5.98", "wpb": "1556", "bsz": "2", "num_updates": "164", "lr": "1.025e-05", "gnorm": "1.356", "clip": "0", "loss_scale": "64", "train_wall": "0", "gb_free": "16.1", "wall": "79"}
TCAPPDLL 2025-08-22 00:25:50.661590 - Epoch: 1 Iteration: 164  rank : 0  train.loss : 6.912  train.ips : 9123.0 wps
[2025-08-22 00:25:50,844][train_inner][INFO] - {"epoch": 1, "update": 0.001, "loss": "6.899", "count_m_0": "1332", "count_u_0": "1000", "loss_m_0": "6.657", "loss_u_0": "5.067", "loss_mlm": "6.657", "loss_features_pen": "0.234", "ctr_loss": "6.052", "ctr_weighted_loss": "0.01", "correct_m_0": "0.0255255", "correct_u_0": "0.002", "ppl": "119.32", "wps": "7416.2", "ups": "5.57", "wpb": "1332", "bsz": "2", "num_updates": "165", "lr": "1.03125e-05", "gnorm": "1.438", "clip": "0", "loss_scale": "64", "train_wall": "0", "gb_free": "17.2", "wall": "79"}
TCAPPDLL 2025-08-22 00:25:50.845163 - Epoch: 1 Iteration: 165  rank : 0  train.loss : 6.899  train.ips : 7269.3 wps
[2025-08-22 00:25:51,034][train_inner][INFO] - {"epoch": 1, "update": 0.001, "loss": "6.999", "count_m_0": "1584", "count_u_0": "1308", "loss_m_0": "6.679", "loss_u_0": "5.518", "loss_mlm": "6.679", "loss_features_pen": "0.312", "ctr_loss": "5.77", "ctr_weighted_loss": "0.01", "correct_m_0": "0.010101", "correct_u_0": "0.00764526", "ppl": "127.92", "wps": "8513.8", "ups": "5.37", "wpb": "1584", "bsz": "2", "num_updates": "166", "lr": "1.0375e-05", "gnorm": "1.652", "clip": "0", "loss_scale": "64", "train_wall": "0", "gb_free": "15.8", "wall": "79"}
TCAPPDLL 2025-08-22 00:25:51.035038 - Epoch: 1 Iteration: 166  rank : 0  train.loss : 6.999  train.ips : 8358.6 wps
[2025-08-22 00:25:51,220][train_inner][INFO] - {"epoch": 1, "update": 0.001, "loss": "6.998", "count_m_0": "1744", "count_u_0": "1380", "loss_m_0": "6.656", "loss_u_0": "5.315", "loss_mlm": "6.656", "loss_features_pen": "0.335", "ctr_loss": "5.76", "ctr_weighted_loss": "0.01", "correct_m_0": "0.0286697", "correct_u_0": "0.0130435", "ppl": "127.86", "wps": "9560.2", "ups": "5.48", "wpb": "1744", "bsz": "2", "num_updates": "167", "lr": "1.04375e-05", "gnorm": "1.123", "clip": "0", "loss_scale": "64", "train_wall": "0", "gb_free": "15.5", "wall": "79"}
TCAPPDLL 2025-08-22 00:25:51.220998 - Epoch: 1 Iteration: 167  rank : 0  train.loss : 6.998  train.ips : 9392.0 wps
[2025-08-22 00:25:51,407][train_inner][INFO] - {"epoch": 1, "update": 0.001, "loss": "6.926", "count_m_0": "1740", "count_u_0": "1296", "loss_m_0": "6.63", "loss_u_0": "4.985", "loss_mlm": "6.63", "loss_features_pen": "0.289", "ctr_loss": "5.495", "ctr_weighted_loss": "0.009", "correct_m_0": "0.0172414", "correct_u_0": "0.0138889", "ppl": "121.58", "wps": "9512.7", "ups": "5.47", "wpb": "1740", "bsz": "2", "num_updates": "168", "lr": "1.05e-05", "gnorm": "1.322", "clip": "0", "loss_scale": "64", "train_wall": "0", "gb_free": "15.5", "wall": "80"}
TCAPPDLL 2025-08-22 00:25:51.408581 - Epoch: 1 Iteration: 168  rank : 0  train.loss : 6.926  train.ips : 9302.5 wps
[2025-08-22 00:25:51,588][train_inner][INFO] - {"epoch": 1, "update": 0.001, "loss": "6.909", "count_m_0": "1516", "count_u_0": "1296", "loss_m_0": "6.676", "loss_u_0": "5.699", "loss_mlm": "6.676", "loss_features_pen": "0.225", "ctr_loss": "6.242", "ctr_weighted_loss": "0.01", "correct_m_0": "0.0204485", "correct_u_0": "0.00462963", "ppl": "120.21", "wps": "8578.4", "ups": "5.66", "wpb": "1516", "bsz": "2", "num_updates": "169", "lr": "1.05625e-05", "gnorm": "1.284", "clip": "0", "loss_scale": "64", "train_wall": "0", "gb_free": "16", "wall": "80"}
TCAPPDLL 2025-08-22 00:25:51.588768 - Epoch: 1 Iteration: 169  rank : 0  train.loss : 6.909  train.ips : 8426.1 wps
[2025-08-22 00:25:51,765][train_inner][INFO] - {"epoch": 1, "update": 0.001, "loss": "6.964", "count_m_0": "1596", "count_u_0": "1456", "loss_m_0": "6.691", "loss_u_0": "6.118", "loss_mlm": "6.691", "loss_features_pen": "0.263", "ctr_loss": "6.632", "ctr_weighted_loss": "0.011", "correct_m_0": "0.0275689", "correct_u_0": "0.00961538", "ppl": "124.86", "wps": "9227", "ups": "5.78", "wpb": "1596", "bsz": "2", "num_updates": "170", "lr": "1.0625e-05", "gnorm": "1.275", "clip": "0", "loss_scale": "64", "train_wall": "0", "gb_free": "15.8", "wall": "80"}
TCAPPDLL 2025-08-22 00:25:51.765713 - Epoch: 1 Iteration: 170  rank : 0  train.loss : 6.964  train.ips : 9037.9 wps
[2025-08-22 00:25:51,932][train_inner][INFO] - {"epoch": 1, "update": 0.001, "loss": "6.977", "count_m_0": "1608", "count_u_0": "1204", "loss_m_0": "6.684", "loss_u_0": "4.991", "loss_mlm": "6.684", "loss_features_pen": "0.286", "ctr_loss": "6.079", "ctr_weighted_loss": "0.01", "correct_m_0": "0.0118159", "correct_u_0": "0.0224252", "ppl": "125.97", "wps": "9878.9", "ups": "6.14", "wpb": "1608", "bsz": "2", "num_updates": "171", "lr": "1.06875e-05", "gnorm": "1.248", "clip": "0", "loss_scale": "64", "train_wall": "0", "gb_free": "16.2", "wall": "80"}
TCAPPDLL 2025-08-22 00:25:51.933356 - Epoch: 1 Iteration: 171  rank : 0  train.loss : 6.977  train.ips : 9609.5 wps
[2025-08-22 00:25:52,096][train_inner][INFO] - {"epoch": 1, "update": 0.001, "loss": "6.949", "count_m_0": "1310", "count_u_0": "1280", "loss_m_0": "6.675", "loss_u_0": "6.516", "loss_mlm": "6.675", "loss_features_pen": "0.264", "ctr_loss": "6.062", "ctr_weighted_loss": "0.01", "correct_m_0": "0.0175573", "correct_u_0": "0.021875", "ppl": "123.55", "wps": "8146", "ups": "6.22", "wpb": "1310", "bsz": "5", "num_updates": "172", "lr": "1.075e-05", "gnorm": "1.418", "clip": "0", "loss_scale": "64", "train_wall": "0", "gb_free": "17.6", "wall": "80"}
TCAPPDLL 2025-08-22 00:25:52.097641 - Epoch: 1 Iteration: 172  rank : 0  train.loss : 6.949  train.ips : 8007.8 wps
[2025-08-22 00:25:52,284][train_inner][INFO] - {"epoch": 1, "update": 0.001, "loss": "6.893", "count_m_0": "1772", "count_u_0": "1328", "loss_m_0": "6.676", "loss_u_0": "5", "loss_mlm": "6.676", "loss_features_pen": "0.208", "ctr_loss": "6.097", "ctr_weighted_loss": "0.01", "correct_m_0": "0.0124153", "correct_u_0": "0.0112952", "ppl": "118.82", "wps": "9617.6", "ups": "5.43", "wpb": "1772", "bsz": "2", "num_updates": "173", "lr": "1.08125e-05", "gnorm": "1.332", "clip": "0", "loss_scale": "64", "train_wall": "0", "gb_free": "15.3", "wall": "81"}
TCAPPDLL 2025-08-22 00:25:52.285492 - Epoch: 1 Iteration: 173  rank : 0  train.loss : 6.893  train.ips : 9456.2 wps
[2025-08-22 00:25:52,461][train_inner][INFO] - {"epoch": 1, "update": 0.001, "loss": "6.873", "count_m_0": "1688", "count_u_0": "1284", "loss_m_0": "6.635", "loss_u_0": "5.069", "loss_mlm": "6.635", "loss_features_pen": "0.23", "ctr_loss": "6.129", "ctr_weighted_loss": "0.011", "correct_m_0": "0.021327", "correct_u_0": "0.0179128", "ppl": "117.17", "wps": "9756.5", "ups": "5.78", "wpb": "1688", "bsz": "2", "num_updates": "174", "lr": "1.0875e-05", "gnorm": "1.447", "clip": "0", "loss_scale": "64", "train_wall": "0", "gb_free": "15.6", "wall": "81"}
TCAPPDLL 2025-08-22 00:25:52.462128 - Epoch: 1 Iteration: 174  rank : 0  train.loss : 6.873  train.ips : 9574.2 wps
[2025-08-22 00:25:52,628][train_inner][INFO] - {"epoch": 1, "update": 0.001, "loss": "6.823", "count_m_0": "1488", "count_u_0": "1260", "loss_m_0": "6.658", "loss_u_0": "5.674", "loss_mlm": "6.658", "loss_features_pen": "0.156", "ctr_loss": "6.197", "ctr_weighted_loss": "0.011", "correct_m_0": "0.0215054", "correct_u_0": "0.0253968", "ppl": "113.2", "wps": "9130.7", "ups": "6.14", "wpb": "1488", "bsz": "2", "num_updates": "175", "lr": "1.09375e-05", "gnorm": "1.322", "clip": "0", "loss_scale": "64", "train_wall": "0", "gb_free": "16.2", "wall": "81"}
TCAPPDLL 2025-08-22 00:25:52.628948 - Epoch: 1 Iteration: 175  rank : 0  train.loss : 6.823  train.ips : 8937.0 wps
[2025-08-22 00:25:52,817][train_inner][INFO] - {"epoch": 1, "update": 0.001, "loss": "6.882", "count_m_0": "1672", "count_u_0": "1452", "loss_m_0": "6.655", "loss_u_0": "5.751", "loss_mlm": "6.655", "loss_features_pen": "0.218", "ctr_loss": "6.161", "ctr_weighted_loss": "0.011", "correct_m_0": "0.0149522", "correct_u_0": "0.0206612", "ppl": "117.98", "wps": "9019.9", "ups": "5.39", "wpb": "1672", "bsz": "2", "num_updates": "176", "lr": "1.1e-05", "gnorm": "1.346", "clip": "0", "loss_scale": "64", "train_wall": "0", "gb_free": "15.2", "wall": "81"}
TCAPPDLL 2025-08-22 00:25:52.818457 - Epoch: 1 Iteration: 176  rank : 0  train.loss : 6.882  train.ips : 8836.5 wps
[2025-08-22 00:25:53,077][train_inner][INFO] - {"epoch": 1, "update": 0.001, "loss": "6.865", "count_m_0": "1516", "count_u_0": "1280", "loss_m_0": "6.618", "loss_u_0": "5.629", "loss_mlm": "6.618", "loss_features_pen": "0.238", "ctr_loss": "6.315", "ctr_weighted_loss": "0.011", "correct_m_0": "0.030343", "correct_u_0": "0.00625", "ppl": "116.57", "wps": "5923.1", "ups": "3.91", "wpb": "1516", "bsz": "2", "num_updates": "177", "lr": "1.10625e-05", "gnorm": "1.119", "clip": "0", "loss_scale": "64", "train_wall": "0", "gb_free": "16.1", "wall": "81"}
TCAPPDLL 2025-08-22 00:25:53.077887 - Epoch: 1 Iteration: 177  rank : 0  train.loss : 6.865  train.ips : 5857.8 wps
[2025-08-22 00:25:53,240][train_inner][INFO] - {"epoch": 1, "update": 0.001, "loss": "6.902", "count_m_0": "1520", "count_u_0": "1180", "loss_m_0": "6.687", "loss_u_0": "5.178", "loss_mlm": "6.687", "loss_features_pen": "0.207", "ctr_loss": "5.82", "ctr_weighted_loss": "0.01", "correct_m_0": "0.0171053", "correct_u_0": "0.0135593", "ppl": "119.62", "wps": "9558.4", "ups": "6.29", "wpb": "1520", "bsz": "2", "num_updates": "178", "lr": "1.1125e-05", "gnorm": "1.264", "clip": "0", "loss_scale": "64", "train_wall": "0", "gb_free": "16.5", "wall": "81"}
TCAPPDLL 2025-08-22 00:25:53.240638 - Epoch: 1 Iteration: 178  rank : 0  train.loss : 6.902  train.ips : 9364.5 wps
[2025-08-22 00:25:53,426][train_inner][INFO] - {"epoch": 1, "update": 0.001, "loss": "6.964", "count_m_0": "1844", "count_u_0": "1272", "loss_m_0": "6.697", "loss_u_0": "4.619", "loss_mlm": "6.697", "loss_features_pen": "0.259", "ctr_loss": "5.905", "ctr_weighted_loss": "0.011", "correct_m_0": "0.0135575", "correct_u_0": "0.0133648", "ppl": "124.82", "wps": "10078.6", "ups": "5.47", "wpb": "1844", "bsz": "2", "num_updates": "179", "lr": "1.11875e-05", "gnorm": "1.506", "clip": "0", "loss_scale": "64", "train_wall": "0", "gb_free": "15.2", "wall": "82"}
TCAPPDLL 2025-08-22 00:25:53.427171 - Epoch: 1 Iteration: 179  rank : 0  train.loss : 6.964  train.ips : 9901.5 wps
[2025-08-22 00:25:53,610][train_inner][INFO] - {"epoch": 1, "update": 0.001, "loss": "6.86", "count_m_0": "1732", "count_u_0": "1336", "loss_m_0": "6.596", "loss_u_0": "5.164", "loss_mlm": "6.596", "loss_features_pen": "0.256", "ctr_loss": "5.718", "ctr_weighted_loss": "0.01", "correct_m_0": "0.0254042", "correct_u_0": "0.0187126", "ppl": "116.16", "wps": "9707.3", "ups": "5.6", "wpb": "1732", "bsz": "2", "num_updates": "180", "lr": "1.125e-05", "gnorm": "1.109", "clip": "0", "loss_scale": "64", "train_wall": "0", "gb_free": "15.4", "wall": "82"}
TCAPPDLL 2025-08-22 00:25:53.610495 - Epoch: 1 Iteration: 180  rank : 0  train.loss : 6.86  train.ips : 9469.8 wps
[2025-08-22 00:25:53,798][train_inner][INFO] - {"epoch": 1, "update": 0.001, "loss": "6.83", "count_m_0": "1628", "count_u_0": "1280", "loss_m_0": "6.645", "loss_u_0": "5.209", "loss_mlm": "6.645", "loss_features_pen": "0.177", "ctr_loss": "5.81", "ctr_weighted_loss": "0.01", "correct_m_0": "0.0214988", "correct_u_0": "0.025", "ppl": "113.77", "wps": "8792.3", "ups": "5.4", "wpb": "1628", "bsz": "2", "num_updates": "181", "lr": "1.13125e-05", "gnorm": "1.155", "clip": "0", "loss_scale": "64", "train_wall": "0", "gb_free": "16", "wall": "82"}
TCAPPDLL 2025-08-22 00:25:53.799157 - Epoch: 1 Iteration: 181  rank : 0  train.loss : 6.83  train.ips : 8641.3 wps
[2025-08-22 00:25:53,959][train_inner][INFO] - {"epoch": 1, "update": 0.002, "loss": "6.921", "count_m_0": "1268", "count_u_0": "1016", "loss_m_0": "6.654", "loss_u_0": "5.384", "loss_mlm": "6.654", "loss_features_pen": "0.258", "ctr_loss": "6.024", "ctr_weighted_loss": "0.011", "correct_m_0": "0.00473186", "correct_u_0": "0.011811", "ppl": "121.17", "wps": "8102.9", "ups": "6.39", "wpb": "1268", "bsz": "2", "num_updates": "182", "lr": "1.1375e-05", "gnorm": "1.352", "clip": "0", "loss_scale": "64", "train_wall": "0", "gb_free": "17.5", "wall": "82"}
TCAPPDLL 2025-08-22 00:25:53.959825 - Epoch: 1 Iteration: 182  rank : 0  train.loss : 6.921  train.ips : 7906.4 wps
[2025-08-22 00:25:54,175][train_inner][INFO] - {"epoch": 1, "update": 0.002, "loss": "6.838", "count_m_0": "1488", "count_u_0": "1228", "loss_m_0": "6.648", "loss_u_0": "5.45", "loss_mlm": "6.648", "loss_features_pen": "0.181", "ctr_loss": "6.118", "ctr_weighted_loss": "0.011", "correct_m_0": "0.0262097", "correct_u_0": "0.0374593", "ppl": "114.43", "wps": "9136.6", "ups": "6.14", "wpb": "1488", "bsz": "2", "num_updates": "183", "lr": "1.14375e-05", "gnorm": "1.719", "clip": "0", "loss_scale": "64", "train_wall": "0", "gb_free": "16.3", "wall": "82"}
TCAPPDLL 2025-08-22 00:25:54.175832 - Epoch: 1 Iteration: 183  rank : 0  train.loss : 6.838  train.ips : 6900.3 wps
[2025-08-22 00:25:54,346][train_inner][INFO] - {"epoch": 1, "update": 0.002, "loss": "6.849", "count_m_0": "1472", "count_u_0": "1372", "loss_m_0": "6.677", "loss_u_0": "6.237", "loss_mlm": "6.677", "loss_features_pen": "0.162", "ctr_loss": "5.699", "ctr_weighted_loss": "0.01", "correct_m_0": "0.017663", "correct_u_0": "0.00874636", "ppl": "115.28", "wps": "8792", "ups": "5.97", "wpb": "1472", "bsz": "2", "num_updates": "184", "lr": "1.15e-05", "gnorm": "1.51", "clip": "0", "loss_scale": "64", "train_wall": "0", "gb_free": "15.9", "wall": "83"}
TCAPPDLL 2025-08-22 00:25:54.347112 - Epoch: 1 Iteration: 184  rank : 0  train.loss : 6.849  train.ips : 8608.0 wps
[2025-08-22 00:25:54,537][train_inner][INFO] - {"epoch": 1, "update": 0.002, "loss": "6.816", "count_m_0": "1626", "count_u_0": "1440", "loss_m_0": "6.645", "loss_u_0": "5.915", "loss_mlm": "6.645", "loss_features_pen": "0.161", "ctr_loss": "5.939", "ctr_weighted_loss": "0.011", "correct_m_0": "0.0153752", "correct_u_0": "0.0194444", "ppl": "112.67", "wps": "8723.3", "ups": "5.36", "wpb": "1626", "bsz": "3", "num_updates": "185", "lr": "1.15625e-05", "gnorm": "1.173", "clip": "0", "loss_scale": "64", "train_wall": "0", "gb_free": "16", "wall": "83"}
TCAPPDLL 2025-08-22 00:25:54.538565 - Epoch: 1 Iteration: 185  rank : 0  train.loss : 6.816  train.ips : 8505.7 wps
[2025-08-22 00:25:54,722][train_inner][INFO] - {"epoch": 1, "update": 0.002, "loss": "6.795", "count_m_0": "1644", "count_u_0": "1472", "loss_m_0": "6.592", "loss_u_0": "5.967", "loss_mlm": "6.592", "loss_features_pen": "0.194", "ctr_loss": "5.572", "ctr_weighted_loss": "0.01", "correct_m_0": "0.0243309", "correct_u_0": "0.017663", "ppl": "111.07", "wps": "9215", "ups": "5.61", "wpb": "1644", "bsz": "2", "num_updates": "186", "lr": "1.1625e-05", "gnorm": "1.379", "clip": "0", "loss_scale": "64", "train_wall": "0", "gb_free": "15.7", "wall": "83"}
TCAPPDLL 2025-08-22 00:25:54.723613 - Epoch: 1 Iteration: 186  rank : 0  train.loss : 6.795  train.ips : 8923.6 wps
[2025-08-22 00:25:54,891][train_inner][INFO] - {"epoch": 1, "update": 0.002, "loss": "6.834", "count_m_0": "1580", "count_u_0": "1216", "loss_m_0": "6.662", "loss_u_0": "5.149", "loss_mlm": "6.662", "loss_features_pen": "0.164", "ctr_loss": "5.496", "ctr_weighted_loss": "0.01", "correct_m_0": "0.0202532", "correct_u_0": "0.00986842", "ppl": "114.08", "wps": "9686.4", "ups": "6.13", "wpb": "1580", "bsz": "2", "num_updates": "187", "lr": "1.16875e-05", "gnorm": "1.224", "clip": "0", "loss_scale": "64", "train_wall": "0", "gb_free": "16.3", "wall": "83"}
TCAPPDLL 2025-08-22 00:25:54.892537 - Epoch: 1 Iteration: 187  rank : 0  train.loss : 6.834  train.ips : 9384.4 wps
[2025-08-22 00:25:55,070][train_inner][INFO] - {"epoch": 1, "update": 0.002, "loss": "6.839", "count_m_0": "1708", "count_u_0": "1312", "loss_m_0": "6.641", "loss_u_0": "5.117", "loss_mlm": "6.641", "loss_features_pen": "0.189", "ctr_loss": "5.773", "ctr_weighted_loss": "0.011", "correct_m_0": "0.0187354", "correct_u_0": "0.0106707", "ppl": "114.45", "wps": "9776.7", "ups": "5.72", "wpb": "1708", "bsz": "2", "num_updates": "188", "lr": "1.175e-05", "gnorm": "1.154", "clip": "0", "loss_scale": "64", "train_wall": "0", "gb_free": "15.7", "wall": "83"}
TCAPPDLL 2025-08-22 00:25:55.070962 - Epoch: 1 Iteration: 188  rank : 0  train.loss : 6.839  train.ips : 9589.2 wps
[2025-08-22 00:25:55,243][train_inner][INFO] - {"epoch": 1, "update": 0.002, "loss": "6.859", "count_m_0": "1380", "count_u_0": "1254", "loss_m_0": "6.643", "loss_u_0": "6.059", "loss_mlm": "6.643", "loss_features_pen": "0.206", "ctr_loss": "5.513", "ctr_weighted_loss": "0.01", "correct_m_0": "0.0188406", "correct_u_0": "0.0167464", "ppl": "116.08", "wps": "8171.8", "ups": "5.92", "wpb": "1380", "bsz": "3", "num_updates": "189", "lr": "1.18125e-05", "gnorm": "1.231", "clip": "0", "loss_scale": "64", "train_wall": "0", "gb_free": "16.9", "wall": "83"}
TCAPPDLL 2025-08-22 00:25:55.244144 - Epoch: 1 Iteration: 189  rank : 0  train.loss : 6.859  train.ips : 7999.5 wps
[2025-08-22 00:25:55,412][train_inner][INFO] - {"epoch": 1, "update": 0.002, "loss": "6.872", "count_m_0": "1352", "count_u_0": "1380", "loss_m_0": "6.714", "loss_u_0": "6.803", "loss_mlm": "6.714", "loss_features_pen": "0.148", "ctr_loss": "5.718", "ctr_weighted_loss": "0.011", "correct_m_0": "0.0236686", "correct_u_0": "0.0231884", "ppl": "117.15", "wps": "8305.1", "ups": "6.14", "wpb": "1352", "bsz": "2", "num_updates": "190", "lr": "1.1875e-05", "gnorm": "1.199", "clip": "0", "loss_scale": "64", "train_wall": "0", "gb_free": "16.4", "wall": "84"}
TCAPPDLL 2025-08-22 00:25:55.413547 - Epoch: 1 Iteration: 190  rank : 0  train.loss : 6.872  train.ips : 8019.2 wps
[2025-08-22 00:25:55,571][train_inner][INFO] - {"epoch": 1, "update": 0.002, "loss": "6.78", "count_m_0": "1248", "count_u_0": "972", "loss_m_0": "6.622", "loss_u_0": "5.168", "loss_mlm": "6.622", "loss_features_pen": "0.15", "ctr_loss": "5.891", "ctr_weighted_loss": "0.011", "correct_m_0": "0.0224359", "correct_u_0": "0.0164609", "ppl": "109.91", "wps": "8087.4", "ups": "6.48", "wpb": "1248", "bsz": "2", "num_updates": "191", "lr": "1.19375e-05", "gnorm": "1.579", "clip": "0", "loss_scale": "64", "train_wall": "0", "gb_free": "17.6", "wall": "84"}
TCAPPDLL 2025-08-22 00:25:55.572342 - Epoch: 1 Iteration: 191  rank : 0  train.loss : 6.78  train.ips : 7884.4 wps
[2025-08-22 00:25:55,750][train_inner][INFO] - {"epoch": 1, "update": 0.002, "loss": "6.85", "count_m_0": "1604", "count_u_0": "1240", "loss_m_0": "6.625", "loss_u_0": "5.127", "loss_mlm": "6.625", "loss_features_pen": "0.217", "ctr_loss": "5.878", "ctr_weighted_loss": "0.011", "correct_m_0": "0.0311721", "correct_u_0": "0.0145161", "ppl": "115.37", "wps": "9284.3", "ups": "5.79", "wpb": "1604", "bsz": "2", "num_updates": "192", "lr": "1.2e-05", "gnorm": "1.167", "clip": "0", "loss_scale": "64", "train_wall": "0", "gb_free": "16", "wall": "84"}
TCAPPDLL 2025-08-22 00:25:55.752924 - Epoch: 1 Iteration: 192  rank : 0  train.loss : 6.85  train.ips : 9012.9 wps
[2025-08-22 00:25:55,940][train_inner][INFO] - {"epoch": 1, "update": 0.002, "loss": "6.84", "count_m_0": "1736", "count_u_0": "1380", "loss_m_0": "6.625", "loss_u_0": "5.316", "loss_mlm": "6.625", "loss_features_pen": "0.206", "ctr_loss": "6.345", "ctr_weighted_loss": "0.012", "correct_m_0": "0.0299539", "correct_u_0": "0.0130435", "ppl": "114.6", "wps": "9437.1", "ups": "5.44", "wpb": "1736", "bsz": "2", "num_updates": "193", "lr": "1.20625e-05", "gnorm": "1.085", "clip": "0", "loss_scale": "64", "train_wall": "0", "gb_free": "15.5", "wall": "84"}
TCAPPDLL 2025-08-22 00:25:55.941549 - Epoch: 1 Iteration: 193  rank : 0  train.loss : 6.84  train.ips : 9218.6 wps
[2025-08-22 00:25:56,133][train_inner][INFO] - {"epoch": 1, "update": 0.002, "loss": "6.832", "count_m_0": "1624", "count_u_0": "1500", "loss_m_0": "6.663", "loss_u_0": "6.143", "loss_mlm": "6.663", "loss_features_pen": "0.157", "ctr_loss": "6.229", "ctr_weighted_loss": "0.012", "correct_m_0": "0.0197044", "correct_u_0": "0.0153333", "ppl": "113.91", "wps": "8641.6", "ups": "5.32", "wpb": "1624", "bsz": "2", "num_updates": "194", "lr": "1.2125e-05", "gnorm": "1.281", "clip": "0", "loss_scale": "64", "train_wall": "0", "gb_free": "15.2", "wall": "84"}
TCAPPDLL 2025-08-22 00:25:56.134224 - Epoch: 1 Iteration: 194  rank : 0  train.loss : 6.832  train.ips : 8441.2 wps
[2025-08-22 00:25:56,335][train_inner][INFO] - {"epoch": 1, "update": 0.002, "loss": "6.837", "count_m_0": "1588", "count_u_0": "1288", "loss_m_0": "6.603", "loss_u_0": "5.372", "loss_mlm": "6.603", "loss_features_pen": "0.225", "ctr_loss": "5.415", "ctr_weighted_loss": "0.011", "correct_m_0": "0.0321159", "correct_u_0": "0.0279503", "ppl": "114.31", "wps": "8039.8", "ups": "5.06", "wpb": "1588", "bsz": "2", "num_updates": "195", "lr": "1.21875e-05", "gnorm": "1.209", "clip": "0", "loss_scale": "64", "train_wall": "0", "gb_free": "16.1", "wall": "85"}
TCAPPDLL 2025-08-22 00:25:56.335757 - Epoch: 1 Iteration: 195  rank : 0  train.loss : 6.837  train.ips : 7900.0 wps
[2025-08-22 00:25:56,485][train_inner][INFO] - {"epoch": 1, "update": 0.002, "loss": "6.863", "count_m_0": "1398", "count_u_0": "1212", "loss_m_0": "6.69", "loss_u_0": "5.795", "loss_mlm": "6.69", "loss_features_pen": "0.162", "ctr_loss": "6.308", "ctr_weighted_loss": "0.012", "correct_m_0": "0.0143062", "correct_u_0": "0.00660066", "ppl": "116.41", "wps": "9501", "ups": "6.8", "wpb": "1398", "bsz": "3", "num_updates": "196", "lr": "1.225e-05", "gnorm": "1.296", "clip": "0", "loss_scale": "64", "train_wall": "0", "gb_free": "17.1", "wall": "85"}
TCAPPDLL 2025-08-22 00:25:56.486530 - Epoch: 1 Iteration: 196  rank : 0  train.loss : 6.863  train.ips : 9300.0 wps
[2025-08-22 00:25:56,651][train_inner][INFO] - {"epoch": 1, "update": 0.002, "loss": "6.859", "count_m_0": "1396", "count_u_0": "1032", "loss_m_0": "6.675", "loss_u_0": "4.916", "loss_mlm": "6.675", "loss_features_pen": "0.176", "ctr_loss": "5.872", "ctr_weighted_loss": "0.012", "correct_m_0": "0.00573066", "correct_u_0": "0.0116279", "ppl": "116.08", "wps": "8744.1", "ups": "6.26", "wpb": "1396", "bsz": "2", "num_updates": "197", "lr": "1.23125e-05", "gnorm": "1.433", "clip": "0", "loss_scale": "64", "train_wall": "0", "gb_free": "17.3", "wall": "85"}
TCAPPDLL 2025-08-22 00:25:56.651956 - Epoch: 1 Iteration: 197  rank : 0  train.loss : 6.859  train.ips : 8459.0 wps
[2025-08-22 00:25:56,834][train_inner][INFO] - {"epoch": 1, "update": 0.002, "loss": "6.796", "count_m_0": "1520", "count_u_0": "1404", "loss_m_0": "6.661", "loss_u_0": "6.114", "loss_mlm": "6.661", "loss_features_pen": "0.123", "ctr_loss": "6.18", "ctr_weighted_loss": "0.012", "correct_m_0": "0.0157895", "correct_u_0": "0.019943", "ppl": "111.08", "wps": "8558.6", "ups": "5.63", "wpb": "1520", "bsz": "2", "num_updates": "198", "lr": "1.2375e-05", "gnorm": "1.27", "clip": "0", "loss_scale": "64", "train_wall": "0", "gb_free": "15.7", "wall": "85"}
TCAPPDLL 2025-08-22 00:25:56.835522 - Epoch: 1 Iteration: 198  rank : 0  train.loss : 6.796  train.ips : 8293.2 wps
[2025-08-22 00:25:57,007][train_inner][INFO] - {"epoch": 1, "update": 0.002, "loss": "6.822", "count_m_0": "1524", "count_u_0": "1304", "loss_m_0": "6.646", "loss_u_0": "5.666", "loss_mlm": "6.646", "loss_features_pen": "0.166", "ctr_loss": "6.118", "ctr_weighted_loss": "0.012", "correct_m_0": "0.00918635", "correct_u_0": "0.0230061", "ppl": "113.17", "wps": "9086.7", "ups": "5.96", "wpb": "1524", "bsz": "2", "num_updates": "199", "lr": "1.24375e-05", "gnorm": "1.591", "clip": "0", "loss_scale": "64", "train_wall": "0", "gb_free": "16.2", "wall": "85"}
TCAPPDLL 2025-08-22 00:25:57.008732 - Epoch: 1 Iteration: 199  rank : 0  train.loss : 6.822  train.ips : 8813.0 wps
[2025-08-22 00:25:57,171][train_inner][INFO] - {"epoch": 1, "update": 0.002, "loss": "6.812", "count_m_0": "1292", "count_u_0": "1024", "loss_m_0": "6.661", "loss_u_0": "5.255", "loss_mlm": "6.661", "loss_features_pen": "0.141", "ctr_loss": "6.094", "ctr_weighted_loss": "0.012", "correct_m_0": "0.0147059", "correct_u_0": "0.0136719", "ppl": "112.36", "wps": "8091.5", "ups": "6.26", "wpb": "1292", "bsz": "2", "num_updates": "200", "lr": "1.25e-05", "gnorm": "1.559", "clip": "0", "loss_scale": "64", "train_wall": "0", "gb_free": "17.3", "wall": "85"}
TCAPPDLL 2025-08-22 00:25:57.172257 - Epoch: 1 Iteration: 200  rank : 0  train.loss : 6.812  train.ips : 7916.0 wps
[2025-08-22 00:25:57,172][fairseq_cli.train][INFO] - Stopping training due to num_updates: 200 >= max_update: 200
[2025-08-22 00:25:57,173][fairseq_cli.train][INFO] - begin validation on "valid" subset
[2025-08-22 00:27:24,500][valid][INFO] - {"epoch": 1, "valid_loss": "6.812", "valid_count_m_0": "1428.13", "valid_count_u_0": "1270.66", "valid_loss_m_0": "6.653", "valid_loss_u_0": "6.025", "valid_loss_mlm": "6.653", "valid_loss_features_pen": "0.15", "valid_ctr_loss": "5.233", "valid_ctr_weighted_loss": "0.01", "valid_correct_m_0": "0.0206844", "valid_correct_u_0": "0.0225003", "valid_ppl": "112.38", "valid_wps": "22597.6", "valid_wpb": "1428.1", "valid_bsz": "4.1", "valid_num_updates": "200"}
[2025-08-22 00:27:24,503][fairseq.checkpoint_utils][INFO] - Preparing to save checkpoint for epoch 1 @ 200 updates
[2025-08-22 00:27:24,506][fairseq.trainer][INFO] - Saving checkpoint to checkpoints/checkpoint_best.pt
[2025-08-22 00:27:39,322][fairseq.trainer][INFO] - Finished saving checkpoint to checkpoints/checkpoint_best.pt
[2025-08-22 00:28:34,303][fairseq.checkpoint_utils][INFO] - Saved checkpoint checkpoints/checkpoint_best.pt (epoch 1 @ 200 updates, score 6.812) (writing took 69.79963060840964 seconds)
[2025-08-22 00:28:34,310][fairseq_cli.train][INFO] - end of epoch 1 (average epoch stats below)
[2025-08-22 00:28:34,333][train][INFO] - {"epoch": 1, "train_loss": "8.293", "train_count_m_0": "1531.68", "train_count_u_0": "1254.57", "train_loss_m_0": "6.715", "train_loss_u_0": "5.531", "train_loss_mlm": "6.715", "train_loss_features_pen": "1.56", "train_ctr_loss": "5.918", "train_ctr_weighted_loss": "0.006", "train_correct_m_0": "0.0123946", "train_correct_u_0": "0.0115872", "train_ppl": "313.68", "train_wps": "1571.9", "train_ups": "1.03", "train_wpb": "1531.7", "train_bsz": "2.2", "train_num_updates": "200", "train_lr": "1.25e-05", "train_gnorm": "1.832", "train_clip": "0", "train_loss_scale": "64", "train_train_wall": "73", "train_gb_free": "17.3", "train_wall": "243"}
[2025-08-22 00:28:34,334][fairseq_cli.train][INFO] - done training in 233.5 seconds
