{"base_lr": 1.1235121556462201e-06, "lr": 1.1235121556462201e-06, "data_time": 0.004726982116699219, "grad_norm": 12.723257732391357, "loss": 7.126904773712158, "time": 4.445039749145508, "epoch": 1, "iter": 100, "memory": 9557, "step": 100}
{"base_lr": 1.2482719088242208e-06, "lr": 1.2482719088242208e-06, "data_time": 0.0036421298980712892, "grad_norm": 12.640851593017578, "loss": 7.062027835845948, "time": 4.442048645019531, "epoch": 1, "iter": 200, "memory": 9557, "step": 200}
