--------------+------------------------------------------------
 Host IP      | 100.10.19.61
 PyTorch      | 2.4.0a0+git4451b0e
 Torch-SDAA   | 20250616.14.30.dev0+git35328dc
--------------+------------------------------------------------
 SDAA Driver  | 2.1.0 (N/A)
 SDAA Runtime | 2.1.0 (/opt/tecoai/lib64/libsdaart.so)
 SDPTI        | 1.4.0b0 (/opt/tecoai/lib64/libsdpti.so)
 TecoDNN      | 2.2.0b0 (/opt/tecoai/lib64/libtecodnn.so)
 TecoBLAS     | 2.2.0b0 (/opt/tecoai/lib64/libtecoblas.so)
 CustomDNN    | 1.20.0a0 (/opt/tecoai/lib64/libtecodnn_ext.so)
 TecoRAND     | 2.0.1 (/opt/tecoai/lib64/libtecorand.so)
 TCCL         | 1.23.0 (/opt/tecoai/lib64/libtccl.so)
--------------+------------------------------------------------
W1212 07:30:41.426000 140060981905216 torch/distributed/run.py:779] 
W1212 07:30:41.426000 140060981905216 torch/distributed/run.py:779] *****************************************
W1212 07:30:41.426000 140060981905216 torch/distributed/run.py:779] Setting OMP_NUM_THREADS environment variable for each process to be 1 in default, to avoid your system being overloaded, please further tune the variable for optimal performance in your application as needed. 
W1212 07:30:41.426000 140060981905216 torch/distributed/run.py:779] *****************************************
--------------+------------------------------------------------
 Host IP      | 100.10.19.61
 PyTorch      | 2.4.0a0+git4451b0e
 Torch-SDAA   | 20250616.14.30.dev0+git35328dc
--------------+------------------------------------------------
 SDAA Driver  | 2.1.0 (N/A)
 SDAA Runtime | 2.1.0 (/opt/tecoai/lib64/libsdaart.so)
 SDPTI        | 1.4.0b0 (/opt/tecoai/lib64/libsdpti.so)
 TecoDNN      | 2.2.0b0 (/opt/tecoai/lib64/libtecodnn.so)
 TecoBLAS     | 2.2.0b0 (/opt/tecoai/lib64/libtecoblas.so)
 CustomDNN    | 1.20.0a0 (/opt/tecoai/lib64/libtecodnn_ext.so)
 TecoRAND     | 2.0.1 (/opt/tecoai/lib64/libtecorand.so)
 TCCL         | 1.23.0 (/opt/tecoai/lib64/libtccl.so)
--------------+--------------------------------------------------------------+------------------------------------------------
 Host IP      | 100.10.19.61
 PyTorch      | 2.4.0a0+git4451b0e
 Torch-SDAA   | 20250616.14.30.dev0+git35328dc
--------------+------------------------------------------------
 SDAA Driver  | 2.1.0 (N/A)
 SDAA Runtime | 2.1.0 (/opt/tecoai/lib64/libsdaart.so)
 SDPTI        | 1.4.0b0 (/opt/tecoai/lib64/libsdpti.so)
 TecoDNN      | 2.2.0b0 (/opt/tecoai/lib64/libtecodnn.so)
 TecoBLAS     | 2.2.0b0 (/opt/tecoai/lib64/libtecoblas.so)
 CustomDNN    | 1.20.0a0 (/opt/tecoai/lib64/libtecodnn_ext.so)
 TecoRAND     | 2.0.1 (/opt/tecoai/lib64/libtecorand.so)
 TCCL         | 1.23.0 (/opt/tecoai/lib64/libtccl.so)
--------------+------------------------------------------------
--------------+------------------------------------------------
 Host IP      | 100.10.19.61
 PyTorch      | 2.4.0a0+git4451b0e
 Torch-SDAA   | 20250616.14.30.dev0+git35328dc
--------------+------------------------------------------------
 SDAA Driver  | 2.1.0 (N/A)
 SDAA Runtime | 2.1.0 (/opt/tecoai/lib64/libsdaart.so)
 SDPTI        | 1.4.0b0 (/opt/tecoai/lib64/libsdpti.so)
 TecoDNN      | 2.2.0b0 (/opt/tecoai/lib64/libtecodnn.so)
 TecoBLAS     | 2.2.0b0 (/opt/tecoai/lib64/libtecoblas.so)
 CustomDNN    | 1.20.0a0 (/opt/tecoai/lib64/libtecodnn_ext.so)
 TecoRAND     | 2.0.1 (/opt/tecoai/lib64/libtecorand.so)
 TCCL         | 1.23.0 (/opt/tecoai/lib64/libtccl.so)
--------------+------------------------------------------------

--------------+------------------------------------------------
 Host IP      | 100.10.19.61
 PyTorch      | 2.4.0a0+git4451b0e
 Torch-SDAA   | 20250616.14.30.dev0+git35328dc
--------------+------------------------------------------------
 SDAA Driver  | 2.1.0 (N/A)
 SDAA Runtime | 2.1.0 (/opt/tecoai/lib64/libsdaart.so)
 SDPTI        | 1.4.0b0 (/opt/tecoai/lib64/libsdpti.so)
 TecoDNN      | 2.2.0b0 (/opt/tecoai/lib64/libtecodnn.so)
 TecoBLAS     | 2.2.0b0 (/opt/tecoai/lib64/libtecoblas.so)
 CustomDNN    | 1.20.0a0 (/opt/tecoai/lib64/libtecodnn_ext.so)
 TecoRAND     | 2.0.1 (/opt/tecoai/lib64/libtecorand.so)
 TCCL         | 1.23.0 (/opt/tecoai/lib64/libtccl.so)
--------------+------------------------------------------------
Training in distributed mode with multiple processes, 1 device per process.Process 0, total 4, device cuda:0.
Training in distributed mode with multiple processes, 1 device per process.Process 2, total 4, device cuda:2.
Training in distributed mode with multiple processes, 1 device per process.Process 3, total 4, device cuda:3.
Training in distributed mode with multiple processes, 1 device per process.Process 1, total 4, device cuda:1.
Model mobilenetv4_conv_small created, param count:3774024
Data processing configuration for current model + dataset:
	input_size: (3, 224, 224)
	interpolation: bicubic
	mean: (0.485, 0.456, 0.406)
	std: (0.229, 0.224, 0.225)
	crop_pct: 0.875
	crop_mode: center
Created SGD (sgd) optimizer: lr: 0.4, momentum: 0.9, dampening: 0, weight_decay: 2e-05, nesterov: True, maximize: False, foreach: None, differentiable: False
Using native Torch AMP. Training in mixed precision.
Using native Torch DistributedDataParallel.
Scheduled epochs: 1 (epochs + cooldown_epochs). Warmup within epochs when warmup_prefix=False. LR stepped per epoch.
TCAPPDLL 2025-12-12 07:32:10.623472 - Epoch: 0 Iteration: 0  rank : 3  train.loss : 7.075956344604492  train.ips : 22.98926635559321 imgs/sTCAPPDLL 2025-12-12 07:32:10.623490 - Epoch: 0 Iteration: 0  rank : 1  train.loss : 7.075956344604492  train.ips : 22.6607324325278 imgs/s

TCAPPDLL 2025-12-12 07:32:10.623647 - Epoch: 0 Iteration: 0  rank : 0  train.loss : 7.075956344604492  train.ips : 22.187829053951294 imgs/s
TCAPPDLL 2025-12-12 07:32:10.624073 - Epoch: 0 Iteration: 0  rank : 2  train.loss : 7.075956344604492  train.ips : 21.51287640858071 imgs/s
Train: 0 [   0/20018 (  0%)]  Loss: 7.08 (7.08)  Time: 2.884s,   22.19/s  (2.884s,   22.19/s)  LR: 1.000e-05  Data: 2.578 (2.578)
TCAPPDLL 2025-12-12 07:32:11.093536 - Epoch: 0 Iteration: 1  rank : 2  train.loss : 7.007248878479004  train.ips : 37.20254108023351 imgs/sTCAPPDLL 2025-12-12 07:32:11.093546 - Epoch: 0 Iteration: 1  rank : 0  train.loss : 7.007248878479004  train.ips : 38.20314600633101 imgs/sTCAPPDLL 2025-12-12 07:32:11.093546 - Epoch: 0 Iteration: 1  rank : 3  train.loss : 7.007248878479004  train.ips : 39.32718031181573 imgs/s


TCAPPDLL 2025-12-12 07:32:11.093781 - Epoch: 0 Iteration: 1  rank : 1  train.loss : 7.007248878479004  train.ips : 38.80573572476547 imgs/s
Train: 0 [   1/20018 (  0%)]  Loss: 7.01 (7.04)  Time: 0.466s,  137.33/s  (1.675s,   38.20/s)  LR: 1.000e-05  Data: 0.067 (1.322)
TCAPPDLL 2025-12-12 07:32:11.418413 - Epoch: 0 Iteration: 2  rank : 2  train.loss : 6.986259460449219  train.ips : 50.976507187991494 imgs/sTCAPPDLL 2025-12-12 07:32:11.418419 - Epoch: 0 Iteration: 2  rank : 1  train.loss : 6.986259460449219  train.ips : 53.05449417027755 imgs/sTCAPPDLL 2025-12-12 07:32:11.418422 - Epoch: 0 Iteration: 2  rank : 3  train.loss : 6.986259460449219  train.ips : 53.60365175567711 imgs/s


TCAPPDLL 2025-12-12 07:32:11.418659 - Epoch: 0 Iteration: 2  rank : 0  train.loss : 6.986259460449219  train.ips : 52.1693863677088 imgs/s
Train: 0 [   2/20018 (  0%)]  Loss: 6.99 (7.02)  Time: 0.330s,  194.05/s  (1.227s,   52.17/s)  LR: 1.000e-05  Data: 0.008 (0.884)
TCAPPDLL 2025-12-12 07:32:11.824192 - Epoch: 0 Iteration: 3  rank : 3  train.loss : 6.978535175323486  train.ips : 64.21108207694935 imgs/sTCAPPDLL 2025-12-12 07:32:11.824200 - Epoch: 0 Iteration: 3  rank : 1  train.loss : 6.978535175323486  train.ips : 63.595638232916805 imgs/sTCAPPDLL 2025-12-12 07:32:11.824202 - Epoch: 0 Iteration: 3  rank : 0  train.loss : 6.978535175323486  train.ips : 62.70266174314902 imgs/s


TCAPPDLL 2025-12-12 07:32:11.824448 - Epoch: 0 Iteration: 3  rank : 2  train.loss : 6.978535175323486  train.ips : 61.29655249579484 imgs/s
Train: 0 [   3/20018 (  0%)]  Loss: 6.98 (7.01)  Time: 0.402s,  159.03/s  (1.021s,   62.70/s)  LR: 1.000e-05  Data: 0.092 (0.686)
TCAPPDLL 2025-12-12 07:32:12.211347 - Epoch: 0 Iteration: 4  rank : 1  train.loss : 7.019036769866943  train.ips : 72.47628753561169 imgs/sTCAPPDLL 2025-12-12 07:32:12.211376 - Epoch: 0 Iteration: 4  rank : 2  train.loss : 7.019036769866943  train.ips : 70.1767603805274 imgs/s

TCAPPDLL 2025-12-12 07:32:12.211585 - Epoch: 0 Iteration: 4  rank : 0  train.loss : 7.019036769866943  train.ips : 71.55195414456064 imgs/sTCAPPDLL 2025-12-12 07:32:12.211612 - Epoch: 0 Iteration: 4  rank : 3  train.loss : 7.019036769866943  train.ips : 73.12959025759193 imgs/s

Train: 0 [   4/20018 (  0%)]  Loss: 7.02 (7.01)  Time: 0.390s,  164.31/s  (0.894s,   71.55/s)  LR: 1.000e-05  Data: 0.074 (0.564)
TCAPPDLL 2025-12-12 07:32:12.509135 - Epoch: 0 Iteration: 5  rank : 0  train.loss : 7.038545608520508  train.ips : 80.56361551601148 imgs/sTCAPPDLL 2025-12-12 07:32:12.509145 - Epoch: 0 Iteration: 5  rank : 3  train.loss : 7.038545608520508  train.ips : 82.1802910912493 imgs/sTCAPPDLL 2025-12-12 07:32:12.509145 - Epoch: 0 Iteration: 5  rank : 2  train.loss : 7.038545608520508  train.ips : 79.06384435944359 imgs/s


Train: 0 [   5/20018 (  0%)]  Loss: 7.04 (7.02)  Time: 0.294s,  217.58/s  (0.794s,   80.56/s)  LR: 1.000e-05  Data: 0.007 (0.471)
TCAPPDLL 2025-12-12 07:32:12.509596 - Epoch: 0 Iteration: 5  rank : 1  train.loss : 7.038545608520508  train.ips : 81.46688685043999 imgs/s
TCAPPDLL 2025-12-12 07:32:12.901830 - Epoch: 0 Iteration: 6  rank : 0  train.loss : 6.988266944885254  train.ips : 86.81794927771767 imgs/sTCAPPDLL 2025-12-12 07:32:12.901833 - Epoch: 0 Iteration: 6  rank : 3  train.loss : 6.988266944885254  train.ips : 88.49778657594125 imgs/s

TCAPPDLL 2025-12-12 07:32:12.901904 - Epoch: 0 Iteration: 6  rank : 1  train.loss : 6.988266944885254  train.ips : 87.7946713318596 imgs/s
TCAPPDLL 2025-12-12 07:32:12.902092 - Epoch: 0 Iteration: 6  rank : 2  train.loss : 6.988266944885254  train.ips : 85.26699419727382 imgs/s
Train: 0 [   6/20018 (  0%)]  Loss: 6.99 (7.01)  Time: 0.394s,  162.52/s  (0.737s,   86.82/s)  LR: 1.000e-05  Data: 0.081 (0.415)
TCAPPDLL 2025-12-12 07:32:13.296616 - Epoch: 0 Iteration: 7  rank : 1  train.loss : 7.0175604820251465  train.ips : 93.11467145013059 imgs/sTCAPPDLL 2025-12-12 07:32:13.296627 - Epoch: 0 Iteration: 7  rank : 3  train.loss : 7.0175604820251465  train.ips : 93.85784137209103 imgs/sTCAPPDLL 2025-12-12 07:32:13.296630 - Epoch: 0 Iteration: 7  rank : 0  train.loss : 7.0175604820251465  train.ips : 92.16207602332656 imgs/s


TCAPPDLL 2025-12-12 07:32:13.296993 - Epoch: 0 Iteration: 7  rank : 2  train.loss : 7.0175604820251465  train.ips : 90.63746661899036 imgs/sTrain: 0 [   7/20018 (  0%)]  Loss: 7.02 (7.01)  Time: 0.395s,  161.94/s  (0.694s,   92.16/s)  LR: 1.000e-05  Data: 0.020 (0.366)

TCAPPDLL 2025-12-12 07:32:13.603213 - Epoch: 0 Iteration: 8  rank : 1  train.loss : 7.1046600341796875  train.ips : 99.21978456182916 imgs/sTCAPPDLL 2025-12-12 07:32:13.603223 - Epoch: 0 Iteration: 8  rank : 3  train.loss : 7.1046600341796875  train.ips : 99.93491619932637 imgs/sTCAPPDLL 2025-12-12 07:32:13.603231 - Epoch: 0 Iteration: 8  rank : 0  train.loss : 7.1046600341796875  train.ips : 98.22754750453016 imgs/s


TCAPPDLL 2025-12-12 07:32:13.603469 - Epoch: 0 Iteration: 8  rank : 2  train.loss : 7.1046600341796875  train.ips : 96.71705479020463 imgs/s
Train: 0 [   8/20018 (  0%)]  Loss: 7.10 (7.02)  Time: 0.309s,  207.45/s  (0.652s,   98.23/s)  LR: 1.000e-05  Data: 0.015 (0.327)
TCAPPDLL 2025-12-12 07:32:13.907381 - Epoch: 0 Iteration: 9  rank : 2  train.loss : 6.959287643432617  train.ips : 102.28684003266193 imgs/sTCAPPDLL 2025-12-12 07:32:13.907385 - Epoch: 0 Iteration: 9  rank : 3  train.loss : 6.959287643432617  train.ips : 105.48012225590452 imgs/s

TCAPPDLL 2025-12-12 07:32:13.907639 - Epoch: 0 Iteration: 9  rank : 0  train.loss : 6.959287643432617  train.ips : 103.73832827437468 imgs/s
TCAPPDLL 2025-12-12 07:32:13.907642 - Epoch: 0 Iteration: 9  rank : 1  train.loss : 6.959287643432617  train.ips : 104.71622083044677 imgs/s
Train: 0 [   9/20018 (  0%)]  Loss: 6.96 (7.02)  Time: 0.305s,  209.54/s  (0.617s,  103.74/s)  LR: 1.000e-05  Data: 0.007 (0.295)
TCAPPDLL 2025-12-12 07:32:14.202984 - Epoch: 0 Iteration: 10  rank : 0  train.loss : 7.0111894607543945  train.ips : 108.90957372903945 imgs/sTCAPPDLL 2025-12-12 07:32:14.202987 - Epoch: 0 Iteration: 10  rank : 3  train.loss : 7.0111894607543945  train.ips : 110.62493431060349 imgs/sTCAPPDLL 2025-12-12 07:32:14.202979 - Epoch: 0 Iteration: 10  rank : 1  train.loss : 7.0111894607543945  train.ips : 109.93843851072228 imgs/s


TCAPPDLL 2025-12-12 07:32:14.203279 - Epoch: 0 Iteration: 10  rank : 2  train.loss : 7.0111894607543945  train.ips : 107.39472798777977 imgs/s
Train: 0 [  10/20018 (  0%)]  Loss: 7.01 (7.02)  Time: 0.295s,  217.16/s  (0.588s,  108.91/s)  LR: 1.000e-05  Data: 0.022 (0.270)
TCAPPDLL 2025-12-12 07:32:14.600140 - Epoch: 0 Iteration: 11  rank : 3  train.loss : 6.940247535705566  train.ips : 113.60449527726162 imgs/sTCAPPDLL 2025-12-12 07:32:14.600159 - Epoch: 0 Iteration: 11  rank : 1  train.loss : 6.940247535705566  train.ips : 112.92066873943328 imgs/sTCAPPDLL 2025-12-12 07:32:14.600154 - Epoch: 0 Iteration: 11  rank : 2  train.loss : 6.940247535705566  train.ips : 110.51486379198778 imgs/s


TCAPPDLL 2025-12-12 07:32:14.600387 - Epoch: 0 Iteration: 11  rank : 0  train.loss : 6.940247535705566  train.ips : 111.91947865086465 imgs/s
Train: 0 [  11/20018 (  0%)]  Loss: 6.94 (7.01)  Time: 0.398s,  160.80/s  (0.572s,  111.92/s)  LR: 1.000e-05  Data: 0.015 (0.249)
TCAPPDLL 2025-12-12 07:32:14.907122 - Epoch: 0 Iteration: 12  rank : 1  train.loss : 7.125163555145264  train.ips : 117.03073787369969 imgs/s
TCAPPDLL 2025-12-12 07:32:14.907216 - Epoch: 0 Iteration: 12  rank : 0  train.loss : 7.125163555145264  train.ips : 116.1143990354581 imgs/sTCAPPDLL 2025-12-12 07:32:14.907247 - Epoch: 0 Iteration: 12  rank : 2  train.loss : 7.125163555145264  train.ips : 114.67015762238128 imgs/s

TCAPPDLL 2025-12-12 07:32:14.907392 - Epoch: 0 Iteration: 12  rank : 3  train.loss : 7.125163555145264  train.ips : 117.65390054002317 imgs/s
Train: 0 [  12/20018 (  0%)]  Loss: 7.13 (7.02)  Time: 0.303s,  211.03/s  (0.551s,  116.11/s)  LR: 1.000e-05  Data: 0.016 (0.231)
TCAPPDLL 2025-12-12 07:32:15.217593 - Epoch: 0 Iteration: 13  rank : 3  train.loss : 7.046239852905273  train.ips : 121.44210526996102 imgs/sTCAPPDLL 2025-12-12 07:32:15.217606 - Epoch: 0 Iteration: 13  rank : 0  train.loss : 7.046239852905273  train.ips : 119.85088559496273 imgs/s

TCAPPDLL 2025-12-12 07:32:15.217720 - Epoch: 0 Iteration: 13  rank : 2  train.loss : 7.046239852905273  train.ips : 118.42343017115275 imgs/s
TCAPPDLL 2025-12-12 07:32:15.217858 - Epoch: 0 Iteration: 13  rank : 1  train.loss : 7.046239852905273  train.ips : 120.71172428324834 imgs/s
Train: 0 [  13/20018 (  0%)]  Loss: 7.05 (7.02)  Time: 0.311s,  206.05/s  (0.534s,  119.85/s)  LR: 1.000e-05  Data: 0.009 (0.215)
TCAPPDLL 2025-12-12 07:32:15.611290 - Epoch: 0 Iteration: 14  rank : 1  train.loss : 7.027942180633545  train.ips : 122.88960825123108 imgs/s
TCAPPDLL 2025-12-12 07:32:15.611377 - Epoch: 0 Iteration: 14  rank : 2  train.loss : 7.027942180633545  train.ips : 120.61064418185325 imgs/s
TCAPPDLL 2025-12-12 07:32:15.611562 - Epoch: 0 Iteration: 14  rank : 3  train.loss : 7.027942180633545  train.ips : 123.46047673978859 imgs/sTCAPPDLL 2025-12-12 07:32:15.611562 - Epoch: 0 Iteration: 14  rank : 0  train.loss : 7.027942180633545  train.ips : 121.93686479163482 imgs/s

Train: 0 [  14/20018 (  0%)]  Loss: 7.03 (7.02)  Time: 0.397s,  161.22/s  (0.525s,  121.94/s)  LR: 1.000e-05  Data: 0.014 (0.202)
TCAPPDLL 2025-12-12 07:32:16.022068 - Epoch: 0 Iteration: 15  rank : 0  train.loss : 6.977677822113037  train.ips : 123.71184018025255 imgs/sTCAPPDLL 2025-12-12 07:32:16.022068 - Epoch: 0 Iteration: 15  rank : 1  train.loss : 6.977677822113037  train.ips : 124.55736256781178 imgs/sTCAPPDLL 2025-12-12 07:32:16.022080 - Epoch: 0 Iteration: 15  rank : 2  train.loss : 6.977677822113037  train.ips : 122.39212792915873 imgs/s


TCAPPDLL 2025-12-12 07:32:16.022448 - Epoch: 0 Iteration: 15  rank : 3  train.loss : 6.977677822113037  train.ips : 125.13463499595167 imgs/sTrain: 0 [  15/20018 (  0%)]  Loss: 6.98 (7.02)  Time: 0.404s,  158.27/s  (0.517s,  123.71/s)  LR: 1.000e-05  Data: 0.093 (0.195)

TCAPPDLL 2025-12-12 07:32:16.409246 - Epoch: 0 Iteration: 16  rank : 1  train.loss : 6.9434614181518555  train.ips : 126.38053990108514 imgs/sTCAPPDLL 2025-12-12 07:32:16.409254 - Epoch: 0 Iteration: 16  rank : 0  train.loss : 6.9434614181518555  train.ips : 125.49256922959479 imgs/sTCAPPDLL 2025-12-12 07:32:16.409254 - Epoch: 0 Iteration: 16  rank : 3  train.loss : 6.9434614181518555  train.ips : 126.98658875058786 imgs/s


TCAPPDLL 2025-12-12 07:32:16.409502 - Epoch: 0 Iteration: 16  rank : 2  train.loss : 6.9434614181518555  train.ips : 124.1837098142435 imgs/s
Train: 0 [  16/20018 (  0%)]  Loss: 6.94 (7.01)  Time: 0.393s,  163.04/s  (0.510s,  125.49/s)  LR: 1.000e-05  Data: 0.009 (0.184)
TCAPPDLL 2025-12-12 07:32:16.720910 - Epoch: 0 Iteration: 17  rank : 0  train.loss : 7.032114028930664  train.ips : 128.30230053834072 imgs/sTCAPPDLL 2025-12-12 07:32:16.720931 - Epoch: 0 Iteration: 17  rank : 1  train.loss : 7.032114028930664  train.ips : 129.13602800677933 imgs/s

TCAPPDLL 2025-12-12 07:32:16.721006 - Epoch: 0 Iteration: 17  rank : 3  train.loss : 7.032114028930664  train.ips : 129.7272272362842 imgs/s
TCAPPDLL 2025-12-12 07:32:16.721170 - Epoch: 0 Iteration: 17  rank : 2  train.loss : 7.032114028930664  train.ips : 126.96776626658833 imgs/s
Train: 0 [  17/20018 (  0%)]  Loss: 7.03 (7.02)  Time: 0.309s,  207.15/s  (0.499s,  128.30/s)  LR: 1.000e-05  Data: 0.008 (0.174)
TCAPPDLL 2025-12-12 07:32:17.113023 - Epoch: 0 Iteration: 18  rank : 1  train.loss : 7.098784446716309  train.ips : 130.5362051020179 imgs/s
TCAPPDLL 2025-12-12 07:32:17.113143 - Epoch: 0 Iteration: 18  rank : 0  train.loss : 7.098784446716309  train.ips : 129.77539003872621 imgs/s
TCAPPDLL 2025-12-12 07:32:17.113281 - Epoch: 0 Iteration: 18  rank : 2  train.loss : 7.098784446716309  train.ips : 128.46877402756687 imgs/sTCAPPDLL 2025-12-12 07:32:17.113311 - Epoch: 0 Iteration: 18  rank : 3  train.loss : 7.098784446716309  train.ips : 131.10034465459444 imgs/s

Train: 0 [  18/20018 (  0%)]  Loss: 7.10 (7.02)  Time: 0.391s,  163.58/s  (0.493s,  129.78/s)  LR: 1.000e-05  Data: 0.069 (0.169)
TCAPPDLL 2025-12-12 07:32:17.523423 - Epoch: 0 Iteration: 19  rank : 1  train.loss : 6.952970504760742  train.ips : 131.58771719338512 imgs/s
TCAPPDLL 2025-12-12 07:32:17.523502 - Epoch: 0 Iteration: 19  rank : 0  train.loss : 6.952970504760742  train.ips : 130.8656725033059 imgs/sTCAPPDLL 2025-12-12 07:32:17.523513 - Epoch: 0 Iteration: 19  rank : 3  train.loss : 6.952970504760742  train.ips : 132.12703567012906 imgs/s

Train: 0 [  19/20018 (  0%)]  Loss: 6.95 (7.02)  Time: 0.411s,  155.72/s  (0.489s,  130.87/s)  LR: 1.000e-05  Data: 0.079 (0.164)
TCAPPDLL 2025-12-12 07:32:17.523795 - Epoch: 0 Iteration: 19  rank : 2  train.loss : 6.952970504760742  train.ips : 129.61503961645198 imgs/s
TCAPPDLL 2025-12-12 07:32:17.902406 - Epoch: 0 Iteration: 20  rank : 0  train.loss : 7.002494812011719  train.ips : 132.24273626076726 imgs/sTCAPPDLL 2025-12-12 07:32:17.902417 - Epoch: 0 Iteration: 20  rank : 2  train.loss : 7.002494812011719  train.ips : 131.0800736401384 imgs/sTCAPPDLL 2025-12-12 07:32:17.902402 - Epoch: 0 Iteration: 20  rank : 1  train.loss : 7.002494812011719  train.ips : 132.97618320114412 imgs/s


TCAPPDLL 2025-12-12 07:32:17.902664 - Epoch: 0 Iteration: 20  rank : 3  train.loss : 7.002494812011719  train.ips : 133.51226192345 imgs/s
Train: 0 [  20/20018 (  0%)]  Loss: 7.00 (7.02)  Time: 0.382s,  167.49/s  (0.484s,  132.24/s)  LR: 1.000e-05  Data: 0.067 (0.160)
TCAPPDLL 2025-12-12 07:32:18.195126 - Epoch: 0 Iteration: 21  rank : 1  train.loss : 7.027417182922363  train.ips : 135.39748009342404 imgs/sTCAPPDLL 2025-12-12 07:32:18.195134 - Epoch: 0 Iteration: 21  rank : 2  train.loss : 7.027417182922363  train.ips : 133.49969382857512 imgs/sTCAPPDLL 2025-12-12 07:32:18.195136 - Epoch: 0 Iteration: 21  rank : 3  train.loss : 7.027417182922363  train.ips : 135.93957886993306 imgs/s


TCAPPDLL 2025-12-12 07:32:18.195558 - Epoch: 0 Iteration: 21  rank : 0  train.loss : 7.027417182922363  train.ips : 134.64754438287036 imgs/s
Train: 0 [  21/20018 (  0%)]  Loss: 7.03 (7.02)  Time: 0.294s,  217.83/s  (0.475s,  134.65/s)  LR: 1.000e-05  Data: 0.015 (0.153)
TCAPPDLL 2025-12-12 07:32:18.502801 - Epoch: 0 Iteration: 22  rank : 2  train.loss : 7.050902843475342  train.ips : 135.63369363606503 imgs/sTCAPPDLL 2025-12-12 07:32:18.502802 - Epoch: 0 Iteration: 22  rank : 0  train.loss : 7.050902843475342  train.ips : 136.7751164197229 imgs/s

TCAPPDLL 2025-12-12 07:32:18.502974 - Epoch: 0 Iteration: 22  rank : 1  train.loss : 7.050902843475342  train.ips : 137.48891814040803 imgs/s
Train: 0 [  22/20018 (  0%)]  Loss: 7.05 (7.02)  Time: 0.305s,  209.66/s  (0.468s,  136.78/s)  LR: 1.000e-05  Data: 0.015 (0.147)
TCAPPDLL 2025-12-12 07:32:18.503335 - Epoch: 0 Iteration: 22  rank : 3  train.loss : 7.050902843475342  train.ips : 137.99218010513576 imgs/s
TCAPPDLL 2025-12-12 07:32:18.797894 - Epoch: 0 Iteration: 23  rank : 2  train.loss : 7.083160400390625  train.ips : 137.78586226514497 imgs/sTCAPPDLL 2025-12-12 07:32:18.797889 - Epoch: 0 Iteration: 23  rank : 0  train.loss : 7.083160400390625  train.ips : 138.89241556263153 imgs/s

TCAPPDLL 2025-12-12 07:32:18.798108 - Epoch: 0 Iteration: 23  rank : 3  train.loss : 7.083160400390625  train.ips : 140.1509513706106 imgs/s
TCAPPDLL 2025-12-12 07:32:18.798260 - Epoch: 0 Iteration: 23  rank : 1  train.loss : 7.083160400390625  train.ips : 139.59993969150008 imgs/sTrain: 0 [  23/20018 (  0%)]  Loss: 7.08 (7.02)  Time: 0.297s,  215.69/s  (0.461s,  138.89/s)  LR: 1.000e-05  Data: 0.014 (0.141)

TCAPPDLL 2025-12-12 07:32:19.123994 - Epoch: 0 Iteration: 24  rank : 0  train.loss : 7.044671535491943  train.ips : 140.55111294448025 imgs/sTCAPPDLL 2025-12-12 07:32:19.124013 - Epoch: 0 Iteration: 24  rank : 1  train.loss : 7.044671535491943  train.ips : 141.249052140936 imgs/s

TCAPPDLL 2025-12-12 07:32:19.124344 - Epoch: 0 Iteration: 24  rank : 3  train.loss : 7.044671535491943  train.ips : 141.73962001606833 imgs/sTrain: 0 [  24/20018 (  0%)]  Loss: 7.04 (7.02)  Time: 0.325s,  197.02/s  (0.455s,  140.55/s)  LR: 1.000e-05  Data: 0.015 (0.136)

TCAPPDLL 2025-12-12 07:32:19.124741 - Epoch: 0 Iteration: 24  rank : 2  train.loss : 7.044671535491943  train.ips : 139.44552106225083 imgs/s
TCAPPDLL 2025-12-12 07:32:19.503352 - Epoch: 0 Iteration: 25  rank : 2  train.loss : 6.963846683502197  train.ips : 140.35934268360842 imgs/sTCAPPDLL 2025-12-12 07:32:19.503361 - Epoch: 0 Iteration: 25  rank : 0  train.loss : 6.963846683502197  train.ips : 141.47305385920046 imgs/s

TCAPPDLL 2025-12-12 07:32:19.503418 - Epoch: 0 Iteration: 25  rank : 1  train.loss : 6.963846683502197  train.ips : 142.1576423980536 imgs/sTCAPPDLL 2025-12-12 07:32:19.503601 - Epoch: 0 Iteration: 25  rank : 3  train.loss : 6.963846683502197  train.ips : 142.61433628716048 imgs/s

Train: 0 [  25/20018 (  0%)]  Loss: 6.96 (7.02)  Time: 0.378s,  169.22/s  (0.452s,  141.47/s)  LR: 1.000e-05  Data: 0.071 (0.134)
TCAPPDLL 2025-12-12 07:32:19.823109 - Epoch: 0 Iteration: 26  rank : 3  train.loss : 7.104708671569824  train.ips : 144.18450887695445 imgs/s
TCAPPDLL 2025-12-12 07:32:19.823215 - Epoch: 0 Iteration: 26  rank : 0  train.loss : 7.104708671569824  train.ips : 143.02554287292762 imgs/s
TCAPPDLL 2025-12-12 07:32:19.823300 - Epoch: 0 Iteration: 26  rank : 1  train.loss : 7.104708671569824  train.ips : 143.6604495366855 imgs/s
TCAPPDLL 2025-12-12 07:32:19.823440 - Epoch: 0 Iteration: 26  rank : 2  train.loss : 7.104708671569824  train.ips : 141.96650986428992 imgs/s
Train: 0 [  26/20018 (  0%)]  Loss: 7.10 (7.02)  Time: 0.320s,  200.12/s  (0.447s,  143.03/s)  LR: 1.000e-05  Data: 0.017 (0.130)
TCAPPDLL 2025-12-12 07:32:20.209585 - Epoch: 0 Iteration: 27  rank : 3  train.loss : 7.019672393798828  train.ips : 144.87727532541518 imgs/sTCAPPDLL 2025-12-12 07:32:20.209601 - Epoch: 0 Iteration: 27  rank : 0  train.loss : 7.019672393798828  train.ips : 143.74516800273315 imgs/sTCAPPDLL 2025-12-12 07:32:20.209607 - Epoch: 0 Iteration: 27  rank : 2  train.loss : 7.019672393798828  train.ips : 142.6815301218309 imgs/s


Train: 0 [  27/20018 (  0%)]  Loss: 7.02 (7.02)  Time: 0.385s,  166.34/s  (0.445s,  143.75/s)  LR: 1.000e-05  Data: 0.072 (0.127)
TCAPPDLL 2025-12-12 07:32:20.210086 - Epoch: 0 Iteration: 27  rank : 1  train.loss : 7.019672393798828  train.ips : 144.3495147562769 imgs/s
TCAPPDLL 2025-12-12 07:32:20.591149 - Epoch: 0 Iteration: 28  rank : 2  train.loss : 6.992049694061279  train.ips : 143.4217997434276 imgs/sTCAPPDLL 2025-12-12 07:32:20.591167 - Epoch: 0 Iteration: 28  rank : 3  train.loss : 6.992049694061279  train.ips : 145.53426683364117 imgs/s

TCAPPDLL 2025-12-12 07:32:20.591359 - Epoch: 0 Iteration: 28  rank : 0  train.loss : 6.992049694061279  train.ips : 145.08252289179808 imgs/s
TCAPPDLL 2025-12-12 07:32:20.591466 - Epoch: 0 Iteration: 28  rank : 1  train.loss : 6.992049694061279  train.ips : 145.04410509065588 imgs/s
Train: 0 [  28/20018 (  0%)]  Loss: 6.99 (7.02)  Time: 0.326s,  196.19/s  (0.441s,  145.08/s)  LR: 1.000e-05  Data: 0.016 (0.124)
TCAPPDLL 2025-12-12 07:32:20.909393 - Epoch: 0 Iteration: 29  rank : 0  train.loss : 7.106933116912842  train.ips : 145.78763914526286 imgs/sTCAPPDLL 2025-12-12 07:32:20.909398 - Epoch: 0 Iteration: 29  rank : 2  train.loss : 7.106933116912842  train.ips : 144.8258185219697 imgs/sTCAPPDLL 2025-12-12 07:32:20.909395 - Epoch: 0 Iteration: 29  rank : 3  train.loss : 7.106933116912842  train.ips : 146.8781442307531 imgs/s


TCAPPDLL 2025-12-12 07:32:20.909670 - Epoch: 0 Iteration: 29  rank : 1  train.loss : 7.106933116912842  train.ips : 146.4045927010261 imgs/s
Train: 0 [  29/20018 (  0%)]  Loss: 7.11 (7.02)  Time: 0.377s,  169.71/s  (0.439s,  145.79/s)  LR: 1.000e-05  Data: 0.014 (0.120)
TCAPPDLL 2025-12-12 07:32:21.211365 - Epoch: 0 Iteration: 30  rank : 2  train.loss : 7.086196422576904  train.ips : 146.30956198448357 imgs/sTCAPPDLL 2025-12-12 07:32:21.211340 - Epoch: 0 Iteration: 30  rank : 1  train.loss : 7.086196422576904  train.ips : 147.90071230334104 imgs/s

TCAPPDLL 2025-12-12 07:32:21.211589 - Epoch: 0 Iteration: 30  rank : 0  train.loss : 7.086196422576904  train.ips : 147.27898938939856 imgs/sTCAPPDLL 2025-12-12 07:32:21.211613 - Epoch: 0 Iteration: 30  rank : 3  train.loss : 7.086196422576904  train.ips : 148.3280960429646 imgs/s

Train: 0 [  30/20018 (  0%)]  Loss: 7.09 (7.03)  Time: 0.301s,  212.49/s  (0.435s,  147.28/s)  LR: 1.000e-05  Data: 0.019 (0.117)
TCAPPDLL 2025-12-12 07:32:21.524701 - Epoch: 0 Iteration: 31  rank : 2  train.loss : 7.079063892364502  train.ips : 147.6505099911512 imgs/sTCAPPDLL 2025-12-12 07:32:21.524702 - Epoch: 0 Iteration: 31  rank : 3  train.loss : 7.079063892364502  train.ips : 149.67576640108223 imgs/s

TCAPPDLL 2025-12-12 07:32:21.525065 - Epoch: 0 Iteration: 31  rank : 1  train.loss : 7.079063892364502  train.ips : 149.16943755782313 imgs/s
TCAPPDLL 2025-12-12 07:32:21.525128 - Epoch: 0 Iteration: 31  rank : 0  train.loss : 7.079063892364502  train.ips : 148.6025757503073 imgs/s
Train: 0 [  31/20018 (  0%)]  Loss: 7.08 (7.03)  Time: 0.311s,  205.99/s  (0.431s,  148.60/s)  LR: 1.000e-05  Data: 0.009 (0.113)
TCAPPDLL 2025-12-12 07:32:21.906301 - Epoch: 0 Iteration: 32  rank : 2  train.loss : 7.005429267883301  train.ips : 148.15652013905392 imgs/sTCAPPDLL 2025-12-12 07:32:21.906336 - Epoch: 0 Iteration: 32  rank : 3  train.loss : 7.005429267883301  train.ips : 150.14012715751105 imgs/s
TCAPPDLL 2025-12-12 07:32:21.906378 - Epoch: 0 Iteration: 32  rank : 0  train.loss : 7.005429267883301  train.ips : 149.10374430015077 imgs/s

TCAPPDLL 2025-12-12 07:32:21.906553 - Epoch: 0 Iteration: 32  rank : 1  train.loss : 7.005429267883301  train.ips : 149.6661248071427 imgs/s
Train: 0 [  32/20018 (  0%)]  Loss: 7.01 (7.03)  Time: 0.383s,  167.14/s  (0.429s,  149.10/s)  LR: 1.000e-05  Data: 0.065 (0.112)
TCAPPDLL 2025-12-12 07:32:22.290339 - Epoch: 0 Iteration: 33  rank : 1  train.loss : 7.041586399078369  train.ips : 150.11944107270236 imgs/s
TCAPPDLL 2025-12-12 07:32:22.290594 - Epoch: 0 Iteration: 33  rank : 3  train.loss : 7.041586399078369  train.ips : 151.22010990972115 imgs/s
TCAPPDLL 2025-12-12 07:32:22.290688 - Epoch: 0 Iteration: 33  rank : 0  train.loss : 7.041586399078369  train.ips : 150.20482739999827 imgs/s
Train: 0 [  33/20018 (  0%)]  Loss: 7.04 (7.03)  Time: 0.322s,  198.60/s  (0.426s,  150.20/s)  LR: 1.000e-05  Data: 0.012 (0.109)
TCAPPDLL 2025-12-12 07:32:22.290910 - Epoch: 0 Iteration: 33  rank : 2  train.loss : 7.041586399078369  train.ips : 149.25946225315877 imgs/s
TCAPPDLL 2025-12-12 07:32:22.627511 - Epoch: 0 Iteration: 34  rank : 0  train.loss : 6.941761493682861  train.ips : 150.50610983066278 imgs/sTCAPPDLL 2025-12-12 07:32:22.627518 - Epoch: 0 Iteration: 34  rank : 3  train.loss : 6.941761493682861  train.ips : 151.46625261256463 imgs/sTCAPPDLL 2025-12-12 07:32:22.627513 - Epoch: 0 Iteration: 34  rank : 2  train.loss : 6.941761493682861  train.ips : 149.5891119369782 imgs/s


Train: 0 [  34/20018 (  0%)]  Loss: 6.94 (7.03)  Time: 0.396s,  161.52/s  (0.425s,  150.51/s)  LR: 1.000e-05  Data: 0.015 (0.106)
TCAPPDLL 2025-12-12 07:32:22.685586 - Epoch: 0 Iteration: 34  rank : 1  train.loss : 6.941761493682861  train.ips : 151.0227427023125 imgs/s
TCAPPDLL 2025-12-12 07:32:23.008612 - Epoch: 0 Iteration: 35  rank : 2  train.loss : 6.997716903686523  train.ips : 150.02976734345285 imgs/sTCAPPDLL 2025-12-12 07:32:23.008617 - Epoch: 0 Iteration: 35  rank : 3  train.loss : 6.997716903686523  train.ips : 151.89707258101745 imgs/sTCAPPDLL 2025-12-12 07:32:23.008625 - Epoch: 0 Iteration: 35  rank : 0  train.loss : 6.997716903686523  train.ips : 150.9191260040737 imgs/s


Train: 0 [  35/20018 (  0%)]  Loss: 7.00 (7.02)  Time: 0.383s,  166.95/s  (0.424s,  150.92/s)  LR: 1.000e-05  Data: 0.073 (0.105)
TCAPPDLL 2025-12-12 07:32:23.009047 - Epoch: 0 Iteration: 35  rank : 1  train.loss : 6.997716903686523  train.ips : 151.44337018542168 imgs/s
TCAPPDLL 2025-12-12 07:32:23.330268 - Epoch: 0 Iteration: 36  rank : 0  train.loss : 7.051063537597656  train.ips : 151.9201588101488 imgs/sTCAPPDLL 2025-12-12 07:32:23.330275 - Epoch: 0 Iteration: 36  rank : 3  train.loss : 7.051063537597656  train.ips : 152.87616945027352 imgs/sTCAPPDLL 2025-12-12 07:32:23.330285 - Epoch: 0 Iteration: 36  rank : 2  train.loss : 7.051063537597656  train.ips : 151.03994242176498 imgs/s


TCAPPDLL 2025-12-12 07:32:23.330545 - Epoch: 0 Iteration: 36  rank : 1  train.loss : 7.051063537597656  train.ips : 152.42839582568826 imgs/s
Train: 0 [  36/20018 (  0%)]  Loss: 7.05 (7.03)  Time: 0.321s,  199.58/s  (0.421s,  151.92/s)  LR: 1.000e-05  Data: 0.014 (0.103)
TCAPPDLL 2025-12-12 07:32:23.703562 - Epoch: 0 Iteration: 37  rank : 0  train.loss : 6.942610740661621  train.ips : 152.36114584609476 imgs/sTCAPPDLL 2025-12-12 07:32:23.703584 - Epoch: 0 Iteration: 37  rank : 1  train.loss : 6.942610740661621  train.ips : 152.909222605654 imgs/s

TCAPPDLL 2025-12-12 07:32:23.703673 - Epoch: 0 Iteration: 37  rank : 2  train.loss : 6.942610740661621  train.ips : 151.50502553821795 imgs/s
TCAPPDLL 2025-12-12 07:32:23.703844 - Epoch: 0 Iteration: 37  rank : 3  train.loss : 6.942610740661621  train.ips : 153.26387628891197 imgs/s
Train: 0 [  37/20018 (  0%)]  Loss: 6.94 (7.02)  Time: 0.375s,  170.69/s  (0.420s,  152.36/s)  LR: 1.000e-05  Data: 0.066 (0.102)
TCAPPDLL 2025-12-12 07:32:23.998431 - Epoch: 0 Iteration: 38  rank : 2  train.loss : 7.130003929138184  train.ips : 152.66024414480142 imgs/sTCAPPDLL 2025-12-12 07:32:23.998430 - Epoch: 0 Iteration: 38  rank : 3  train.loss : 7.130003929138184  train.ips : 154.51148196059614 imgs/sTCAPPDLL 2025-12-12 07:32:23.998436 - Epoch: 0 Iteration: 38  rank : 1  train.loss : 7.130003929138184  train.ips : 154.05246701032877 imgs/s


TCAPPDLL 2025-12-12 07:32:23.998684 - Epoch: 0 Iteration: 38  rank : 0  train.loss : 7.130003929138184  train.ips : 153.5010403601804 imgs/s
Train: 0 [  38/20018 (  0%)]  Loss: 7.13 (7.03)  Time: 0.298s,  214.48/s  (0.417s,  153.50/s)  LR: 1.000e-05  Data: 0.020 (0.100)
TCAPPDLL 2025-12-12 07:32:24.307044 - Epoch: 0 Iteration: 39  rank : 2  train.loss : 6.91889762878418  train.ips : 153.70560429430174 imgs/sTCAPPDLL 2025-12-12 07:32:24.307053 - Epoch: 0 Iteration: 39  rank : 3  train.loss : 6.91889762878418  train.ips : 155.46273932630314 imgs/sTCAPPDLL 2025-12-12 07:32:24.307050 - Epoch: 0 Iteration: 39  rank : 1  train.loss : 6.91889762878418  train.ips : 155.06434609210322 imgs/s


TCAPPDLL 2025-12-12 07:32:24.307309 - Epoch: 0 Iteration: 39  rank : 0  train.loss : 6.91889762878418  train.ips : 154.50526820570482 imgs/s
Train: 0 [  39/20018 (  0%)]  Loss: 6.92 (7.02)  Time: 0.309s,  207.43/s  (0.414s,  154.51/s)  LR: 1.000e-05  Data: 0.008 (0.098)
TCAPPDLL 2025-12-12 07:32:24.606821 - Epoch: 0 Iteration: 40  rank : 2  train.loss : 7.011244773864746  train.ips : 154.76909961647382 imgs/sTCAPPDLL 2025-12-12 07:32:24.606824 - Epoch: 0 Iteration: 40  rank : 3  train.loss : 7.011244773864746  train.ips : 156.47688110786535 imgs/s

TCAPPDLL 2025-12-12 07:32:24.607002 - Epoch: 0 Iteration: 40  rank : 0  train.loss : 7.011244773864746  train.ips : 155.59821275984513 imgs/s
TCAPPDLL 2025-12-12 07:32:24.607172 - Epoch: 0 Iteration: 40  rank : 1  train.loss : 7.011244773864746  train.ips : 156.08114898128113 imgs/s
Train: 0 [  40/20018 (  0%)]  Loss: 7.01 (7.02)  Time: 0.295s,  217.00/s  (0.411s,  155.60/s)  LR: 1.000e-05  Data: 0.016 (0.096)
TCAPPDLL 2025-12-12 07:32:24.908036 - Epoch: 0 Iteration: 41  rank : 1  train.loss : 7.026162624359131  train.ips : 157.13706279308607 imgs/sTCAPPDLL 2025-12-12 07:32:24.908038 - Epoch: 0 Iteration: 41  rank : 3  train.loss : 7.026162624359131  train.ips : 157.5155072722195 imgs/s

TCAPPDLL 2025-12-12 07:32:24.908328 - Epoch: 0 Iteration: 41  rank : 2  train.loss : 7.026162624359131  train.ips : 155.73232479647677 imgs/s
TCAPPDLL 2025-12-12 07:32:24.908393 - Epoch: 0 Iteration: 41  rank : 0  train.loss : 7.026162624359131  train.ips : 156.61838152542836 imgs/s
Train: 0 [  41/20018 (  0%)]  Loss: 7.03 (7.02)  Time: 0.299s,  214.20/s  (0.409s,  156.62/s)  LR: 1.000e-05  Data: 0.011 (0.094)
TCAPPDLL 2025-12-12 07:32:25.217498 - Epoch: 0 Iteration: 42  rank : 0  train.loss : 7.060299396514893  train.ips : 157.4824898773508 imgs/sTCAPPDLL 2025-12-12 07:32:25.217504 - Epoch: 0 Iteration: 42  rank : 2  train.loss : 7.060299396514893  train.ips : 156.6722052465443 imgs/sTCAPPDLL 2025-12-12 07:32:25.217513 - Epoch: 0 Iteration: 42  rank : 3  train.loss : 7.060299396514893  train.ips : 158.33336499253156 imgs/s


TCAPPDLL 2025-12-12 07:32:25.217757 - Epoch: 0 Iteration: 42  rank : 1  train.loss : 7.060299396514893  train.ips : 157.95828953215013 imgs/s
Train: 0 [  42/20018 (  0%)]  Loss: 7.06 (7.02)  Time: 0.312s,  204.98/s  (0.406s,  157.48/s)  LR: 1.000e-05  Data: 0.014 (0.092)
TCAPPDLL 2025-12-12 07:32:25.594725 - Epoch: 0 Iteration: 43  rank : 1  train.loss : 6.999604225158691  train.ips : 158.23827896747835 imgs/sTCAPPDLL 2025-12-12 07:32:25.594729 - Epoch: 0 Iteration: 43  rank : 3  train.loss : 6.999604225158691  train.ips : 158.58794253589866 imgs/s

TCAPPDLL 2025-12-12 07:32:25.594995 - Epoch: 0 Iteration: 43  rank : 0  train.loss : 6.999604225158691  train.ips : 157.69951139849866 imgs/s
TCAPPDLL 2025-12-12 07:32:25.595321 - Epoch: 0 Iteration: 43  rank : 2  train.loss : 6.999604225158691  train.ips : 156.90641109100608 imgs/s
Train: 0 [  43/20018 (  0%)]  Loss: 7.00 (7.02)  Time: 0.382s,  167.63/s  (0.406s,  157.70/s)  LR: 1.000e-05  Data: 0.072 (0.091)
TCAPPDLL 2025-12-12 07:32:25.905640 - Epoch: 0 Iteration: 44  rank : 0  train.loss : 6.972989559173584  train.ips : 158.55039346490096 imgs/s
TCAPPDLL 2025-12-12 07:32:25.905679 - Epoch: 0 Iteration: 44  rank : 2  train.loss : 6.972989559173584  train.ips : 157.76075660413147 imgs/s
Train: 0 [  44/20018 (  0%)]  Loss: 6.97 (7.02)  Time: 0.308s,  207.91/s  (0.404s,  158.55/s)  LR: 1.000e-05  Data: 0.015 (0.090)
TCAPPDLL 2025-12-12 07:32:25.906098 - Epoch: 0 Iteration: 44  rank : 1  train.loss : 6.972989559173584  train.ips : 159.0519009524315 imgs/s
TCAPPDLL 2025-12-12 07:32:25.906158 - Epoch: 0 Iteration: 44  rank : 3  train.loss : 6.972989559173584  train.ips : 159.3795915278308 imgs/s
TCAPPDLL 2025-12-12 07:32:26.205151 - Epoch: 0 Iteration: 45  rank : 1  train.loss : 7.092589855194092  train.ips : 159.94378117134303 imgs/sTCAPPDLL 2025-12-12 07:32:26.205161 - Epoch: 0 Iteration: 45  rank : 3  train.loss : 7.092589855194092  train.ips : 160.29756720362582 imgs/sTCAPPDLL 2025-12-12 07:32:26.205164 - Epoch: 0 Iteration: 45  rank : 0  train.loss : 7.092589855194092  train.ips : 159.447342744 imgs/s


TCAPPDLL 2025-12-12 07:32:26.205428 - Epoch: 0 Iteration: 45  rank : 2  train.loss : 7.092589855194092  train.ips : 158.6425261860044 imgs/s
Train: 0 [  45/20018 (  0%)]  Loss: 7.09 (7.02)  Time: 0.299s,  213.90/s  (0.401s,  159.45/s)  LR: 1.000e-05  Data: 0.011 (0.088)
TCAPPDLL 2025-12-12 07:32:26.511602 - Epoch: 0 Iteration: 46  rank : 2  train.loss : 7.034881591796875  train.ips : 159.49925800062556 imgs/s
TCAPPDLL 2025-12-12 07:32:26.511634 - Epoch: 0 Iteration: 46  rank : 1  train.loss : 7.034881591796875  train.ips : 160.75535137787065 imgs/s
TCAPPDLL 2025-12-12 07:32:26.511705 - Epoch: 0 Iteration: 46  rank : 3  train.loss : 7.034881591796875  train.ips : 161.08126824082802 imgs/sTCAPPDLL 2025-12-12 07:32:26.511947 - Epoch: 0 Iteration: 46  rank : 0  train.loss : 7.034881591796875  train.ips : 160.22583021241482 imgs/s

Train: 0 [  46/20018 (  0%)]  Loss: 7.03 (7.02)  Time: 0.310s,  206.63/s  (0.399s,  160.23/s)  LR: 1.000e-05  Data: 0.015 (0.086)
TCAPPDLL 2025-12-12 07:32:26.889691 - Epoch: 0 Iteration: 47  rank : 2  train.loss : 7.012424468994141  train.ips : 159.6590994905442 imgs/s
TCAPPDLL 2025-12-12 07:32:26.889970 - Epoch: 0 Iteration: 47  rank : 3  train.loss : 7.012424468994141  train.ips : 161.22430966784773 imgs/sTCAPPDLL 2025-12-12 07:32:26.889964 - Epoch: 0 Iteration: 47  rank : 0  train.loss : 7.012424468994141  train.ips : 160.91514052657004 imgs/s

TCAPPDLL 2025-12-12 07:32:26.890330 - Epoch: 0 Iteration: 47  rank : 1  train.loss : 7.012424468994141  train.ips : 160.88764566389509 imgs/sTrain: 0 [  47/20018 (  0%)]  Loss: 7.01 (7.02)  Time: 0.317s,  201.70/s  (0.398s,  160.92/s)  LR: 1.000e-05  Data: 0.016 (0.085)

TCAPPDLL 2025-12-12 07:32:27.208573 - Epoch: 0 Iteration: 48  rank : 3  train.loss : 7.010287284851074  train.ips : 161.88551136848247 imgs/s
TCAPPDLL 2025-12-12 07:32:27.208853 - Epoch: 0 Iteration: 48  rank : 0  train.loss : 7.010287284851074  train.ips : 161.06496494603337 imgs/s
Train: 0 [  48/20018 (  0%)]  Loss: 7.01 (7.02)  Time: 0.380s,  168.60/s  (0.397s,  161.06/s)  LR: 1.000e-05  Data: 0.015 (0.083)
TCAPPDLL 2025-12-12 07:32:27.209469 - Epoch: 0 Iteration: 48  rank : 1  train.loss : 7.010287284851074  train.ips : 161.5540397975523 imgs/s
TCAPPDLL 2025-12-12 07:32:27.209849 - Epoch: 0 Iteration: 48  rank : 2  train.loss : 7.010287284851074  train.ips : 160.33055042895458 imgs/s
TCAPPDLL 2025-12-12 07:32:27.516036 - Epoch: 0 Iteration: 49  rank : 2  train.loss : 7.032632827758789  train.ips : 161.09123914794137 imgs/sTCAPPDLL 2025-12-12 07:32:27.516042 - Epoch: 0 Iteration: 49  rank : 0  train.loss : 7.032632827758789  train.ips : 161.82504704212698 imgs/s

TCAPPDLL 2025-12-12 07:32:27.516208 - Epoch: 0 Iteration: 49  rank : 1  train.loss : 7.032632827758789  train.ips : 162.26469935784672 imgs/s
TCAPPDLL 2025-12-12 07:32:27.516289 - Epoch: 0 Iteration: 49  rank : 3  train.loss : 7.032632827758789  train.ips : 162.5969668307718 imgs/s
Train: 0 [  49/20018 (  0%)]  Loss: 7.03 (7.02)  Time: 0.304s,  210.50/s  (0.395s,  161.83/s)  LR: 1.000e-05  Data: 0.013 (0.082)
TCAPPDLL 2025-12-12 07:32:27.897221 - Epoch: 0 Iteration: 50  rank : 2  train.loss : 6.998725891113281  train.ips : 161.24368763532956 imgs/sTCAPPDLL 2025-12-12 07:32:27.897215 - Epoch: 0 Iteration: 50  rank : 3  train.loss : 6.998725891113281  train.ips : 162.72350763121227 imgs/sTCAPPDLL 2025-12-12 07:32:27.897226 - Epoch: 0 Iteration: 50  rank : 1  train.loss : 6.998725891113281  train.ips : 162.3924888934539 imgs/s


TCAPPDLL 2025-12-12 07:32:27.897469 - Epoch: 0 Iteration: 50  rank : 0  train.loss : 6.998725891113281  train.ips : 161.91046733355813 imgs/s
Train: 0 [  50/20018 (  0%)]  Loss: 7.00 (7.02)  Time: 0.385s,  166.30/s  (0.395s,  161.91/s)  LR: 1.000e-05  Data: 0.081 (0.082)
TCAPPDLL 2025-12-12 07:32:28.204930 - Epoch: 0 Iteration: 51  rank : 0  train.loss : 6.934208393096924  train.ips : 162.6311356896991 imgs/sTCAPPDLL 2025-12-12 07:32:28.204928 - Epoch: 0 Iteration: 51  rank : 1  train.loss : 6.934208393096924  train.ips : 163.0845227704238 imgs/s

TCAPPDLL 2025-12-12 07:32:28.205004 - Epoch: 0 Iteration: 51  rank : 2  train.loss : 6.934208393096924  train.ips : 161.91377891501682 imgs/s
Train: 0 [  51/20018 (  0%)]  Loss: 6.93 (7.02)  Time: 0.304s,  210.39/s  (0.394s,  162.63/s)  LR: 1.000e-05  Data: 0.023 (0.081)
TCAPPDLL 2025-12-12 07:32:28.205467 - Epoch: 0 Iteration: 51  rank : 3  train.loss : 6.934208393096924  train.ips : 163.38140071518612 imgs/s
TCAPPDLL 2025-12-12 07:32:28.496700 - Epoch: 0 Iteration: 52  rank : 2  train.loss : 7.035726070404053  train.ips : 162.73195786799607 imgs/s
TCAPPDLL 2025-12-12 07:32:28.496767 - Epoch: 0 Iteration: 52  rank : 0  train.loss : 7.035726070404053  train.ips : 163.44815261475898 imgs/s
TCAPPDLL 2025-12-12 07:32:28.496958 - Epoch: 0 Iteration: 52  rank : 3  train.loss : 7.035726070404053  train.ips : 164.1716189111313 imgs/s
TCAPPDLL 2025-12-12 07:32:28.496999 - Epoch: 0 Iteration: 52  rank : 1  train.loss : 7.035726070404053  train.ips : 163.8519216221165 imgs/s
Train: 0 [  52/20018 (  0%)]  Loss: 7.04 (7.02)  Time: 0.289s,  221.25/s  (0.392s,  163.45/s)  LR: 1.000e-05  Data: 0.009 (0.079)
TCAPPDLL 2025-12-12 07:32:28.809607 - Epoch: 0 Iteration: 53  rank : 2  train.loss : 7.0184173583984375  train.ips : 163.34288145161332 imgs/sTCAPPDLL 2025-12-12 07:32:28.809610 - Epoch: 0 Iteration: 53  rank : 3  train.loss : 7.0184173583984375  train.ips : 164.80590174051366 imgs/sTCAPPDLL 2025-12-12 07:32:28.809661 - Epoch: 0 Iteration: 53  rank : 1  train.loss : 7.0184173583984375  train.ips : 164.48848811532582 imgs/s


TCAPPDLL 2025-12-12 07:32:28.809853 - Epoch: 0 Iteration: 53  rank : 0  train.loss : 7.0184173583984375  train.ips : 164.01162217847653 imgs/s
Train: 0 [  53/20018 (  0%)]  Loss: 7.02 (7.02)  Time: 0.319s,  200.68/s  (0.390s,  164.01/s)  LR: 1.000e-05  Data: 0.011 (0.078)
TCAPPDLL 2025-12-12 07:32:29.120795 - Epoch: 0 Iteration: 54  rank : 2  train.loss : 7.084003448486328  train.ips : 163.9459211601565 imgs/sTCAPPDLL 2025-12-12 07:32:29.120803 - Epoch: 0 Iteration: 54  rank : 0  train.loss : 7.084003448486328  train.ips : 164.63632628072892 imgs/sTCAPPDLL 2025-12-12 07:32:29.120805 - Epoch: 0 Iteration: 54  rank : 1  train.loss : 7.084003448486328  train.ips : 165.07362824150542 imgs/s


Train: 0 [  54/20018 (  0%)]  Loss: 7.08 (7.02)  Time: 0.309s,  207.27/s  (0.389s,  164.64/s)  LR: 1.000e-05  Data: 0.015 (0.077)
TCAPPDLL 2025-12-12 07:32:29.121327 - Epoch: 0 Iteration: 54  rank : 3  train.loss : 7.084003448486328  train.ips : 165.3718681406468 imgs/s
TCAPPDLL 2025-12-12 07:32:29.509400 - Epoch: 0 Iteration: 55  rank : 2  train.loss : 7.108239650726318  train.ips : 163.94943554776057 imgs/sTCAPPDLL 2025-12-12 07:32:29.509412 - Epoch: 0 Iteration: 55  rank : 0  train.loss : 7.108239650726318  train.ips : 164.64964201779136 imgs/sTCAPPDLL 2025-12-12 07:32:29.509401 - Epoch: 0 Iteration: 55  rank : 1  train.loss : 7.108239650726318  train.ips : 165.065266485284 imgs/s


TCAPPDLL 2025-12-12 07:32:29.509660 - Epoch: 0 Iteration: 55  rank : 3  train.loss : 7.108239650726318  train.ips : 165.359915027952 imgs/s
Train: 0 [  55/20018 (  0%)]  Loss: 7.11 (7.02)  Time: 0.387s,  165.39/s  (0.389s,  164.65/s)  LR: 1.000e-05  Data: 0.080 (0.077)
TCAPPDLL 2025-12-12 07:32:29.903016 - Epoch: 0 Iteration: 56  rank : 3  train.loss : 7.066804885864258  train.ips : 165.33813429341586 imgs/sTCAPPDLL 2025-12-12 07:32:29.903016 - Epoch: 0 Iteration: 56  rank : 1  train.loss : 7.066804885864258  train.ips : 165.03709896397532 imgs/sTCAPPDLL 2025-12-12 07:32:29.903024 - Epoch: 0 Iteration: 56  rank : 2  train.loss : 7.066804885864258  train.ips : 163.92528472160225 imgs/s


TCAPPDLL 2025-12-12 07:32:29.903255 - Epoch: 0 Iteration: 56  rank : 0  train.loss : 7.066804885864258  train.ips : 164.58321405186422 imgs/s
Train: 0 [  56/20018 (  0%)]  Loss: 7.07 (7.02)  Time: 0.398s,  160.95/s  (0.389s,  164.58/s)  LR: 1.000e-05  Data: 0.008 (0.076)
TCAPPDLL 2025-12-12 07:32:30.204767 - Epoch: 0 Iteration: 57  rank : 0  train.loss : 7.032388687133789  train.ips : 165.25119602152066 imgs/sTCAPPDLL 2025-12-12 07:32:30.204767 - Epoch: 0 Iteration: 57  rank : 3  train.loss : 7.032388687133789  train.ips : 165.9483430044695 imgs/s

TCAPPDLL 2025-12-12 07:32:30.204855 - Epoch: 0 Iteration: 57  rank : 1  train.loss : 7.032388687133789  train.ips : 165.65076807588082 imgs/s
TCAPPDLL 2025-12-12 07:32:30.205010 - Epoch: 0 Iteration: 57  rank : 2  train.loss : 7.032388687133789  train.ips : 164.55947494628282 imgs/s
Train: 0 [  57/20018 (  0%)]  Loss: 7.03 (7.03)  Time: 0.298s,  214.99/s  (0.387s,  165.25/s)  LR: 1.000e-05  Data: 0.013 (0.075)
TCAPPDLL 2025-12-12 07:32:30.528110 - Epoch: 0 Iteration: 58  rank : 0  train.loss : 7.011408805847168  train.ips : 165.72333851691866 imgs/sTCAPPDLL 2025-12-12 07:32:30.528109 - Epoch: 0 Iteration: 58  rank : 2  train.loss : 7.011408805847168  train.ips : 165.06918531415153 imgs/s

TCAPPDLL 2025-12-12 07:32:30.528378 - Epoch: 0 Iteration: 58  rank : 3  train.loss : 7.011408805847168  train.ips : 166.39794039931766 imgs/s
TCAPPDLL 2025-12-12 07:32:30.528417 - Epoch: 0 Iteration: 58  rank : 1  train.loss : 7.011408805847168  train.ips : 166.11837415720925 imgs/s
Train: 0 [  58/20018 (  0%)]  Loss: 7.01 (7.02)  Time: 0.322s,  198.64/s  (0.386s,  165.72/s)  LR: 1.000e-05  Data: 0.014 (0.074)
TCAPPDLL 2025-12-12 07:32:30.920126 - Epoch: 0 Iteration: 59  rank : 2  train.loss : 6.996201038360596  train.ips : 165.03267433600413 imgs/sTCAPPDLL 2025-12-12 07:32:30.920133 - Epoch: 0 Iteration: 59  rank : 0  train.loss : 6.996201038360596  train.ips : 165.68133575421345 imgs/sTCAPPDLL 2025-12-12 07:32:30.920144 - Epoch: 0 Iteration: 59  rank : 3  train.loss : 6.996201038360596  train.ips : 166.34831545621216 imgs/s


TCAPPDLL 2025-12-12 07:32:30.920485 - Epoch: 0 Iteration: 59  rank : 1  train.loss : 6.996201038360596  train.ips : 166.05602974410522 imgs/sTrain: 0 [  59/20018 (  0%)]  Loss: 7.00 (7.02)  Time: 0.392s,  163.24/s  (0.386s,  165.68/s)  LR: 1.000e-05  Data: 0.070 (0.074)

TCAPPDLL 2025-12-12 07:32:31.320285 - Epoch: 0 Iteration: 60  rank : 2  train.loss : 7.107074737548828  train.ips : 164.94497108540708 imgs/sTCAPPDLL 2025-12-12 07:32:31.320283 - Epoch: 0 Iteration: 60  rank : 3  train.loss : 7.107074737548828  train.ips : 166.26163725205703 imgs/sTCAPPDLL 2025-12-12 07:32:31.320330 - Epoch: 0 Iteration: 60  rank : 0  train.loss : 7.107074737548828  train.ips : 165.57635123541405 imgs/s


TCAPPDLL 2025-12-12 07:32:31.320528 - Epoch: 0 Iteration: 60  rank : 1  train.loss : 7.107074737548828  train.ips : 165.94858567795976 imgs/s
Train: 0 [  60/20018 (  0%)]  Loss: 7.11 (7.03)  Time: 0.401s,  159.51/s  (0.387s,  165.58/s)  LR: 1.000e-05  Data: 0.072 (0.074)
TCAPPDLL 2025-12-12 07:32:31.715280 - Epoch: 0 Iteration: 61  rank : 0  train.loss : 7.050874710083008  train.ips : 165.51723132715713 imgs/sTCAPPDLL 2025-12-12 07:32:31.715280 - Epoch: 0 Iteration: 61  rank : 2  train.loss : 7.050874710083008  train.ips : 164.89671044552753 imgs/sTCAPPDLL 2025-12-12 07:32:31.715279 - Epoch: 0 Iteration: 61  rank : 1  train.loss : 7.050874710083008  train.ips : 165.9111536558451 imgs/s


TCAPPDLL 2025-12-12 07:32:31.715531 - Epoch: 0 Iteration: 61  rank : 3  train.loss : 7.050874710083008  train.ips : 166.16569618022535 imgs/s
Train: 0 [  61/20018 (  0%)]  Loss: 7.05 (7.03)  Time: 0.395s,  161.99/s  (0.387s,  165.52/s)  LR: 1.000e-05  Data: 0.070 (0.074)
TCAPPDLL 2025-12-12 07:32:32.107327 - Epoch: 0 Iteration: 62  rank : 2  train.loss : 6.9658613204956055  train.ips : 164.86681901564955 imgs/sTCAPPDLL 2025-12-12 07:32:32.107336 - Epoch: 0 Iteration: 62  rank : 1  train.loss : 6.9658613204956055  train.ips : 165.86701768776166 imgs/s

TCAPPDLL 2025-12-12 07:32:32.107431 - Epoch: 0 Iteration: 62  rank : 0  train.loss : 6.9658613204956055  train.ips : 165.47725316096404 imgs/s
TCAPPDLL 2025-12-12 07:32:32.107595 - Epoch: 0 Iteration: 62  rank : 3  train.loss : 6.9658613204956055  train.ips : 166.11803635698257 imgs/s
Train: 0 [  62/20018 (  0%)]  Loss: 6.97 (7.03)  Time: 0.393s,  163.04/s  (0.387s,  165.48/s)  LR: 1.000e-05  Data: 0.014 (0.073)
TCAPPDLL 2025-12-12 07:32:32.428498 - Epoch: 0 Iteration: 63  rank : 0  train.loss : 7.139346599578857  train.ips : 165.9092117986375 imgs/sTCAPPDLL 2025-12-12 07:32:32.428492 - Epoch: 0 Iteration: 63  rank : 1  train.loss : 7.139346599578857  train.ips : 166.2848218385397 imgs/s

TCAPPDLL 2025-12-12 07:32:32.428709 - Epoch: 0 Iteration: 63  rank : 2  train.loss : 7.139346599578857  train.ips : 165.30368523413878 imgs/sTCAPPDLL 2025-12-12 07:32:32.428751 - Epoch: 0 Iteration: 63  rank : 3  train.loss : 7.139346599578857  train.ips : 166.5508526814208 imgs/s

Train: 0 [  63/20018 (  0%)]  Loss: 7.14 (7.03)  Time: 0.322s,  198.56/s  (0.386s,  165.91/s)  LR: 1.000e-05  Data: 0.014 (0.072)
TCAPPDLL 2025-12-12 07:32:32.800127 - Epoch: 0 Iteration: 64  rank : 2  train.loss : 7.126732349395752  train.ips : 165.4193920342416 imgs/s
TCAPPDLL 2025-12-12 07:32:32.800462 - Epoch: 0 Iteration: 64  rank : 0  train.loss : 7.126732349395752  train.ips : 166.01441533337479 imgs/s
Train: 0 [  64/20018 (  0%)]  Loss: 7.13 (7.03)  Time: 0.370s,  173.04/s  (0.386s,  166.01/s)  LR: 1.000e-05  Data: 0.066 (0.072)
TCAPPDLL 2025-12-12 07:32:32.801310 - Epoch: 0 Iteration: 64  rank : 3  train.loss : 7.126732349395752  train.ips : 166.6357172266464 imgs/s
TCAPPDLL 2025-12-12 07:32:32.801530 - Epoch: 0 Iteration: 64  rank : 1  train.loss : 7.126732349395752  train.ips : 166.36640229287192 imgs/s
TCAPPDLL 2025-12-12 07:32:33.100504 - Epoch: 0 Iteration: 65  rank : 2  train.loss : 6.9684977531433105  train.ips : 165.98676641558671 imgs/sTCAPPDLL 2025-12-12 07:32:33.100502 - Epoch: 0 Iteration: 65  rank : 0  train.loss : 6.9684977531433105  train.ips : 166.57763587448736 imgs/sTCAPPDLL 2025-12-12 07:32:33.100507 - Epoch: 0 Iteration: 65  rank : 3  train.loss : 6.9684977531433105  train.ips : 167.22110470221187 imgs/s


Train: 0 [  65/20018 (  0%)]  Loss: 6.97 (7.03)  Time: 0.299s,  213.70/s  (0.384s,  166.58/s)  LR: 1.000e-05  Data: 0.010 (0.071)
TCAPPDLL 2025-12-12 07:32:33.100844 - Epoch: 0 Iteration: 65  rank : 1  train.loss : 6.9684977531433105  train.ips : 166.92133854316697 imgs/s
TCAPPDLL 2025-12-12 07:32:33.409651 - Epoch: 0 Iteration: 66  rank : 3  train.loss : 7.070466995239258  train.ips : 167.67406910544955 imgs/sTCAPPDLL 2025-12-12 07:32:33.409659 - Epoch: 0 Iteration: 66  rank : 0  train.loss : 7.070466995239258  train.ips : 167.0573695136773 imgs/s

TCAPPDLL 2025-12-12 07:32:33.409895 - Epoch: 0 Iteration: 66  rank : 1  train.loss : 7.070466995239258  train.ips : 167.4028384188938 imgs/s
TCAPPDLL 2025-12-12 07:32:33.409924 - Epoch: 0 Iteration: 66  rank : 2  train.loss : 7.070466995239258  train.ips : 166.44802866746628 imgs/s
Train: 0 [  66/20018 (  0%)]  Loss: 7.07 (7.03)  Time: 0.310s,  206.26/s  (0.383s,  167.06/s)  LR: 1.000e-05  Data: 0.014 (0.070)
TCAPPDLL 2025-12-12 07:32:33.705680 - Epoch: 0 Iteration: 67  rank : 0  train.loss : 7.031595230102539  train.ips : 167.621825715703 imgs/sTCAPPDLL 2025-12-12 07:32:33.705690 - Epoch: 0 Iteration: 67  rank : 2  train.loss : 7.031595230102539  train.ips : 167.0408817340271 imgs/sTCAPPDLL 2025-12-12 07:32:33.705687 - Epoch: 0 Iteration: 67  rank : 3  train.loss : 7.031595230102539  train.ips : 168.249727883402 imgs/s


TCAPPDLL 2025-12-12 07:32:33.705946 - Epoch: 0 Iteration: 67  rank : 1  train.loss : 7.031595230102539  train.ips : 167.9625427634303 imgs/s
Train: 0 [  67/20018 (  0%)]  Loss: 7.03 (7.03)  Time: 0.295s,  216.67/s  (0.382s,  167.62/s)  LR: 1.000e-05  Data: 0.015 (0.069)
TCAPPDLL 2025-12-12 07:32:34.003744 - Epoch: 0 Iteration: 68  rank : 1  train.loss : 7.028539180755615  train.ips : 168.51797415008815 imgs/sTCAPPDLL 2025-12-12 07:32:34.003805 - Epoch: 0 Iteration: 68  rank : 2  train.loss : 7.028539180755615  train.ips : 167.5758003237565 imgs/s
TCAPPDLL 2025-12-12 07:32:34.003836 - Epoch: 0 Iteration: 68  rank : 0  train.loss : 7.028539180755615  train.ips : 168.14984374005493 imgs/s

TCAPPDLL 2025-12-12 07:32:34.004015 - Epoch: 0 Iteration: 68  rank : 3  train.loss : 7.028539180755615  train.ips : 168.7538642050664 imgs/s
Train: 0 [  68/20018 (  0%)]  Loss: 7.03 (7.03)  Time: 0.299s,  213.99/s  (0.381s,  168.15/s)  LR: 1.000e-05  Data: 0.014 (0.068)
TCAPPDLL 2025-12-12 07:32:34.389473 - Epoch: 0 Iteration: 69  rank : 1  train.loss : 7.093143463134766  train.ips : 168.45727725066126 imgs/sTCAPPDLL 2025-12-12 07:32:34.389514 - Epoch: 0 Iteration: 69  rank : 3  train.loss : 7.093143463134766  train.ips : 168.71828393106142 imgs/s

TCAPPDLL 2025-12-12 07:32:34.389793 - Epoch: 0 Iteration: 69  rank : 0  train.loss : 7.093143463134766  train.ips : 168.49186094891033 imgs/s
TCAPPDLL 2025-12-12 07:32:34.389960 - Epoch: 0 Iteration: 69  rank : 2  train.loss : 7.093143463134766  train.ips : 167.9176891636969 imgs/s
Train: 0 [  69/20018 (  0%)]  Loss: 7.09 (7.03)  Time: 0.327s,  196.00/s  (0.380s,  168.49/s)  LR: 1.000e-05  Data: 0.011 (0.067)
TCAPPDLL 2025-12-12 07:32:34.702849 - Epoch: 0 Iteration: 70  rank : 2  train.loss : 6.9746809005737305  train.ips : 167.976658273438 imgs/sTCAPPDLL 2025-12-12 07:32:34.702853 - Epoch: 0 Iteration: 70  rank : 0  train.loss : 6.9746809005737305  train.ips : 168.5378350996176 imgs/sTCAPPDLL 2025-12-12 07:32:34.702859 - Epoch: 0 Iteration: 70  rank : 1  train.loss : 6.9746809005737305  train.ips : 168.87727594660313 imgs/s


TCAPPDLL 2025-12-12 07:32:34.703115 - Epoch: 0 Iteration: 70  rank : 3  train.loss : 6.9746809005737305  train.ips : 169.1266425772041 imgs/s
Train: 0 [  70/20018 (  0%)]  Loss: 6.97 (7.03)  Time: 0.372s,  171.82/s  (0.380s,  168.54/s)  LR: 1.000e-05  Data: 0.014 (0.067)
TCAPPDLL 2025-12-12 07:32:35.089017 - Epoch: 0 Iteration: 71  rank : 1  train.loss : 6.95914363861084  train.ips : 168.82949575209437 imgs/s
TCAPPDLL 2025-12-12 07:32:35.089272 - Epoch: 0 Iteration: 71  rank : 3  train.loss : 6.95914363861084  train.ips : 169.44996173571107 imgs/s
TCAPPDLL 2025-12-12 07:32:35.089337 - Epoch: 0 Iteration: 71  rank : 2  train.loss : 6.95914363861084  train.ips : 168.29001261895186 imgs/sTCAPPDLL 2025-12-12 07:32:35.089358 - Epoch: 0 Iteration: 71  rank : 0  train.loss : 6.95914363861084  train.ips : 168.8452418642313 imgs/s

Train: 0 [  71/20018 (  0%)]  Loss: 6.96 (7.03)  Time: 0.330s,  193.96/s  (0.379s,  168.85/s)  LR: 1.000e-05  Data: 0.014 (0.066)
TCAPPDLL 2025-12-12 07:32:35.418869 - Epoch: 0 Iteration: 72  rank : 2  train.loss : 7.014281749725342  train.ips : 168.27368184406453 imgs/sTCAPPDLL 2025-12-12 07:32:35.418874 - Epoch: 0 Iteration: 72  rank : 0  train.loss : 7.014281749725342  train.ips : 168.79529504992973 imgs/sTCAPPDLL 2025-12-12 07:32:35.418877 - Epoch: 0 Iteration: 72  rank : 3  train.loss : 7.014281749725342  train.ips : 169.42004700532004 imgs/s


TCAPPDLL 2025-12-12 07:32:35.419154 - Epoch: 0 Iteration: 72  rank : 1  train.loss : 7.014281749725342  train.ips : 169.12854778494102 imgs/s
Train: 0 [  72/20018 (  0%)]  Loss: 7.01 (7.03)  Time: 0.387s,  165.28/s  (0.379s,  168.80/s)  LR: 1.000e-05  Data: 0.013 (0.065)
TCAPPDLL 2025-12-12 07:32:35.823294 - Epoch: 0 Iteration: 73  rank : 2  train.loss : 7.011030197143555  train.ips : 168.13272801944535 imgs/sTCAPPDLL 2025-12-12 07:32:35.823303 - Epoch: 0 Iteration: 73  rank : 0  train.loss : 7.011030197143555  train.ips : 168.67324266393865 imgs/sTCAPPDLL 2025-12-12 07:32:35.823297 - Epoch: 0 Iteration: 73  rank : 3  train.loss : 7.011030197143555  train.ips : 169.25864257835883 imgs/s


TCAPPDLL 2025-12-12 07:32:35.823590 - Epoch: 0 Iteration: 73  rank : 1  train.loss : 7.011030197143555  train.ips : 168.97155118160302 imgs/s
Train: 0 [  73/20018 (  0%)]  Loss: 7.01 (7.03)  Time: 0.399s,  160.22/s  (0.379s,  168.67/s)  LR: 1.000e-05  Data: 0.014 (0.065)
TCAPPDLL 2025-12-12 07:32:36.202997 - Epoch: 0 Iteration: 74  rank : 2  train.loss : 7.042884349822998  train.ips : 168.1175280407924 imgs/sTCAPPDLL 2025-12-12 07:32:36.202999 - Epoch: 0 Iteration: 74  rank : 1  train.loss : 7.042884349822998  train.ips : 168.98452539540554 imgs/sTCAPPDLL 2025-12-12 07:32:36.203011 - Epoch: 0 Iteration: 74  rank : 0  train.loss : 7.042884349822998  train.ips : 168.65004532426275 imgs/s


TCAPPDLL 2025-12-12 07:32:36.203285 - Epoch: 0 Iteration: 74  rank : 3  train.loss : 7.042884349822998  train.ips : 169.2073271971491 imgs/s
Train: 0 [  74/20018 (  0%)]  Loss: 7.04 (7.03)  Time: 0.383s,  166.95/s  (0.379s,  168.65/s)  LR: 1.000e-05  Data: 0.071 (0.065)
TCAPPDLL 2025-12-12 07:32:36.526971 - Epoch: 0 Iteration: 75  rank : 2  train.loss : 6.982210159301758  train.ips : 168.4580794621191 imgs/sTCAPPDLL 2025-12-12 07:32:36.526961 - Epoch: 0 Iteration: 75  rank : 3  train.loss : 6.982210159301758  train.ips : 169.5581934218076 imgs/sTCAPPDLL 2025-12-12 07:32:36.526999 - Epoch: 0 Iteration: 75  rank : 0  train.loss : 6.982210159301758  train.ips : 168.98535113946878 imgs/s


TCAPPDLL 2025-12-12 07:32:36.527239 - Epoch: 0 Iteration: 75  rank : 1  train.loss : 6.982210159301758  train.ips : 169.28814648918876 imgs/s
Train: 0 [  75/20018 (  0%)]  Loss: 6.98 (7.03)  Time: 0.322s,  198.60/s  (0.379s,  168.99/s)  LR: 1.000e-05  Data: 0.013 (0.064)
TCAPPDLL 2025-12-12 07:32:36.909622 - Epoch: 0 Iteration: 76  rank : 0  train.loss : 7.022418975830078  train.ips : 168.9535236299503 imgs/sTCAPPDLL 2025-12-12 07:32:36.909629 - Epoch: 0 Iteration: 76  rank : 2  train.loss : 7.022418975830078  train.ips : 168.41624551191464 imgs/sTCAPPDLL 2025-12-12 07:32:36.909621 - Epoch: 0 Iteration: 76  rank : 3  train.loss : 7.022418975830078  train.ips : 169.5224198168816 imgs/s


TCAPPDLL 2025-12-12 07:32:36.909874 - Epoch: 0 Iteration: 76  rank : 1  train.loss : 7.022418975830078  train.ips : 169.26120106957495 imgs/s
Train: 0 [  76/20018 (  0%)]  Loss: 7.02 (7.03)  Time: 0.384s,  166.57/s  (0.379s,  168.95/s)  LR: 1.000e-05  Data: 0.064 (0.064)
TCAPPDLL 2025-12-12 07:32:37.221814 - Epoch: 0 Iteration: 77  rank : 2  train.loss : 6.994565010070801  train.ips : 168.80471599454725 imgs/s
TCAPPDLL 2025-12-12 07:32:37.222085 - Epoch: 0 Iteration: 77  rank : 1  train.loss : 6.994565010070801  train.ips : 169.6403309409751 imgs/s
TCAPPDLL 2025-12-12 07:32:37.222162 - Epoch: 0 Iteration: 77  rank : 0  train.loss : 6.994565010070801  train.ips : 169.3409683821824 imgs/s
Train: 0 [  77/20018 (  0%)]  Loss: 6.99 (7.03)  Time: 0.311s,  205.65/s  (0.378s,  169.34/s)  LR: 1.000e-05  Data: 0.014 (0.063)
TCAPPDLL 2025-12-12 07:32:37.222875 - Epoch: 0 Iteration: 77  rank : 3  train.loss : 6.994565010070801  train.ips : 169.8752027595476 imgs/s
TCAPPDLL 2025-12-12 07:32:37.613184 - Epoch: 0 Iteration: 78  rank : 2  train.loss : 6.946671009063721  train.ips : 168.74790336525226 imgs/sTCAPPDLL 2025-12-12 07:32:37.613172 - Epoch: 0 Iteration: 78  rank : 1  train.loss : 6.946671009063721  train.ips : 169.58222892456266 imgs/sTCAPPDLL 2025-12-12 07:32:37.613197 - Epoch: 0 Iteration: 78  rank : 0  train.loss : 6.946671009063721  train.ips : 169.2578083613069 imgs/s


TCAPPDLL 2025-12-12 07:32:37.613434 - Epoch: 0 Iteration: 78  rank : 3  train.loss : 6.946671009063721  train.ips : 169.79120035753 imgs/s
Train: 0 [  78/20018 (  0%)]  Loss: 6.95 (7.03)  Time: 0.393s,  163.01/s  (0.378s,  169.26/s)  LR: 1.000e-05  Data: 0.070 (0.063)
TCAPPDLL 2025-12-12 07:32:37.923061 - Epoch: 0 Iteration: 79  rank : 2  train.loss : 6.9771623611450195  train.ips : 169.14008839332263 imgs/sTCAPPDLL 2025-12-12 07:32:37.923117 - Epoch: 0 Iteration: 79  rank : 0  train.loss : 6.9771623611450195  train.ips : 169.6448790978151 imgs/s

TCAPPDLL 2025-12-12 07:32:37.923324 - Epoch: 0 Iteration: 79  rank : 1  train.loss : 6.9771623611450195  train.ips : 169.94255344005956 imgs/sTCAPPDLL 2025-12-12 07:32:37.923368 - Epoch: 0 Iteration: 79  rank : 3  train.loss : 6.9771623611450195  train.ips : 170.16923968874522 imgs/s

Train: 0 [  79/20018 (  0%)]  Loss: 6.98 (7.02)  Time: 0.309s,  207.05/s  (0.377s,  169.64/s)  LR: 1.000e-05  Data: 0.013 (0.063)
TCAPPDLL 2025-12-12 07:32:38.304103 - Epoch: 0 Iteration: 80  rank : 1  train.loss : 7.014185905456543  train.ips : 169.95611442988076 imgs/sTCAPPDLL 2025-12-12 07:32:38.304117 - Epoch: 0 Iteration: 80  rank : 3  train.loss : 7.014185905456543  train.ips : 170.18311370700883 imgs/sTCAPPDLL 2025-12-12 07:32:38.304113 - Epoch: 0 Iteration: 80  rank : 0  train.loss : 7.014185905456543  train.ips : 169.6346569092058 imgs/s


TCAPPDLL 2025-12-12 07:32:38.304377 - Epoch: 0 Iteration: 80  rank : 2  train.loss : 7.014185905456543  train.ips : 169.0993866395626 imgs/s
Train: 0 [  80/20018 (  0%)]  Loss: 7.01 (7.02)  Time: 0.379s,  168.82/s  (0.377s,  169.63/s)  LR: 1.000e-05  Data: 0.063 (0.063)
TCAPPDLL 2025-12-12 07:32:38.602657 - Epoch: 0 Iteration: 81  rank : 1  train.loss : 7.004096984863281  train.ips : 170.38284596266396 imgs/sTCAPPDLL 2025-12-12 07:32:38.602664 - Epoch: 0 Iteration: 81  rank : 0  train.loss : 7.004096984863281  train.ips : 170.07299747219736 imgs/s

TCAPPDLL 2025-12-12 07:32:38.602732 - Epoch: 0 Iteration: 81  rank : 3  train.loss : 7.004096984863281  train.ips : 170.6068619298957 imgs/s
TCAPPDLL 2025-12-12 07:32:38.602923 - Epoch: 0 Iteration: 81  rank : 2  train.loss : 7.004096984863281  train.ips : 169.53609258968774 imgs/s
Train: 0 [  81/20018 (  0%)]  Loss: 7.00 (7.02)  Time: 0.298s,  215.09/s  (0.376s,  170.07/s)  LR: 1.000e-05  Data: 0.013 (0.062)
TCAPPDLL 2025-12-12 07:32:38.925827 - Epoch: 0 Iteration: 82  rank : 0  train.loss : 6.943660736083984  train.ips : 170.3452337346021 imgs/sTCAPPDLL 2025-12-12 07:32:38.925825 - Epoch: 0 Iteration: 82  rank : 1  train.loss : 6.943660736083984  train.ips : 170.653203716469 imgs/sTCAPPDLL 2025-12-12 07:32:38.925829 - Epoch: 0 Iteration: 82  rank : 3  train.loss : 6.943660736083984  train.ips : 170.8712131063577 imgs/s


Train: 0 [  82/20018 (  0%)]  Loss: 6.94 (7.02)  Time: 0.326s,  196.08/s  (0.376s,  170.35/s)  LR: 1.000e-05  Data: 0.013 (0.062)
TCAPPDLL 2025-12-12 07:32:38.926175 - Epoch: 0 Iteration: 82  rank : 2  train.loss : 6.943660736083984  train.ips : 169.83181839698238 imgs/s
TCAPPDLL 2025-12-12 07:32:39.313169 - Epoch: 0 Iteration: 83  rank : 3  train.loss : 6.999964714050293  train.ips : 170.80745421336823 imgs/sTCAPPDLL 2025-12-12 07:32:39.313191 - Epoch: 0 Iteration: 83  rank : 2  train.loss : 6.999964714050293  train.ips : 169.79426696093205 imgs/sTCAPPDLL 2025-12-12 07:32:39.313236 - Epoch: 0 Iteration: 83  rank : 0  train.loss : 6.999964714050293  train.ips : 170.2793498531431 imgs/s


TCAPPDLL 2025-12-12 07:32:39.313417 - Epoch: 0 Iteration: 83  rank : 1  train.loss : 6.999964714050293  train.ips : 170.5672082921677 imgs/s
Train: 0 [  83/20018 (  0%)]  Loss: 7.00 (7.02)  Time: 0.388s,  164.98/s  (0.376s,  170.28/s)  LR: 1.000e-05  Data: 0.064 (0.062)
TCAPPDLL 2025-12-12 07:32:39.623336 - Epoch: 0 Iteration: 84  rank : 0  train.loss : 6.974921226501465  train.ips : 170.6218255102036 imgs/sTCAPPDLL 2025-12-12 07:32:39.623333 - Epoch: 0 Iteration: 84  rank : 1  train.loss : 6.974921226501465  train.ips : 170.92619829665406 imgs/s

TCAPPDLL 2025-12-12 07:32:39.623496 - Epoch: 0 Iteration: 84  rank : 3  train.loss : 6.974921226501465  train.ips : 171.14465220239077 imgs/sTCAPPDLL 2025-12-12 07:32:39.623600 - Epoch: 0 Iteration: 84  rank : 2  train.loss : 6.974921226501465  train.ips : 170.12890822968737 imgs/s

Train: 0 [  84/20018 (  0%)]  Loss: 6.97 (7.02)  Time: 0.312s,  205.31/s  (0.375s,  170.62/s)  LR: 1.000e-05  Data: 0.014 (0.061)
TCAPPDLL 2025-12-12 07:32:40.018587 - Epoch: 0 Iteration: 85  rank : 3  train.loss : 7.004976272583008  train.ips : 171.04531218155378 imgs/sTCAPPDLL 2025-12-12 07:32:40.018597 - Epoch: 0 Iteration: 85  rank : 0  train.loss : 7.004976272583008  train.ips : 170.52872587101493 imgs/sTCAPPDLL 2025-12-12 07:32:40.018586 - Epoch: 0 Iteration: 85  rank : 1  train.loss : 7.004976272583008  train.ips : 170.82907174953715 imgs/s


TCAPPDLL 2025-12-12 07:32:40.018856 - Epoch: 0 Iteration: 85  rank : 2  train.loss : 7.004976272583008  train.ips : 170.02871036340363 imgs/s
Train: 0 [  85/20018 (  0%)]  Loss: 7.00 (7.02)  Time: 0.393s,  162.97/s  (0.375s,  170.53/s)  LR: 1.000e-05  Data: 0.073 (0.061)
TCAPPDLL 2025-12-12 07:32:40.400756 - Epoch: 0 Iteration: 86  rank : 2  train.loss : 6.941941261291504  train.ips : 170.0037647350002 imgs/sTCAPPDLL 2025-12-12 07:32:40.400759 - Epoch: 0 Iteration: 86  rank : 0  train.loss : 6.941941261291504  train.ips : 170.48860068121755 imgs/sTCAPPDLL 2025-12-12 07:32:40.400758 - Epoch: 0 Iteration: 86  rank : 1  train.loss : 6.941941261291504  train.ips : 170.7859429764903 imgs/s


TCAPPDLL 2025-12-12 07:32:40.401008 - Epoch: 0 Iteration: 86  rank : 3  train.loss : 6.941941261291504  train.ips : 170.9792755094831 imgs/s
Train: 0 [  86/20018 (  0%)]  Loss: 6.94 (7.02)  Time: 0.383s,  167.11/s  (0.375s,  170.49/s)  LR: 1.000e-05  Data: 0.072 (0.061)
TCAPPDLL 2025-12-12 07:32:40.694736 - Epoch: 0 Iteration: 87  rank : 1  train.loss : 7.120505332946777  train.ips : 171.1885459819378 imgs/sTCAPPDLL 2025-12-12 07:32:40.694761 - Epoch: 0 Iteration: 87  rank : 2  train.loss : 7.120505332946777  train.ips : 170.44008602410597 imgs/s
TCAPPDLL 2025-12-12 07:32:40.694807 - Epoch: 0 Iteration: 87  rank : 0  train.loss : 7.120505332946777  train.ips : 170.90834018069214 imgs/s

TCAPPDLL 2025-12-12 07:32:40.695012 - Epoch: 0 Iteration: 87  rank : 3  train.loss : 7.120505332946777  train.ips : 171.39692871343388 imgs/s
Train: 0 [  87/20018 (  0%)]  Loss: 7.12 (7.02)  Time: 0.294s,  217.49/s  (0.374s,  170.91/s)  LR: 1.000e-05  Data: 0.015 (0.061)
TCAPPDLL 2025-12-12 07:32:41.006725 - Epoch: 0 Iteration: 88  rank : 1  train.loss : 7.037041187286377  train.ips : 171.53242171485255 imgs/sTCAPPDLL 2025-12-12 07:32:41.006724 - Epoch: 0 Iteration: 88  rank : 0  train.loss : 7.037041187286377  train.ips : 171.2383108122177 imgs/sTCAPPDLL 2025-12-12 07:32:41.006731 - Epoch: 0 Iteration: 88  rank : 3  train.loss : 7.037041187286377  train.ips : 171.74140909462986 imgs/s


Train: 0 [  88/20018 (  0%)]  Loss: 7.04 (7.02)  Time: 0.310s,  206.29/s  (0.374s,  171.24/s)  LR: 1.000e-05  Data: 0.014 (0.060)
TCAPPDLL 2025-12-12 07:32:41.007291 - Epoch: 0 Iteration: 88  rank : 2  train.loss : 7.037041187286377  train.ips : 170.74916448836743 imgs/s
TCAPPDLL 2025-12-12 07:32:41.298563 - Epoch: 0 Iteration: 89  rank : 2  train.loss : 7.000674724578857  train.ips : 171.20846852652818 imgs/sTCAPPDLL 2025-12-12 07:32:41.298579 - Epoch: 0 Iteration: 89  rank : 0  train.loss : 7.000674724578857  train.ips : 171.64593458692585 imgs/sTCAPPDLL 2025-12-12 07:32:41.298579 - Epoch: 0 Iteration: 89  rank : 1  train.loss : 7.000674724578857  train.ips : 171.94635723181378 imgs/s


Train: 0 [  89/20018 (  0%)]  Loss: 7.00 (7.02)  Time: 0.294s,  217.79/s  (0.373s,  171.65/s)  LR: 1.000e-05  Data: 0.013 (0.060)
TCAPPDLL 2025-12-12 07:32:41.298975 - Epoch: 0 Iteration: 89  rank : 3  train.loss : 7.000674724578857  train.ips : 172.13113106501035 imgs/s
TCAPPDLL 2025-12-12 07:32:41.614832 - Epoch: 0 Iteration: 90  rank : 0  train.loss : 7.008133888244629  train.ips : 171.94661036650064 imgs/sTCAPPDLL 2025-12-12 07:32:41.614834 - Epoch: 0 Iteration: 90  rank : 1  train.loss : 7.008133888244629  train.ips : 172.2361774846349 imgs/sTCAPPDLL 2025-12-12 07:32:41.614846 - Epoch: 0 Iteration: 90  rank : 3  train.loss : 7.008133888244629  train.ips : 172.44469468022785 imgs/s


TCAPPDLL 2025-12-12 07:32:41.615116 - Epoch: 0 Iteration: 90  rank : 2  train.loss : 7.008133888244629  train.ips : 171.4697051645369 imgs/s
Train: 0 [  90/20018 (  0%)]  Loss: 7.01 (7.02)  Time: 0.314s,  204.13/s  (0.372s,  171.95/s)  LR: 1.000e-05  Data: 0.010 (0.059)
TCAPPDLL 2025-12-12 07:32:42.012112 - Epoch: 0 Iteration: 91  rank : 0  train.loss : 7.039363861083984  train.ips : 171.80924540964847 imgs/sTCAPPDLL 2025-12-12 07:32:42.012109 - Epoch: 0 Iteration: 91  rank : 2  train.loss : 7.039363861083984  train.ips : 171.35846449434598 imgs/s

TCAPPDLL 2025-12-12 07:32:42.012221 - Epoch: 0 Iteration: 91  rank : 3  train.loss : 7.039363861083984  train.ips : 172.3019261347905 imgs/s
TCAPPDLL 2025-12-12 07:32:42.012366 - Epoch: 0 Iteration: 91  rank : 1  train.loss : 7.039363861083984  train.ips : 172.0768362395695 imgs/s
Train: 0 [  91/20018 (  0%)]  Loss: 7.04 (7.02)  Time: 0.400s,  160.17/s  (0.373s,  171.81/s)  LR: 1.000e-05  Data: 0.011 (0.059)
TCAPPDLL 2025-12-12 07:32:42.321505 - Epoch: 0 Iteration: 92  rank : 1  train.loss : 6.958448886871338  train.ips : 172.41003632389678 imgs/sTCAPPDLL 2025-12-12 07:32:42.321513 - Epoch: 0 Iteration: 92  rank : 3  train.loss : 6.958448886871338  train.ips : 172.61330428494517 imgs/sTCAPPDLL 2025-12-12 07:32:42.321556 - Epoch: 0 Iteration: 92  rank : 0  train.loss : 6.958448886871338  train.ips : 172.12687627157283 imgs/s


TCAPPDLL 2025-12-12 07:32:42.321776 - Epoch: 0 Iteration: 92  rank : 2  train.loss : 6.958448886871338  train.ips : 171.6562837197676 imgs/s
Train: 0 [  92/20018 (  0%)]  Loss: 6.96 (7.02)  Time: 0.309s,  207.40/s  (0.372s,  172.13/s)  LR: 1.000e-05  Data: 0.074 (0.059)
TCAPPDLL 2025-12-12 07:32:42.714005 - Epoch: 0 Iteration: 93  rank : 2  train.loss : 7.011669158935547  train.ips : 171.57489976223354 imgs/sTCAPPDLL 2025-12-12 07:32:42.714017 - Epoch: 0 Iteration: 93  rank : 3  train.loss : 7.011669158935547  train.ips : 172.5030787263473 imgs/s

TCAPPDLL 2025-12-12 07:32:42.714108 - Epoch: 0 Iteration: 93  rank : 0  train.loss : 7.011669158935547  train.ips : 172.01655527236304 imgs/sTCAPPDLL 2025-12-12 07:32:42.714282 - Epoch: 0 Iteration: 93  rank : 1  train.loss : 7.011669158935547  train.ips : 172.284860655466 imgs/s

Train: 0 [  93/20018 (  0%)]  Loss: 7.01 (7.02)  Time: 0.394s,  162.34/s  (0.372s,  172.02/s)  LR: 1.000e-05  Data: 0.071 (0.059)
TCAPPDLL 2025-12-12 07:32:43.086664 - Epoch: 0 Iteration: 94  rank : 1  train.loss : 6.968990325927734  train.ips : 172.58506935009643 imgs/s
TCAPPDLL 2025-12-12 07:32:43.086797 - Epoch: 0 Iteration: 94  rank : 0  train.loss : 6.968990325927734  train.ips : 172.30570678717922 imgs/s
TCAPPDLL 2025-12-12 07:32:43.086901 - Epoch: 0 Iteration: 94  rank : 3  train.loss : 6.968990325927734  train.ips : 172.7842725368864 imgs/sTCAPPDLL 2025-12-12 07:32:43.086942 - Epoch: 0 Iteration: 94  rank : 2  train.loss : 6.968990325927734  train.ips : 171.84581362628737 imgs/s

Train: 0 [  94/20018 (  0%)]  Loss: 6.97 (7.02)  Time: 0.313s,  204.64/s  (0.371s,  172.31/s)  LR: 1.000e-05  Data: 0.015 (0.058)
TCAPPDLL 2025-12-12 07:32:43.396855 - Epoch: 0 Iteration: 95  rank : 0  train.loss : 6.9711785316467285  train.ips : 172.30593178552127 imgs/sTCAPPDLL 2025-12-12 07:32:43.396855 - Epoch: 0 Iteration: 95  rank : 2  train.loss : 6.9711785316467285  train.ips : 171.8715837244681 imgs/s

TCAPPDLL 2025-12-12 07:32:43.397106 - Epoch: 0 Iteration: 95  rank : 1  train.loss : 6.9711785316467285  train.ips : 172.57414339891443 imgs/sTCAPPDLL 2025-12-12 07:32:43.397153 - Epoch: 0 Iteration: 95  rank : 3  train.loss : 6.9711785316467285  train.ips : 172.7803734805277 imgs/s

Train: 0 [  95/20018 (  0%)]  Loss: 6.97 (7.02)  Time: 0.371s,  172.33/s  (0.371s,  172.31/s)  LR: 1.000e-05  Data: 0.016 (0.058)
TCAPPDLL 2025-12-12 07:32:43.715296 - Epoch: 0 Iteration: 96  rank : 3  train.loss : 6.982918739318848  train.ips : 173.0724376074377 imgs/sTCAPPDLL 2025-12-12 07:32:43.715301 - Epoch: 0 Iteration: 96  rank : 0  train.loss : 6.982918739318848  train.ips : 172.60222301904793 imgs/s

TCAPPDLL 2025-12-12 07:32:43.715380 - Epoch: 0 Iteration: 96  rank : 1  train.loss : 6.982918739318848  train.ips : 172.87475671577204 imgs/sTCAPPDLL 2025-12-12 07:32:43.715564 - Epoch: 0 Iteration: 96  rank : 2  train.loss : 6.982918739318848  train.ips : 172.12063024154824 imgs/s

Train: 0 [  96/20018 (  0%)]  Loss: 6.98 (7.02)  Time: 0.310s,  206.73/s  (0.371s,  172.60/s)  LR: 1.000e-05  Data: 0.015 (0.058)
TCAPPDLL 2025-12-12 07:32:44.015934 - Epoch: 0 Iteration: 97  rank : 1  train.loss : 7.040912628173828  train.ips : 173.17954437989883 imgs/sTCAPPDLL 2025-12-12 07:32:44.015948 - Epoch: 0 Iteration: 97  rank : 0  train.loss : 7.040912628173828  train.ips : 172.90707673306997 imgs/sTCAPPDLL 2025-12-12 07:32:44.015939 - Epoch: 0 Iteration: 97  rank : 3  train.loss : 7.040912628173828  train.ips : 173.3748615297231 imgs/s


TCAPPDLL 2025-12-12 07:32:44.016202 - Epoch: 0 Iteration: 97  rank : 2  train.loss : 7.040912628173828  train.ips : 172.45752406894547 imgs/s
Train: 0 [  97/20018 (  0%)]  Loss: 7.04 (7.02)  Time: 0.307s,  208.65/s  (0.370s,  172.91/s)  LR: 1.000e-05  Data: 0.014 (0.057)
TCAPPDLL 2025-12-12 07:32:44.323138 - Epoch: 0 Iteration: 98  rank : 0  train.loss : 7.044504642486572  train.ips : 173.21100186099216 imgs/sTCAPPDLL 2025-12-12 07:32:44.323138 - Epoch: 0 Iteration: 98  rank : 3  train.loss : 7.044504642486572  train.ips : 173.6724853341301 imgs/sTCAPPDLL 2025-12-12 07:32:44.323150 - Epoch: 0 Iteration: 98  rank : 1  train.loss : 7.044504642486572  train.ips : 173.47403694206835 imgs/s


Train: 0 [  98/20018 (  0%)]  Loss: 7.04 (7.02)  Time: 0.306s,  209.26/s  (0.369s,  173.21/s)  LR: 1.000e-05  Data: 0.012 (0.057)
TCAPPDLL 2025-12-12 07:32:44.323635 - Epoch: 0 Iteration: 98  rank : 2  train.loss : 7.044504642486572  train.ips : 172.7593460452351 imgs/s
TCAPPDLL 2025-12-12 07:32:44.701459 - Epoch: 0 Iteration: 99  rank : 0  train.loss : 7.026920318603516  train.ips : 173.15985016684593 imgs/sTCAPPDLL 2025-12-12 07:32:44.701458 - Epoch: 0 Iteration: 99  rank : 2  train.loss : 7.026920318603516  train.ips : 172.7388344161686 imgs/sTCAPPDLL 2025-12-12 07:32:44.701458 - Epoch: 0 Iteration: 99  rank : 3  train.loss : 7.026920318603516  train.ips : 173.60948038670867 imgs/s


TCAPPDLL 2025-12-12 07:32:44.701715 - Epoch: 0 Iteration: 99  rank : 1  train.loss : 7.026920318603516  train.ips : 173.41048486325133 imgs/s
Train: 0 [  99/20018 (  0%)]  Loss: 7.03 (7.02)  Time: 0.380s,  168.24/s  (0.370s,  173.16/s)  LR: 1.000e-05  Data: 0.069 (0.057)
TCAPPDLL 2025-12-12 07:32:45.017013 - Epoch: 0 Iteration: 100  rank : 0  train.loss : 6.951230049133301  train.ips : 173.41050935323995 imgs/sTCAPPDLL 2025-12-12 07:32:45.017017 - Epoch: 0 Iteration: 100  rank : 3  train.loss : 6.951230049133301  train.ips : 173.8631119972031 imgs/sTCAPPDLL 2025-12-12 07:32:45.017022 - Epoch: 0 Iteration: 100  rank : 1  train.loss : 6.951230049133301  train.ips : 173.67356295067313 imgs/s


TCAPPDLL 2025-12-12 07:32:45.017284 - Epoch: 0 Iteration: 100  rank : 2  train.loss : 6.951230049133301  train.ips : 172.97547640894086 imgs/s
Train: 0 [ 100/20018 (  1%)]  Loss: 6.95 (7.02)  Time: 0.316s,  202.76/s  (0.369s,  173.41/s)  LR: 1.000e-05  Data: 0.015 (0.056)
Distributing BatchNorm running means and vars
Test: [   0/781]  Time: 3.078 (3.078)  Loss:   7.245 ( 7.245)  Acc@1:   0.000 (  0.000)  Acc@5:   0.000 (  0.000)
Test: [   1/781]  Time: 0.789 (1.933)  Loss:   6.992 ( 7.118)  Acc@1:   0.000 (  0.000)  Acc@5:   0.000 (  0.000)
Test: [   2/781]  Time: 0.099 (1.322)  Loss:   6.930 ( 7.055)  Acc@1:   0.000 (  0.000)  Acc@5:   0.000 (  0.000)
Test: [   3/781]  Time: 0.121 (1.022)  Loss:   6.556 ( 6.931)  Acc@1:   0.000 (  0.000)  Acc@5:   6.250 (  1.562)
Test: [   4/781]  Time: 0.169 (0.851)  Loss:   7.464 ( 7.037)  Acc@1:   0.000 (  0.000)  Acc@5:   0.000 (  1.250)
Test: [   5/781]  Time: 0.623 (0.813)  Loss:   7.496 ( 7.114)  Acc@1:   0.000 (  0.000)  Acc@5:   0.000 (  1.042)
Test: [   6/781]  Time: 0.096 (0.711)  Loss:   7.051 ( 7.105)  Acc@1:   0.000 (  0.000)  Acc@5:   0.000 (  0.893)
Test: [   7/781]  Time: 0.181 (0.645)  Loss:   7.144 ( 7.110)  Acc@1:   0.000 (  0.000)  Acc@5:   0.000 (  0.781)
Test: [   8/781]  Time: 0.110 (0.585)  Loss:   7.093 ( 7.108)  Acc@1:   0.000 (  0.000)  Acc@5:   0.000 (  0.694)
Test: [   9/781]  Time: 0.509 (0.577)  Loss:   6.956 ( 7.093)  Acc@1:   0.000 (  0.000)  Acc@5:   0.000 (  0.625)
Test: [  10/781]  Time: 0.106 (0.535)  Loss:   6.819 ( 7.068)  Acc@1:   0.000 (  0.000)  Acc@5:   0.000 (  0.568)
Test: [  11/781]  Time: 0.175 (0.505)  Loss:   6.886 ( 7.053)  Acc@1:   0.000 (  0.000)  Acc@5:   0.000 (  0.521)
Test: [  12/781]  Time: 0.100 (0.474)  Loss:   7.281 ( 7.070)  Acc@1:   0.000 (  0.000)  Acc@5:   0.000 (  0.481)
Test: [  13/781]  Time: 0.625 (0.484)  Loss:   7.120 ( 7.074)  Acc@1:   0.000 (  0.000)  Acc@5:   0.000 (  0.446)
Test: [  14/781]  Time: 0.179 (0.464)  Loss:   6.738 ( 7.051)  Acc@1:   3.125 (  0.208)  Acc@5:   4.688 (  0.729)
Test: [  15/781]  Time: 0.129 (0.443)  Loss:   6.556 ( 7.020)  Acc@1:   3.125 (  0.391)  Acc@5:  12.500 (  1.465)
Test: [  16/781]  Time: 0.186 (0.428)  Loss:   6.888 ( 7.013)  Acc@1:   0.000 (  0.368)  Acc@5:   0.000 (  1.379)
Test: [  17/781]  Time: 0.507 (0.432)  Loss:   7.187 ( 7.022)  Acc@1:   0.000 (  0.347)  Acc@5:   0.000 (  1.302)
Test: [  18/781]  Time: 0.176 (0.419)  Loss:   7.311 ( 7.037)  Acc@1:   0.000 (  0.329)  Acc@5:   0.000 (  1.234)
Test: [  19/781]  Time: 0.124 (0.404)  Loss:   7.093 ( 7.040)  Acc@1:   0.000 (  0.312)  Acc@5:   0.000 (  1.172)
Test: [  20/781]  Time: 0.180 (0.393)  Loss:   6.709 ( 7.024)  Acc@1:   0.000 (  0.298)  Acc@5:   1.562 (  1.190)
Test: [  21/781]  Time: 0.516 (0.399)  Loss:   6.938 ( 7.020)  Acc@1:   0.000 (  0.284)  Acc@5:   0.000 (  1.136)
Test: [  22/781]  Time: 0.191 (0.390)  Loss:   6.913 ( 7.016)  Acc@1:   0.000 (  0.272)  Acc@5:   0.000 (  1.087)
Test: [  23/781]  Time: 0.123 (0.379)  Loss:   6.908 ( 7.011)  Acc@1:   0.000 (  0.260)  Acc@5:   0.000 (  1.042)
Test: [  24/781]  Time: 0.173 (0.371)  Loss:   7.027 ( 7.012)  Acc@1:   0.000 (  0.250)  Acc@5:   0.000 (  1.000)
Test: [  25/781]  Time: 0.503 (0.376)  Loss:   7.018 ( 7.012)  Acc@1:   0.000 (  0.240)  Acc@5:   3.125 (  1.082)
Test: [  26/781]  Time: 0.410 (0.377)  Loss:   6.968 ( 7.011)  Acc@1:   0.000 (  0.231)  Acc@5:   0.000 (  1.042)
Test: [  27/781]  Time: 0.114 (0.368)  Loss:   6.888 ( 7.006)  Acc@1:   0.000 (  0.223)  Acc@5:   0.000 (  1.004)
Test: [  28/781]  Time: 0.095 (0.358)  Loss:   7.102 ( 7.009)  Acc@1:   0.000 (  0.216)  Acc@5:   0.000 (  0.970)
Test: [  29/781]  Time: 0.375 (0.359)  Loss:   7.194 ( 7.016)  Acc@1:   0.000 (  0.208)  Acc@5:   0.000 (  0.938)
Test: [  30/781]  Time: 0.418 (0.361)  Loss:   7.140 ( 7.020)  Acc@1:   0.000 (  0.202)  Acc@5:   0.000 (  0.907)
Test: [  31/781]  Time: 0.177 (0.355)  Loss:   7.159 ( 7.024)  Acc@1:   0.000 (  0.195)  Acc@5:   0.000 (  0.879)
Test: [  32/781]  Time: 0.098 (0.347)  Loss:   6.572 ( 7.010)  Acc@1:   1.562 (  0.237)  Acc@5:   3.125 (  0.947)
Test: [  33/781]  Time: 0.240 (0.344)  Loss:   6.921 ( 7.008)  Acc@1:   0.000 (  0.230)  Acc@5:   0.000 (  0.919)
Test: [  34/781]  Time: 0.695 (0.354)  Loss:   6.576 ( 6.995)  Acc@1:   0.000 (  0.223)  Acc@5:   3.125 (  0.982)
Test: [  35/781]  Time: 0.186 (0.349)  Loss:   6.850 ( 6.991)  Acc@1:   0.000 (  0.217)  Acc@5:   1.562 (  0.998)
Test: [  36/781]  Time: 0.104 (0.343)  Loss:   7.141 ( 6.995)  Acc@1:   0.000 (  0.211)  Acc@5:   0.000 (  0.971)
Test: [  37/781]  Time: 0.099 (0.336)  Loss:   7.058 ( 6.997)  Acc@1:   0.000 (  0.206)  Acc@5:   0.000 (  0.946)
Test: [  38/781]  Time: 0.712 (0.346)  Loss:   7.150 ( 7.001)  Acc@1:   0.000 (  0.200)  Acc@5:   0.000 (  0.921)
Test: [  39/781]  Time: 0.175 (0.342)  Loss:   7.044 ( 7.002)  Acc@1:   0.000 (  0.195)  Acc@5:   0.000 (  0.898)
Test: [  40/781]  Time: 0.098 (0.336)  Loss:   7.198 ( 7.007)  Acc@1:   0.000 (  0.191)  Acc@5:   0.000 (  0.877)
Test: [  41/781]  Time: 0.213 (0.333)  Loss:   7.206 ( 7.012)  Acc@1:   0.000 (  0.186)  Acc@5:   0.000 (  0.856)
Test: [  42/781]  Time: 0.409 (0.335)  Loss:   6.750 ( 7.005)  Acc@1:   0.000 (  0.182)  Acc@5:   1.562 (  0.872)
Test: [  43/781]  Time: 0.172 (0.331)  Loss:   6.756 ( 7.000)  Acc@1:   0.000 (  0.178)  Acc@5:   0.000 (  0.852)
Test: [  44/781]  Time: 0.104 (0.326)  Loss:   7.074 ( 7.001)  Acc@1:   0.000 (  0.174)  Acc@5:   0.000 (  0.833)
Test: [  45/781]  Time: 0.294 (0.325)  Loss:   7.131 ( 7.004)  Acc@1:   0.000 (  0.170)  Acc@5:   0.000 (  0.815)
Test: [  46/781]  Time: 0.500 (0.329)  Loss:   7.124 ( 7.007)  Acc@1:   0.000 (  0.166)  Acc@5:   0.000 (  0.798)
Test: [  47/781]  Time: 0.108 (0.324)  Loss:   7.161 ( 7.010)  Acc@1:   0.000 (  0.163)  Acc@5:   0.000 (  0.781)
Test: [  48/781]  Time: 0.106 (0.320)  Loss:   6.691 ( 7.004)  Acc@1:   0.000 (  0.159)  Acc@5:   1.562 (  0.797)
Test: [  49/781]  Time: 0.185 (0.317)  Loss:   7.234 ( 7.008)  Acc@1:   0.000 (  0.156)  Acc@5:   0.000 (  0.781)
Test: [  50/781]  Time: 0.526 (0.321)  Loss:   6.978 ( 7.008)  Acc@1:   0.000 (  0.153)  Acc@5:   0.000 (  0.766)
Test: [  51/781]  Time: 0.173 (0.318)  Loss:   7.142 ( 7.010)  Acc@1:   0.000 (  0.150)  Acc@5:   0.000 (  0.751)
Test: [  52/781]  Time: 0.108 (0.314)  Loss:   7.017 ( 7.010)  Acc@1:   0.000 (  0.147)  Acc@5:   0.000 (  0.737)
Test: [  53/781]  Time: 0.117 (0.311)  Loss:   7.077 ( 7.011)  Acc@1:   0.000 (  0.145)  Acc@5:   0.000 (  0.723)
Test: [  54/781]  Time: 0.575 (0.316)  Loss:   7.006 ( 7.011)  Acc@1:   0.000 (  0.142)  Acc@5:   0.000 (  0.710)
Test: [  55/781]  Time: 0.120 (0.312)  Loss:   7.115 ( 7.013)  Acc@1:   0.000 (  0.140)  Acc@5:   0.000 (  0.698)
Test: [  56/781]  Time: 0.112 (0.309)  Loss:   6.926 ( 7.012)  Acc@1:   0.000 (  0.137)  Acc@5:   0.000 (  0.685)
Test: [  57/781]  Time: 0.100 (0.305)  Loss:   7.024 ( 7.012)  Acc@1:   0.000 (  0.135)  Acc@5:   0.000 (  0.673)
Test: [  58/781]  Time: 0.672 (0.311)  Loss:   6.702 ( 7.007)  Acc@1:   0.000 (  0.132)  Acc@5:   0.000 (  0.662)
Test: [  59/781]  Time: 0.298 (0.311)  Loss:   6.734 ( 7.002)  Acc@1:   0.000 (  0.130)  Acc@5:   0.000 (  0.651)
Test: [  60/781]  Time: 0.114 (0.308)  Loss:   6.853 ( 7.000)  Acc@1:   0.000 (  0.128)  Acc@5:   0.000 (  0.640)
Test: [  61/781]  Time: 0.092 (0.304)  Loss:   7.272 ( 7.004)  Acc@1:   0.000 (  0.126)  Acc@5:   0.000 (  0.630)
Test: [  62/781]  Time: 0.416 (0.306)  Loss:   7.127 ( 7.006)  Acc@1:   0.000 (  0.124)  Acc@5:   0.000 (  0.620)
Test: [  63/781]  Time: 0.291 (0.306)  Loss:   6.758 ( 7.002)  Acc@1:   0.000 (  0.122)  Acc@5:   0.000 (  0.610)
Test: [  64/781]  Time: 0.109 (0.303)  Loss:   7.078 ( 7.003)  Acc@1:   0.000 (  0.120)  Acc@5:   0.000 (  0.601)
Test: [  65/781]  Time: 0.108 (0.300)  Loss:   6.974 ( 7.003)  Acc@1:   0.000 (  0.118)  Acc@5:   0.000 (  0.592)
Test: [  66/781]  Time: 0.469 (0.302)  Loss:   6.878 ( 7.001)  Acc@1:   0.000 (  0.117)  Acc@5:   0.000 (  0.583)
Test: [  67/781]  Time: 0.202 (0.301)  Loss:   7.014 ( 7.001)  Acc@1:   0.000 (  0.115)  Acc@5:   0.000 (  0.574)
Test: [  68/781]  Time: 0.116 (0.298)  Loss:   7.083 ( 7.002)  Acc@1:   0.000 (  0.113)  Acc@5:   0.000 (  0.566)
Test: [  69/781]  Time: 0.099 (0.295)  Loss:   6.953 ( 7.002)  Acc@1:   0.000 (  0.112)  Acc@5:   0.000 (  0.558)
Test: [  70/781]  Time: 0.513 (0.298)  Loss:   6.909 ( 7.000)  Acc@1:   0.000 (  0.110)  Acc@5:   1.562 (  0.572)
Test: [  71/781]  Time: 0.195 (0.297)  Loss:   7.043 ( 7.001)  Acc@1:   0.000 (  0.109)  Acc@5:   0.000 (  0.564)
Test: [  72/781]  Time: 0.112 (0.294)  Loss:   6.891 ( 6.999)  Acc@1:   0.000 (  0.107)  Acc@5:   0.000 (  0.557)
Test: [  73/781]  Time: 0.181 (0.293)  Loss:   6.597 ( 6.994)  Acc@1:   1.562 (  0.127)  Acc@5:   7.812 (  0.655)
Test: [  74/781]  Time: 0.500 (0.296)  Loss:   7.226 ( 6.997)  Acc@1:   0.000 (  0.125)  Acc@5:   3.125 (  0.688)
Test: [  75/781]  Time: 0.115 (0.293)  Loss:   7.299 ( 7.001)  Acc@1:   0.000 (  0.123)  Acc@5:   0.000 (  0.678)
Test: [  76/781]  Time: 0.170 (0.292)  Loss:   7.134 ( 7.003)  Acc@1:   0.000 (  0.122)  Acc@5:   0.000 (  0.670)
Test: [  77/781]  Time: 0.129 (0.290)  Loss:   7.140 ( 7.005)  Acc@1:   0.000 (  0.120)  Acc@5:   0.000 (  0.661)
Test: [  78/781]  Time: 0.508 (0.292)  Loss:   7.073 ( 7.005)  Acc@1:   0.000 (  0.119)  Acc@5:   0.000 (  0.653)
Test: [  79/781]  Time: 0.182 (0.291)  Loss:   6.926 ( 7.004)  Acc@1:   1.562 (  0.137)  Acc@5:   1.562 (  0.664)
Test: [  80/781]  Time: 0.112 (0.289)  Loss:   6.879 ( 7.003)  Acc@1:   0.000 (  0.135)  Acc@5:   0.000 (  0.656)
Test: [  81/781]  Time: 0.198 (0.288)  Loss:   6.776 ( 7.000)  Acc@1:   0.000 (  0.133)  Acc@5:   0.000 (  0.648)
Test: [  82/781]  Time: 0.471 (0.290)  Loss:   7.102 ( 7.001)  Acc@1:   0.000 (  0.132)  Acc@5:   0.000 (  0.640)
Test: [  83/781]  Time: 0.121 (0.288)  Loss:   7.052 ( 7.002)  Acc@1:   0.000 (  0.130)  Acc@5:   0.000 (  0.632)
Test: [  84/781]  Time: 0.198 (0.287)  Loss:   6.711 ( 6.999)  Acc@1:   0.000 (  0.129)  Acc@5:   0.000 (  0.625)
Test: [  85/781]  Time: 0.381 (0.288)  Loss:   6.637 ( 6.994)  Acc@1:   0.000 (  0.127)  Acc@5:   3.125 (  0.654)
Test: [  86/781]  Time: 0.219 (0.287)  Loss:   7.103 ( 6.996)  Acc@1:   0.000 (  0.126)  Acc@5:   0.000 (  0.647)
Test: [  87/781]  Time: 0.286 (0.287)  Loss:   6.395 ( 6.989)  Acc@1:   1.562 (  0.142)  Acc@5:   7.812 (  0.728)
Test: [  88/781]  Time: 0.111 (0.285)  Loss:   6.629 ( 6.985)  Acc@1:   1.562 (  0.158)  Acc@5:   7.812 (  0.808)
Test: [  89/781]  Time: 0.403 (0.286)  Loss:   7.041 ( 6.985)  Acc@1:   0.000 (  0.156)  Acc@5:   0.000 (  0.799)
Test: [  90/781]  Time: 0.277 (0.286)  Loss:   6.714 ( 6.982)  Acc@1:   0.000 (  0.155)  Acc@5:   6.250 (  0.859)
Test: [  91/781]  Time: 0.333 (0.287)  Loss:   6.853 ( 6.981)  Acc@1:   0.000 (  0.153)  Acc@5:   0.000 (  0.849)
Test: [  92/781]  Time: 0.190 (0.286)  Loss:   7.167 ( 6.983)  Acc@1:   0.000 (  0.151)  Acc@5:   0.000 (  0.840)
Test: [  93/781]  Time: 0.278 (0.286)  Loss:   6.938 ( 6.982)  Acc@1:   0.000 (  0.150)  Acc@5:   0.000 (  0.831)
Test: [  94/781]  Time: 0.619 (0.289)  Loss:   7.005 ( 6.983)  Acc@1:   0.000 (  0.148)  Acc@5:   0.000 (  0.822)
Test: [  95/781]  Time: 0.109 (0.287)  Loss:   6.814 ( 6.981)  Acc@1:   0.000 (  0.146)  Acc@5:   0.000 (  0.814)
Test: [  96/781]  Time: 0.097 (0.285)  Loss:   6.807 ( 6.979)  Acc@1:   0.000 (  0.145)  Acc@5:   0.000 (  0.805)
Test: [  97/781]  Time: 0.107 (0.284)  Loss:   6.905 ( 6.978)  Acc@1:   0.000 (  0.143)  Acc@5:   0.000 (  0.797)
Test: [  98/781]  Time: 0.594 (0.287)  Loss:   7.042 ( 6.979)  Acc@1:   0.000 (  0.142)  Acc@5:   0.000 (  0.789)
Test: [  99/781]  Time: 0.108 (0.285)  Loss:   7.023 ( 6.980)  Acc@1:   0.000 (  0.141)  Acc@5:   0.000 (  0.781)
Test: [ 100/781]  Time: 0.165 (0.284)  Loss:   7.194 ( 6.982)  Acc@1:   0.000 (  0.139)  Acc@5:   0.000 (  0.774)
Test: [ 101/781]  Time: 0.104 (0.282)  Loss:   7.057 ( 6.982)  Acc@1:   0.000 (  0.138)  Acc@5:   0.000 (  0.766)
Test: [ 102/781]  Time: 0.611 (0.285)  Loss:   6.946 ( 6.982)  Acc@1:   0.000 (  0.137)  Acc@5:   0.000 (  0.758)
Test: [ 103/781]  Time: 0.109 (0.283)  Loss:   7.235 ( 6.984)  Acc@1:   0.000 (  0.135)  Acc@5:   0.000 (  0.751)
Test: [ 104/781]  Time: 0.105 (0.282)  Loss:   7.096 ( 6.986)  Acc@1:   0.000 (  0.134)  Acc@5:   0.000 (  0.744)
Test: [ 105/781]  Time: 0.291 (0.282)  Loss:   6.577 ( 6.982)  Acc@1:   1.562 (  0.147)  Acc@5:   3.125 (  0.767)
Test: [ 106/781]  Time: 0.605 (0.285)  Loss:   6.777 ( 6.980)  Acc@1:   0.000 (  0.146)  Acc@5:   0.000 (  0.759)
Test: [ 107/781]  Time: 0.186 (0.284)  Loss:   6.832 ( 6.978)  Acc@1:   0.000 (  0.145)  Acc@5:   0.000 (  0.752)
Test: [ 108/781]  Time: 0.106 (0.282)  Loss:   7.058 ( 6.979)  Acc@1:   0.000 (  0.143)  Acc@5:   0.000 (  0.745)
Test: [ 109/781]  Time: 0.191 (0.281)  Loss:   6.932 ( 6.979)  Acc@1:   0.000 (  0.142)  Acc@5:   0.000 (  0.739)
Test: [ 110/781]  Time: 0.507 (0.284)  Loss:   7.198 ( 6.981)  Acc@1:   0.000 (  0.141)  Acc@5:   0.000 (  0.732)
Test: [ 111/781]  Time: 0.116 (0.282)  Loss:   6.844 ( 6.979)  Acc@1:   0.000 (  0.140)  Acc@5:   0.000 (  0.725)
Test: [ 112/781]  Time: 0.103 (0.280)  Loss:   6.603 ( 6.976)  Acc@1:   3.125 (  0.166)  Acc@5:   9.375 (  0.802)
Test: [ 113/781]  Time: 0.167 (0.279)  Loss:   6.926 ( 6.976)  Acc@1:   3.125 (  0.192)  Acc@5:   7.812 (  0.863)
Test: [ 114/781]  Time: 0.522 (0.282)  Loss:   6.975 ( 6.976)  Acc@1:   0.000 (  0.190)  Acc@5:   0.000 (  0.856)
Test: [ 115/781]  Time: 0.103 (0.280)  Loss:   6.691 ( 6.973)  Acc@1:   0.000 (  0.189)  Acc@5:   1.562 (  0.862)
Test: [ 116/781]  Time: 0.099 (0.278)  Loss:   7.072 ( 6.974)  Acc@1:   0.000 (  0.187)  Acc@5:   0.000 (  0.855)
Test: [ 117/781]  Time: 0.109 (0.277)  Loss:   7.022 ( 6.974)  Acc@1:   0.000 (  0.185)  Acc@5:   0.000 (  0.847)
Test: [ 118/781]  Time: 1.100 (0.284)  Loss:   6.524 ( 6.971)  Acc@1:   0.000 (  0.184)  Acc@5:   0.000 (  0.840)
Test: [ 119/781]  Time: 0.100 (0.282)  Loss:   7.241 ( 6.973)  Acc@1:   0.000 (  0.182)  Acc@5:   0.000 (  0.833)
Test: [ 120/781]  Time: 0.094 (0.281)  Loss:   7.109 ( 6.974)  Acc@1:   0.000 (  0.181)  Acc@5:   0.000 (  0.826)
Test: [ 121/781]  Time: 0.107 (0.279)  Loss:   7.257 ( 6.976)  Acc@1:   0.000 (  0.179)  Acc@5:   0.000 (  0.820)
Test: [ 122/781]  Time: 0.501 (0.281)  Loss:   6.965 ( 6.976)  Acc@1:   0.000 (  0.178)  Acc@5:   0.000 (  0.813)
Test: [ 123/781]  Time: 0.172 (0.280)  Loss:   7.103 ( 6.977)  Acc@1:   0.000 (  0.176)  Acc@5:   0.000 (  0.806)
Test: [ 124/781]  Time: 0.115 (0.279)  Loss:   7.166 ( 6.979)  Acc@1:   0.000 (  0.175)  Acc@5:   0.000 (  0.800)
Test: [ 125/781]  Time: 0.191 (0.278)  Loss:   6.795 ( 6.977)  Acc@1:   0.000 (  0.174)  Acc@5:   0.000 (  0.794)
Test: [ 126/781]  Time: 0.409 (0.279)  Loss:   7.083 ( 6.978)  Acc@1:   0.000 (  0.172)  Acc@5:   0.000 (  0.787)
Test: [ 127/781]  Time: 0.100 (0.278)  Loss:   7.177 ( 6.980)  Acc@1:   0.000 (  0.171)  Acc@5:   0.000 (  0.781)
Test: [ 128/781]  Time: 0.185 (0.277)  Loss:   7.374 ( 6.983)  Acc@1:   0.000 (  0.170)  Acc@5:   0.000 (  0.775)
Test: [ 129/781]  Time: 0.123 (0.276)  Loss:   6.939 ( 6.982)  Acc@1:   0.000 (  0.168)  Acc@5:   0.000 (  0.769)
Test: [ 130/781]  Time: 0.678 (0.279)  Loss:   7.195 ( 6.984)  Acc@1:   0.000 (  0.167)  Acc@5:   0.000 (  0.763)
Test: [ 131/781]  Time: 0.110 (0.278)  Loss:   7.078 ( 6.985)  Acc@1:   0.000 (  0.166)  Acc@5:   0.000 (  0.758)
Test: [ 132/781]  Time: 0.110 (0.277)  Loss:   7.161 ( 6.986)  Acc@1:   0.000 (  0.164)  Acc@5:   0.000 (  0.752)
Test: [ 133/781]  Time: 0.175 (0.276)  Loss:   6.886 ( 6.985)  Acc@1:   0.000 (  0.163)  Acc@5:   0.000 (  0.746)
Test: [ 134/781]  Time: 0.519 (0.278)  Loss:   6.978 ( 6.985)  Acc@1:   0.000 (  0.162)  Acc@5:   0.000 (  0.741)
Test: [ 135/781]  Time: 0.184 (0.277)  Loss:   6.638 ( 6.983)  Acc@1:   0.000 (  0.161)  Acc@5:   0.000 (  0.735)
Test: [ 136/781]  Time: 0.099 (0.276)  Loss:   7.282 ( 6.985)  Acc@1:   0.000 (  0.160)  Acc@5:   0.000 (  0.730)
Test: [ 137/781]  Time: 0.101 (0.274)  Loss:   6.879 ( 6.984)  Acc@1:   0.000 (  0.159)  Acc@5:   0.000 (  0.725)
Test: [ 138/781]  Time: 0.496 (0.276)  Loss:   7.007 ( 6.984)  Acc@1:   0.000 (  0.157)  Acc@5:   0.000 (  0.719)
Test: [ 139/781]  Time: 0.125 (0.275)  Loss:   6.997 ( 6.984)  Acc@1:   0.000 (  0.156)  Acc@5:   0.000 (  0.714)
Test: [ 140/781]  Time: 0.104 (0.274)  Loss:   7.207 ( 6.986)  Acc@1:   0.000 (  0.155)  Acc@5:   0.000 (  0.709)
Test: [ 141/781]  Time: 0.169 (0.273)  Loss:   7.382 ( 6.989)  Acc@1:   0.000 (  0.154)  Acc@5:   0.000 (  0.704)
Test: [ 142/781]  Time: 0.300 (0.273)  Loss:   7.297 ( 6.991)  Acc@1:   0.000 (  0.153)  Acc@5:   0.000 (  0.699)
Test: [ 143/781]  Time: 0.300 (0.273)  Loss:   7.027 ( 6.991)  Acc@1:   0.000 (  0.152)  Acc@5:   0.000 (  0.694)
Test: [ 144/781]  Time: 0.106 (0.272)  Loss:   7.018 ( 6.991)  Acc@1:   0.000 (  0.151)  Acc@5:   0.000 (  0.690)
Test: [ 145/781]  Time: 0.100 (0.271)  Loss:   7.154 ( 6.992)  Acc@1:   0.000 (  0.150)  Acc@5:   0.000 (  0.685)
Test: [ 146/781]  Time: 0.520 (0.273)  Loss:   6.815 ( 6.991)  Acc@1:   0.000 (  0.149)  Acc@5:   0.000 (  0.680)
Test: [ 147/781]  Time: 0.488 (0.274)  Loss:   6.980 ( 6.991)  Acc@1:   0.000 (  0.148)  Acc@5:   0.000 (  0.676)
Test: [ 148/781]  Time: 0.114 (0.273)  Loss:   6.958 ( 6.991)  Acc@1:   0.000 (  0.147)  Acc@5:   0.000 (  0.671)
Test: [ 149/781]  Time: 0.102 (0.272)  Loss:   7.154 ( 6.992)  Acc@1:   0.000 (  0.146)  Acc@5:   0.000 (  0.667)
Test: [ 150/781]  Time: 0.282 (0.272)  Loss:   6.884 ( 6.991)  Acc@1:   0.000 (  0.145)  Acc@5:   0.000 (  0.662)
Test: [ 151/781]  Time: 0.486 (0.273)  Loss:   7.200 ( 6.993)  Acc@1:   0.000 (  0.144)  Acc@5:   0.000 (  0.658)
Test: [ 152/781]  Time: 0.106 (0.272)  Loss:   6.977 ( 6.993)  Acc@1:   0.000 (  0.143)  Acc@5:   0.000 (  0.654)
Test: [ 153/781]  Time: 0.100 (0.271)  Loss:   6.849 ( 6.992)  Acc@1:   0.000 (  0.142)  Acc@5:   0.000 (  0.649)
Test: [ 154/781]  Time: 0.224 (0.271)  Loss:   6.934 ( 6.991)  Acc@1:   0.000 (  0.141)  Acc@5:   0.000 (  0.645)
Test: [ 155/781]  Time: 0.306 (0.271)  Loss:   7.140 ( 6.992)  Acc@1:   0.000 (  0.140)  Acc@5:   0.000 (  0.641)
Test: [ 156/781]  Time: 0.170 (0.270)  Loss:   7.106 ( 6.993)  Acc@1:   0.000 (  0.139)  Acc@5:   0.000 (  0.637)
Test: [ 157/781]  Time: 0.097 (0.269)  Loss:   6.806 ( 6.992)  Acc@1:   0.000 (  0.138)  Acc@5:   0.000 (  0.633)
Test: [ 158/781]  Time: 0.405 (0.270)  Loss:   6.970 ( 6.992)  Acc@1:   0.000 (  0.138)  Acc@5:   0.000 (  0.629)
Test: [ 159/781]  Time: 0.320 (0.271)  Loss:   7.164 ( 6.993)  Acc@1:   0.000 (  0.137)  Acc@5:   0.000 (  0.625)
Test: [ 160/781]  Time: 0.181 (0.270)  Loss:   6.668 ( 6.991)  Acc@1:   0.000 (  0.136)  Acc@5:   1.562 (  0.631)
Test: [ 161/781]  Time: 0.100 (0.269)  Loss:   6.869 ( 6.990)  Acc@1:   0.000 (  0.135)  Acc@5:   0.000 (  0.627)
Test: [ 162/781]  Time: 0.408 (0.270)  Loss:   7.125 ( 6.991)  Acc@1:   0.000 (  0.134)  Acc@5:   0.000 (  0.623)
Test: [ 163/781]  Time: 0.495 (0.271)  Loss:   6.715 ( 6.989)  Acc@1:   0.000 (  0.133)  Acc@5:   0.000 (  0.619)
Test: [ 164/781]  Time: 0.109 (0.270)  Loss:   6.951 ( 6.989)  Acc@1:   0.000 (  0.133)  Acc@5:   0.000 (  0.616)
Test: [ 165/781]  Time: 0.105 (0.269)  Loss:   6.952 ( 6.989)  Acc@1:   0.000 (  0.132)  Acc@5:   0.000 (  0.612)
Test: [ 166/781]  Time: 0.206 (0.269)  Loss:   7.010 ( 6.989)  Acc@1:   0.000 (  0.131)  Acc@5:   0.000 (  0.608)
Test: [ 167/781]  Time: 0.477 (0.270)  Loss:   6.907 ( 6.988)  Acc@1:   0.000 (  0.130)  Acc@5:   0.000 (  0.605)
Test: [ 168/781]  Time: 0.111 (0.269)  Loss:   7.218 ( 6.990)  Acc@1:   0.000 (  0.129)  Acc@5:   0.000 (  0.601)
Test: [ 169/781]  Time: 0.099 (0.268)  Loss:   7.069 ( 6.990)  Acc@1:   0.000 (  0.129)  Acc@5:   0.000 (  0.597)
Test: [ 170/781]  Time: 0.199 (0.268)  Loss:   7.098 ( 6.991)  Acc@1:   0.000 (  0.128)  Acc@5:   1.562 (  0.603)
Test: [ 171/781]  Time: 0.410 (0.269)  Loss:   6.726 ( 6.989)  Acc@1:   0.000 (  0.127)  Acc@5:   0.000 (  0.600)
Test: [ 172/781]  Time: 0.181 (0.268)  Loss:   7.369 ( 6.991)  Acc@1:   0.000 (  0.126)  Acc@5:   0.000 (  0.596)
Test: [ 173/781]  Time: 0.102 (0.267)  Loss:   7.407 ( 6.994)  Acc@1:   0.000 (  0.126)  Acc@5:   0.000 (  0.593)
Test: [ 174/781]  Time: 0.291 (0.267)  Loss:   7.203 ( 6.995)  Acc@1:   0.000 (  0.125)  Acc@5:   0.000 (  0.589)
Test: [ 175/781]  Time: 0.124 (0.266)  Loss:   6.797 ( 6.994)  Acc@1:   0.000 (  0.124)  Acc@5:   0.000 (  0.586)
Test: [ 176/781]  Time: 0.101 (0.265)  Loss:   6.981 ( 6.994)  Acc@1:   0.000 (  0.124)  Acc@5:   0.000 (  0.583)
Test: [ 177/781]  Time: 0.104 (0.265)  Loss:   7.034 ( 6.994)  Acc@1:   0.000 (  0.123)  Acc@5:   0.000 (  0.579)
Test: [ 178/781]  Time: 0.490 (0.266)  Loss:   7.068 ( 6.994)  Acc@1:   0.000 (  0.122)  Acc@5:   0.000 (  0.576)
Test: [ 179/781]  Time: 0.110 (0.265)  Loss:   7.062 ( 6.995)  Acc@1:   0.000 (  0.122)  Acc@5:   0.000 (  0.573)
Test: [ 180/781]  Time: 0.099 (0.264)  Loss:   7.156 ( 6.996)  Acc@1:   0.000 (  0.121)  Acc@5:   0.000 (  0.570)
Test: [ 181/781]  Time: 0.286 (0.264)  Loss:   7.021 ( 6.996)  Acc@1:   0.000 (  0.120)  Acc@5:   0.000 (  0.567)
Test: [ 182/781]  Time: 0.588 (0.266)  Loss:   6.838 ( 6.995)  Acc@1:   0.000 (  0.120)  Acc@5:   0.000 (  0.564)
Test: [ 183/781]  Time: 0.111 (0.265)  Loss:   7.300 ( 6.997)  Acc@1:   0.000 (  0.119)  Acc@5:   0.000 (  0.560)
Test: [ 184/781]  Time: 0.104 (0.264)  Loss:   7.202 ( 6.998)  Acc@1:   0.000 (  0.118)  Acc@5:   0.000 (  0.557)
Test: [ 185/781]  Time: 0.106 (0.263)  Loss:   6.965 ( 6.998)  Acc@1:   0.000 (  0.118)  Acc@5:   0.000 (  0.554)
Test: [ 186/781]  Time: 0.500 (0.265)  Loss:   6.930 ( 6.997)  Acc@1:   0.000 (  0.117)  Acc@5:   0.000 (  0.551)
Test: [ 187/781]  Time: 0.175 (0.264)  Loss:   6.735 ( 6.996)  Acc@1:   0.000 (  0.116)  Acc@5:   1.562 (  0.557)
Test: [ 188/781]  Time: 0.101 (0.263)  Loss:   6.658 ( 6.994)  Acc@1:   0.000 (  0.116)  Acc@5:   0.000 (  0.554)
Test: [ 189/781]  Time: 0.129 (0.263)  Loss:   6.976 ( 6.994)  Acc@1:   0.000 (  0.115)  Acc@5:   0.000 (  0.551)
Test: [ 190/781]  Time: 0.470 (0.264)  Loss:   7.136 ( 6.995)  Acc@1:   0.000 (  0.115)  Acc@5:   0.000 (  0.548)
Test: [ 191/781]  Time: 0.107 (0.263)  Loss:   7.068 ( 6.995)  Acc@1:   0.000 (  0.114)  Acc@5:   0.000 (  0.545)
Test: [ 192/781]  Time: 0.102 (0.262)  Loss:   6.846 ( 6.994)  Acc@1:   0.000 (  0.113)  Acc@5:   0.000 (  0.542)
Test: [ 193/781]  Time: 0.298 (0.262)  Loss:   6.949 ( 6.994)  Acc@1:   0.000 (  0.113)  Acc@5:   0.000 (  0.540)
Test: [ 194/781]  Time: 0.327 (0.263)  Loss:   6.976 ( 6.994)  Acc@1:   0.000 (  0.112)  Acc@5:   0.000 (  0.537)
Test: [ 195/781]  Time: 0.102 (0.262)  Loss:   7.604 ( 6.997)  Acc@1:   0.000 (  0.112)  Acc@5:   0.000 (  0.534)
Test: [ 196/781]  Time: 0.098 (0.261)  Loss:   7.178 ( 6.998)  Acc@1:   0.000 (  0.111)  Acc@5:   0.000 (  0.531)
Test: [ 197/781]  Time: 0.386 (0.261)  Loss:   6.899 ( 6.998)  Acc@1:   0.000 (  0.110)  Acc@5:   0.000 (  0.529)
Test: [ 198/781]  Time: 0.389 (0.262)  Loss:   6.727 ( 6.996)  Acc@1:   0.000 (  0.110)  Acc@5:   0.000 (  0.526)
Test: [ 199/781]  Time: 0.108 (0.261)  Loss:   6.924 ( 6.996)  Acc@1:   0.000 (  0.109)  Acc@5:   0.000 (  0.523)
Test: [ 200/781]  Time: 0.108 (0.261)  Loss:   7.013 ( 6.996)  Acc@1:   0.000 (  0.109)  Acc@5:   0.000 (  0.521)
Test: [ 201/781]  Time: 0.378 (0.261)  Loss:   6.885 ( 6.995)  Acc@1:   0.000 (  0.108)  Acc@5:   3.125 (  0.534)
Test: [ 202/781]  Time: 0.406 (0.262)  Loss:   6.713 ( 6.994)  Acc@1:   0.000 (  0.108)  Acc@5:   0.000 (  0.531)
Test: [ 203/781]  Time: 0.203 (0.262)  Loss:   6.407 ( 6.991)  Acc@1:   0.000 (  0.107)  Acc@5:   1.562 (  0.536)
Test: [ 204/781]  Time: 0.103 (0.261)  Loss:   7.141 ( 6.992)  Acc@1:   0.000 (  0.107)  Acc@5:   0.000 (  0.534)
Test: [ 205/781]  Time: 0.195 (0.261)  Loss:   7.230 ( 6.993)  Acc@1:   0.000 (  0.106)  Acc@5:   0.000 (  0.531)
Test: [ 206/781]  Time: 0.415 (0.261)  Loss:   6.994 ( 6.993)  Acc@1:   0.000 (  0.106)  Acc@5:   0.000 (  0.528)
Test: [ 207/781]  Time: 0.176 (0.261)  Loss:   6.805 ( 6.992)  Acc@1:   0.000 (  0.105)  Acc@5:   0.000 (  0.526)
Test: [ 208/781]  Time: 0.109 (0.260)  Loss:   6.983 ( 6.992)  Acc@1:   0.000 (  0.105)  Acc@5:   0.000 (  0.523)
Test: [ 209/781]  Time: 0.309 (0.260)  Loss:   7.054 ( 6.992)  Acc@1:   0.000 (  0.104)  Acc@5:   0.000 (  0.521)
Test: [ 210/781]  Time: 0.903 (0.263)  Loss:   7.048 ( 6.993)  Acc@1:   0.000 (  0.104)  Acc@5:   0.000 (  0.518)
Test: [ 211/781]  Time: 0.110 (0.263)  Loss:   7.230 ( 6.994)  Acc@1:   0.000 (  0.103)  Acc@5:   0.000 (  0.516)
Test: [ 212/781]  Time: 0.170 (0.262)  Loss:   6.762 ( 6.993)  Acc@1:   0.000 (  0.103)  Acc@5:   0.000 (  0.513)
Test: [ 213/781]  Time: 0.116 (0.262)  Loss:   6.911 ( 6.992)  Acc@1:   0.000 (  0.102)  Acc@5:   0.000 (  0.511)
Test: [ 214/781]  Time: 0.493 (0.263)  Loss:   6.909 ( 6.992)  Acc@1:   0.000 (  0.102)  Acc@5:   0.000 (  0.509)
Test: [ 215/781]  Time: 0.212 (0.262)  Loss:   7.194 ( 6.993)  Acc@1:   0.000 (  0.101)  Acc@5:   0.000 (  0.506)
Test: [ 216/781]  Time: 0.097 (0.262)  Loss:   7.268 ( 6.994)  Acc@1:   0.000 (  0.101)  Acc@5:   0.000 (  0.504)
Test: [ 217/781]  Time: 0.104 (0.261)  Loss:   6.851 ( 6.993)  Acc@1:   0.000 (  0.100)  Acc@5:   0.000 (  0.502)
Test: [ 218/781]  Time: 0.910 (0.264)  Loss:   7.027 ( 6.994)  Acc@1:   0.000 (  0.100)  Acc@5:   0.000 (  0.499)
Test: [ 219/781]  Time: 0.731 (0.266)  Loss:   6.944 ( 6.993)  Acc@1:   0.000 (  0.099)  Acc@5:   0.000 (  0.497)
Test: [ 220/781]  Time: 0.071 (0.265)  Loss:   6.745 ( 6.992)  Acc@1:   0.000 (  0.099)  Acc@5:   0.000 (  0.495)
Test: [ 221/781]  Time: 0.097 (0.264)  Loss:   6.941 ( 6.992)  Acc@1:   0.000 (  0.099)  Acc@5:   0.000 (  0.493)
Test: [ 222/781]  Time: 0.095 (0.264)  Loss:   7.000 ( 6.992)  Acc@1:   0.000 (  0.098)  Acc@5:   0.000 (  0.490)
Test: [ 223/781]  Time: 0.405 (0.264)  Loss:   7.169 ( 6.993)  Acc@1:   0.000 (  0.098)  Acc@5:   0.000 (  0.488)
Test: [ 224/781]  Time: 0.168 (0.264)  Loss:   6.807 ( 6.992)  Acc@1:   0.000 (  0.097)  Acc@5:   0.000 (  0.486)
Test: [ 225/781]  Time: 0.110 (0.263)  Loss:   6.971 ( 6.992)  Acc@1:   1.562 (  0.104)  Acc@5:   1.562 (  0.491)
Test: [ 226/781]  Time: 0.111 (0.262)  Loss:   7.123 ( 6.992)  Acc@1:   0.000 (  0.103)  Acc@5:   0.000 (  0.489)
Test: [ 227/781]  Time: 0.674 (0.264)  Loss:   7.234 ( 6.993)  Acc@1:   0.000 (  0.103)  Acc@5:   0.000 (  0.487)
Test: [ 228/781]  Time: 0.605 (0.266)  Loss:   6.778 ( 6.993)  Acc@1:   0.000 (  0.102)  Acc@5:   0.000 (  0.484)
Test: [ 229/781]  Time: 0.115 (0.265)  Loss:   7.338 ( 6.994)  Acc@1:   0.000 (  0.102)  Acc@5:   1.562 (  0.489)
Test: [ 230/781]  Time: 0.108 (0.264)  Loss:   6.735 ( 6.993)  Acc@1:   0.000 (  0.101)  Acc@5:   0.000 (  0.487)
Test: [ 231/781]  Time: 0.108 (0.264)  Loss:   6.916 ( 6.993)  Acc@1:   0.000 (  0.101)  Acc@5:   0.000 (  0.485)
Test: [ 232/781]  Time: 1.300 (0.268)  Loss:   6.799 ( 6.992)  Acc@1:   0.000 (  0.101)  Acc@5:   0.000 (  0.483)
Test: [ 233/781]  Time: 0.085 (0.267)  Loss:   6.892 ( 6.991)  Acc@1:   0.000 (  0.100)  Acc@5:   0.000 (  0.481)
Test: [ 234/781]  Time: 0.099 (0.267)  Loss:   7.151 ( 6.992)  Acc@1:   0.000 (  0.100)  Acc@5:   0.000 (  0.479)
Test: [ 235/781]  Time: 0.097 (0.266)  Loss:   6.967 ( 6.992)  Acc@1:   0.000 (  0.099)  Acc@5:   0.000 (  0.477)
Test: [ 236/781]  Time: 0.492 (0.267)  Loss:   7.087 ( 6.992)  Acc@1:   0.000 (  0.099)  Acc@5:   0.000 (  0.475)
Test: [ 237/781]  Time: 0.111 (0.266)  Loss:   6.939 ( 6.992)  Acc@1:   0.000 (  0.098)  Acc@5:   0.000 (  0.473)
Test: [ 238/781]  Time: 0.112 (0.266)  Loss:   7.007 ( 6.992)  Acc@1:   0.000 (  0.098)  Acc@5:   0.000 (  0.471)
Test: [ 239/781]  Time: 0.180 (0.265)  Loss:   6.814 ( 6.991)  Acc@1:   0.000 (  0.098)  Acc@5:   0.000 (  0.469)
Test: [ 240/781]  Time: 0.692 (0.267)  Loss:   6.965 ( 6.991)  Acc@1:   0.000 (  0.097)  Acc@5:   0.000 (  0.467)
Test: [ 241/781]  Time: 0.113 (0.266)  Loss:   6.975 ( 6.991)  Acc@1:   0.000 (  0.097)  Acc@5:   0.000 (  0.465)
Test: [ 242/781]  Time: 0.113 (0.266)  Loss:   6.925 ( 6.991)  Acc@1:   0.000 (  0.096)  Acc@5:   0.000 (  0.463)
Test: [ 243/781]  Time: 0.185 (0.265)  Loss:   6.917 ( 6.991)  Acc@1:   0.000 (  0.096)  Acc@5:   0.000 (  0.461)
Test: [ 244/781]  Time: 0.938 (0.268)  Loss:   7.125 ( 6.991)  Acc@1:   0.000 (  0.096)  Acc@5:   0.000 (  0.459)
Test: [ 245/781]  Time: 0.082 (0.267)  Loss:   7.385 ( 6.993)  Acc@1:   0.000 (  0.095)  Acc@5:   0.000 (  0.457)
Test: [ 246/781]  Time: 0.088 (0.267)  Loss:   6.504 ( 6.991)  Acc@1:   3.125 (  0.108)  Acc@5:  17.188 (  0.525)
Test: [ 247/781]  Time: 0.107 (0.266)  Loss:   7.261 ( 6.992)  Acc@1:   0.000 (  0.107)  Acc@5:   0.000 (  0.523)
Test: [ 248/781]  Time: 0.587 (0.267)  Loss:   7.051 ( 6.992)  Acc@1:   0.000 (  0.107)  Acc@5:   0.000 (  0.521)
Test: [ 249/781]  Time: 0.108 (0.267)  Loss:   7.074 ( 6.992)  Acc@1:   0.000 (  0.106)  Acc@5:   0.000 (  0.519)
Test: [ 250/781]  Time: 0.106 (0.266)  Loss:   7.181 ( 6.993)  Acc@1:   0.000 (  0.106)  Acc@5:   0.000 (  0.517)
Test: [ 251/781]  Time: 0.175 (0.266)  Loss:   6.960 ( 6.993)  Acc@1:   0.000 (  0.105)  Acc@5:   0.000 (  0.515)
Test: [ 252/781]  Time: 0.626 (0.267)  Loss:   6.860 ( 6.993)  Acc@1:   0.000 (  0.105)  Acc@5:   0.000 (  0.513)
Test: [ 253/781]  Time: 0.184 (0.267)  Loss:   7.117 ( 6.993)  Acc@1:   0.000 (  0.105)  Acc@5:   0.000 (  0.511)
Test: [ 254/781]  Time: 0.186 (0.266)  Loss:   6.850 ( 6.993)  Acc@1:   0.000 (  0.104)  Acc@5:   0.000 (  0.509)
Test: [ 255/781]  Time: 1.230 (0.270)  Loss:   6.987 ( 6.992)  Acc@1:   0.000 (  0.104)  Acc@5:   0.000 (  0.507)
Test: [ 256/781]  Time: 0.092 (0.270)  Loss:   7.058 ( 6.993)  Acc@1:   0.000 (  0.103)  Acc@5:   0.000 (  0.505)
Test: [ 257/781]  Time: 0.032 (0.269)  Loss:   7.064 ( 6.993)  Acc@1:   0.000 (  0.103)  Acc@5:   0.000 (  0.503)
Test: [ 258/781]  Time: 0.083 (0.268)  Loss:   6.967 ( 6.993)  Acc@1:   0.000 (  0.103)  Acc@5:   0.000 (  0.501)
Test: [ 259/781]  Time: 0.673 (0.269)  Loss:   7.077 ( 6.993)  Acc@1:   0.000 (  0.102)  Acc@5:   0.000 (  0.499)
Test: [ 260/781]  Time: 0.126 (0.269)  Loss:   7.247 ( 6.994)  Acc@1:   0.000 (  0.102)  Acc@5:   0.000 (  0.497)
Test: [ 261/781]  Time: 0.176 (0.269)  Loss:   6.875 ( 6.994)  Acc@1:   0.000 (  0.101)  Acc@5:   0.000 (  0.495)
Test: [ 262/781]  Time: 0.099 (0.268)  Loss:   6.923 ( 6.993)  Acc@1:   0.000 (  0.101)  Acc@5:   0.000 (  0.493)
Test: [ 263/781]  Time: 0.586 (0.269)  Loss:   6.733 ( 6.993)  Acc@1:   0.000 (  0.101)  Acc@5:   1.562 (  0.497)
Test: [ 264/781]  Time: 0.120 (0.269)  Loss:   6.823 ( 6.992)  Acc@1:   0.000 (  0.100)  Acc@5:   0.000 (  0.495)
Test: [ 265/781]  Time: 0.180 (0.268)  Loss:   6.716 ( 6.991)  Acc@1:   0.000 (  0.100)  Acc@5:   0.000 (  0.493)
Test: [ 266/781]  Time: 0.118 (0.268)  Loss:   7.007 ( 6.991)  Acc@1:   0.000 (  0.099)  Acc@5:   0.000 (  0.492)
Test: [ 267/781]  Time: 0.619 (0.269)  Loss:   6.838 ( 6.990)  Acc@1:   0.000 (  0.099)  Acc@5:   0.000 (  0.490)
Test: [ 268/781]  Time: 0.175 (0.269)  Loss:   6.605 ( 6.989)  Acc@1:   1.562 (  0.105)  Acc@5:   1.562 (  0.494)
Test: [ 269/781]  Time: 0.119 (0.268)  Loss:   6.823 ( 6.988)  Acc@1:   0.000 (  0.104)  Acc@5:   0.000 (  0.492)
Test: [ 270/781]  Time: 0.103 (0.267)  Loss:   7.179 ( 6.989)  Acc@1:   0.000 (  0.104)  Acc@5:   0.000 (  0.490)
Test: [ 271/781]  Time: 0.576 (0.269)  Loss:   6.768 ( 6.988)  Acc@1:   0.000 (  0.103)  Acc@5:   0.000 (  0.488)
Test: [ 272/781]  Time: 0.120 (0.268)  Loss:   7.109 ( 6.989)  Acc@1:   0.000 (  0.103)  Acc@5:   0.000 (  0.486)
Test: [ 273/781]  Time: 0.100 (0.267)  Loss:   7.123 ( 6.989)  Acc@1:   0.000 (  0.103)  Acc@5:   0.000 (  0.485)
Test: [ 274/781]  Time: 0.102 (0.267)  Loss:   6.872 ( 6.989)  Acc@1:   0.000 (  0.102)  Acc@5:   0.000 (  0.483)
Test: [ 275/781]  Time: 0.611 (0.268)  Loss:   6.843 ( 6.988)  Acc@1:   0.000 (  0.102)  Acc@5:   0.000 (  0.481)
Test: [ 276/781]  Time: 0.097 (0.267)  Loss:   7.042 ( 6.988)  Acc@1:   0.000 (  0.102)  Acc@5:   0.000 (  0.479)
Test: [ 277/781]  Time: 0.095 (0.267)  Loss:   6.923 ( 6.988)  Acc@1:   0.000 (  0.101)  Acc@5:   0.000 (  0.478)
Test: [ 278/781]  Time: 0.169 (0.267)  Loss:   6.728 ( 6.987)  Acc@1:   0.000 (  0.101)  Acc@5:   0.000 (  0.476)
Test: [ 279/781]  Time: 0.435 (0.267)  Loss:   7.156 ( 6.988)  Acc@1:   0.000 (  0.100)  Acc@5:   0.000 (  0.474)
Test: [ 280/781]  Time: 0.176 (0.267)  Loss:   6.852 ( 6.987)  Acc@1:   0.000 (  0.100)  Acc@5:   0.000 (  0.473)
Test: [ 281/781]  Time: 0.105 (0.266)  Loss:   6.603 ( 6.986)  Acc@1:   0.000 (  0.100)  Acc@5:   3.125 (  0.482)
Test: [ 282/781]  Time: 0.101 (0.266)  Loss:   6.831 ( 6.985)  Acc@1:   0.000 (  0.099)  Acc@5:   0.000 (  0.480)
Test: [ 283/781]  Time: 0.611 (0.267)  Loss:   6.736 ( 6.985)  Acc@1:   0.000 (  0.099)  Acc@5:   1.562 (  0.484)
Test: [ 284/781]  Time: 0.095 (0.266)  Loss:   6.922 ( 6.984)  Acc@1:   0.000 (  0.099)  Acc@5:   0.000 (  0.482)
Test: [ 285/781]  Time: 0.105 (0.266)  Loss:   6.922 ( 6.984)  Acc@1:   0.000 (  0.098)  Acc@5:   1.562 (  0.486)
Test: [ 286/781]  Time: 0.470 (0.266)  Loss:   6.884 ( 6.984)  Acc@1:   0.000 (  0.098)  Acc@5:   0.000 (  0.485)
Test: [ 287/781]  Time: 0.115 (0.266)  Loss:   6.770 ( 6.983)  Acc@1:   0.000 (  0.098)  Acc@5:   1.562 (  0.488)
Test: [ 288/781]  Time: 0.109 (0.265)  Loss:   6.758 ( 6.982)  Acc@1:   0.000 (  0.097)  Acc@5:   3.125 (  0.497)
Test: [ 289/781]  Time: 0.099 (0.265)  Loss:   6.972 ( 6.982)  Acc@1:   0.000 (  0.097)  Acc@5:   0.000 (  0.496)
Test: [ 290/781]  Time: 0.690 (0.266)  Loss:   7.297 ( 6.983)  Acc@1:   0.000 (  0.097)  Acc@5:   0.000 (  0.494)
Test: [ 291/781]  Time: 0.326 (0.266)  Loss:   6.891 ( 6.983)  Acc@1:   0.000 (  0.096)  Acc@5:   0.000 (  0.492)
Test: [ 292/781]  Time: 0.159 (0.266)  Loss:   6.806 ( 6.982)  Acc@1:   0.000 (  0.096)  Acc@5:   0.000 (  0.491)
Test: [ 293/781]  Time: 0.120 (0.266)  Loss:   6.715 ( 6.981)  Acc@1:   0.000 (  0.096)  Acc@5:   0.000 (  0.489)
Test: [ 294/781]  Time: 0.322 (0.266)  Loss:   6.567 ( 6.980)  Acc@1:   1.562 (  0.101)  Acc@5:   3.125 (  0.498)
Test: [ 295/781]  Time: 1.201 (0.269)  Loss:   6.768 ( 6.979)  Acc@1:   1.562 (  0.106)  Acc@5:   1.562 (  0.501)
Test: [ 296/781]  Time: 0.089 (0.268)  Loss:   6.737 ( 6.978)  Acc@1:   0.000 (  0.105)  Acc@5:   3.125 (  0.510)
Test: [ 297/781]  Time: 0.170 (0.268)  Loss:   6.935 ( 6.978)  Acc@1:   0.000 (  0.105)  Acc@5:   0.000 (  0.509)
Test: [ 298/781]  Time: 0.123 (0.267)  Loss:   6.984 ( 6.978)  Acc@1:   0.000 (  0.105)  Acc@5:   0.000 (  0.507)
Test: [ 299/781]  Time: 1.005 (0.270)  Loss:   6.715 ( 6.977)  Acc@1:   0.000 (  0.104)  Acc@5:   0.000 (  0.505)
Test: [ 300/781]  Time: 0.089 (0.269)  Loss:   7.085 ( 6.978)  Acc@1:   0.000 (  0.104)  Acc@5:   0.000 (  0.504)
Test: [ 301/781]  Time: 0.096 (0.269)  Loss:   7.213 ( 6.979)  Acc@1:   0.000 (  0.103)  Acc@5:   0.000 (  0.502)
Test: [ 302/781]  Time: 0.110 (0.268)  Loss:   7.175 ( 6.979)  Acc@1:   0.000 (  0.103)  Acc@5:   0.000 (  0.500)
Test: [ 303/781]  Time: 0.700 (0.270)  Loss:   7.182 ( 6.980)  Acc@1:   0.000 (  0.103)  Acc@5:   0.000 (  0.499)
Test: [ 304/781]  Time: 0.104 (0.269)  Loss:   7.329 ( 6.981)  Acc@1:   0.000 (  0.102)  Acc@5:   0.000 (  0.497)
Test: [ 305/781]  Time: 0.178 (0.269)  Loss:   6.968 ( 6.981)  Acc@1:   0.000 (  0.102)  Acc@5:   0.000 (  0.495)
Test: [ 306/781]  Time: 0.099 (0.268)  Loss:   7.031 ( 6.981)  Acc@1:   0.000 (  0.102)  Acc@5:   0.000 (  0.494)
Test: [ 307/781]  Time: 0.519 (0.269)  Loss:   7.107 ( 6.982)  Acc@1:   0.000 (  0.101)  Acc@5:   0.000 (  0.492)
Test: [ 308/781]  Time: 0.108 (0.269)  Loss:   7.367 ( 6.983)  Acc@1:   0.000 (  0.101)  Acc@5:   0.000 (  0.490)
Test: [ 309/781]  Time: 0.184 (0.268)  Loss:   7.195 ( 6.984)  Acc@1:   0.000 (  0.101)  Acc@5:   0.000 (  0.489)
Test: [ 310/781]  Time: 0.117 (0.268)  Loss:   6.672 ( 6.983)  Acc@1:   0.000 (  0.100)  Acc@5:   1.562 (  0.492)
Test: [ 311/781]  Time: 0.468 (0.268)  Loss:   6.951 ( 6.982)  Acc@1:   0.000 (  0.100)  Acc@5:   0.000 (  0.491)
Test: [ 312/781]  Time: 0.105 (0.268)  Loss:   6.606 ( 6.981)  Acc@1:   0.000 (  0.100)  Acc@5:   4.688 (  0.504)
Test: [ 313/781]  Time: 0.108 (0.267)  Loss:   7.279 ( 6.982)  Acc@1:   0.000 (  0.100)  Acc@5:   0.000 (  0.503)
Test: [ 314/781]  Time: 0.111 (0.267)  Loss:   7.311 ( 6.983)  Acc@1:   0.000 (  0.099)  Acc@5:   0.000 (  0.501)
Test: [ 315/781]  Time: 0.512 (0.268)  Loss:   6.973 ( 6.983)  Acc@1:   0.000 (  0.099)  Acc@5:   0.000 (  0.499)
Test: [ 316/781]  Time: 0.165 (0.267)  Loss:   7.013 ( 6.983)  Acc@1:   0.000 (  0.099)  Acc@5:   0.000 (  0.498)
Test: [ 317/781]  Time: 0.109 (0.267)  Loss:   6.837 ( 6.983)  Acc@1:   0.000 (  0.098)  Acc@5:   0.000 (  0.496)
Test: [ 318/781]  Time: 0.113 (0.266)  Loss:   6.885 ( 6.983)  Acc@1:   0.000 (  0.098)  Acc@5:   0.000 (  0.495)
Test: [ 319/781]  Time: 0.594 (0.267)  Loss:   6.931 ( 6.982)  Acc@1:   0.000 (  0.098)  Acc@5:   0.000 (  0.493)
Test: [ 320/781]  Time: 0.185 (0.267)  Loss:   6.751 ( 6.982)  Acc@1:   0.000 (  0.097)  Acc@5:   0.000 (  0.492)
Test: [ 321/781]  Time: 0.120 (0.267)  Loss:   6.807 ( 6.981)  Acc@1:   0.000 (  0.097)  Acc@5:   1.562 (  0.495)
Test: [ 322/781]  Time: 0.107 (0.266)  Loss:   7.011 ( 6.981)  Acc@1:   0.000 (  0.097)  Acc@5:   0.000 (  0.493)
Test: [ 323/781]  Time: 0.474 (0.267)  Loss:   6.844 ( 6.981)  Acc@1:   0.000 (  0.096)  Acc@5:   0.000 (  0.492)
Test: [ 324/781]  Time: 0.113 (0.266)  Loss:   7.084 ( 6.981)  Acc@1:   0.000 (  0.096)  Acc@5:   0.000 (  0.490)
Test: [ 325/781]  Time: 0.115 (0.266)  Loss:   6.886 ( 6.981)  Acc@1:   0.000 (  0.096)  Acc@5:   0.000 (  0.489)
Test: [ 326/781]  Time: 0.177 (0.266)  Loss:   7.133 ( 6.981)  Acc@1:   0.000 (  0.096)  Acc@5:   0.000 (  0.487)
Test: [ 327/781]  Time: 0.420 (0.266)  Loss:   7.277 ( 6.982)  Acc@1:   0.000 (  0.095)  Acc@5:   0.000 (  0.486)
Test: [ 328/781]  Time: 0.906 (0.268)  Loss:   6.997 ( 6.982)  Acc@1:   0.000 (  0.095)  Acc@5:   0.000 (  0.484)
Test: [ 329/781]  Time: 0.090 (0.268)  Loss:   7.351 ( 6.983)  Acc@1:   0.000 (  0.095)  Acc@5:   0.000 (  0.483)
Test: [ 330/781]  Time: 0.096 (0.267)  Loss:   7.112 ( 6.984)  Acc@1:   0.000 (  0.094)  Acc@5:   0.000 (  0.481)
Test: [ 331/781]  Time: 0.105 (0.267)  Loss:   7.044 ( 6.984)  Acc@1:   0.000 (  0.094)  Acc@5:   0.000 (  0.480)
Test: [ 332/781]  Time: 0.308 (0.267)  Loss:   7.414 ( 6.985)  Acc@1:   0.000 (  0.094)  Acc@5:   0.000 (  0.479)
Test: [ 333/781]  Time: 0.171 (0.266)  Loss:   7.220 ( 6.986)  Acc@1:   0.000 (  0.094)  Acc@5:   0.000 (  0.477)
Test: [ 334/781]  Time: 0.106 (0.266)  Loss:   7.120 ( 6.986)  Acc@1:   0.000 (  0.093)  Acc@5:   0.000 (  0.476)
Test: [ 335/781]  Time: 0.098 (0.265)  Loss:   7.029 ( 6.986)  Acc@1:   0.000 (  0.093)  Acc@5:   0.000 (  0.474)
Test: [ 336/781]  Time: 0.626 (0.266)  Loss:   7.508 ( 6.988)  Acc@1:   0.000 (  0.093)  Acc@5:   0.000 (  0.473)
Test: [ 337/781]  Time: 0.167 (0.266)  Loss:   7.309 ( 6.989)  Acc@1:   0.000 (  0.092)  Acc@5:   0.000 (  0.472)
Test: [ 338/781]  Time: 0.100 (0.266)  Loss:   6.908 ( 6.989)  Acc@1:   0.000 (  0.092)  Acc@5:   0.000 (  0.470)
Test: [ 339/781]  Time: 0.100 (0.265)  Loss:   6.529 ( 6.987)  Acc@1:   3.125 (  0.101)  Acc@5:   9.375 (  0.496)
Test: [ 340/781]  Time: 0.529 (0.266)  Loss:   6.895 ( 6.987)  Acc@1:   0.000 (  0.101)  Acc@5:   0.000 (  0.495)
Test: [ 341/781]  Time: 0.173 (0.266)  Loss:   6.713 ( 6.986)  Acc@1:   0.000 (  0.101)  Acc@5:   1.562 (  0.498)
Test: [ 342/781]  Time: 0.110 (0.265)  Loss:   7.181 ( 6.987)  Acc@1:   0.000 (  0.100)  Acc@5:   0.000 (  0.497)
Test: [ 343/781]  Time: 0.104 (0.265)  Loss:   7.218 ( 6.987)  Acc@1:   0.000 (  0.100)  Acc@5:   0.000 (  0.495)
Test: [ 344/781]  Time: 0.608 (0.266)  Loss:   7.145 ( 6.988)  Acc@1:   0.000 (  0.100)  Acc@5:   0.000 (  0.494)
Test: [ 345/781]  Time: 0.102 (0.265)  Loss:   7.119 ( 6.988)  Acc@1:   0.000 (  0.099)  Acc@5:   0.000 (  0.492)
Test: [ 346/781]  Time: 0.102 (0.265)  Loss:   7.166 ( 6.989)  Acc@1:   0.000 (  0.099)  Acc@5:   0.000 (  0.491)
Test: [ 347/781]  Time: 0.104 (0.264)  Loss:   7.160 ( 6.989)  Acc@1:   0.000 (  0.099)  Acc@5:   0.000 (  0.489)
Test: [ 348/781]  Time: 0.680 (0.266)  Loss:   7.077 ( 6.990)  Acc@1:   0.000 (  0.098)  Acc@5:   0.000 (  0.488)
Test: [ 349/781]  Time: 0.111 (0.265)  Loss:   6.920 ( 6.989)  Acc@1:   0.000 (  0.098)  Acc@5:   0.000 (  0.487)
Test: [ 350/781]  Time: 0.181 (0.265)  Loss:   6.887 ( 6.989)  Acc@1:   0.000 (  0.098)  Acc@5:   0.000 (  0.485)
Test: [ 351/781]  Time: 0.109 (0.264)  Loss:   7.067 ( 6.989)  Acc@1:   0.000 (  0.098)  Acc@5:   0.000 (  0.484)
Test: [ 352/781]  Time: 0.797 (0.266)  Loss:   7.112 ( 6.990)  Acc@1:   0.000 (  0.097)  Acc@5:   0.000 (  0.482)
Test: [ 353/781]  Time: 0.105 (0.265)  Loss:   6.646 ( 6.989)  Acc@1:   0.000 (  0.097)  Acc@5:   4.688 (  0.494)
Test: [ 354/781]  Time: 0.102 (0.265)  Loss:   7.097 ( 6.989)  Acc@1:   0.000 (  0.097)  Acc@5:   0.000 (  0.493)
Test: [ 355/781]  Time: 0.311 (0.265)  Loss:   7.082 ( 6.989)  Acc@1:   0.000 (  0.097)  Acc@5:   0.000 (  0.492)
Test: [ 356/781]  Time: 0.305 (0.265)  Loss:   7.094 ( 6.990)  Acc@1:   0.000 (  0.096)  Acc@5:   0.000 (  0.490)
Test: [ 357/781]  Time: 0.267 (0.265)  Loss:   6.804 ( 6.989)  Acc@1:   0.000 (  0.096)  Acc@5:   0.000 (  0.489)
Test: [ 358/781]  Time: 0.112 (0.265)  Loss:   6.886 ( 6.989)  Acc@1:   0.000 (  0.096)  Acc@5:   0.000 (  0.487)
Test: [ 359/781]  Time: 0.202 (0.265)  Loss:   6.751 ( 6.988)  Acc@1:   0.000 (  0.095)  Acc@5:   0.000 (  0.486)
Test: [ 360/781]  Time: 0.396 (0.265)  Loss:   7.303 ( 6.989)  Acc@1:   0.000 (  0.095)  Acc@5:   0.000 (  0.485)
Test: [ 361/781]  Time: 1.196 (0.268)  Loss:   7.115 ( 6.989)  Acc@1:   0.000 (  0.095)  Acc@5:   0.000 (  0.483)
Test: [ 362/781]  Time: 0.031 (0.267)  Loss:   6.937 ( 6.989)  Acc@1:   0.000 (  0.095)  Acc@5:   0.000 (  0.482)
Test: [ 363/781]  Time: 0.095 (0.266)  Loss:   7.011 ( 6.989)  Acc@1:   0.000 (  0.094)  Acc@5:   0.000 (  0.481)
Test: [ 364/781]  Time: 0.167 (0.266)  Loss:   6.898 ( 6.989)  Acc@1:   0.000 (  0.094)  Acc@5:   1.562 (  0.484)
Test: [ 365/781]  Time: 0.632 (0.267)  Loss:   6.956 ( 6.989)  Acc@1:   0.000 (  0.094)  Acc@5:   0.000 (  0.482)
Test: [ 366/781]  Time: 0.093 (0.267)  Loss:   7.180 ( 6.989)  Acc@1:   0.000 (  0.094)  Acc@5:   0.000 (  0.481)
Test: [ 367/781]  Time: 0.098 (0.266)  Loss:   7.301 ( 6.990)  Acc@1:   0.000 (  0.093)  Acc@5:   0.000 (  0.480)
Test: [ 368/781]  Time: 0.098 (0.266)  Loss:   7.231 ( 6.991)  Acc@1:   0.000 (  0.093)  Acc@5:   0.000 (  0.478)
Test: [ 369/781]  Time: 0.695 (0.267)  Loss:   7.178 ( 6.991)  Acc@1:   0.000 (  0.093)  Acc@5:   0.000 (  0.477)
Test: [ 370/781]  Time: 0.099 (0.266)  Loss:   6.861 ( 6.991)  Acc@1:   0.000 (  0.093)  Acc@5:   0.000 (  0.476)
Test: [ 371/781]  Time: 0.106 (0.266)  Loss:   7.027 ( 6.991)  Acc@1:   0.000 (  0.092)  Acc@5:   0.000 (  0.475)
Test: [ 372/781]  Time: 0.100 (0.266)  Loss:   6.724 ( 6.990)  Acc@1:   0.000 (  0.092)  Acc@5:   0.000 (  0.473)
Test: [ 373/781]  Time: 0.990 (0.268)  Loss:   7.024 ( 6.991)  Acc@1:   0.000 (  0.092)  Acc@5:   0.000 (  0.472)
Test: [ 374/781]  Time: 0.106 (0.267)  Loss:   7.017 ( 6.991)  Acc@1:   0.000 (  0.092)  Acc@5:   0.000 (  0.471)
Test: [ 375/781]  Time: 0.101 (0.267)  Loss:   7.395 ( 6.992)  Acc@1:   0.000 (  0.091)  Acc@5:   0.000 (  0.470)
Test: [ 376/781]  Time: 0.091 (0.266)  Loss:   7.130 ( 6.992)  Acc@1:   0.000 (  0.091)  Acc@5:   0.000 (  0.468)
Test: [ 377/781]  Time: 0.701 (0.267)  Loss:   6.871 ( 6.992)  Acc@1:   0.000 (  0.091)  Acc@5:   0.000 (  0.467)
Test: [ 378/781]  Time: 0.100 (0.267)  Loss:   6.873 ( 6.991)  Acc@1:   0.000 (  0.091)  Acc@5:   0.000 (  0.466)
Test: [ 379/781]  Time: 0.098 (0.266)  Loss:   7.007 ( 6.991)  Acc@1:   0.000 (  0.090)  Acc@5:   0.000 (  0.465)
Test: [ 380/781]  Time: 0.095 (0.266)  Loss:   6.870 ( 6.991)  Acc@1:   0.000 (  0.090)  Acc@5:   3.125 (  0.472)
Test: [ 381/781]  Time: 0.917 (0.268)  Loss:   7.181 ( 6.992)  Acc@1:   1.562 (  0.094)  Acc@5:   1.562 (  0.474)
Test: [ 382/781]  Time: 0.084 (0.267)  Loss:   7.367 ( 6.993)  Acc@1:   0.000 (  0.094)  Acc@5:   0.000 (  0.473)
Test: [ 383/781]  Time: 0.100 (0.267)  Loss:   6.571 ( 6.992)  Acc@1:   1.562 (  0.098)  Acc@5:   4.688 (  0.484)
Test: [ 384/781]  Time: 0.099 (0.266)  Loss:   6.861 ( 6.991)  Acc@1:   0.000 (  0.097)  Acc@5:   0.000 (  0.483)
Test: [ 385/781]  Time: 0.630 (0.267)  Loss:   7.176 ( 6.992)  Acc@1:   0.000 (  0.097)  Acc@5:   0.000 (  0.482)
Test: [ 386/781]  Time: 0.103 (0.267)  Loss:   7.199 ( 6.992)  Acc@1:   0.000 (  0.097)  Acc@5:   0.000 (  0.480)
Test: [ 387/781]  Time: 0.166 (0.267)  Loss:   7.124 ( 6.993)  Acc@1:   0.000 (  0.097)  Acc@5:   0.000 (  0.479)
Test: [ 388/781]  Time: 0.099 (0.266)  Loss:   6.465 ( 6.991)  Acc@1:   3.125 (  0.104)  Acc@5:  14.062 (  0.514)
Test: [ 389/781]  Time: 0.526 (0.267)  Loss:   7.072 ( 6.991)  Acc@1:   0.000 (  0.104)  Acc@5:   0.000 (  0.513)
Test: [ 390/781]  Time: 0.104 (0.266)  Loss:   6.972 ( 6.991)  Acc@1:   0.000 (  0.104)  Acc@5:   0.000 (  0.512)
Test: [ 391/781]  Time: 0.170 (0.266)  Loss:   6.957 ( 6.991)  Acc@1:   0.000 (  0.104)  Acc@5:   0.000 (  0.510)
Test: [ 392/781]  Time: 0.112 (0.266)  Loss:   6.586 ( 6.990)  Acc@1:   0.000 (  0.103)  Acc@5:   6.250 (  0.525)
Test: [ 393/781]  Time: 0.488 (0.266)  Loss:   6.949 ( 6.990)  Acc@1:   0.000 (  0.103)  Acc@5:   0.000 (  0.523)
Test: [ 394/781]  Time: 0.108 (0.266)  Loss:   6.960 ( 6.990)  Acc@1:   0.000 (  0.103)  Acc@5:   0.000 (  0.522)
Test: [ 395/781]  Time: 0.122 (0.266)  Loss:   6.725 ( 6.989)  Acc@1:   0.000 (  0.103)  Acc@5:   1.562 (  0.525)
Test: [ 396/781]  Time: 0.172 (0.265)  Loss:   6.646 ( 6.988)  Acc@1:   0.000 (  0.102)  Acc@5:   0.000 (  0.523)
Test: [ 397/781]  Time: 0.496 (0.266)  Loss:   6.779 ( 6.988)  Acc@1:   0.000 (  0.102)  Acc@5:   0.000 (  0.522)
Test: [ 398/781]  Time: 0.127 (0.266)  Loss:   6.667 ( 6.987)  Acc@1:   0.000 (  0.102)  Acc@5:   0.000 (  0.521)
Test: [ 399/781]  Time: 0.104 (0.265)  Loss:   6.895 ( 6.987)  Acc@1:   0.000 (  0.102)  Acc@5:   0.000 (  0.520)
Test: [ 400/781]  Time: 0.169 (0.265)  Loss:   7.033 ( 6.987)  Acc@1:   0.000 (  0.101)  Acc@5:   0.000 (  0.518)
Test: [ 401/781]  Time: 0.501 (0.266)  Loss:   6.880 ( 6.987)  Acc@1:   0.000 (  0.101)  Acc@5:   0.000 (  0.517)
Test: [ 402/781]  Time: 0.201 (0.265)  Loss:   6.734 ( 6.986)  Acc@1:   0.000 (  0.101)  Acc@5:   0.000 (  0.516)
Test: [ 403/781]  Time: 0.112 (0.265)  Loss:   7.184 ( 6.987)  Acc@1:   0.000 (  0.101)  Acc@5:   0.000 (  0.514)
Test: [ 404/781]  Time: 0.107 (0.265)  Loss:   7.177 ( 6.987)  Acc@1:   0.000 (  0.100)  Acc@5:   0.000 (  0.513)
Test: [ 405/781]  Time: 0.584 (0.265)  Loss:   7.105 ( 6.987)  Acc@1:   0.000 (  0.100)  Acc@5:   0.000 (  0.512)
Test: [ 406/781]  Time: 0.413 (0.266)  Loss:   6.730 ( 6.987)  Acc@1:   0.000 (  0.100)  Acc@5:   0.000 (  0.511)
Test: [ 407/781]  Time: 0.095 (0.265)  Loss:   6.752 ( 6.986)  Acc@1:   0.000 (  0.100)  Acc@5:   0.000 (  0.509)
Test: [ 408/781]  Time: 0.089 (0.265)  Loss:   6.924 ( 6.986)  Acc@1:   0.000 (  0.099)  Acc@5:   0.000 (  0.508)
Test: [ 409/781]  Time: 0.327 (0.265)  Loss:   6.806 ( 6.986)  Acc@1:   0.000 (  0.099)  Acc@5:   0.000 (  0.507)
Test: [ 410/781]  Time: 0.373 (0.265)  Loss:   6.978 ( 6.986)  Acc@1:   0.000 (  0.099)  Acc@5:   0.000 (  0.506)
Test: [ 411/781]  Time: 0.105 (0.265)  Loss:   7.126 ( 6.986)  Acc@1:   0.000 (  0.099)  Acc@5:   0.000 (  0.504)
Test: [ 412/781]  Time: 0.101 (0.265)  Loss:   6.826 ( 6.986)  Acc@1:   3.125 (  0.106)  Acc@5:   3.125 (  0.511)
Test: [ 413/781]  Time: 0.294 (0.265)  Loss:   6.772 ( 6.985)  Acc@1:   0.000 (  0.106)  Acc@5:   0.000 (  0.510)
Test: [ 414/781]  Time: 0.323 (0.265)  Loss:   7.078 ( 6.985)  Acc@1:   0.000 (  0.105)  Acc@5:   0.000 (  0.508)
Test: [ 415/781]  Time: 0.175 (0.265)  Loss:   7.091 ( 6.986)  Acc@1:   0.000 (  0.105)  Acc@5:   0.000 (  0.507)
Test: [ 416/781]  Time: 0.104 (0.264)  Loss:   7.029 ( 6.986)  Acc@1:   0.000 (  0.105)  Acc@5:   0.000 (  0.506)
Test: [ 417/781]  Time: 0.220 (0.264)  Loss:   6.973 ( 6.986)  Acc@1:   0.000 (  0.105)  Acc@5:   0.000 (  0.505)
Test: [ 418/781]  Time: 0.393 (0.264)  Loss:   6.754 ( 6.985)  Acc@1:   0.000 (  0.104)  Acc@5:   0.000 (  0.503)
Test: [ 419/781]  Time: 0.101 (0.264)  Loss:   6.736 ( 6.984)  Acc@1:   0.000 (  0.104)  Acc@5:   0.000 (  0.502)
Test: [ 420/781]  Time: 0.110 (0.264)  Loss:   6.939 ( 6.984)  Acc@1:   0.000 (  0.104)  Acc@5:   0.000 (  0.501)
Test: [ 421/781]  Time: 0.274 (0.264)  Loss:   7.117 ( 6.985)  Acc@1:   0.000 (  0.104)  Acc@5:   0.000 (  0.500)
Test: [ 422/781]  Time: 0.418 (0.264)  Loss:   7.048 ( 6.985)  Acc@1:   0.000 (  0.103)  Acc@5:   0.000 (  0.499)
Test: [ 423/781]  Time: 0.105 (0.264)  Loss:   7.317 ( 6.986)  Acc@1:   0.000 (  0.103)  Acc@5:   0.000 (  0.497)
Test: [ 424/781]  Time: 0.097 (0.263)  Loss:   7.006 ( 6.986)  Acc@1:   0.000 (  0.103)  Acc@5:   0.000 (  0.496)
Test: [ 425/781]  Time: 0.301 (0.263)  Loss:   7.067 ( 6.986)  Acc@1:   0.000 (  0.103)  Acc@5:   0.000 (  0.495)
Test: [ 426/781]  Time: 0.487 (0.264)  Loss:   6.744 ( 6.985)  Acc@1:   0.000 (  0.102)  Acc@5:   1.562 (  0.498)
Test: [ 427/781]  Time: 0.229 (0.264)  Loss:   6.755 ( 6.985)  Acc@1:   0.000 (  0.102)  Acc@5:   1.562 (  0.500)
Test: [ 428/781]  Time: 0.093 (0.263)  Loss:   6.919 ( 6.985)  Acc@1:   0.000 (  0.102)  Acc@5:   0.000 (  0.499)
Test: [ 429/781]  Time: 0.174 (0.263)  Loss:   6.750 ( 6.984)  Acc@1:   0.000 (  0.102)  Acc@5:   0.000 (  0.498)
Test: [ 430/781]  Time: 0.419 (0.264)  Loss:   7.140 ( 6.984)  Acc@1:   0.000 (  0.102)  Acc@5:   0.000 (  0.497)
Test: [ 431/781]  Time: 0.278 (0.264)  Loss:   6.954 ( 6.984)  Acc@1:   0.000 (  0.101)  Acc@5:   0.000 (  0.496)
Test: [ 432/781]  Time: 0.099 (0.263)  Loss:   6.742 ( 6.984)  Acc@1:   0.000 (  0.101)  Acc@5:   0.000 (  0.494)
Test: [ 433/781]  Time: 0.433 (0.264)  Loss:   6.987 ( 6.984)  Acc@1:   0.000 (  0.101)  Acc@5:   0.000 (  0.493)
Test: [ 434/781]  Time: 1.407 (0.266)  Loss:   6.837 ( 6.983)  Acc@1:   0.000 (  0.101)  Acc@5:   0.000 (  0.492)
Test: [ 435/781]  Time: 0.085 (0.266)  Loss:   7.168 ( 6.984)  Acc@1:   0.000 (  0.100)  Acc@5:   0.000 (  0.491)
Test: [ 436/781]  Time: 0.097 (0.265)  Loss:   7.094 ( 6.984)  Acc@1:   0.000 (  0.100)  Acc@5:   0.000 (  0.490)
Test: [ 437/781]  Time: 0.115 (0.265)  Loss:   6.853 ( 6.984)  Acc@1:   0.000 (  0.100)  Acc@5:   1.562 (  0.492)
Test: [ 438/781]  Time: 0.561 (0.266)  Loss:   6.843 ( 6.983)  Acc@1:   0.000 (  0.100)  Acc@5:   0.000 (  0.491)
Test: [ 439/781]  Time: 0.033 (0.265)  Loss:   6.820 ( 6.983)  Acc@1:   0.000 (  0.099)  Acc@5:   0.000 (  0.490)
Test: [ 440/781]  Time: 0.167 (0.265)  Loss:   6.781 ( 6.983)  Acc@1:   0.000 (  0.099)  Acc@5:   0.000 (  0.489)
Test: [ 441/781]  Time: 0.111 (0.265)  Loss:   6.970 ( 6.983)  Acc@1:   0.000 (  0.099)  Acc@5:   0.000 (  0.488)
Test: [ 442/781]  Time: 0.516 (0.265)  Loss:   7.046 ( 6.983)  Acc@1:   0.000 (  0.099)  Acc@5:   0.000 (  0.487)
Test: [ 443/781]  Time: 0.291 (0.265)  Loss:   6.722 ( 6.982)  Acc@1:   0.000 (  0.099)  Acc@5:   0.000 (  0.486)
Test: [ 444/781]  Time: 0.106 (0.265)  Loss:   7.000 ( 6.982)  Acc@1:   0.000 (  0.098)  Acc@5:   0.000 (  0.485)
Test: [ 445/781]  Time: 0.097 (0.265)  Loss:   6.995 ( 6.982)  Acc@1:   0.000 (  0.098)  Acc@5:   0.000 (  0.483)
Test: [ 446/781]  Time: 0.388 (0.265)  Loss:   6.794 ( 6.982)  Acc@1:   0.000 (  0.098)  Acc@5:   0.000 (  0.482)
Test: [ 447/781]  Time: 0.220 (0.265)  Loss:   7.064 ( 6.982)  Acc@1:   0.000 (  0.098)  Acc@5:   0.000 (  0.481)
Test: [ 448/781]  Time: 0.174 (0.264)  Loss:   7.241 ( 6.983)  Acc@1:   0.000 (  0.097)  Acc@5:   0.000 (  0.480)
Test: [ 449/781]  Time: 0.098 (0.264)  Loss:   6.979 ( 6.983)  Acc@1:   0.000 (  0.097)  Acc@5:   0.000 (  0.479)
Test: [ 450/781]  Time: 0.331 (0.264)  Loss:   6.862 ( 6.982)  Acc@1:   1.562 (  0.100)  Acc@5:   1.562 (  0.482)
Test: [ 451/781]  Time: 0.306 (0.264)  Loss:   7.071 ( 6.982)  Acc@1:   0.000 (  0.100)  Acc@5:   3.125 (  0.487)
Test: [ 452/781]  Time: 0.169 (0.264)  Loss:   6.744 ( 6.982)  Acc@1:   0.000 (  0.100)  Acc@5:   0.000 (  0.486)
Test: [ 453/781]  Time: 0.104 (0.264)  Loss:   6.850 ( 6.982)  Acc@1:   0.000 (  0.100)  Acc@5:   0.000 (  0.485)
Test: [ 454/781]  Time: 0.305 (0.264)  Loss:   6.731 ( 6.981)  Acc@1:   0.000 (  0.100)  Acc@5:   1.562 (  0.488)
Test: [ 455/781]  Time: 0.298 (0.264)  Loss:   6.745 ( 6.981)  Acc@1:   0.000 (  0.099)  Acc@5:   0.000 (  0.487)
Test: [ 456/781]  Time: 0.105 (0.264)  Loss:   6.322 ( 6.979)  Acc@1:   4.688 (  0.109)  Acc@5:  12.500 (  0.513)
Test: [ 457/781]  Time: 0.890 (0.265)  Loss:   6.852 ( 6.979)  Acc@1:   0.000 (  0.109)  Acc@5:   0.000 (  0.512)
Test: [ 458/781]  Time: 0.115 (0.265)  Loss:   7.069 ( 6.979)  Acc@1:   0.000 (  0.109)  Acc@5:   0.000 (  0.511)
Test: [ 459/781]  Time: 0.175 (0.264)  Loss:   7.378 ( 6.980)  Acc@1:   0.000 (  0.109)  Acc@5:   0.000 (  0.510)
Test: [ 460/781]  Time: 0.104 (0.264)  Loss:   6.886 ( 6.980)  Acc@1:   0.000 (  0.108)  Acc@5:   0.000 (  0.508)
Test: [ 461/781]  Time: 0.902 (0.265)  Loss:   6.733 ( 6.979)  Acc@1:   0.000 (  0.108)  Acc@5:   0.000 (  0.507)
Test: [ 462/781]  Time: 0.101 (0.265)  Loss:   6.624 ( 6.978)  Acc@1:   0.000 (  0.108)  Acc@5:   4.688 (  0.516)
Test: [ 463/781]  Time: 0.194 (0.265)  Loss:   6.725 ( 6.978)  Acc@1:   0.000 (  0.108)  Acc@5:   0.000 (  0.515)
Test: [ 464/781]  Time: 0.034 (0.264)  Loss:   6.729 ( 6.977)  Acc@1:   0.000 (  0.108)  Acc@5:   0.000 (  0.514)
Test: [ 465/781]  Time: 0.570 (0.265)  Loss:   6.965 ( 6.977)  Acc@1:   0.000 (  0.107)  Acc@5:   0.000 (  0.513)
Test: [ 466/781]  Time: 0.109 (0.265)  Loss:   6.879 ( 6.977)  Acc@1:   0.000 (  0.107)  Acc@5:   0.000 (  0.512)
Test: [ 467/781]  Time: 0.110 (0.264)  Loss:   6.838 ( 6.977)  Acc@1:   0.000 (  0.107)  Acc@5:   0.000 (  0.511)
Test: [ 468/781]  Time: 0.100 (0.264)  Loss:   7.147 ( 6.977)  Acc@1:   0.000 (  0.107)  Acc@5:   0.000 (  0.510)
Test: [ 469/781]  Time: 0.780 (0.265)  Loss:   7.228 ( 6.978)  Acc@1:   0.000 (  0.106)  Acc@5:   0.000 (  0.509)
Test: [ 470/781]  Time: 0.105 (0.265)  Loss:   6.967 ( 6.978)  Acc@1:   0.000 (  0.106)  Acc@5:   0.000 (  0.508)
Test: [ 471/781]  Time: 0.096 (0.265)  Loss:   6.561 ( 6.977)  Acc@1:   0.000 (  0.106)  Acc@5:   3.125 (  0.513)
Test: [ 472/781]  Time: 0.100 (0.264)  Loss:   6.931 ( 6.977)  Acc@1:   0.000 (  0.106)  Acc@5:   0.000 (  0.512)
Test: [ 473/781]  Time: 0.528 (0.265)  Loss:   7.276 ( 6.977)  Acc@1:   0.000 (  0.105)  Acc@5:   0.000 (  0.511)
Test: [ 474/781]  Time: 0.173 (0.265)  Loss:   7.046 ( 6.978)  Acc@1:   0.000 (  0.105)  Acc@5:   0.000 (  0.510)
Test: [ 475/781]  Time: 0.110 (0.264)  Loss:   7.151 ( 6.978)  Acc@1:   0.000 (  0.105)  Acc@5:   0.000 (  0.509)
Test: [ 476/781]  Time: 0.117 (0.264)  Loss:   7.066 ( 6.978)  Acc@1:   0.000 (  0.105)  Acc@5:   0.000 (  0.508)
Test: [ 477/781]  Time: 0.590 (0.265)  Loss:   7.047 ( 6.978)  Acc@1:   0.000 (  0.105)  Acc@5:   0.000 (  0.507)
Test: [ 478/781]  Time: 0.190 (0.264)  Loss:   6.738 ( 6.978)  Acc@1:   0.000 (  0.104)  Acc@5:   1.562 (  0.509)
Test: [ 479/781]  Time: 0.095 (0.264)  Loss:   7.030 ( 6.978)  Acc@1:   0.000 (  0.104)  Acc@5:   1.562 (  0.511)
Test: [ 480/781]  Time: 0.103 (0.264)  Loss:   7.044 ( 6.978)  Acc@1:   0.000 (  0.104)  Acc@5:   0.000 (  0.510)
Test: [ 481/781]  Time: 0.391 (0.264)  Loss:   7.428 ( 6.979)  Acc@1:   0.000 (  0.104)  Acc@5:   0.000 (  0.509)
Test: [ 482/781]  Time: 0.209 (0.264)  Loss:   7.090 ( 6.979)  Acc@1:   0.000 (  0.104)  Acc@5:   0.000 (  0.508)
Test: [ 483/781]  Time: 0.100 (0.264)  Loss:   7.339 ( 6.980)  Acc@1:   0.000 (  0.103)  Acc@5:   0.000 (  0.507)
Test: [ 484/781]  Time: 0.107 (0.263)  Loss:   7.341 ( 6.981)  Acc@1:   0.000 (  0.103)  Acc@5:   0.000 (  0.506)
Test: [ 485/781]  Time: 0.423 (0.264)  Loss:   7.047 ( 6.981)  Acc@1:   0.000 (  0.103)  Acc@5:   0.000 (  0.505)
Test: [ 486/781]  Time: 0.283 (0.264)  Loss:   7.220 ( 6.981)  Acc@1:   0.000 (  0.103)  Acc@5:   0.000 (  0.504)
Test: [ 487/781]  Time: 0.106 (0.263)  Loss:   6.995 ( 6.981)  Acc@1:   0.000 (  0.102)  Acc@5:   0.000 (  0.503)
Test: [ 488/781]  Time: 0.102 (0.263)  Loss:   6.810 ( 6.981)  Acc@1:   0.000 (  0.102)  Acc@5:   1.562 (  0.505)
Test: [ 489/781]  Time: 0.392 (0.263)  Loss:   6.916 ( 6.981)  Acc@1:   0.000 (  0.102)  Acc@5:   0.000 (  0.504)
Test: [ 490/781]  Time: 0.211 (0.263)  Loss:   7.066 ( 6.981)  Acc@1:   0.000 (  0.102)  Acc@5:   0.000 (  0.503)
Test: [ 491/781]  Time: 0.171 (0.263)  Loss:   6.903 ( 6.981)  Acc@1:   0.000 (  0.102)  Acc@5:   0.000 (  0.502)
Test: [ 492/781]  Time: 0.099 (0.263)  Loss:   6.860 ( 6.981)  Acc@1:   0.000 (  0.101)  Acc@5:   0.000 (  0.501)
Test: [ 493/781]  Time: 0.328 (0.263)  Loss:   7.200 ( 6.981)  Acc@1:   0.000 (  0.101)  Acc@5:   0.000 (  0.500)
Test: [ 494/781]  Time: 0.281 (0.263)  Loss:   7.427 ( 6.982)  Acc@1:   0.000 (  0.101)  Acc@5:   0.000 (  0.499)
Test: [ 495/781]  Time: 0.121 (0.262)  Loss:   7.061 ( 6.982)  Acc@1:   0.000 (  0.101)  Acc@5:   0.000 (  0.498)
Test: [ 496/781]  Time: 0.170 (0.262)  Loss:   7.173 ( 6.982)  Acc@1:   0.000 (  0.101)  Acc@5:   0.000 (  0.497)
Test: [ 497/781]  Time: 0.330 (0.262)  Loss:   6.948 ( 6.982)  Acc@1:   0.000 (  0.100)  Acc@5:   0.000 (  0.496)
Test: [ 498/781]  Time: 0.192 (0.262)  Loss:   7.234 ( 6.983)  Acc@1:   0.000 (  0.100)  Acc@5:   0.000 (  0.495)
Test: [ 499/781]  Time: 0.486 (0.263)  Loss:   7.245 ( 6.983)  Acc@1:   0.000 (  0.100)  Acc@5:   0.000 (  0.494)
Test: [ 500/781]  Time: 0.093 (0.262)  Loss:   7.033 ( 6.983)  Acc@1:   0.000 (  0.100)  Acc@5:   0.000 (  0.493)
Test: [ 501/781]  Time: 0.114 (0.262)  Loss:   6.910 ( 6.983)  Acc@1:   0.000 (  0.100)  Acc@5:   0.000 (  0.492)
Test: [ 502/781]  Time: 0.119 (0.262)  Loss:   6.934 ( 6.983)  Acc@1:   0.000 (  0.099)  Acc@5:   0.000 (  0.491)
Test: [ 503/781]  Time: 0.486 (0.262)  Loss:   6.560 ( 6.982)  Acc@1:   0.000 (  0.099)  Acc@5:   3.125 (  0.496)
Test: [ 504/781]  Time: 0.094 (0.262)  Loss:   7.174 ( 6.983)  Acc@1:   0.000 (  0.099)  Acc@5:   0.000 (  0.495)
Test: [ 505/781]  Time: 0.097 (0.262)  Loss:   6.769 ( 6.982)  Acc@1:   0.000 (  0.099)  Acc@5:   0.000 (  0.494)
Test: [ 506/781]  Time: 1.013 (0.263)  Loss:   7.330 ( 6.983)  Acc@1:   0.000 (  0.099)  Acc@5:   0.000 (  0.493)
Test: [ 507/781]  Time: 0.099 (0.263)  Loss:   7.203 ( 6.983)  Acc@1:   0.000 (  0.098)  Acc@5:   0.000 (  0.492)
Test: [ 508/781]  Time: 0.093 (0.262)  Loss:   6.840 ( 6.983)  Acc@1:   0.000 (  0.098)  Acc@5:   0.000 (  0.491)
Test: [ 509/781]  Time: 0.102 (0.262)  Loss:   7.364 ( 6.984)  Acc@1:   0.000 (  0.098)  Acc@5:   0.000 (  0.490)
Test: [ 510/781]  Time: 0.687 (0.263)  Loss:   6.837 ( 6.984)  Acc@1:   0.000 (  0.098)  Acc@5:   0.000 (  0.489)
Test: [ 511/781]  Time: 0.104 (0.263)  Loss:   7.005 ( 6.984)  Acc@1:   0.000 (  0.098)  Acc@5:   0.000 (  0.488)
Test: [ 512/781]  Time: 0.100 (0.262)  Loss:   6.981 ( 6.984)  Acc@1:   0.000 (  0.097)  Acc@5:   0.000 (  0.487)
Test: [ 513/781]  Time: 0.119 (0.262)  Loss:   6.938 ( 6.984)  Acc@1:   0.000 (  0.097)  Acc@5:   0.000 (  0.486)
Test: [ 514/781]  Time: 0.605 (0.263)  Loss:   7.054 ( 6.984)  Acc@1:   0.000 (  0.097)  Acc@5:   0.000 (  0.485)
Test: [ 515/781]  Time: 0.166 (0.263)  Loss:   7.041 ( 6.984)  Acc@1:   0.000 (  0.097)  Acc@5:   0.000 (  0.484)
Test: [ 516/781]  Time: 0.099 (0.262)  Loss:   6.726 ( 6.983)  Acc@1:   0.000 (  0.097)  Acc@5:   3.125 (  0.490)
Test: [ 517/781]  Time: 0.114 (0.262)  Loss:   6.872 ( 6.983)  Acc@1:   0.000 (  0.097)  Acc@5:   3.125 (  0.495)
Test: [ 518/781]  Time: 0.420 (0.262)  Loss:   6.900 ( 6.983)  Acc@1:   0.000 (  0.096)  Acc@5:   0.000 (  0.494)
Test: [ 519/781]  Time: 0.181 (0.262)  Loss:   6.913 ( 6.983)  Acc@1:   0.000 (  0.096)  Acc@5:   0.000 (  0.493)
Test: [ 520/781]  Time: 0.107 (0.262)  Loss:   6.933 ( 6.983)  Acc@1:   0.000 (  0.096)  Acc@5:   0.000 (  0.492)
Test: [ 521/781]  Time: 0.176 (0.262)  Loss:   6.701 ( 6.982)  Acc@1:   0.000 (  0.096)  Acc@5:   1.562 (  0.494)
Test: [ 522/781]  Time: 0.414 (0.262)  Loss:   7.343 ( 6.983)  Acc@1:   0.000 (  0.096)  Acc@5:   0.000 (  0.493)
Test: [ 523/781]  Time: 0.187 (0.262)  Loss:   7.261 ( 6.983)  Acc@1:   0.000 (  0.095)  Acc@5:   0.000 (  0.492)
Test: [ 524/781]  Time: 0.111 (0.261)  Loss:   7.030 ( 6.984)  Acc@1:   0.000 (  0.095)  Acc@5:   0.000 (  0.491)
Test: [ 525/781]  Time: 0.114 (0.261)  Loss:   7.137 ( 6.984)  Acc@1:   0.000 (  0.095)  Acc@5:   1.562 (  0.493)
Test: [ 526/781]  Time: 0.475 (0.262)  Loss:   6.980 ( 6.984)  Acc@1:   0.000 (  0.095)  Acc@5:   0.000 (  0.492)
Test: [ 527/781]  Time: 0.119 (0.261)  Loss:   6.770 ( 6.983)  Acc@1:   0.000 (  0.095)  Acc@5:   0.000 (  0.491)
Test: [ 528/781]  Time: 0.107 (0.261)  Loss:   6.937 ( 6.983)  Acc@1:   0.000 (  0.095)  Acc@5:   0.000 (  0.490)
Test: [ 529/781]  Time: 0.105 (0.261)  Loss:   7.579 ( 6.984)  Acc@1:   0.000 (  0.094)  Acc@5:   0.000 (  0.489)
Test: [ 530/781]  Time: 0.397 (0.261)  Loss:   6.857 ( 6.984)  Acc@1:   0.000 (  0.094)  Acc@5:   0.000 (  0.488)
Test: [ 531/781]  Time: 0.189 (0.261)  Loss:   6.499 ( 6.983)  Acc@1:   0.000 (  0.094)  Acc@5:   0.000 (  0.488)
Test: [ 532/781]  Time: 0.115 (0.261)  Loss:   7.014 ( 6.983)  Acc@1:   0.000 (  0.094)  Acc@5:   0.000 (  0.487)
Test: [ 533/781]  Time: 0.175 (0.260)  Loss:   6.554 ( 6.983)  Acc@1:   6.250 (  0.105)  Acc@5:  14.062 (  0.512)
Test: [ 534/781]  Time: 0.613 (0.261)  Loss:   6.794 ( 6.982)  Acc@1:   3.125 (  0.111)  Acc@5:   9.375 (  0.529)
Test: [ 535/781]  Time: 0.106 (0.261)  Loss:   6.769 ( 6.982)  Acc@1:   1.562 (  0.114)  Acc@5:   4.688 (  0.536)
Test: [ 536/781]  Time: 0.107 (0.261)  Loss:   7.239 ( 6.982)  Acc@1:   0.000 (  0.113)  Acc@5:   0.000 (  0.535)
Test: [ 537/781]  Time: 0.904 (0.262)  Loss:   7.053 ( 6.982)  Acc@1:   0.000 (  0.113)  Acc@5:   0.000 (  0.534)
Test: [ 538/781]  Time: 0.476 (0.262)  Loss:   7.098 ( 6.983)  Acc@1:   0.000 (  0.113)  Acc@5:   0.000 (  0.533)
Test: [ 539/781]  Time: 0.109 (0.262)  Loss:   6.880 ( 6.982)  Acc@1:   0.000 (  0.113)  Acc@5:   0.000 (  0.532)
Test: [ 540/781]  Time: 0.093 (0.261)  Loss:   6.908 ( 6.982)  Acc@1:   0.000 (  0.113)  Acc@5:   0.000 (  0.531)
Test: [ 541/781]  Time: 0.114 (0.261)  Loss:   6.957 ( 6.982)  Acc@1:   0.000 (  0.112)  Acc@5:   0.000 (  0.530)
Test: [ 542/781]  Time: 0.369 (0.261)  Loss:   6.941 ( 6.982)  Acc@1:   0.000 (  0.112)  Acc@5:   0.000 (  0.529)
Test: [ 543/781]  Time: 0.114 (0.261)  Loss:   6.890 ( 6.982)  Acc@1:   0.000 (  0.112)  Acc@5:   0.000 (  0.528)
Test: [ 544/781]  Time: 0.101 (0.261)  Loss:   7.199 ( 6.982)  Acc@1:   0.000 (  0.112)  Acc@5:   0.000 (  0.528)
Test: [ 545/781]  Time: 0.109 (0.261)  Loss:   7.298 ( 6.983)  Acc@1:   0.000 (  0.112)  Acc@5:   0.000 (  0.527)
Test: [ 546/781]  Time: 1.205 (0.262)  Loss:   7.179 ( 6.983)  Acc@1:   0.000 (  0.111)  Acc@5:   0.000 (  0.526)
Test: [ 547/781]  Time: 0.104 (0.262)  Loss:   7.510 ( 6.984)  Acc@1:   0.000 (  0.111)  Acc@5:   0.000 (  0.525)
Test: [ 548/781]  Time: 0.087 (0.262)  Loss:   7.282 ( 6.985)  Acc@1:   0.000 (  0.111)  Acc@5:   0.000 (  0.524)
Test: [ 549/781]  Time: 0.093 (0.261)  Loss:   7.100 ( 6.985)  Acc@1:   0.000 (  0.111)  Acc@5:   0.000 (  0.523)
Test: [ 550/781]  Time: 0.587 (0.262)  Loss:   6.989 ( 6.985)  Acc@1:   0.000 (  0.111)  Acc@5:   0.000 (  0.522)
Test: [ 551/781]  Time: 0.128 (0.262)  Loss:   7.233 ( 6.985)  Acc@1:   0.000 (  0.110)  Acc@5:   0.000 (  0.521)
Test: [ 552/781]  Time: 0.095 (0.261)  Loss:   7.095 ( 6.986)  Acc@1:   0.000 (  0.110)  Acc@5:   0.000 (  0.520)
Test: [ 553/781]  Time: 0.100 (0.261)  Loss:   7.082 ( 6.986)  Acc@1:   0.000 (  0.110)  Acc@5:   0.000 (  0.519)
Test: [ 554/781]  Time: 0.583 (0.262)  Loss:   6.727 ( 6.985)  Acc@1:   0.000 (  0.110)  Acc@5:   1.562 (  0.521)
Test: [ 555/781]  Time: 0.111 (0.261)  Loss:   6.938 ( 6.985)  Acc@1:   0.000 (  0.110)  Acc@5:   0.000 (  0.520)
Test: [ 556/781]  Time: 0.304 (0.262)  Loss:   7.194 ( 6.986)  Acc@1:   0.000 (  0.109)  Acc@5:   0.000 (  0.519)
Test: [ 557/781]  Time: 0.095 (0.261)  Loss:   6.826 ( 6.985)  Acc@1:   0.000 (  0.109)  Acc@5:   0.000 (  0.518)
Test: [ 558/781]  Time: 0.507 (0.262)  Loss:   7.207 ( 6.986)  Acc@1:   0.000 (  0.109)  Acc@5:   0.000 (  0.517)
Test: [ 559/781]  Time: 0.106 (0.261)  Loss:   6.726 ( 6.985)  Acc@1:   0.000 (  0.109)  Acc@5:   0.000 (  0.516)
Test: [ 560/781]  Time: 0.188 (0.261)  Loss:   7.013 ( 6.985)  Acc@1:   0.000 (  0.109)  Acc@5:   0.000 (  0.515)
Test: [ 561/781]  Time: 0.098 (0.261)  Loss:   7.293 ( 6.986)  Acc@1:   0.000 (  0.108)  Acc@5:   0.000 (  0.514)
Test: [ 562/781]  Time: 0.620 (0.262)  Loss:   6.895 ( 6.986)  Acc@1:   0.000 (  0.108)  Acc@5:   0.000 (  0.513)
Test: [ 563/781]  Time: 0.096 (0.261)  Loss:   6.845 ( 6.986)  Acc@1:   0.000 (  0.108)  Acc@5:   0.000 (  0.513)
Test: [ 564/781]  Time: 0.184 (0.261)  Loss:   7.391 ( 6.986)  Acc@1:   0.000 (  0.108)  Acc@5:   0.000 (  0.512)
Test: [ 565/781]  Time: 0.106 (0.261)  Loss:   7.113 ( 6.986)  Acc@1:   0.000 (  0.108)  Acc@5:   0.000 (  0.511)
Test: [ 566/781]  Time: 1.190 (0.263)  Loss:   6.951 ( 6.986)  Acc@1:   0.000 (  0.107)  Acc@5:   0.000 (  0.510)
Test: [ 567/781]  Time: 0.030 (0.262)  Loss:   6.729 ( 6.986)  Acc@1:   0.000 (  0.107)  Acc@5:   0.000 (  0.509)
Test: [ 568/781]  Time: 0.088 (0.262)  Loss:   6.944 ( 6.986)  Acc@1:   0.000 (  0.107)  Acc@5:   0.000 (  0.508)
Test: [ 569/781]  Time: 0.090 (0.262)  Loss:   6.944 ( 6.986)  Acc@1:   0.000 (  0.107)  Acc@5:   0.000 (  0.507)
Test: [ 570/781]  Time: 0.608 (0.262)  Loss:   6.911 ( 6.986)  Acc@1:   0.000 (  0.107)  Acc@5:   0.000 (  0.506)
Test: [ 571/781]  Time: 0.177 (0.262)  Loss:   6.732 ( 6.985)  Acc@1:   0.000 (  0.107)  Acc@5:   0.000 (  0.505)
Test: [ 572/781]  Time: 0.111 (0.262)  Loss:   6.991 ( 6.985)  Acc@1:   0.000 (  0.106)  Acc@5:   0.000 (  0.504)
Test: [ 573/781]  Time: 0.092 (0.261)  Loss:   7.008 ( 6.985)  Acc@1:   0.000 (  0.106)  Acc@5:   0.000 (  0.504)
Test: [ 574/781]  Time: 0.613 (0.262)  Loss:   7.101 ( 6.985)  Acc@1:   0.000 (  0.106)  Acc@5:   0.000 (  0.503)
Test: [ 575/781]  Time: 0.102 (0.262)  Loss:   7.028 ( 6.986)  Acc@1:   0.000 (  0.106)  Acc@5:   0.000 (  0.502)
Test: [ 576/781]  Time: 0.106 (0.261)  Loss:   7.167 ( 6.986)  Acc@1:   0.000 (  0.106)  Acc@5:   0.000 (  0.501)
Test: [ 577/781]  Time: 0.102 (0.261)  Loss:   6.912 ( 6.986)  Acc@1:   0.000 (  0.105)  Acc@5:   0.000 (  0.500)
Test: [ 578/781]  Time: 0.601 (0.262)  Loss:   6.983 ( 6.986)  Acc@1:   0.000 (  0.105)  Acc@5:   0.000 (  0.499)
Test: [ 579/781]  Time: 0.169 (0.262)  Loss:   7.049 ( 6.986)  Acc@1:   0.000 (  0.105)  Acc@5:   0.000 (  0.498)
Test: [ 580/781]  Time: 0.039 (0.261)  Loss:   6.839 ( 6.986)  Acc@1:   1.562 (  0.108)  Acc@5:   4.688 (  0.506)
Test: [ 581/781]  Time: 0.160 (0.261)  Loss:   6.828 ( 6.985)  Acc@1:   1.562 (  0.110)  Acc@5:   1.562 (  0.507)
Test: [ 582/781]  Time: 0.625 (0.262)  Loss:   6.753 ( 6.985)  Acc@1:   0.000 (  0.110)  Acc@5:   0.000 (  0.507)
Test: [ 583/781]  Time: 0.099 (0.261)  Loss:   6.787 ( 6.985)  Acc@1:   0.000 (  0.110)  Acc@5:   1.562 (  0.508)
Test: [ 584/781]  Time: 0.099 (0.261)  Loss:   7.117 ( 6.985)  Acc@1:   0.000 (  0.110)  Acc@5:   0.000 (  0.507)
Test: [ 585/781]  Time: 0.098 (0.261)  Loss:   6.866 ( 6.985)  Acc@1:   0.000 (  0.109)  Acc@5:   0.000 (  0.507)
Test: [ 586/781]  Time: 0.477 (0.261)  Loss:   7.034 ( 6.985)  Acc@1:   0.000 (  0.109)  Acc@5:   0.000 (  0.506)
Test: [ 587/781]  Time: 0.108 (0.261)  Loss:   6.674 ( 6.984)  Acc@1:   0.000 (  0.109)  Acc@5:   0.000 (  0.505)
Test: [ 588/781]  Time: 0.103 (0.261)  Loss:   6.637 ( 6.984)  Acc@1:   0.000 (  0.109)  Acc@5:   0.000 (  0.504)
Test: [ 589/781]  Time: 0.215 (0.261)  Loss:   6.863 ( 6.983)  Acc@1:   0.000 (  0.109)  Acc@5:   3.125 (  0.508)
Test: [ 590/781]  Time: 0.484 (0.261)  Loss:   7.150 ( 6.984)  Acc@1:   0.000 (  0.108)  Acc@5:   0.000 (  0.508)
Test: [ 591/781]  Time: 0.103 (0.261)  Loss:   6.851 ( 6.983)  Acc@1:   0.000 (  0.108)  Acc@5:   0.000 (  0.507)
Test: [ 592/781]  Time: 0.103 (0.260)  Loss:   6.715 ( 6.983)  Acc@1:   0.000 (  0.108)  Acc@5:   0.000 (  0.506)
Test: [ 593/781]  Time: 0.213 (0.260)  Loss:   6.618 ( 6.982)  Acc@1:   1.562 (  0.110)  Acc@5:   1.562 (  0.508)
Test: [ 594/781]  Time: 0.492 (0.261)  Loss:   6.606 ( 6.982)  Acc@1:   4.688 (  0.118)  Acc@5:   9.375 (  0.523)
Test: [ 595/781]  Time: 0.180 (0.261)  Loss:   6.759 ( 6.981)  Acc@1:   0.000 (  0.118)  Acc@5:   0.000 (  0.522)
Test: [ 596/781]  Time: 0.103 (0.260)  Loss:   7.054 ( 6.981)  Acc@1:   0.000 (  0.118)  Acc@5:   0.000 (  0.521)
Test: [ 597/781]  Time: 0.323 (0.261)  Loss:   7.081 ( 6.982)  Acc@1:   0.000 (  0.118)  Acc@5:   0.000 (  0.520)
Test: [ 598/781]  Time: 0.473 (0.261)  Loss:   7.358 ( 6.982)  Acc@1:   0.000 (  0.117)  Acc@5:   0.000 (  0.519)
Test: [ 599/781]  Time: 0.112 (0.261)  Loss:   7.153 ( 6.983)  Acc@1:   0.000 (  0.117)  Acc@5:   0.000 (  0.518)
Test: [ 600/781]  Time: 0.096 (0.260)  Loss:   7.513 ( 6.983)  Acc@1:   0.000 (  0.117)  Acc@5:   0.000 (  0.517)
Test: [ 601/781]  Time: 0.623 (0.261)  Loss:   7.313 ( 6.984)  Acc@1:   0.000 (  0.117)  Acc@5:   0.000 (  0.517)
Test: [ 602/781]  Time: 0.195 (0.261)  Loss:   6.872 ( 6.984)  Acc@1:   0.000 (  0.117)  Acc@5:   0.000 (  0.516)
Test: [ 603/781]  Time: 0.107 (0.261)  Loss:   7.273 ( 6.984)  Acc@1:   0.000 (  0.116)  Acc@5:   0.000 (  0.515)
Test: [ 604/781]  Time: 0.104 (0.260)  Loss:   6.848 ( 6.984)  Acc@1:   0.000 (  0.116)  Acc@5:   0.000 (  0.514)
Test: [ 605/781]  Time: 0.365 (0.260)  Loss:   7.174 ( 6.984)  Acc@1:   0.000 (  0.116)  Acc@5:   0.000 (  0.513)
Test: [ 606/781]  Time: 0.538 (0.261)  Loss:   6.882 ( 6.984)  Acc@1:   0.000 (  0.116)  Acc@5:   0.000 (  0.512)
Test: [ 607/781]  Time: 0.098 (0.261)  Loss:   6.915 ( 6.984)  Acc@1:   0.000 (  0.116)  Acc@5:   0.000 (  0.511)
Test: [ 608/781]  Time: 0.175 (0.261)  Loss:   7.024 ( 6.984)  Acc@1:   0.000 (  0.115)  Acc@5:   0.000 (  0.511)
Test: [ 609/781]  Time: 0.109 (0.260)  Loss:   7.099 ( 6.984)  Acc@1:   0.000 (  0.115)  Acc@5:   0.000 (  0.510)
Test: [ 610/781]  Time: 0.783 (0.261)  Loss:   6.470 ( 6.983)  Acc@1:   0.000 (  0.115)  Acc@5:  14.062 (  0.532)
Test: [ 611/781]  Time: 0.110 (0.261)  Loss:   7.084 ( 6.984)  Acc@1:   0.000 (  0.115)  Acc@5:   0.000 (  0.531)
Test: [ 612/781]  Time: 0.094 (0.261)  Loss:   7.117 ( 6.984)  Acc@1:   0.000 (  0.115)  Acc@5:   0.000 (  0.530)
Test: [ 613/781]  Time: 0.115 (0.260)  Loss:   7.119 ( 6.984)  Acc@1:   0.000 (  0.115)  Acc@5:   0.000 (  0.529)
Test: [ 614/781]  Time: 0.692 (0.261)  Loss:   7.108 ( 6.984)  Acc@1:   0.000 (  0.114)  Acc@5:   0.000 (  0.528)
Test: [ 615/781]  Time: 0.109 (0.261)  Loss:   6.745 ( 6.984)  Acc@1:   0.000 (  0.114)  Acc@5:   1.562 (  0.530)
Test: [ 616/781]  Time: 0.111 (0.261)  Loss:   6.714 ( 6.983)  Acc@1:   0.000 (  0.114)  Acc@5:   1.562 (  0.532)
Test: [ 617/781]  Time: 0.177 (0.260)  Loss:   6.934 ( 6.983)  Acc@1:   0.000 (  0.114)  Acc@5:   0.000 (  0.531)
Test: [ 618/781]  Time: 0.504 (0.261)  Loss:   7.030 ( 6.983)  Acc@1:   1.562 (  0.116)  Acc@5:   3.125 (  0.535)
Test: [ 619/781]  Time: 0.104 (0.261)  Loss:   7.067 ( 6.984)  Acc@1:   0.000 (  0.116)  Acc@5:   1.562 (  0.537)
Test: [ 620/781]  Time: 0.114 (0.260)  Loss:   6.917 ( 6.983)  Acc@1:   0.000 (  0.116)  Acc@5:   0.000 (  0.536)
Test: [ 621/781]  Time: 0.169 (0.260)  Loss:   7.268 ( 6.984)  Acc@1:   0.000 (  0.116)  Acc@5:   0.000 (  0.535)
Test: [ 622/781]  Time: 0.398 (0.260)  Loss:   6.928 ( 6.984)  Acc@1:   0.000 (  0.115)  Acc@5:   0.000 (  0.534)
Test: [ 623/781]  Time: 0.100 (0.260)  Loss:   6.798 ( 6.984)  Acc@1:   0.000 (  0.115)  Acc@5:   3.125 (  0.538)
Test: [ 624/781]  Time: 0.107 (0.260)  Loss:   6.999 ( 6.984)  Acc@1:   0.000 (  0.115)  Acc@5:   3.125 (  0.542)
Test: [ 625/781]  Time: 0.112 (0.260)  Loss:   6.964 ( 6.984)  Acc@1:   0.000 (  0.115)  Acc@5:   0.000 (  0.542)
Test: [ 626/781]  Time: 0.504 (0.260)  Loss:   7.106 ( 6.984)  Acc@1:   0.000 (  0.115)  Acc@5:   0.000 (  0.541)
Test: [ 627/781]  Time: 0.109 (0.260)  Loss:   6.998 ( 6.984)  Acc@1:   0.000 (  0.114)  Acc@5:   0.000 (  0.540)
Test: [ 628/781]  Time: 0.169 (0.260)  Loss:   7.259 ( 6.984)  Acc@1:   0.000 (  0.114)  Acc@5:   0.000 (  0.539)
Test: [ 629/781]  Time: 0.711 (0.260)  Loss:   6.915 ( 6.984)  Acc@1:   0.000 (  0.114)  Acc@5:   0.000 (  0.538)
Test: [ 630/781]  Time: 0.406 (0.261)  Loss:   6.933 ( 6.984)  Acc@1:   0.000 (  0.114)  Acc@5:   1.562 (  0.540)
Test: [ 631/781]  Time: 0.104 (0.260)  Loss:   7.025 ( 6.984)  Acc@1:   0.000 (  0.114)  Acc@5:   0.000 (  0.539)
Test: [ 632/781]  Time: 0.202 (0.260)  Loss:   7.079 ( 6.984)  Acc@1:   0.000 (  0.114)  Acc@5:   0.000 (  0.538)
Test: [ 633/781]  Time: 0.109 (0.260)  Loss:   6.758 ( 6.984)  Acc@1:   0.000 (  0.113)  Acc@5:   0.000 (  0.537)
Test: [ 634/781]  Time: 0.300 (0.260)  Loss:   7.048 ( 6.984)  Acc@1:   0.000 (  0.113)  Acc@5:   0.000 (  0.536)
Test: [ 635/781]  Time: 0.171 (0.260)  Loss:   6.966 ( 6.984)  Acc@1:   0.000 (  0.113)  Acc@5:   0.000 (  0.536)
Test: [ 636/781]  Time: 0.319 (0.260)  Loss:   6.881 ( 6.984)  Acc@1:   0.000 (  0.113)  Acc@5:   0.000 (  0.535)
Test: [ 637/781]  Time: 0.188 (0.260)  Loss:   7.015 ( 6.984)  Acc@1:   0.000 (  0.113)  Acc@5:   0.000 (  0.534)
Test: [ 638/781]  Time: 0.297 (0.260)  Loss:   7.240 ( 6.984)  Acc@1:   0.000 (  0.112)  Acc@5:   0.000 (  0.533)
Test: [ 639/781]  Time: 0.106 (0.260)  Loss:   6.884 ( 6.984)  Acc@1:   0.000 (  0.112)  Acc@5:   1.562 (  0.535)
Test: [ 640/781]  Time: 0.488 (0.260)  Loss:   6.817 ( 6.984)  Acc@1:   0.000 (  0.112)  Acc@5:   0.000 (  0.534)
Test: [ 641/781]  Time: 0.113 (0.260)  Loss:   6.859 ( 6.984)  Acc@1:   1.562 (  0.114)  Acc@5:   1.562 (  0.535)
Test: [ 642/781]  Time: 0.182 (0.260)  Loss:   7.023 ( 6.984)  Acc@1:   0.000 (  0.114)  Acc@5:   0.000 (  0.535)
Test: [ 643/781]  Time: 0.035 (0.259)  Loss:   7.010 ( 6.984)  Acc@1:   0.000 (  0.114)  Acc@5:   0.000 (  0.534)
Test: [ 644/781]  Time: 0.576 (0.260)  Loss:   6.661 ( 6.983)  Acc@1:   1.562 (  0.116)  Acc@5:   3.125 (  0.538)
Test: [ 645/781]  Time: 0.115 (0.260)  Loss:   7.192 ( 6.984)  Acc@1:   1.562 (  0.119)  Acc@5:   3.125 (  0.542)
Test: [ 646/781]  Time: 0.104 (0.259)  Loss:   7.000 ( 6.984)  Acc@1:   0.000 (  0.118)  Acc@5:   0.000 (  0.541)
Test: [ 647/781]  Time: 0.100 (0.259)  Loss:   7.241 ( 6.984)  Acc@1:   0.000 (  0.118)  Acc@5:   0.000 (  0.540)
Test: [ 648/781]  Time: 0.476 (0.260)  Loss:   7.145 ( 6.984)  Acc@1:   0.000 (  0.118)  Acc@5:   0.000 (  0.539)
Test: [ 649/781]  Time: 0.126 (0.259)  Loss:   7.022 ( 6.984)  Acc@1:   0.000 (  0.118)  Acc@5:   0.000 (  0.538)
Test: [ 650/781]  Time: 0.103 (0.259)  Loss:   6.748 ( 6.984)  Acc@1:   0.000 (  0.118)  Acc@5:   1.562 (  0.540)
Test: [ 651/781]  Time: 0.100 (0.259)  Loss:   6.820 ( 6.984)  Acc@1:   0.000 (  0.117)  Acc@5:   0.000 (  0.539)
Test: [ 652/781]  Time: 0.684 (0.260)  Loss:   6.773 ( 6.983)  Acc@1:   0.000 (  0.117)  Acc@5:   0.000 (  0.538)
Test: [ 653/781]  Time: 0.106 (0.259)  Loss:   6.686 ( 6.983)  Acc@1:   0.000 (  0.117)  Acc@5:   1.562 (  0.540)
Test: [ 654/781]  Time: 0.112 (0.259)  Loss:   6.913 ( 6.983)  Acc@1:   0.000 (  0.117)  Acc@5:   0.000 (  0.539)
Test: [ 655/781]  Time: 0.102 (0.259)  Loss:   7.131 ( 6.983)  Acc@1:   0.000 (  0.117)  Acc@5:   0.000 (  0.538)
Test: [ 656/781]  Time: 0.584 (0.259)  Loss:   7.288 ( 6.983)  Acc@1:   0.000 (  0.117)  Acc@5:   0.000 (  0.537)
Test: [ 657/781]  Time: 0.105 (0.259)  Loss:   7.251 ( 6.984)  Acc@1:   0.000 (  0.116)  Acc@5:   0.000 (  0.537)
Test: [ 658/781]  Time: 0.178 (0.259)  Loss:   6.832 ( 6.984)  Acc@1:   0.000 (  0.116)  Acc@5:   0.000 (  0.536)
Test: [ 659/781]  Time: 0.106 (0.259)  Loss:   6.847 ( 6.983)  Acc@1:   0.000 (  0.116)  Acc@5:   0.000 (  0.535)
Test: [ 660/781]  Time: 0.595 (0.259)  Loss:   7.012 ( 6.983)  Acc@1:   0.000 (  0.116)  Acc@5:   0.000 (  0.534)
Test: [ 661/781]  Time: 0.107 (0.259)  Loss:   7.055 ( 6.984)  Acc@1:   0.000 (  0.116)  Acc@5:   0.000 (  0.533)
Test: [ 662/781]  Time: 0.112 (0.259)  Loss:   6.999 ( 6.984)  Acc@1:   0.000 (  0.115)  Acc@5:   0.000 (  0.533)
Test: [ 663/781]  Time: 0.102 (0.259)  Loss:   6.719 ( 6.983)  Acc@1:   0.000 (  0.115)  Acc@5:   0.000 (  0.532)
Test: [ 664/781]  Time: 0.482 (0.259)  Loss:   6.995 ( 6.983)  Acc@1:   0.000 (  0.115)  Acc@5:   0.000 (  0.531)
Test: [ 665/781]  Time: 0.105 (0.259)  Loss:   7.103 ( 6.983)  Acc@1:   0.000 (  0.115)  Acc@5:   0.000 (  0.530)
Test: [ 666/781]  Time: 0.192 (0.259)  Loss:   7.085 ( 6.984)  Acc@1:   0.000 (  0.115)  Acc@5:   0.000 (  0.529)
Test: [ 667/781]  Time: 0.103 (0.258)  Loss:   6.991 ( 6.984)  Acc@1:   0.000 (  0.115)  Acc@5:   0.000 (  0.529)
Test: [ 668/781]  Time: 0.415 (0.259)  Loss:   7.224 ( 6.984)  Acc@1:   0.000 (  0.114)  Acc@5:   0.000 (  0.528)
Test: [ 669/781]  Time: 0.194 (0.258)  Loss:   7.248 ( 6.984)  Acc@1:   0.000 (  0.114)  Acc@5:   0.000 (  0.527)
Test: [ 670/781]  Time: 0.111 (0.258)  Loss:   7.052 ( 6.984)  Acc@1:   0.000 (  0.114)  Acc@5:   0.000 (  0.526)
Test: [ 671/781]  Time: 0.098 (0.258)  Loss:   6.832 ( 6.984)  Acc@1:   0.000 (  0.114)  Acc@5:   0.000 (  0.525)
Test: [ 672/781]  Time: 0.504 (0.258)  Loss:   6.905 ( 6.984)  Acc@1:   0.000 (  0.114)  Acc@5:   1.562 (  0.527)
Test: [ 673/781]  Time: 0.286 (0.258)  Loss:   7.043 ( 6.984)  Acc@1:   0.000 (  0.114)  Acc@5:   0.000 (  0.526)
Test: [ 674/781]  Time: 0.117 (0.258)  Loss:   7.429 ( 6.985)  Acc@1:   0.000 (  0.113)  Acc@5:   0.000 (  0.525)
Test: [ 675/781]  Time: 0.101 (0.258)  Loss:   6.807 ( 6.985)  Acc@1:   1.562 (  0.116)  Acc@5:   1.562 (  0.527)
Test: [ 676/781]  Time: 0.384 (0.258)  Loss:   7.037 ( 6.985)  Acc@1:   0.000 (  0.115)  Acc@5:   0.000 (  0.526)
Test: [ 677/781]  Time: 0.301 (0.258)  Loss:   7.033 ( 6.985)  Acc@1:   0.000 (  0.115)  Acc@5:   0.000 (  0.525)
Test: [ 678/781]  Time: 0.114 (0.258)  Loss:   7.035 ( 6.985)  Acc@1:   0.000 (  0.115)  Acc@5:   0.000 (  0.525)
Test: [ 679/781]  Time: 0.576 (0.258)  Loss:   6.564 ( 6.984)  Acc@1:   0.000 (  0.115)  Acc@5:   0.000 (  0.524)
Test: [ 680/781]  Time: 0.111 (0.258)  Loss:   7.089 ( 6.984)  Acc@1:   0.000 (  0.115)  Acc@5:   0.000 (  0.523)
Test: [ 681/781]  Time: 0.106 (0.258)  Loss:   6.813 ( 6.984)  Acc@1:   0.000 (  0.115)  Acc@5:   0.000 (  0.522)
Test: [ 682/781]  Time: 0.106 (0.258)  Loss:   6.733 ( 6.984)  Acc@1:   0.000 (  0.114)  Acc@5:   0.000 (  0.522)
Test: [ 683/781]  Time: 0.486 (0.258)  Loss:   7.004 ( 6.984)  Acc@1:   0.000 (  0.114)  Acc@5:   0.000 (  0.521)
Test: [ 684/781]  Time: 0.107 (0.258)  Loss:   6.783 ( 6.983)  Acc@1:   1.562 (  0.116)  Acc@5:   1.562 (  0.522)
Test: [ 685/781]  Time: 0.101 (0.258)  Loss:   6.819 ( 6.983)  Acc@1:   0.000 (  0.116)  Acc@5:   0.000 (  0.522)
Test: [ 686/781]  Time: 0.107 (0.257)  Loss:   7.233 ( 6.984)  Acc@1:   0.000 (  0.116)  Acc@5:   0.000 (  0.521)
Test: [ 687/781]  Time: 0.398 (0.258)  Loss:   7.085 ( 6.984)  Acc@1:   0.000 (  0.116)  Acc@5:   0.000 (  0.520)
Test: [ 688/781]  Time: 0.102 (0.257)  Loss:   6.795 ( 6.983)  Acc@1:   0.000 (  0.116)  Acc@5:   0.000 (  0.519)
Test: [ 689/781]  Time: 0.298 (0.258)  Loss:   6.972 ( 6.983)  Acc@1:   0.000 (  0.115)  Acc@5:   0.000 (  0.519)
Test: [ 690/781]  Time: 0.185 (0.257)  Loss:   7.009 ( 6.983)  Acc@1:   0.000 (  0.115)  Acc@5:   0.000 (  0.518)
Test: [ 691/781]  Time: 0.410 (0.258)  Loss:   6.998 ( 6.983)  Acc@1:   0.000 (  0.115)  Acc@5:   0.000 (  0.517)
Test: [ 692/781]  Time: 0.102 (0.257)  Loss:   7.108 ( 6.984)  Acc@1:   0.000 (  0.115)  Acc@5:   0.000 (  0.516)
Test: [ 693/781]  Time: 0.192 (0.257)  Loss:   7.125 ( 6.984)  Acc@1:   0.000 (  0.115)  Acc@5:   0.000 (  0.516)
Test: [ 694/781]  Time: 0.204 (0.257)  Loss:   6.968 ( 6.984)  Acc@1:   0.000 (  0.115)  Acc@5:   0.000 (  0.515)
Test: [ 695/781]  Time: 0.479 (0.258)  Loss:   6.859 ( 6.984)  Acc@1:   0.000 (  0.114)  Acc@5:   0.000 (  0.514)
Test: [ 696/781]  Time: 0.101 (0.257)  Loss:   6.852 ( 6.983)  Acc@1:   0.000 (  0.114)  Acc@5:   0.000 (  0.513)
Test: [ 697/781]  Time: 0.218 (0.257)  Loss:   6.876 ( 6.983)  Acc@1:   0.000 (  0.114)  Acc@5:   0.000 (  0.513)
Test: [ 698/781]  Time: 0.297 (0.257)  Loss:   7.129 ( 6.984)  Acc@1:   0.000 (  0.114)  Acc@5:   0.000 (  0.512)
Test: [ 699/781]  Time: 0.185 (0.257)  Loss:   7.314 ( 6.984)  Acc@1:   0.000 (  0.114)  Acc@5:   0.000 (  0.511)
Test: [ 700/781]  Time: 0.105 (0.257)  Loss:   7.068 ( 6.984)  Acc@1:   0.000 (  0.114)  Acc@5:   0.000 (  0.510)
Test: [ 701/781]  Time: 0.314 (0.257)  Loss:   7.470 ( 6.985)  Acc@1:   0.000 (  0.114)  Acc@5:   0.000 (  0.510)
Test: [ 702/781]  Time: 0.217 (0.257)  Loss:   7.430 ( 6.985)  Acc@1:   0.000 (  0.113)  Acc@5:   0.000 (  0.509)
Test: [ 703/781]  Time: 0.883 (0.258)  Loss:   7.191 ( 6.986)  Acc@1:   0.000 (  0.113)  Acc@5:   0.000 (  0.508)
Test: [ 704/781]  Time: 0.112 (0.258)  Loss:   7.275 ( 6.986)  Acc@1:   0.000 (  0.113)  Acc@5:   0.000 (  0.508)
Test: [ 705/781]  Time: 0.097 (0.257)  Loss:   7.261 ( 6.987)  Acc@1:   0.000 (  0.113)  Acc@5:   0.000 (  0.507)
Test: [ 706/781]  Time: 0.173 (0.257)  Loss:   6.971 ( 6.987)  Acc@1:   0.000 (  0.113)  Acc@5:   0.000 (  0.506)
Test: [ 707/781]  Time: 0.311 (0.257)  Loss:   6.896 ( 6.986)  Acc@1:   0.000 (  0.113)  Acc@5:   0.000 (  0.505)
Test: [ 708/781]  Time: 0.117 (0.257)  Loss:   7.101 ( 6.987)  Acc@1:   0.000 (  0.112)  Acc@5:   0.000 (  0.505)
Test: [ 709/781]  Time: 0.096 (0.257)  Loss:   7.174 ( 6.987)  Acc@1:   0.000 (  0.112)  Acc@5:   0.000 (  0.504)
Test: [ 710/781]  Time: 0.173 (0.257)  Loss:   7.026 ( 6.987)  Acc@1:   0.000 (  0.112)  Acc@5:   0.000 (  0.503)
Test: [ 711/781]  Time: 0.516 (0.257)  Loss:   6.952 ( 6.987)  Acc@1:   0.000 (  0.112)  Acc@5:   0.000 (  0.503)
Test: [ 712/781]  Time: 0.108 (0.257)  Loss:   7.059 ( 6.987)  Acc@1:   0.000 (  0.112)  Acc@5:   0.000 (  0.502)
Test: [ 713/781]  Time: 0.106 (0.257)  Loss:   7.031 ( 6.987)  Acc@1:   0.000 (  0.112)  Acc@5:   0.000 (  0.501)
Test: [ 714/781]  Time: 0.102 (0.257)  Loss:   7.055 ( 6.987)  Acc@1:   0.000 (  0.111)  Acc@5:   0.000 (  0.500)
Test: [ 715/781]  Time: 0.695 (0.257)  Loss:   6.766 ( 6.987)  Acc@1:   0.000 (  0.111)  Acc@5:   0.000 (  0.500)
Test: [ 716/781]  Time: 0.104 (0.257)  Loss:   7.167 ( 6.987)  Acc@1:   0.000 (  0.111)  Acc@5:   1.562 (  0.501)
Test: [ 717/781]  Time: 0.103 (0.257)  Loss:   7.279 ( 6.987)  Acc@1:   0.000 (  0.111)  Acc@5:   0.000 (  0.501)
Test: [ 718/781]  Time: 0.100 (0.257)  Loss:   6.553 ( 6.987)  Acc@1:   0.000 (  0.111)  Acc@5:   3.125 (  0.504)
Test: [ 719/781]  Time: 0.601 (0.257)  Loss:   6.881 ( 6.987)  Acc@1:   0.000 (  0.111)  Acc@5:   0.000 (  0.503)
Test: [ 720/781]  Time: 0.182 (0.257)  Loss:   7.178 ( 6.987)  Acc@1:   0.000 (  0.111)  Acc@5:   0.000 (  0.503)
Test: [ 721/781]  Time: 0.106 (0.257)  Loss:   7.636 ( 6.988)  Acc@1:   0.000 (  0.110)  Acc@5:   0.000 (  0.502)
Test: [ 722/781]  Time: 0.175 (0.257)  Loss:   7.081 ( 6.988)  Acc@1:   0.000 (  0.110)  Acc@5:   0.000 (  0.501)
Test: [ 723/781]  Time: 0.414 (0.257)  Loss:   6.686 ( 6.988)  Acc@1:   0.000 (  0.110)  Acc@5:   0.000 (  0.501)
Test: [ 724/781]  Time: 0.111 (0.257)  Loss:   6.785 ( 6.987)  Acc@1:   0.000 (  0.110)  Acc@5:   0.000 (  0.500)
Test: [ 725/781]  Time: 0.109 (0.256)  Loss:   7.052 ( 6.987)  Acc@1:   0.000 (  0.110)  Acc@5:   0.000 (  0.499)
Test: [ 726/781]  Time: 0.178 (0.256)  Loss:   7.023 ( 6.987)  Acc@1:   0.000 (  0.110)  Acc@5:   0.000 (  0.499)
Test: [ 727/781]  Time: 0.411 (0.257)  Loss:   7.144 ( 6.988)  Acc@1:   0.000 (  0.109)  Acc@5:   0.000 (  0.498)
Test: [ 728/781]  Time: 0.107 (0.256)  Loss:   6.765 ( 6.987)  Acc@1:   0.000 (  0.109)  Acc@5:   0.000 (  0.497)
Test: [ 729/781]  Time: 0.190 (0.256)  Loss:   7.018 ( 6.987)  Acc@1:   0.000 (  0.109)  Acc@5:   0.000 (  0.497)
Test: [ 730/781]  Time: 0.282 (0.256)  Loss:   6.656 ( 6.987)  Acc@1:   0.000 (  0.109)  Acc@5:   1.562 (  0.498)
Test: [ 731/781]  Time: 0.624 (0.257)  Loss:   6.618 ( 6.986)  Acc@1:   0.000 (  0.109)  Acc@5:   3.125 (  0.502)
Test: [ 732/781]  Time: 0.109 (0.257)  Loss:   6.899 ( 6.986)  Acc@1:   0.000 (  0.109)  Acc@5:   0.000 (  0.501)
Test: [ 733/781]  Time: 0.101 (0.256)  Loss:   7.113 ( 6.986)  Acc@1:   0.000 (  0.109)  Acc@5:   0.000 (  0.500)
Test: [ 734/781]  Time: 0.163 (0.256)  Loss:   7.154 ( 6.987)  Acc@1:   0.000 (  0.108)  Acc@5:   0.000 (  0.500)
Test: [ 735/781]  Time: 0.423 (0.256)  Loss:   6.732 ( 6.986)  Acc@1:   0.000 (  0.108)  Acc@5:   0.000 (  0.499)
Test: [ 736/781]  Time: 0.181 (0.256)  Loss:   7.001 ( 6.986)  Acc@1:   0.000 (  0.108)  Acc@5:   0.000 (  0.498)
Test: [ 737/781]  Time: 0.097 (0.256)  Loss:   6.836 ( 6.986)  Acc@1:   0.000 (  0.108)  Acc@5:   0.000 (  0.498)
Test: [ 738/781]  Time: 0.113 (0.256)  Loss:   7.335 ( 6.987)  Acc@1:   0.000 (  0.108)  Acc@5:   0.000 (  0.497)
Test: [ 739/781]  Time: 0.890 (0.257)  Loss:   7.318 ( 6.987)  Acc@1:   0.000 (  0.108)  Acc@5:   0.000 (  0.496)
Test: [ 740/781]  Time: 0.323 (0.257)  Loss:   7.297 ( 6.987)  Acc@1:   0.000 (  0.108)  Acc@5:   0.000 (  0.496)
Test: [ 741/781]  Time: 0.095 (0.257)  Loss:   7.404 ( 6.988)  Acc@1:   0.000 (  0.107)  Acc@5:   0.000 (  0.495)
Test: [ 742/781]  Time: 0.105 (0.256)  Loss:   7.268 ( 6.988)  Acc@1:   0.000 (  0.107)  Acc@5:   0.000 (  0.494)
Test: [ 743/781]  Time: 0.298 (0.257)  Loss:   7.153 ( 6.989)  Acc@1:   0.000 (  0.107)  Acc@5:   0.000 (  0.494)
Test: [ 744/781]  Time: 0.381 (0.257)  Loss:   7.054 ( 6.989)  Acc@1:   0.000 (  0.107)  Acc@5:   0.000 (  0.493)
Test: [ 745/781]  Time: 0.108 (0.257)  Loss:   7.280 ( 6.989)  Acc@1:   0.000 (  0.107)  Acc@5:   0.000 (  0.492)
Test: [ 746/781]  Time: 0.110 (0.256)  Loss:   6.956 ( 6.989)  Acc@1:   0.000 (  0.107)  Acc@5:   3.125 (  0.496)
Test: [ 747/781]  Time: 0.302 (0.256)  Loss:   7.477 ( 6.990)  Acc@1:   0.000 (  0.107)  Acc@5:   0.000 (  0.495)
Test: [ 748/781]  Time: 0.207 (0.256)  Loss:   7.191 ( 6.990)  Acc@1:   0.000 (  0.106)  Acc@5:   0.000 (  0.494)
Test: [ 749/781]  Time: 0.093 (0.256)  Loss:   7.264 ( 6.990)  Acc@1:   0.000 (  0.106)  Acc@5:   0.000 (  0.494)
Test: [ 750/781]  Time: 0.104 (0.256)  Loss:   6.849 ( 6.990)  Acc@1:   0.000 (  0.106)  Acc@5:   0.000 (  0.493)
Test: [ 751/781]  Time: 0.395 (0.256)  Loss:   7.109 ( 6.990)  Acc@1:   0.000 (  0.106)  Acc@5:   0.000 (  0.492)
Test: [ 752/781]  Time: 0.288 (0.256)  Loss:   7.174 ( 6.991)  Acc@1:   0.000 (  0.106)  Acc@5:   0.000 (  0.492)
Test: [ 753/781]  Time: 0.106 (0.256)  Loss:   6.765 ( 6.990)  Acc@1:   0.000 (  0.106)  Acc@5:   0.000 (  0.491)
Test: [ 754/781]  Time: 0.095 (0.256)  Loss:   7.050 ( 6.990)  Acc@1:   0.000 (  0.106)  Acc@5:   0.000 (  0.490)
Test: [ 755/781]  Time: 0.391 (0.256)  Loss:   7.204 ( 6.991)  Acc@1:   0.000 (  0.105)  Acc@5:   0.000 (  0.490)
Test: [ 756/781]  Time: 0.430 (0.256)  Loss:   7.103 ( 6.991)  Acc@1:   0.000 (  0.105)  Acc@5:   0.000 (  0.489)
Test: [ 757/781]  Time: 0.096 (0.256)  Loss:   6.908 ( 6.991)  Acc@1:   0.000 (  0.105)  Acc@5:   0.000 (  0.489)
Test: [ 758/781]  Time: 0.101 (0.256)  Loss:   7.077 ( 6.991)  Acc@1:   0.000 (  0.105)  Acc@5:   0.000 (  0.488)
Test: [ 759/781]  Time: 0.392 (0.256)  Loss:   6.849 ( 6.991)  Acc@1:   0.000 (  0.105)  Acc@5:   0.000 (  0.487)
Test: [ 760/781]  Time: 0.402 (0.256)  Loss:   6.773 ( 6.990)  Acc@1:   0.000 (  0.105)  Acc@5:   0.000 (  0.487)
Test: [ 761/781]  Time: 0.102 (0.256)  Loss:   6.597 ( 6.990)  Acc@1:   0.000 (  0.105)  Acc@5:   0.000 (  0.486)
Test: [ 762/781]  Time: 0.101 (0.256)  Loss:   6.799 ( 6.990)  Acc@1:   0.000 (  0.104)  Acc@5:   0.000 (  0.485)
Test: [ 763/781]  Time: 0.291 (0.256)  Loss:   7.130 ( 6.990)  Acc@1:   0.000 (  0.104)  Acc@5:   0.000 (  0.485)
Test: [ 764/781]  Time: 1.020 (0.257)  Loss:   6.505 ( 6.989)  Acc@1:   0.000 (  0.104)  Acc@5:   6.250 (  0.492)
Test: [ 765/781]  Time: 0.086 (0.256)  Loss:   6.650 ( 6.989)  Acc@1:   0.000 (  0.104)  Acc@5:   4.688 (  0.498)
Test: [ 766/781]  Time: 0.082 (0.256)  Loss:   6.602 ( 6.988)  Acc@1:   3.125 (  0.108)  Acc@5:   6.250 (  0.505)
Test: [ 767/781]  Time: 0.110 (0.256)  Loss:   6.482 ( 6.988)  Acc@1:   9.375 (  0.120)  Acc@5:  18.750 (  0.529)
Test: [ 768/781]  Time: 0.503 (0.256)  Loss:   7.146 ( 6.988)  Acc@1:   0.000 (  0.120)  Acc@5:   0.000 (  0.528)
Test: [ 769/781]  Time: 0.104 (0.256)  Loss:   7.149 ( 6.988)  Acc@1:   0.000 (  0.120)  Acc@5:   0.000 (  0.528)
Test: [ 770/781]  Time: 0.101 (0.256)  Loss:   7.075 ( 6.988)  Acc@1:   0.000 (  0.120)  Acc@5:   0.000 (  0.527)
Test: [ 771/781]  Time: 0.105 (0.256)  Loss:   6.801 ( 6.988)  Acc@1:   0.000 (  0.119)  Acc@5:   1.562 (  0.528)
Test: [ 772/781]  Time: 0.596 (0.256)  Loss:   6.947 ( 6.988)  Acc@1:   0.000 (  0.119)  Acc@5:   0.000 (  0.528)
Test: [ 773/781]  Time: 0.098 (0.256)  Loss:   7.181 ( 6.988)  Acc@1:   0.000 (  0.119)  Acc@5:   0.000 (  0.527)
Test: [ 774/781]  Time: 0.108 (0.256)  Loss:   7.013 ( 6.988)  Acc@1:   0.000 (  0.119)  Acc@5:   0.000 (  0.526)
Test: [ 775/781]  Time: 0.209 (0.256)  Loss:   6.990 ( 6.988)  Acc@1:   0.000 (  0.119)  Acc@5:   0.000 (  0.526)
Test: [ 776/781]  Time: 0.187 (0.256)  Loss:   7.090 ( 6.988)  Acc@1:   0.000 (  0.119)  Acc@5:   0.000 (  0.525)
Test: [ 777/781]  Time: 0.088 (0.255)  Loss:   7.113 ( 6.988)  Acc@1:   0.000 (  0.118)  Acc@5:   0.000 (  0.524)
Test: [ 778/781]  Time: 0.084 (0.255)  Loss:   7.115 ( 6.988)  Acc@1:   0.000 (  0.118)  Acc@5:   0.000 (  0.524)
Test: [ 779/781]  Time: 0.210 (0.255)  Loss:   6.888 ( 6.988)  Acc@1:   0.000 (  0.118)  Acc@5:   0.000 (  0.523)
Test: [ 780/781]  Time: 0.031 (0.255)  Loss:   6.900 ( 6.988)  Acc@1:   0.000 (  0.118)  Acc@5:   0.000 (  0.522)
Test: [ 781/781]  Time: 0.063 (0.255)  Loss:   6.799 ( 6.988)  Acc@1:   0.000 (  0.118)  Acc@5:   0.000 (  0.522)
Current checkpoints:
 ('./output/train/20251212-073207-mobilenetv4_conv_small-224/checkpoint-0.pth.tar', 0.118)

*** Best metric: 0.118 (epoch 0)
--result
[
    {
        "epoch": 0,
        "train": {
            "loss": 7.019940376281738
        },
        "validation": {
            "loss": 6.988175703125,
            "top1": 0.118,
            "top5": 0.522
        }
    }
]
Executing command: torchrun --nproc_per_node=4 train.py --data-dir /data/teco-data/imagenet --model mobilenetv4_conv_small --sched cosine --epochs 1 --warmup-epochs 5 --lr 0.4 --reprob 0.5 --remode pixel --batch-size 16 --amp -j 4 --log-interval 1 
