2025/07/09 09:39:44 - mmengine - INFO - 
------------------------------------------------------------
System environment:
    sys.platform: linux
    Python: 3.10.16 (main, Dec 11 2024, 16:24:50) [GCC 11.2.0]
    CUDA available: False
    MUSA available: False
    numpy_random_seed: 152538593
    GCC: gcc (Ubuntu 11.4.0-1ubuntu1~22.04) 11.4.0
    PyTorch: 2.4.0a0+git4451b0e
    PyTorch compiling details: PyTorch built with:
  - GCC 11.5
  - C++ Version: 201703
  - Intel(R) oneAPI Math Kernel Library Version 2025.0-Product Build 20241009 for Intel(R) 64 architecture applications
  - Intel(R) MKL-DNN v3.4.2 (Git Hash 1137e04ec0b5251ca2b4400a4fd3c667ce843d67)
  - OpenMP 201511 (a.k.a. OpenMP 4.5)
  - LAPACK is enabled (usually provided by MKL)
  - NNPACK is enabled
  - CPU capability usage: AVX512
  - Build settings: BLAS_INFO=mkl, BUILD_TYPE=Release, CXX_COMPILER=/usr/bin/g++, CXX_FLAGS= -D_GLIBCXX_USE_CXX11_ABI=1 -fvisibility-inlines-hidden -DUSE_PTHREADPOOL -DNDEBUG -DUSE_KINETO -DLIBKINETO_NOCUPTI -DLIBKINETO_NOROCTRACER -DUSE_FBGEMM -DUSE_PYTORCH_QNNPACK -DUSE_XNNPACK -DSYMBOLICATE_MOBILE_DEBUG_HANDLE -O2 -fPIC -Wall -Wextra -Werror=return-type -Werror=non-virtual-dtor -Werror=range-loop-construct -Werror=bool-operation -Wnarrowing -Wno-missing-field-initializers -Wno-type-limits -Wno-array-bounds -Wno-unknown-pragmas -Wno-unused-parameter -Wno-unused-function -Wno-unused-result -Wno-strict-overflow -Wno-strict-aliasing -Wno-stringop-overflow -Wsuggest-override -Wno-psabi -Wno-error=pedantic -Wno-error=old-style-cast -Wno-missing-braces -fdiagnostics-color=always -faligned-new -Wno-unused-but-set-variable -Wno-maybe-uninitialized -fno-math-errno -fno-trapping-math -Werror=format -Wno-stringop-overflow, FORCE_FALLBACK_CUDA_MPI=1, LAPACK_INFO=mkl, PERF_WITH_AVX=1, PERF_WITH_AVX2=1, PERF_WITH_AVX512=1, TORCH_VERSION=2.4.0, USE_CUDA=OFF, USE_CUDNN=OFF, USE_CUSPARSELT=OFF, USE_EXCEPTION_PTR=1, USE_GFLAGS=OFF, USE_GLOG=OFF, USE_GLOO=ON, USE_MKL=ON, USE_MKLDNN=1, USE_MPI=ON, USE_NCCL=OFF, USE_NNPACK=ON, USE_OPENMP=ON, USE_ROCM=OFF, USE_ROCM_KERNEL_ASSERT=OFF, 

    TorchVision: 0.15.1a0+42759b1
    OpenCV: 4.11.0
    MMEngine: 0.10.4

Runtime environment:
    cudnn_benchmark: False
    dist_cfg: {'backend': 'tccl'}
    mp_cfg: {'mp_start_method': 'fork', 'opencv_num_threads': 0}
    seed: 152538593
    Distributed launcher: pytorch
    Distributed training: True
    GPU number: 4
------------------------------------------------------------

2025/07/09 09:39:45 - mmengine - INFO - Config:
auto_scale_lr = dict(base_batch_size=16, enable=False)
backend_args = None
data_root = '/data/teco-data/coco/'
dataset_type = 'CocoDataset'
default_hooks = dict(
    checkpoint=dict(interval=1, type='CheckpointHook'),
    logger=dict(interval=50, type='LoggerHook'),
    param_scheduler=dict(type='ParamSchedulerHook'),
    sampler_seed=dict(type='DistSamplerSeedHook'),
    timer=dict(type='IterTimerHook'),
    visualization=dict(type='DetVisualizationHook'))
default_scope = 'mmdet'
env_cfg = dict(
    cudnn_benchmark=False,
    dist_cfg=dict(backend='nccl'),
    mp_cfg=dict(mp_start_method='fork', opencv_num_threads=0))
img_scales = [
    (
        1333,
        800,
    ),
    (
        666,
        400,
    ),
    (
        2000,
        1200,
    ),
]
launcher = 'pytorch'
load_from = None
log_level = 'INFO'
log_processor = dict(by_epoch=True, type='LogProcessor', window_size=50)
model = dict(
    backbone=dict(
        depth=50,
        frozen_stages=1,
        init_cfg=dict(checkpoint='torchvision://resnet50', type='Pretrained'),
        norm_cfg=dict(requires_grad=True, type='BN'),
        norm_eval=True,
        num_stages=4,
        out_indices=(
            0,
            1,
            2,
            3,
        ),
        style='pytorch',
        type='ResNet'),
    bbox_head=dict(
        anchor_generator=dict(
            octave_base_scale=4,
            ratios=[
                0.5,
                1.0,
                2.0,
            ],
            scales_per_octave=3,
            strides=[
                8,
                16,
                32,
                64,
                128,
            ],
            type='AnchorGenerator'),
        bbox_coder=dict(
            target_means=[
                0.0,
                0.0,
                0.0,
                0.0,
            ],
            target_stds=[
                1.0,
                1.0,
                1.0,
                1.0,
            ],
            type='DeltaXYWHBBoxCoder'),
        feat_channels=256,
        in_channels=256,
        loss_bbox=dict(loss_weight=1.0, type='L1Loss'),
        loss_cls=dict(
            alpha=0.25,
            gamma=2.0,
            loss_weight=1.0,
            type='FocalLoss',
            use_sigmoid=True),
        num_classes=80,
        stacked_convs=4,
        type='RetinaHead'),
    data_preprocessor=dict(
        bgr_to_rgb=True,
        mean=[
            123.675,
            116.28,
            103.53,
        ],
        pad_size_divisor=32,
        std=[
            58.395,
            57.12,
            57.375,
        ],
        type='DetDataPreprocessor'),
    neck=dict(
        add_extra_convs='on_input',
        in_channels=[
            256,
            512,
            1024,
            2048,
        ],
        num_outs=5,
        out_channels=256,
        start_level=1,
        type='FPN'),
    test_cfg=dict(
        max_per_img=100,
        min_bbox_size=0,
        nms=dict(iou_threshold=0.5, type='nms'),
        nms_pre=1000,
        score_thr=0.05),
    train_cfg=dict(
        allowed_border=-1,
        assigner=dict(
            ignore_iof_thr=-1,
            min_pos_iou=0,
            neg_iou_thr=0.4,
            pos_iou_thr=0.5,
            type='MaxIoUAssigner'),
        debug=False,
        pos_weight=-1,
        sampler=dict(type='PseudoSampler')),
    type='RetinaNet')
optim_wrapper = dict(
    loss_scale='dynamic',
    optimizer=dict(lr=0.01, momentum=0.9, type='SGD', weight_decay=0.0001),
    type='AmpOptimWrapper')
param_scheduler = [
    dict(
        begin=0, by_epoch=False, end=500, start_factor=0.001, type='LinearLR'),
    dict(
        begin=0,
        by_epoch=True,
        end=12,
        gamma=0.1,
        milestones=[
            8,
            11,
        ],
        type='MultiStepLR'),
]
resume = False
test_cfg = dict(type='TestLoop')
test_dataloader = dict(
    batch_size=1,
    dataset=dict(
        ann_file='annotations/instances_val2017.json',
        backend_args=None,
        data_prefix=dict(img='val2017/'),
        data_root='/data/teco-data/coco/',
        pipeline=[
            dict(backend_args=None, type='LoadImageFromFile'),
            dict(keep_ratio=True, scale=(
                1333,
                800,
            ), type='Resize'),
            dict(type='LoadAnnotations', with_bbox=True),
            dict(
                meta_keys=(
                    'img_id',
                    'img_path',
                    'ori_shape',
                    'img_shape',
                    'scale_factor',
                ),
                type='PackDetInputs'),
        ],
        test_mode=True,
        type='CocoDataset'),
    drop_last=False,
    num_workers=2,
    persistent_workers=True,
    sampler=dict(shuffle=False, type='DefaultSampler'))
test_evaluator = dict(
    ann_file='/data/teco-data/coco/annotations/instances_val2017.json',
    backend_args=None,
    format_only=False,
    metric='bbox',
    type='CocoMetric')
test_pipeline = [
    dict(backend_args=None, type='LoadImageFromFile'),
    dict(keep_ratio=True, scale=(
        1333,
        800,
    ), type='Resize'),
    dict(type='LoadAnnotations', with_bbox=True),
    dict(
        empty_value=dict(
            bboxes=dict(data=[], type='Tensor'),
            labels=dict(data=[], type='Tensor'),
            scores=dict(data=[], type='Tensor')),
        meta_keys=(
            'img_id',
            'img_path',
            'ori_shape',
            'img_shape',
            'scale_factor',
        ),
        skip_empty=True,
        type='PackDetInputs'),
]
train_cfg = dict(max_epochs=12, type='EpochBasedTrainLoop', val_interval=1)
train_dataloader = dict(
    batch_sampler=dict(type='AspectRatioBatchSampler'),
    batch_size=4,
    dataset=dict(
        ann_file='annotations/instances_train2017.json',
        backend_args=None,
        data_prefix=dict(img='train2017/'),
        data_root='/data/teco-data/coco',
        filter_cfg=dict(filter_empty_gt=True, min_size=32),
        pipeline=[
            dict(backend_args=None, type='LoadImageFromFile'),
            dict(type='LoadAnnotations', with_bbox=True),
            dict(keep_ratio=True, scale=(
                1333,
                800,
            ), type='Resize'),
            dict(prob=0.5, type='RandomFlip'),
            dict(type='PackDetInputs'),
        ],
        type='CocoDataset'),
    num_workers=2,
    persistent_workers=True,
    sampler=dict(shuffle=True, type='DefaultSampler'))
train_pipeline = [
    dict(backend_args=None, type='LoadImageFromFile'),
    dict(type='LoadAnnotations', with_bbox=True),
    dict(keep_ratio=True, scale=(
        1333,
        800,
    ), type='Resize'),
    dict(prob=0.5, type='RandomFlip'),
    dict(
        empty_value=dict(
            bboxes=dict(data=[], type='Tensor'),
            labels=dict(data=[], type='Tensor'),
            scores=dict(data=[], type='Tensor')),
        skip_empty=True,
        type='PackDetInputs'),
]
tta_model = dict(
    tta_cfg=dict(max_per_img=100, nms=dict(iou_threshold=0.5, type='nms')),
    type='DetTTAModel')
tta_pipeline = [
    dict(backend_args=None, type='LoadImageFromFile'),
    dict(
        transforms=[
            [
                dict(keep_ratio=True, scale=(
                    1333,
                    800,
                ), type='Resize'),
                dict(keep_ratio=True, scale=(
                    666,
                    400,
                ), type='Resize'),
                dict(keep_ratio=True, scale=(
                    2000,
                    1200,
                ), type='Resize'),
            ],
            [
                dict(prob=1.0, type='RandomFlip'),
                dict(prob=0.0, type='RandomFlip'),
            ],
            [
                dict(type='LoadAnnotations', with_bbox=True),
            ],
            [
                dict(
                    meta_keys=(
                        'img_id',
                        'img_path',
                        'ori_shape',
                        'img_shape',
                        'scale_factor',
                        'flip',
                        'flip_direction',
                    ),
                    type='PackDetInputs'),
            ],
        ],
        type='TestTimeAug'),
]
val_cfg = dict(type='ValLoop')
val_dataloader = dict(
    batch_size=1,
    dataset=dict(
        ann_file='annotations/instances_val2017.json',
        backend_args=None,
        data_prefix=dict(img='val2017/'),
        data_root='/data/teco-data/coco',
        filter_cfg=dict(filter_empty_gt=False, min_size=32),
        pipeline=[
            dict(backend_args=None, type='LoadImageFromFile'),
            dict(keep_ratio=True, scale=(
                1333,
                800,
            ), type='Resize'),
            dict(type='LoadAnnotations', with_bbox=True),
            dict(
                meta_keys=(
                    'img_id',
                    'img_path',
                    'ori_shape',
                    'img_shape',
                    'scale_factor',
                ),
                type='PackDetInputs'),
        ],
        test_mode=True,
        type='CocoDataset'),
    drop_last=False,
    num_workers=2,
    persistent_workers=True,
    sampler=dict(shuffle=False, type='DefaultSampler'))
val_evaluator = dict(
    ann_file='/data/teco-data/coco/annotations/instances_val2017.json',
    backend_args=None,
    format_only=False,
    metric='bbox',
    type='CocoMetric')
vis_backends = [
    dict(type='LocalVisBackend'),
]
visualizer = dict(
    name='visualizer',
    type='DetLocalVisualizer',
    vis_backends=[
        dict(type='LocalVisBackend'),
    ])
work_dir = 'retinanet_test'

2025/07/09 09:39:48 - mmengine - INFO - Hooks will be executed in the following order:
before_run:
(VERY_HIGH   ) RuntimeInfoHook                    
(BELOW_NORMAL) LoggerHook                         
 -------------------- 
before_train:
(VERY_HIGH   ) RuntimeInfoHook                    
(NORMAL      ) IterTimerHook                      
(VERY_LOW    ) CheckpointHook                     
 -------------------- 
before_train_epoch:
(VERY_HIGH   ) RuntimeInfoHook                    
(NORMAL      ) IterTimerHook                      
(NORMAL      ) DistSamplerSeedHook                
 -------------------- 
before_train_iter:
(VERY_HIGH   ) RuntimeInfoHook                    
(NORMAL      ) IterTimerHook                      
 -------------------- 
after_train_iter:
(VERY_HIGH   ) RuntimeInfoHook                    
(NORMAL      ) IterTimerHook                      
(BELOW_NORMAL) LoggerHook                         
(LOW         ) ParamSchedulerHook                 
(VERY_LOW    ) CheckpointHook                     
 -------------------- 
after_train_epoch:
(NORMAL      ) IterTimerHook                      
(LOW         ) ParamSchedulerHook                 
(VERY_LOW    ) CheckpointHook                     
 -------------------- 
before_val:
(VERY_HIGH   ) RuntimeInfoHook                    
 -------------------- 
before_val_epoch:
(NORMAL      ) IterTimerHook                      
 -------------------- 
before_val_iter:
(NORMAL      ) IterTimerHook                      
 -------------------- 
after_val_iter:
(NORMAL      ) IterTimerHook                      
(NORMAL      ) DetVisualizationHook               
(BELOW_NORMAL) LoggerHook                         
 -------------------- 
after_val_epoch:
(VERY_HIGH   ) RuntimeInfoHook                    
(NORMAL      ) IterTimerHook                      
(BELOW_NORMAL) LoggerHook                         
(LOW         ) ParamSchedulerHook                 
(VERY_LOW    ) CheckpointHook                     
 -------------------- 
after_val:
(VERY_HIGH   ) RuntimeInfoHook                    
 -------------------- 
after_train:
(VERY_HIGH   ) RuntimeInfoHook                    
(VERY_LOW    ) CheckpointHook                     
 -------------------- 
before_test:
(VERY_HIGH   ) RuntimeInfoHook                    
 -------------------- 
before_test_epoch:
(NORMAL      ) IterTimerHook                      
 -------------------- 
before_test_iter:
(NORMAL      ) IterTimerHook                      
 -------------------- 
after_test_iter:
(NORMAL      ) IterTimerHook                      
(NORMAL      ) DetVisualizationHook               
(BELOW_NORMAL) LoggerHook                         
 -------------------- 
after_test_epoch:
(VERY_HIGH   ) RuntimeInfoHook                    
(NORMAL      ) IterTimerHook                      
(BELOW_NORMAL) LoggerHook                         
 -------------------- 
after_test:
(VERY_HIGH   ) RuntimeInfoHook                    
 -------------------- 
after_run:
(BELOW_NORMAL) LoggerHook                         
 -------------------- 
2025/07/09 09:40:58 - mmengine - INFO - load model from: torchvision://resnet50
2025/07/09 09:40:58 - mmengine - INFO - Loads checkpoint by torchvision backend from path: torchvision://resnet50
2025/07/09 09:47:50 - mmengine - WARNING - The model and loaded state dict do not match exactly

unexpected key in source state_dict: fc.weight, fc.bias

Name of parameter - Initialization information

backbone.conv1.weight - torch.Size([64, 3, 7, 7]): 
PretrainedInit: load from torchvision://resnet50 

backbone.bn1.weight - torch.Size([64]): 
PretrainedInit: load from torchvision://resnet50 

backbone.bn1.bias - torch.Size([64]): 
PretrainedInit: load from torchvision://resnet50 

backbone.layer1.0.conv1.weight - torch.Size([64, 64, 1, 1]): 
PretrainedInit: load from torchvision://resnet50 

backbone.layer1.0.bn1.weight - torch.Size([64]): 
PretrainedInit: load from torchvision://resnet50 

backbone.layer1.0.bn1.bias - torch.Size([64]): 
PretrainedInit: load from torchvision://resnet50 

backbone.layer1.0.conv2.weight - torch.Size([64, 64, 3, 3]): 
PretrainedInit: load from torchvision://resnet50 

backbone.layer1.0.bn2.weight - torch.Size([64]): 
PretrainedInit: load from torchvision://resnet50 

backbone.layer1.0.bn2.bias - torch.Size([64]): 
PretrainedInit: load from torchvision://resnet50 

backbone.layer1.0.conv3.weight - torch.Size([256, 64, 1, 1]): 
PretrainedInit: load from torchvision://resnet50 

backbone.layer1.0.bn3.weight - torch.Size([256]): 
PretrainedInit: load from torchvision://resnet50 

backbone.layer1.0.bn3.bias - torch.Size([256]): 
PretrainedInit: load from torchvision://resnet50 

backbone.layer1.0.downsample.0.weight - torch.Size([256, 64, 1, 1]): 
PretrainedInit: load from torchvision://resnet50 

backbone.layer1.0.downsample.1.weight - torch.Size([256]): 
PretrainedInit: load from torchvision://resnet50 

backbone.layer1.0.downsample.1.bias - torch.Size([256]): 
PretrainedInit: load from torchvision://resnet50 

backbone.layer1.1.conv1.weight - torch.Size([64, 256, 1, 1]): 
PretrainedInit: load from torchvision://resnet50 

backbone.layer1.1.bn1.weight - torch.Size([64]): 
PretrainedInit: load from torchvision://resnet50 

backbone.layer1.1.bn1.bias - torch.Size([64]): 
PretrainedInit: load from torchvision://resnet50 

backbone.layer1.1.conv2.weight - torch.Size([64, 64, 3, 3]): 
PretrainedInit: load from torchvision://resnet50 

backbone.layer1.1.bn2.weight - torch.Size([64]): 
PretrainedInit: load from torchvision://resnet50 

backbone.layer1.1.bn2.bias - torch.Size([64]): 
PretrainedInit: load from torchvision://resnet50 

backbone.layer1.1.conv3.weight - torch.Size([256, 64, 1, 1]): 
PretrainedInit: load from torchvision://resnet50 

backbone.layer1.1.bn3.weight - torch.Size([256]): 
PretrainedInit: load from torchvision://resnet50 

backbone.layer1.1.bn3.bias - torch.Size([256]): 
PretrainedInit: load from torchvision://resnet50 

backbone.layer1.2.conv1.weight - torch.Size([64, 256, 1, 1]): 
PretrainedInit: load from torchvision://resnet50 

backbone.layer1.2.bn1.weight - torch.Size([64]): 
PretrainedInit: load from torchvision://resnet50 

backbone.layer1.2.bn1.bias - torch.Size([64]): 
PretrainedInit: load from torchvision://resnet50 

backbone.layer1.2.conv2.weight - torch.Size([64, 64, 3, 3]): 
PretrainedInit: load from torchvision://resnet50 

backbone.layer1.2.bn2.weight - torch.Size([64]): 
PretrainedInit: load from torchvision://resnet50 

backbone.layer1.2.bn2.bias - torch.Size([64]): 
PretrainedInit: load from torchvision://resnet50 

backbone.layer1.2.conv3.weight - torch.Size([256, 64, 1, 1]): 
PretrainedInit: load from torchvision://resnet50 

backbone.layer1.2.bn3.weight - torch.Size([256]): 
PretrainedInit: load from torchvision://resnet50 

backbone.layer1.2.bn3.bias - torch.Size([256]): 
PretrainedInit: load from torchvision://resnet50 

backbone.layer2.0.conv1.weight - torch.Size([128, 256, 1, 1]): 
PretrainedInit: load from torchvision://resnet50 

backbone.layer2.0.bn1.weight - torch.Size([128]): 
PretrainedInit: load from torchvision://resnet50 

backbone.layer2.0.bn1.bias - torch.Size([128]): 
PretrainedInit: load from torchvision://resnet50 

backbone.layer2.0.conv2.weight - torch.Size([128, 128, 3, 3]): 
PretrainedInit: load from torchvision://resnet50 

backbone.layer2.0.bn2.weight - torch.Size([128]): 
PretrainedInit: load from torchvision://resnet50 

backbone.layer2.0.bn2.bias - torch.Size([128]): 
PretrainedInit: load from torchvision://resnet50 

backbone.layer2.0.conv3.weight - torch.Size([512, 128, 1, 1]): 
PretrainedInit: load from torchvision://resnet50 

backbone.layer2.0.bn3.weight - torch.Size([512]): 
PretrainedInit: load from torchvision://resnet50 

backbone.layer2.0.bn3.bias - torch.Size([512]): 
PretrainedInit: load from torchvision://resnet50 

backbone.layer2.0.downsample.0.weight - torch.Size([512, 256, 1, 1]): 
PretrainedInit: load from torchvision://resnet50 

backbone.layer2.0.downsample.1.weight - torch.Size([512]): 
PretrainedInit: load from torchvision://resnet50 

backbone.layer2.0.downsample.1.bias - torch.Size([512]): 
PretrainedInit: load from torchvision://resnet50 

backbone.layer2.1.conv1.weight - torch.Size([128, 512, 1, 1]): 
PretrainedInit: load from torchvision://resnet50 

backbone.layer2.1.bn1.weight - torch.Size([128]): 
PretrainedInit: load from torchvision://resnet50 

backbone.layer2.1.bn1.bias - torch.Size([128]): 
PretrainedInit: load from torchvision://resnet50 

backbone.layer2.1.conv2.weight - torch.Size([128, 128, 3, 3]): 
PretrainedInit: load from torchvision://resnet50 

backbone.layer2.1.bn2.weight - torch.Size([128]): 
PretrainedInit: load from torchvision://resnet50 

backbone.layer2.1.bn2.bias - torch.Size([128]): 
PretrainedInit: load from torchvision://resnet50 

backbone.layer2.1.conv3.weight - torch.Size([512, 128, 1, 1]): 
PretrainedInit: load from torchvision://resnet50 

backbone.layer2.1.bn3.weight - torch.Size([512]): 
PretrainedInit: load from torchvision://resnet50 

backbone.layer2.1.bn3.bias - torch.Size([512]): 
PretrainedInit: load from torchvision://resnet50 

backbone.layer2.2.conv1.weight - torch.Size([128, 512, 1, 1]): 
PretrainedInit: load from torchvision://resnet50 

backbone.layer2.2.bn1.weight - torch.Size([128]): 
PretrainedInit: load from torchvision://resnet50 

backbone.layer2.2.bn1.bias - torch.Size([128]): 
PretrainedInit: load from torchvision://resnet50 

backbone.layer2.2.conv2.weight - torch.Size([128, 128, 3, 3]): 
PretrainedInit: load from torchvision://resnet50 

backbone.layer2.2.bn2.weight - torch.Size([128]): 
PretrainedInit: load from torchvision://resnet50 

backbone.layer2.2.bn2.bias - torch.Size([128]): 
PretrainedInit: load from torchvision://resnet50 

backbone.layer2.2.conv3.weight - torch.Size([512, 128, 1, 1]): 
PretrainedInit: load from torchvision://resnet50 

backbone.layer2.2.bn3.weight - torch.Size([512]): 
PretrainedInit: load from torchvision://resnet50 

backbone.layer2.2.bn3.bias - torch.Size([512]): 
PretrainedInit: load from torchvision://resnet50 

backbone.layer2.3.conv1.weight - torch.Size([128, 512, 1, 1]): 
PretrainedInit: load from torchvision://resnet50 

backbone.layer2.3.bn1.weight - torch.Size([128]): 
PretrainedInit: load from torchvision://resnet50 

backbone.layer2.3.bn1.bias - torch.Size([128]): 
PretrainedInit: load from torchvision://resnet50 

backbone.layer2.3.conv2.weight - torch.Size([128, 128, 3, 3]): 
PretrainedInit: load from torchvision://resnet50 

backbone.layer2.3.bn2.weight - torch.Size([128]): 
PretrainedInit: load from torchvision://resnet50 

backbone.layer2.3.bn2.bias - torch.Size([128]): 
PretrainedInit: load from torchvision://resnet50 

backbone.layer2.3.conv3.weight - torch.Size([512, 128, 1, 1]): 
PretrainedInit: load from torchvision://resnet50 

backbone.layer2.3.bn3.weight - torch.Size([512]): 
PretrainedInit: load from torchvision://resnet50 

backbone.layer2.3.bn3.bias - torch.Size([512]): 
PretrainedInit: load from torchvision://resnet50 

backbone.layer3.0.conv1.weight - torch.Size([256, 512, 1, 1]): 
PretrainedInit: load from torchvision://resnet50 

backbone.layer3.0.bn1.weight - torch.Size([256]): 
PretrainedInit: load from torchvision://resnet50 

backbone.layer3.0.bn1.bias - torch.Size([256]): 
PretrainedInit: load from torchvision://resnet50 

backbone.layer3.0.conv2.weight - torch.Size([256, 256, 3, 3]): 
PretrainedInit: load from torchvision://resnet50 

backbone.layer3.0.bn2.weight - torch.Size([256]): 
PretrainedInit: load from torchvision://resnet50 

backbone.layer3.0.bn2.bias - torch.Size([256]): 
PretrainedInit: load from torchvision://resnet50 

backbone.layer3.0.conv3.weight - torch.Size([1024, 256, 1, 1]): 
PretrainedInit: load from torchvision://resnet50 

backbone.layer3.0.bn3.weight - torch.Size([1024]): 
PretrainedInit: load from torchvision://resnet50 

backbone.layer3.0.bn3.bias - torch.Size([1024]): 
PretrainedInit: load from torchvision://resnet50 

backbone.layer3.0.downsample.0.weight - torch.Size([1024, 512, 1, 1]): 
PretrainedInit: load from torchvision://resnet50 

backbone.layer3.0.downsample.1.weight - torch.Size([1024]): 
PretrainedInit: load from torchvision://resnet50 

backbone.layer3.0.downsample.1.bias - torch.Size([1024]): 
PretrainedInit: load from torchvision://resnet50 

backbone.layer3.1.conv1.weight - torch.Size([256, 1024, 1, 1]): 
PretrainedInit: load from torchvision://resnet50 

backbone.layer3.1.bn1.weight - torch.Size([256]): 
PretrainedInit: load from torchvision://resnet50 

backbone.layer3.1.bn1.bias - torch.Size([256]): 
PretrainedInit: load from torchvision://resnet50 

backbone.layer3.1.conv2.weight - torch.Size([256, 256, 3, 3]): 
PretrainedInit: load from torchvision://resnet50 

backbone.layer3.1.bn2.weight - torch.Size([256]): 
PretrainedInit: load from torchvision://resnet50 

backbone.layer3.1.bn2.bias - torch.Size([256]): 
PretrainedInit: load from torchvision://resnet50 

backbone.layer3.1.conv3.weight - torch.Size([1024, 256, 1, 1]): 
PretrainedInit: load from torchvision://resnet50 

backbone.layer3.1.bn3.weight - torch.Size([1024]): 
PretrainedInit: load from torchvision://resnet50 

backbone.layer3.1.bn3.bias - torch.Size([1024]): 
PretrainedInit: load from torchvision://resnet50 

backbone.layer3.2.conv1.weight - torch.Size([256, 1024, 1, 1]): 
PretrainedInit: load from torchvision://resnet50 

backbone.layer3.2.bn1.weight - torch.Size([256]): 
PretrainedInit: load from torchvision://resnet50 

backbone.layer3.2.bn1.bias - torch.Size([256]): 
PretrainedInit: load from torchvision://resnet50 

backbone.layer3.2.conv2.weight - torch.Size([256, 256, 3, 3]): 
PretrainedInit: load from torchvision://resnet50 

backbone.layer3.2.bn2.weight - torch.Size([256]): 
PretrainedInit: load from torchvision://resnet50 

backbone.layer3.2.bn2.bias - torch.Size([256]): 
PretrainedInit: load from torchvision://resnet50 

backbone.layer3.2.conv3.weight - torch.Size([1024, 256, 1, 1]): 
PretrainedInit: load from torchvision://resnet50 

backbone.layer3.2.bn3.weight - torch.Size([1024]): 
PretrainedInit: load from torchvision://resnet50 

backbone.layer3.2.bn3.bias - torch.Size([1024]): 
PretrainedInit: load from torchvision://resnet50 

backbone.layer3.3.conv1.weight - torch.Size([256, 1024, 1, 1]): 
PretrainedInit: load from torchvision://resnet50 

backbone.layer3.3.bn1.weight - torch.Size([256]): 
PretrainedInit: load from torchvision://resnet50 

backbone.layer3.3.bn1.bias - torch.Size([256]): 
PretrainedInit: load from torchvision://resnet50 

backbone.layer3.3.conv2.weight - torch.Size([256, 256, 3, 3]): 
PretrainedInit: load from torchvision://resnet50 

backbone.layer3.3.bn2.weight - torch.Size([256]): 
PretrainedInit: load from torchvision://resnet50 

backbone.layer3.3.bn2.bias - torch.Size([256]): 
PretrainedInit: load from torchvision://resnet50 

backbone.layer3.3.conv3.weight - torch.Size([1024, 256, 1, 1]): 
PretrainedInit: load from torchvision://resnet50 

backbone.layer3.3.bn3.weight - torch.Size([1024]): 
PretrainedInit: load from torchvision://resnet50 

backbone.layer3.3.bn3.bias - torch.Size([1024]): 
PretrainedInit: load from torchvision://resnet50 

backbone.layer3.4.conv1.weight - torch.Size([256, 1024, 1, 1]): 
PretrainedInit: load from torchvision://resnet50 

backbone.layer3.4.bn1.weight - torch.Size([256]): 
PretrainedInit: load from torchvision://resnet50 

backbone.layer3.4.bn1.bias - torch.Size([256]): 
PretrainedInit: load from torchvision://resnet50 

backbone.layer3.4.conv2.weight - torch.Size([256, 256, 3, 3]): 
PretrainedInit: load from torchvision://resnet50 

backbone.layer3.4.bn2.weight - torch.Size([256]): 
PretrainedInit: load from torchvision://resnet50 

backbone.layer3.4.bn2.bias - torch.Size([256]): 
PretrainedInit: load from torchvision://resnet50 

backbone.layer3.4.conv3.weight - torch.Size([1024, 256, 1, 1]): 
PretrainedInit: load from torchvision://resnet50 

backbone.layer3.4.bn3.weight - torch.Size([1024]): 
PretrainedInit: load from torchvision://resnet50 

backbone.layer3.4.bn3.bias - torch.Size([1024]): 
PretrainedInit: load from torchvision://resnet50 

backbone.layer3.5.conv1.weight - torch.Size([256, 1024, 1, 1]): 
PretrainedInit: load from torchvision://resnet50 

backbone.layer3.5.bn1.weight - torch.Size([256]): 
PretrainedInit: load from torchvision://resnet50 

backbone.layer3.5.bn1.bias - torch.Size([256]): 
PretrainedInit: load from torchvision://resnet50 

backbone.layer3.5.conv2.weight - torch.Size([256, 256, 3, 3]): 
PretrainedInit: load from torchvision://resnet50 

backbone.layer3.5.bn2.weight - torch.Size([256]): 
PretrainedInit: load from torchvision://resnet50 

backbone.layer3.5.bn2.bias - torch.Size([256]): 
PretrainedInit: load from torchvision://resnet50 

backbone.layer3.5.conv3.weight - torch.Size([1024, 256, 1, 1]): 
PretrainedInit: load from torchvision://resnet50 

backbone.layer3.5.bn3.weight - torch.Size([1024]): 
PretrainedInit: load from torchvision://resnet50 

backbone.layer3.5.bn3.bias - torch.Size([1024]): 
PretrainedInit: load from torchvision://resnet50 

backbone.layer4.0.conv1.weight - torch.Size([512, 1024, 1, 1]): 
PretrainedInit: load from torchvision://resnet50 

backbone.layer4.0.bn1.weight - torch.Size([512]): 
PretrainedInit: load from torchvision://resnet50 

backbone.layer4.0.bn1.bias - torch.Size([512]): 
PretrainedInit: load from torchvision://resnet50 

backbone.layer4.0.conv2.weight - torch.Size([512, 512, 3, 3]): 
PretrainedInit: load from torchvision://resnet50 

backbone.layer4.0.bn2.weight - torch.Size([512]): 
PretrainedInit: load from torchvision://resnet50 

backbone.layer4.0.bn2.bias - torch.Size([512]): 
PretrainedInit: load from torchvision://resnet50 

backbone.layer4.0.conv3.weight - torch.Size([2048, 512, 1, 1]): 
PretrainedInit: load from torchvision://resnet50 

backbone.layer4.0.bn3.weight - torch.Size([2048]): 
PretrainedInit: load from torchvision://resnet50 

backbone.layer4.0.bn3.bias - torch.Size([2048]): 
PretrainedInit: load from torchvision://resnet50 

backbone.layer4.0.downsample.0.weight - torch.Size([2048, 1024, 1, 1]): 
PretrainedInit: load from torchvision://resnet50 

backbone.layer4.0.downsample.1.weight - torch.Size([2048]): 
PretrainedInit: load from torchvision://resnet50 

backbone.layer4.0.downsample.1.bias - torch.Size([2048]): 
PretrainedInit: load from torchvision://resnet50 

backbone.layer4.1.conv1.weight - torch.Size([512, 2048, 1, 1]): 
PretrainedInit: load from torchvision://resnet50 

backbone.layer4.1.bn1.weight - torch.Size([512]): 
PretrainedInit: load from torchvision://resnet50 

backbone.layer4.1.bn1.bias - torch.Size([512]): 
PretrainedInit: load from torchvision://resnet50 

backbone.layer4.1.conv2.weight - torch.Size([512, 512, 3, 3]): 
PretrainedInit: load from torchvision://resnet50 

backbone.layer4.1.bn2.weight - torch.Size([512]): 
PretrainedInit: load from torchvision://resnet50 

backbone.layer4.1.bn2.bias - torch.Size([512]): 
PretrainedInit: load from torchvision://resnet50 

backbone.layer4.1.conv3.weight - torch.Size([2048, 512, 1, 1]): 
PretrainedInit: load from torchvision://resnet50 

backbone.layer4.1.bn3.weight - torch.Size([2048]): 
PretrainedInit: load from torchvision://resnet50 

backbone.layer4.1.bn3.bias - torch.Size([2048]): 
PretrainedInit: load from torchvision://resnet50 

backbone.layer4.2.conv1.weight - torch.Size([512, 2048, 1, 1]): 
PretrainedInit: load from torchvision://resnet50 

backbone.layer4.2.bn1.weight - torch.Size([512]): 
PretrainedInit: load from torchvision://resnet50 

backbone.layer4.2.bn1.bias - torch.Size([512]): 
PretrainedInit: load from torchvision://resnet50 

backbone.layer4.2.conv2.weight - torch.Size([512, 512, 3, 3]): 
PretrainedInit: load from torchvision://resnet50 

backbone.layer4.2.bn2.weight - torch.Size([512]): 
PretrainedInit: load from torchvision://resnet50 

backbone.layer4.2.bn2.bias - torch.Size([512]): 
PretrainedInit: load from torchvision://resnet50 

backbone.layer4.2.conv3.weight - torch.Size([2048, 512, 1, 1]): 
PretrainedInit: load from torchvision://resnet50 

backbone.layer4.2.bn3.weight - torch.Size([2048]): 
PretrainedInit: load from torchvision://resnet50 

backbone.layer4.2.bn3.bias - torch.Size([2048]): 
PretrainedInit: load from torchvision://resnet50 

neck.lateral_convs.0.conv.weight - torch.Size([256, 512, 1, 1]): 
XavierInit: gain=1, distribution=uniform, bias=0 

neck.lateral_convs.0.conv.bias - torch.Size([256]): 
The value is the same before and after calling `init_weights` of RetinaNet  

neck.lateral_convs.1.conv.weight - torch.Size([256, 1024, 1, 1]): 
XavierInit: gain=1, distribution=uniform, bias=0 

neck.lateral_convs.1.conv.bias - torch.Size([256]): 
The value is the same before and after calling `init_weights` of RetinaNet  

neck.lateral_convs.2.conv.weight - torch.Size([256, 2048, 1, 1]): 
XavierInit: gain=1, distribution=uniform, bias=0 

neck.lateral_convs.2.conv.bias - torch.Size([256]): 
The value is the same before and after calling `init_weights` of RetinaNet  

neck.fpn_convs.0.conv.weight - torch.Size([256, 256, 3, 3]): 
XavierInit: gain=1, distribution=uniform, bias=0 

neck.fpn_convs.0.conv.bias - torch.Size([256]): 
The value is the same before and after calling `init_weights` of RetinaNet  

neck.fpn_convs.1.conv.weight - torch.Size([256, 256, 3, 3]): 
XavierInit: gain=1, distribution=uniform, bias=0 

neck.fpn_convs.1.conv.bias - torch.Size([256]): 
The value is the same before and after calling `init_weights` of RetinaNet  

neck.fpn_convs.2.conv.weight - torch.Size([256, 256, 3, 3]): 
XavierInit: gain=1, distribution=uniform, bias=0 

neck.fpn_convs.2.conv.bias - torch.Size([256]): 
The value is the same before and after calling `init_weights` of RetinaNet  

neck.fpn_convs.3.conv.weight - torch.Size([256, 2048, 3, 3]): 
XavierInit: gain=1, distribution=uniform, bias=0 

neck.fpn_convs.3.conv.bias - torch.Size([256]): 
The value is the same before and after calling `init_weights` of RetinaNet  

neck.fpn_convs.4.conv.weight - torch.Size([256, 256, 3, 3]): 
XavierInit: gain=1, distribution=uniform, bias=0 

neck.fpn_convs.4.conv.bias - torch.Size([256]): 
The value is the same before and after calling `init_weights` of RetinaNet  

bbox_head.cls_convs.0.conv.weight - torch.Size([256, 256, 3, 3]): 
NormalInit: mean=0, std=0.01, bias=0 

bbox_head.cls_convs.0.conv.bias - torch.Size([256]): 
The value is the same before and after calling `init_weights` of RetinaNet  

bbox_head.cls_convs.1.conv.weight - torch.Size([256, 256, 3, 3]): 
NormalInit: mean=0, std=0.01, bias=0 

bbox_head.cls_convs.1.conv.bias - torch.Size([256]): 
The value is the same before and after calling `init_weights` of RetinaNet  

bbox_head.cls_convs.2.conv.weight - torch.Size([256, 256, 3, 3]): 
NormalInit: mean=0, std=0.01, bias=0 

bbox_head.cls_convs.2.conv.bias - torch.Size([256]): 
The value is the same before and after calling `init_weights` of RetinaNet  

bbox_head.cls_convs.3.conv.weight - torch.Size([256, 256, 3, 3]): 
NormalInit: mean=0, std=0.01, bias=0 

bbox_head.cls_convs.3.conv.bias - torch.Size([256]): 
The value is the same before and after calling `init_weights` of RetinaNet  

bbox_head.reg_convs.0.conv.weight - torch.Size([256, 256, 3, 3]): 
NormalInit: mean=0, std=0.01, bias=0 

bbox_head.reg_convs.0.conv.bias - torch.Size([256]): 
The value is the same before and after calling `init_weights` of RetinaNet  

bbox_head.reg_convs.1.conv.weight - torch.Size([256, 256, 3, 3]): 
NormalInit: mean=0, std=0.01, bias=0 

bbox_head.reg_convs.1.conv.bias - torch.Size([256]): 
The value is the same before and after calling `init_weights` of RetinaNet  

bbox_head.reg_convs.2.conv.weight - torch.Size([256, 256, 3, 3]): 
NormalInit: mean=0, std=0.01, bias=0 

bbox_head.reg_convs.2.conv.bias - torch.Size([256]): 
The value is the same before and after calling `init_weights` of RetinaNet  

bbox_head.reg_convs.3.conv.weight - torch.Size([256, 256, 3, 3]): 
NormalInit: mean=0, std=0.01, bias=0 

bbox_head.reg_convs.3.conv.bias - torch.Size([256]): 
The value is the same before and after calling `init_weights` of RetinaNet  

bbox_head.retina_cls.weight - torch.Size([720, 256, 3, 3]): 
NormalInit: mean=0, std=0.01, bias=-4.59511985013459 

bbox_head.retina_cls.bias - torch.Size([720]): 
NormalInit: mean=0, std=0.01, bias=-4.59511985013459 

bbox_head.retina_reg.weight - torch.Size([36, 256, 3, 3]): 
NormalInit: mean=0, std=0.01, bias=0 

bbox_head.retina_reg.bias - torch.Size([36]): 
NormalInit: mean=0, std=0.01, bias=0 
2025/07/09 09:47:51 - mmengine - WARNING - "FileClient" will be deprecated in future. Please use io functions in https://mmengine.readthedocs.io/en/latest/api/fileio.html#file-io
2025/07/09 09:47:51 - mmengine - WARNING - "HardDiskBackend" is the alias of "LocalBackend" and the former will be deprecated in future.
2025/07/09 09:47:51 - mmengine - INFO - Checkpoints will be saved to /data/suda-data/dsw/test_env01/mmdetection/retinanet_test.
2025/07/09 09:49:11 - mmengine - INFO - Epoch(train)  [1][  50/7330]  lr: 9.9098e-04  eta: 1 day, 15:17:17  time: 1.6089  data_time: 0.0276  memory: 5485  loss: 1.9219  loss_cls: 1.2076  loss_bbox: 0.7143
2025/07/09 09:50:31 - mmengine - INFO - Epoch(train)  [1][ 100/7330]  lr: 1.9920e-03  eta: 1 day, 15:00:54  time: 1.5883  data_time: 0.0171  memory: 5482  loss: 1.8882  loss_cls: 1.2115  loss_bbox: 0.6767
2025/07/09 09:51:49 - mmengine - INFO - Epoch(train)  [1][ 150/7330]  lr: 2.9930e-03  eta: 1 day, 14:43:48  time: 1.5663  data_time: 0.0201  memory: 5483  loss: 1.8867  loss_cls: 1.2119  loss_bbox: 0.6748
2025/07/09 09:53:08 - mmengine - INFO - Epoch(train)  [1][ 200/7330]  lr: 3.9940e-03  eta: 1 day, 14:42:17  time: 1.5873  data_time: 0.0228  memory: 5482  loss: 1.8877  loss_cls: 1.2050  loss_bbox: 0.6827
2025/07/09 09:54:28 - mmengine - INFO - Epoch(train)  [1][ 250/7330]  lr: 4.9950e-03  eta: 1 day, 14:44:43  time: 1.6006  data_time: 0.0253  memory: 5483  loss: 1.7302  loss_cls: 1.0675  loss_bbox: 0.6627
2025/07/09 09:55:48 - mmengine - INFO - Epoch(train)  [1][ 300/7330]  lr: 5.9960e-03  eta: 1 day, 14:44:26  time: 1.5946  data_time: 0.0247  memory: 5482  loss: 1.6654  loss_cls: 1.0064  loss_bbox: 0.6589
2025/07/09 09:57:08 - mmengine - INFO - Epoch(train)  [1][ 350/7330]  lr: 6.9970e-03  eta: 1 day, 14:45:18  time: 1.6015  data_time: 0.0248  memory: 5483  loss: 1.6013  loss_cls: 0.9815  loss_bbox: 0.6199
2025/07/09 09:58:29 - mmengine - INFO - Epoch(train)  [1][ 400/7330]  lr: 7.9980e-03  eta: 1 day, 14:47:48  time: 1.6135  data_time: 0.0295  memory: 5482  loss: 1.6110  loss_cls: 1.0087  loss_bbox: 0.6023
2025/07/09 09:59:48 - mmengine - INFO - Epoch(train)  [1][ 450/7330]  lr: 8.9990e-03  eta: 1 day, 14:44:32  time: 1.5832  data_time: 0.0287  memory: 5484  loss: 1.5994  loss_cls: 0.9998  loss_bbox: 0.5996
2025/07/09 10:01:07 - mmengine - INFO - Epoch(train)  [1][ 500/7330]  lr: 1.0000e-02  eta: 1 day, 14:40:58  time: 1.5784  data_time: 0.0258  memory: 5483  loss: 1.5451  loss_cls: 0.9734  loss_bbox: 0.5717
2025/07/09 10:02:27 - mmengine - INFO - Epoch(train)  [1][ 550/7330]  lr: 1.0000e-02  eta: 1 day, 14:40:49  time: 1.6011  data_time: 0.0290  memory: 5483  loss: 1.7384  loss_cls: 1.1522  loss_bbox: 0.5862
2025/07/09 10:03:46 - mmengine - INFO - Epoch(train)  [1][ 600/7330]  lr: 1.0000e-02  eta: 1 day, 14:37:57  time: 1.5804  data_time: 0.0288  memory: 5482  loss: 1.7048  loss_cls: 1.1665  loss_bbox: 0.5383
2025/07/09 10:05:05 - mmengine - INFO - Epoch(train)  [1][ 650/7330]  lr: 1.0000e-02  eta: 1 day, 14:35:00  time: 1.5776  data_time: 0.0269  memory: 5484  loss: 1.5810  loss_cls: 1.0637  loss_bbox: 0.5172
2025/07/09 10:06:24 - mmengine - INFO - Epoch(train)  [1][ 700/7330]  lr: 1.0000e-02  eta: 1 day, 14:32:31  time: 1.5798  data_time: 0.0277  memory: 5482  loss: 1.4377  loss_cls: 0.9235  loss_bbox: 0.5142
2025/07/09 10:07:44 - mmengine - INFO - Epoch(train)  [1][ 750/7330]  lr: 1.0000e-02  eta: 1 day, 14:31:30  time: 1.5932  data_time: 0.0275  memory: 5481  loss: 1.4435  loss_cls: 0.9266  loss_bbox: 0.5170
2025/07/09 10:09:03 - mmengine - INFO - Epoch(train)  [1][ 800/7330]  lr: 1.0000e-02  eta: 1 day, 14:29:58  time: 1.5881  data_time: 0.0264  memory: 5482  loss: 1.3931  loss_cls: 0.9006  loss_bbox: 0.4925
2025/07/09 10:10:24 - mmengine - INFO - Epoch(train)  [1][ 850/7330]  lr: 1.0000e-02  eta: 1 day, 14:31:11  time: 1.6198  data_time: 0.0306  memory: 5481  loss: 1.6251  loss_cls: 1.1321  loss_bbox: 0.4930
2025/07/09 10:11:44 - mmengine - INFO - Epoch(train)  [1][ 900/7330]  lr: 1.0000e-02  eta: 1 day, 14:30:03  time: 1.5944  data_time: 0.0276  memory: 5484  loss: 1.5362  loss_cls: 1.0376  loss_bbox: 0.4986
2025/07/09 10:13:03 - mmengine - INFO - Epoch(train)  [1][ 950/7330]  lr: 1.0000e-02  eta: 1 day, 14:28:02  time: 1.5829  data_time: 0.0258  memory: 5482  loss: 1.4620  loss_cls: 0.9787  loss_bbox: 0.4833
2025/07/09 10:14:24 - mmengine - INFO - Exp name: retinanet_r50_fpn_1x_coco_20250709_093937
2025/07/09 10:14:24 - mmengine - INFO - Epoch(train)  [1][1000/7330]  lr: 1.0000e-02  eta: 1 day, 14:28:01  time: 1.6097  data_time: 0.0286  memory: 5484  loss: 1.3052  loss_cls: 0.8177  loss_bbox: 0.4875
2025/07/09 10:15:45 - mmengine - INFO - Epoch(train)  [1][1050/7330]  lr: 1.0000e-02  eta: 1 day, 14:28:25  time: 1.6175  data_time: 0.0388  memory: 5481  loss: 1.2343  loss_cls: 0.7701  loss_bbox: 0.4642
2025/07/09 10:17:06 - mmengine - INFO - Epoch(train)  [1][1100/7330]  lr: 1.0000e-02  eta: 1 day, 14:30:03  time: 1.6388  data_time: 0.0365  memory: 5482  loss: 1.2491  loss_cls: 0.7961  loss_bbox: 0.4530
2025/07/09 10:18:28 - mmengine - INFO - Epoch(train)  [1][1150/7330]  lr: 1.0000e-02  eta: 1 day, 14:31:04  time: 1.6330  data_time: 0.0338  memory: 5486  loss: 1.2237  loss_cls: 0.7771  loss_bbox: 0.4466
2025/07/09 10:19:49 - mmengine - INFO - Epoch(train)  [1][1200/7330]  lr: 1.0000e-02  eta: 1 day, 14:31:07  time: 1.6203  data_time: 0.0324  memory: 5483  loss: 1.2131  loss_cls: 0.7641  loss_bbox: 0.4491
2025/07/09 10:21:09 - mmengine - INFO - Epoch(train)  [1][1250/7330]  lr: 1.0000e-02  eta: 1 day, 14:29:31  time: 1.5935  data_time: 0.0243  memory: 5482  loss: 1.2174  loss_cls: 0.7755  loss_bbox: 0.4419
2025/07/09 10:22:29 - mmengine - INFO - Epoch(train)  [1][1300/7330]  lr: 1.0000e-02  eta: 1 day, 14:28:35  time: 1.6054  data_time: 0.0254  memory: 5481  loss: 1.1912  loss_cls: 0.7447  loss_bbox: 0.4465
2025/07/09 10:23:49 - mmengine - INFO - Epoch(train)  [1][1350/7330]  lr: 1.0000e-02  eta: 1 day, 14:27:11  time: 1.5969  data_time: 0.0327  memory: 5483  loss: 1.1871  loss_cls: 0.7438  loss_bbox: 0.4433
2025/07/09 10:25:09 - mmengine - INFO - Epoch(train)  [1][1400/7330]  lr: 1.0000e-02  eta: 1 day, 14:25:55  time: 1.5996  data_time: 0.0319  memory: 5483  loss: 1.1632  loss_cls: 0.7242  loss_bbox: 0.4390
2025/07/09 10:26:28 - mmengine - INFO - Epoch(train)  [1][1450/7330]  lr: 1.0000e-02  eta: 1 day, 14:23:57  time: 1.5857  data_time: 0.0278  memory: 5482  loss: 1.1768  loss_cls: 0.7306  loss_bbox: 0.4462
2025/07/09 10:27:49 - mmengine - INFO - Epoch(train)  [1][1500/7330]  lr: 1.0000e-02  eta: 1 day, 14:23:01  time: 1.6061  data_time: 0.0249  memory: 5482  loss: 1.1396  loss_cls: 0.7144  loss_bbox: 0.4252
2025/07/09 10:29:08 - mmengine - INFO - Epoch(train)  [1][1550/7330]  lr: 1.0000e-02  eta: 1 day, 14:21:26  time: 1.5930  data_time: 0.0251  memory: 5482  loss: 1.1383  loss_cls: 0.7088  loss_bbox: 0.4295
2025/07/09 10:30:29 - mmengine - INFO - Epoch(train)  [1][1600/7330]  lr: 1.0000e-02  eta: 1 day, 14:20:40  time: 1.6108  data_time: 0.0283  memory: 5483  loss: 1.1666  loss_cls: 0.7244  loss_bbox: 0.4422
2025/07/09 10:31:49 - mmengine - INFO - Epoch(train)  [1][1650/7330]  lr: 1.0000e-02  eta: 1 day, 14:19:36  time: 1.6044  data_time: 0.0333  memory: 5482  loss: 1.1470  loss_cls: 0.7139  loss_bbox: 0.4331
2025/07/09 10:33:10 - mmengine - INFO - Epoch(train)  [1][1700/7330]  lr: 1.0000e-02  eta: 1 day, 14:19:27  time: 1.6266  data_time: 0.0308  memory: 5483  loss: 1.1147  loss_cls: 0.6981  loss_bbox: 0.4167
2025/07/09 10:34:31 - mmengine - INFO - Epoch(train)  [1][1750/7330]  lr: 1.0000e-02  eta: 1 day, 14:18:29  time: 1.6085  data_time: 0.0296  memory: 5482  loss: 1.1039  loss_cls: 0.6904  loss_bbox: 0.4135
2025/07/09 10:35:52 - mmengine - INFO - Epoch(train)  [1][1800/7330]  lr: 1.0000e-02  eta: 1 day, 14:17:49  time: 1.6164  data_time: 0.0320  memory: 5483  loss: 1.1134  loss_cls: 0.6848  loss_bbox: 0.4286
2025/07/09 10:37:11 - mmengine - INFO - Epoch(train)  [1][1850/7330]  lr: 1.0000e-02  eta: 1 day, 14:15:52  time: 1.5842  data_time: 0.0227  memory: 5482  loss: 1.1096  loss_cls: 0.6682  loss_bbox: 0.4414
2025/07/09 10:38:30 - mmengine - INFO - Epoch(train)  [1][1900/7330]  lr: 1.0000e-02  eta: 1 day, 14:13:36  time: 1.5748  data_time: 0.0193  memory: 5483  loss: 1.0849  loss_cls: 0.6602  loss_bbox: 0.4247
2025/07/09 10:39:49 - mmengine - INFO - Epoch(train)  [1][1950/7330]  lr: 1.0000e-02  eta: 1 day, 14:11:52  time: 1.5881  data_time: 0.0245  memory: 5482  loss: 1.1181  loss_cls: 0.6978  loss_bbox: 0.4204
2025/07/09 10:41:08 - mmengine - INFO - Exp name: retinanet_r50_fpn_1x_coco_20250709_093937
2025/07/09 10:41:08 - mmengine - INFO - Epoch(train)  [1][2000/7330]  lr: 1.0000e-02  eta: 1 day, 14:10:06  time: 1.5868  data_time: 0.0293  memory: 5481  loss: 1.0708  loss_cls: 0.6534  loss_bbox: 0.4174
2025/07/09 10:42:29 - mmengine - INFO - Epoch(train)  [1][2050/7330]  lr: 1.0000e-02  eta: 1 day, 14:08:51  time: 1.6008  data_time: 0.0246  memory: 5481  loss: 1.0427  loss_cls: 0.6315  loss_bbox: 0.4113
2025/07/09 10:43:48 - mmengine - INFO - Epoch(train)  [1][2100/7330]  lr: 1.0000e-02  eta: 1 day, 14:07:29  time: 1.5978  data_time: 0.0284  memory: 5482  loss: 1.0523  loss_cls: 0.6432  loss_bbox: 0.4091
2025/07/09 10:45:09 - mmengine - INFO - Epoch(train)  [1][2150/7330]  lr: 1.0000e-02  eta: 1 day, 14:06:37  time: 1.6124  data_time: 0.0330  memory: 5482  loss: 1.0806  loss_cls: 0.6589  loss_bbox: 0.4217
2025/07/09 10:46:30 - mmengine - INFO - Epoch(train)  [1][2200/7330]  lr: 1.0000e-02  eta: 1 day, 14:05:45  time: 1.6132  data_time: 0.0315  memory: 5483  loss: 1.0492  loss_cls: 0.6402  loss_bbox: 0.4090
2025/07/09 10:47:50 - mmengine - INFO - Epoch(train)  [1][2250/7330]  lr: 1.0000e-02  eta: 1 day, 14:04:54  time: 1.6143  data_time: 0.0324  memory: 5484  loss: 1.0402  loss_cls: 0.6281  loss_bbox: 0.4122
2025/07/09 10:49:11 - mmengine - INFO - Epoch(train)  [1][2300/7330]  lr: 1.0000e-02  eta: 1 day, 14:04:07  time: 1.6169  data_time: 0.0333  memory: 5482  loss: 1.0566  loss_cls: 0.6421  loss_bbox: 0.4145
2025/07/09 10:50:32 - mmengine - INFO - Epoch(train)  [1][2350/7330]  lr: 1.0000e-02  eta: 1 day, 14:03:15  time: 1.6158  data_time: 0.0313  memory: 5482  loss: 1.0380  loss_cls: 0.6382  loss_bbox: 0.3998
2025/07/09 10:51:53 - mmengine - INFO - Epoch(train)  [1][2400/7330]  lr: 1.0000e-02  eta: 1 day, 14:02:27  time: 1.6180  data_time: 0.0290  memory: 5485  loss: 1.0639  loss_cls: 0.6536  loss_bbox: 0.4102
2025/07/09 10:53:12 - mmengine - INFO - Epoch(train)  [1][2450/7330]  lr: 1.0000e-02  eta: 1 day, 14:00:15  time: 1.5706  data_time: 0.0266  memory: 5481  loss: 1.0045  loss_cls: 0.6102  loss_bbox: 0.3944
2025/07/09 10:54:31 - mmengine - INFO - Epoch(train)  [1][2500/7330]  lr: 1.0000e-02  eta: 1 day, 13:58:23  time: 1.5816  data_time: 0.0284  memory: 5483  loss: 1.0299  loss_cls: 0.6233  loss_bbox: 0.4066
2025/07/09 10:55:51 - mmengine - INFO - Epoch(train)  [1][2550/7330]  lr: 1.0000e-02  eta: 1 day, 13:57:16  time: 1.6071  data_time: 0.0313  memory: 5484  loss: 1.0082  loss_cls: 0.6107  loss_bbox: 0.3975
2025/07/09 10:57:13 - mmengine - INFO - Epoch(train)  [1][2600/7330]  lr: 1.0000e-02  eta: 1 day, 13:56:54  time: 1.6355  data_time: 0.0300  memory: 5482  loss: 1.0060  loss_cls: 0.6051  loss_bbox: 0.4009
2025/07/09 10:58:33 - mmengine - INFO - Epoch(train)  [1][2650/7330]  lr: 1.0000e-02  eta: 1 day, 13:55:24  time: 1.5943  data_time: 0.0330  memory: 5483  loss: 1.0277  loss_cls: 0.6065  loss_bbox: 0.4212
2025/07/09 10:59:53 - mmengine - INFO - Epoch(train)  [1][2700/7330]  lr: 1.0000e-02  eta: 1 day, 13:54:02  time: 1.5989  data_time: 0.0328  memory: 5483  loss: 0.9670  loss_cls: 0.5758  loss_bbox: 0.3912
2025/07/09 11:01:14 - mmengine - INFO - Epoch(train)  [1][2750/7330]  lr: 1.0000e-02  eta: 1 day, 13:53:14  time: 1.6212  data_time: 0.0249  memory: 5483  loss: 0.9733  loss_cls: 0.5867  loss_bbox: 0.3867
2025/07/09 11:02:34 - mmengine - INFO - Epoch(train)  [1][2800/7330]  lr: 1.0000e-02  eta: 1 day, 13:51:54  time: 1.6002  data_time: 0.0313  memory: 5482  loss: 0.9583  loss_cls: 0.5562  loss_bbox: 0.4021
2025/07/09 11:03:53 - mmengine - INFO - Epoch(train)  [1][2850/7330]  lr: 1.0000e-02  eta: 1 day, 13:50:18  time: 1.5903  data_time: 0.0284  memory: 5483  loss: 0.9853  loss_cls: 0.5884  loss_bbox: 0.3968
2025/07/09 11:05:13 - mmengine - INFO - Epoch(train)  [1][2900/7330]  lr: 1.0000e-02  eta: 1 day, 13:48:45  time: 1.5917  data_time: 0.0290  memory: 5483  loss: 0.9825  loss_cls: 0.5815  loss_bbox: 0.4009
2025/07/09 11:06:32 - mmengine - INFO - Epoch(train)  [1][2950/7330]  lr: 1.0000e-02  eta: 1 day, 13:47:04  time: 1.5856  data_time: 0.0260  memory: 5481  loss: 0.9794  loss_cls: 0.5925  loss_bbox: 0.3869
2025/07/09 11:07:54 - mmengine - INFO - Exp name: retinanet_r50_fpn_1x_coco_20250709_093937
2025/07/09 11:07:54 - mmengine - INFO - Epoch(train)  [1][3000/7330]  lr: 1.0000e-02  eta: 1 day, 13:46:41  time: 1.6403  data_time: 0.0349  memory: 5482  loss: 0.9702  loss_cls: 0.5659  loss_bbox: 0.4044
2025/07/09 11:09:16 - mmengine - INFO - Epoch(train)  [1][3050/7330]  lr: 1.0000e-02  eta: 1 day, 13:46:05  time: 1.6327  data_time: 0.0336  memory: 5481  loss: 0.9482  loss_cls: 0.5610  loss_bbox: 0.3872
2025/07/09 11:10:37 - mmengine - INFO - Epoch(train)  [1][3100/7330]  lr: 1.0000e-02  eta: 1 day, 13:45:12  time: 1.6212  data_time: 0.0319  memory: 5481  loss: 0.9366  loss_cls: 0.5577  loss_bbox: 0.3788
2025/07/09 11:11:57 - mmengine - INFO - Epoch(train)  [1][3150/7330]  lr: 1.0000e-02  eta: 1 day, 13:43:52  time: 1.6016  data_time: 0.0339  memory: 5483  loss: 0.9333  loss_cls: 0.5484  loss_bbox: 0.3849
2025/07/09 11:13:18 - mmengine - INFO - Epoch(train)  [1][3200/7330]  lr: 1.0000e-02  eta: 1 day, 13:43:04  time: 1.6260  data_time: 0.0326  memory: 5482  loss: 0.9371  loss_cls: 0.5556  loss_bbox: 0.3815
2025/07/09 11:14:41 - mmengine - INFO - Epoch(train)  [1][3250/7330]  lr: 1.0000e-02  eta: 1 day, 13:42:58  time: 1.6588  data_time: 0.0375  memory: 5482  loss: 0.9536  loss_cls: 0.5585  loss_bbox: 0.3951
2025/07/09 11:16:03 - mmengine - INFO - Epoch(train)  [1][3300/7330]  lr: 1.0000e-02  eta: 1 day, 13:42:26  time: 1.6401  data_time: 0.0391  memory: 5482  loss: 0.9373  loss_cls: 0.5521  loss_bbox: 0.3852
2025/07/09 11:17:25 - mmengine - INFO - Epoch(train)  [1][3350/7330]  lr: 1.0000e-02  eta: 1 day, 13:41:50  time: 1.6380  data_time: 0.0423  memory: 5482  loss: 0.9614  loss_cls: 0.5654  loss_bbox: 0.3961
2025/07/09 11:18:47 - mmengine - INFO - Epoch(train)  [1][3400/7330]  lr: 1.0000e-02  eta: 1 day, 13:41:15  time: 1.6408  data_time: 0.0406  memory: 5484  loss: 0.9380  loss_cls: 0.5511  loss_bbox: 0.3869
2025/07/09 11:20:08 - mmengine - INFO - Epoch(train)  [1][3450/7330]  lr: 1.0000e-02  eta: 1 day, 13:40:17  time: 1.6222  data_time: 0.0398  memory: 5483  loss: 0.9190  loss_cls: 0.5396  loss_bbox: 0.3795
2025/07/09 11:21:30 - mmengine - INFO - Epoch(train)  [1][3500/7330]  lr: 1.0000e-02  eta: 1 day, 13:39:38  time: 1.6396  data_time: 0.0434  memory: 5482  loss: 0.9349  loss_cls: 0.5453  loss_bbox: 0.3896
2025/07/09 11:22:51 - mmengine - INFO - Epoch(train)  [1][3550/7330]  lr: 1.0000e-02  eta: 1 day, 13:38:32  time: 1.6170  data_time: 0.0404  memory: 5482  loss: 0.9231  loss_cls: 0.5444  loss_bbox: 0.3787
2025/07/09 11:24:14 - mmengine - INFO - Epoch(train)  [1][3600/7330]  lr: 1.0000e-02  eta: 1 day, 13:38:15  time: 1.6589  data_time: 0.0405  memory: 5481  loss: 0.9193  loss_cls: 0.5255  loss_bbox: 0.3938
2025/07/09 11:25:37 - mmengine - INFO - Epoch(train)  [1][3650/7330]  lr: 1.0000e-02  eta: 1 day, 13:37:49  time: 1.6540  data_time: 0.0365  memory: 5482  loss: 0.9198  loss_cls: 0.5418  loss_bbox: 0.3779
2025/07/09 11:26:59 - mmengine - INFO - Epoch(train)  [1][3700/7330]  lr: 1.0000e-02  eta: 1 day, 13:37:13  time: 1.6458  data_time: 0.0418  memory: 5482  loss: 0.8963  loss_cls: 0.5173  loss_bbox: 0.3790
2025/07/09 11:28:20 - mmengine - INFO - Epoch(train)  [1][3750/7330]  lr: 1.0000e-02  eta: 1 day, 13:36:13  time: 1.6249  data_time: 0.0390  memory: 5483  loss: 0.9189  loss_cls: 0.5309  loss_bbox: 0.3881
2025/07/09 11:29:42 - mmengine - INFO - Epoch(train)  [1][3800/7330]  lr: 1.0000e-02  eta: 1 day, 13:35:25  time: 1.6369  data_time: 0.0424  memory: 5482  loss: 0.9255  loss_cls: 0.5357  loss_bbox: 0.3898
2025/07/09 11:31:06 - mmengine - INFO - Epoch(train)  [1][3850/7330]  lr: 1.0000e-02  eta: 1 day, 13:35:07  time: 1.6651  data_time: 0.0413  memory: 5483  loss: 0.9265  loss_cls: 0.5339  loss_bbox: 0.3926
2025/07/09 11:32:29 - mmengine - INFO - Epoch(train)  [1][3900/7330]  lr: 1.0000e-02  eta: 1 day, 13:34:44  time: 1.6622  data_time: 0.0439  memory: 5482  loss: 0.9113  loss_cls: 0.5254  loss_bbox: 0.3859
2025/07/09 11:33:51 - mmengine - INFO - Epoch(train)  [1][3950/7330]  lr: 1.0000e-02  eta: 1 day, 13:33:58  time: 1.6419  data_time: 0.0401  memory: 5481  loss: 0.8989  loss_cls: 0.5108  loss_bbox: 0.3881
2025/07/09 11:35:12 - mmengine - INFO - Exp name: retinanet_r50_fpn_1x_coco_20250709_093937
2025/07/09 11:35:12 - mmengine - INFO - Epoch(train)  [1][4000/7330]  lr: 1.0000e-02  eta: 1 day, 13:32:53  time: 1.6240  data_time: 0.0347  memory: 5484  loss: 0.9247  loss_cls: 0.5388  loss_bbox: 0.3859
2025/07/09 11:36:35 - mmengine - INFO - Epoch(train)  [1][4050/7330]  lr: 1.0000e-02  eta: 1 day, 13:32:23  time: 1.6594  data_time: 0.0410  memory: 5484  loss: 0.9105  loss_cls: 0.5269  loss_bbox: 0.3836
2025/07/09 11:37:58 - mmengine - INFO - Epoch(train)  [1][4100/7330]  lr: 1.0000e-02  eta: 1 day, 13:31:50  time: 1.6566  data_time: 0.0399  memory: 5482  loss: 0.8839  loss_cls: 0.5089  loss_bbox: 0.3750
2025/07/09 11:39:21 - mmengine - INFO - Epoch(train)  [1][4150/7330]  lr: 1.0000e-02  eta: 1 day, 13:31:20  time: 1.6615  data_time: 0.0376  memory: 5482  loss: 0.8846  loss_cls: 0.5093  loss_bbox: 0.3752
2025/07/09 11:40:43 - mmengine - INFO - Epoch(train)  [1][4200/7330]  lr: 1.0000e-02  eta: 1 day, 13:30:25  time: 1.6373  data_time: 0.0404  memory: 5482  loss: 0.9008  loss_cls: 0.5320  loss_bbox: 0.3689
2025/07/09 11:42:06 - mmengine - INFO - Epoch(train)  [1][4250/7330]  lr: 1.0000e-02  eta: 1 day, 13:29:53  time: 1.6613  data_time: 0.0429  memory: 5482  loss: 0.9039  loss_cls: 0.5239  loss_bbox: 0.3801
2025/07/09 11:43:30 - mmengine - INFO - Epoch(train)  [1][4300/7330]  lr: 1.0000e-02  eta: 1 day, 13:29:30  time: 1.6718  data_time: 0.0411  memory: 5482  loss: 0.8945  loss_cls: 0.5133  loss_bbox: 0.3812
2025/07/09 11:44:50 - mmengine - INFO - Epoch(train)  [1][4350/7330]  lr: 1.0000e-02  eta: 1 day, 13:28:11  time: 1.6147  data_time: 0.0365  memory: 5482  loss: 0.9251  loss_cls: 0.5476  loss_bbox: 0.3776
2025/07/09 11:46:12 - mmengine - INFO - Epoch(train)  [1][4400/7330]  lr: 1.0000e-02  eta: 1 day, 13:27:16  time: 1.6409  data_time: 0.0372  memory: 5481  loss: 0.9021  loss_cls: 0.5207  loss_bbox: 0.3814
2025/07/09 11:47:34 - mmengine - INFO - Epoch(train)  [1][4450/7330]  lr: 1.0000e-02  eta: 1 day, 13:26:17  time: 1.6369  data_time: 0.0390  memory: 5483  loss: 0.8545  loss_cls: 0.4870  loss_bbox: 0.3675
2025/07/09 11:48:57 - mmengine - INFO - Epoch(train)  [1][4500/7330]  lr: 1.0000e-02  eta: 1 day, 13:25:30  time: 1.6501  data_time: 0.0427  memory: 5481  loss: 0.9405  loss_cls: 0.5343  loss_bbox: 0.4062
2025/07/09 11:50:19 - mmengine - INFO - Epoch(train)  [1][4550/7330]  lr: 1.0000e-02  eta: 1 day, 13:24:40  time: 1.6482  data_time: 0.0369  memory: 5482  loss: 0.8904  loss_cls: 0.5131  loss_bbox: 0.3772
2025/07/09 11:51:41 - mmengine - INFO - Epoch(train)  [1][4600/7330]  lr: 1.0000e-02  eta: 1 day, 13:23:40  time: 1.6375  data_time: 0.0366  memory: 5484  loss: 0.8924  loss_cls: 0.5086  loss_bbox: 0.3837
2025/07/09 11:53:04 - mmengine - INFO - Epoch(train)  [1][4650/7330]  lr: 1.0000e-02  eta: 1 day, 13:22:55  time: 1.6540  data_time: 0.0445  memory: 5482  loss: 0.9110  loss_cls: 0.5261  loss_bbox: 0.3849
2025/07/09 11:54:28 - mmengine - INFO - Epoch(train)  [1][4700/7330]  lr: 1.0000e-02  eta: 1 day, 13:22:39  time: 1.6886  data_time: 0.0405  memory: 5482  loss: 0.8982  loss_cls: 0.5205  loss_bbox: 0.3776
2025/07/09 11:55:50 - mmengine - INFO - Epoch(train)  [1][4750/7330]  lr: 1.0000e-02  eta: 1 day, 13:21:37  time: 1.6376  data_time: 0.0360  memory: 5481  loss: 0.8761  loss_cls: 0.5020  loss_bbox: 0.3741
2025/07/09 11:57:14 - mmengine - INFO - Epoch(train)  [1][4800/7330]  lr: 1.0000e-02  eta: 1 day, 13:21:11  time: 1.6803  data_time: 0.0442  memory: 5486  loss: 0.8340  loss_cls: 0.4713  loss_bbox: 0.3628
2025/07/09 11:58:35 - mmengine - INFO - Epoch(train)  [1][4850/7330]  lr: 1.0000e-02  eta: 1 day, 13:19:52  time: 1.6182  data_time: 0.0427  memory: 5482  loss: 0.8732  loss_cls: 0.5005  loss_bbox: 0.3727
2025/07/09 11:59:57 - mmengine - INFO - Epoch(train)  [1][4900/7330]  lr: 1.0000e-02  eta: 1 day, 13:18:52  time: 1.6425  data_time: 0.0389  memory: 5481  loss: 0.8597  loss_cls: 0.4956  loss_bbox: 0.3641
2025/07/09 12:01:20 - mmengine - INFO - Epoch(train)  [1][4950/7330]  lr: 1.0000e-02  eta: 1 day, 13:17:55  time: 1.6450  data_time: 0.0418  memory: 5481  loss: 0.8560  loss_cls: 0.4915  loss_bbox: 0.3645
2025/07/09 12:02:43 - mmengine - INFO - Exp name: retinanet_r50_fpn_1x_coco_20250709_093937
2025/07/09 12:02:43 - mmengine - INFO - Epoch(train)  [1][5000/7330]  lr: 1.0000e-02  eta: 1 day, 13:17:15  time: 1.6673  data_time: 0.0412  memory: 5483  loss: 0.8630  loss_cls: 0.4865  loss_bbox: 0.3765
2025/07/09 12:04:05 - mmengine - INFO - Epoch(train)  [1][5050/7330]  lr: 1.0000e-02  eta: 1 day, 13:16:11  time: 1.6380  data_time: 0.0407  memory: 5481  loss: 0.8728  loss_cls: 0.5048  loss_bbox: 0.3680
2025/07/09 12:05:26 - mmengine - INFO - Epoch(train)  [1][5100/7330]  lr: 1.0000e-02  eta: 1 day, 13:15:00  time: 1.6312  data_time: 0.0421  memory: 5482  loss: 0.8820  loss_cls: 0.5091  loss_bbox: 0.3728
2025/07/09 12:06:49 - mmengine - INFO - Epoch(train)  [1][5150/7330]  lr: 1.0000e-02  eta: 1 day, 13:14:07  time: 1.6524  data_time: 0.0374  memory: 5482  loss: 0.8402  loss_cls: 0.4778  loss_bbox: 0.3624
2025/07/09 12:08:12 - mmengine - INFO - Epoch(train)  [1][5200/7330]  lr: 1.0000e-02  eta: 1 day, 13:13:12  time: 1.6524  data_time: 0.0388  memory: 5482  loss: 0.8365  loss_cls: 0.4822  loss_bbox: 0.3543
2025/07/09 12:09:34 - mmengine - INFO - Epoch(train)  [1][5250/7330]  lr: 1.0000e-02  eta: 1 day, 13:12:09  time: 1.6413  data_time: 0.0396  memory: 5482  loss: 0.8596  loss_cls: 0.4795  loss_bbox: 0.3801
2025/07/09 12:10:56 - mmengine - INFO - Epoch(train)  [1][5300/7330]  lr: 1.0000e-02  eta: 1 day, 13:11:04  time: 1.6393  data_time: 0.0368  memory: 5481  loss: 0.8351  loss_cls: 0.4709  loss_bbox: 0.3642
2025/07/09 12:12:18 - mmengine - INFO - Epoch(train)  [1][5350/7330]  lr: 1.0000e-02  eta: 1 day, 13:10:04  time: 1.6467  data_time: 0.0419  memory: 5481  loss: 0.8659  loss_cls: 0.4984  loss_bbox: 0.3675
2025/07/09 12:13:42 - mmengine - INFO - Epoch(train)  [1][5400/7330]  lr: 1.0000e-02  eta: 1 day, 13:09:21  time: 1.6703  data_time: 0.0406  memory: 5482  loss: 0.8515  loss_cls: 0.4887  loss_bbox: 0.3628
2025/07/09 12:15:05 - mmengine - INFO - Epoch(train)  [1][5450/7330]  lr: 1.0000e-02  eta: 1 day, 13:08:36  time: 1.6669  data_time: 0.0379  memory: 5481  loss: 0.8381  loss_cls: 0.4696  loss_bbox: 0.3685
2025/07/09 12:16:28 - mmengine - INFO - Epoch(train)  [1][5500/7330]  lr: 1.0000e-02  eta: 1 day, 13:07:46  time: 1.6623  data_time: 0.0428  memory: 5483  loss: 0.8217  loss_cls: 0.4611  loss_bbox: 0.3606
2025/07/09 12:17:49 - mmengine - INFO - Epoch(train)  [1][5550/7330]  lr: 1.0000e-02  eta: 1 day, 13:06:28  time: 1.6246  data_time: 0.0359  memory: 5482  loss: 0.8696  loss_cls: 0.4927  loss_bbox: 0.3770
2025/07/09 12:19:12 - mmengine - INFO - Epoch(train)  [1][5600/7330]  lr: 1.0000e-02  eta: 1 day, 13:05:26  time: 1.6474  data_time: 0.0388  memory: 5484  loss: 0.8215  loss_cls: 0.4643  loss_bbox: 0.3573
2025/07/09 12:20:34 - mmengine - INFO - Epoch(train)  [1][5650/7330]  lr: 1.0000e-02  eta: 1 day, 13:04:26  time: 1.6502  data_time: 0.0410  memory: 5482  loss: 0.8339  loss_cls: 0.4726  loss_bbox: 0.3613
2025/07/09 12:21:56 - mmengine - INFO - Epoch(train)  [1][5700/7330]  lr: 1.0000e-02  eta: 1 day, 13:03:18  time: 1.6391  data_time: 0.0372  memory: 5482  loss: 0.8378  loss_cls: 0.4718  loss_bbox: 0.3660
2025/07/09 12:23:18 - mmengine - INFO - Epoch(train)  [1][5750/7330]  lr: 1.0000e-02  eta: 1 day, 13:02:07  time: 1.6359  data_time: 0.0379  memory: 5482  loss: 0.8177  loss_cls: 0.4687  loss_bbox: 0.3490
2025/07/09 12:24:41 - mmengine - INFO - Epoch(train)  [1][5800/7330]  lr: 1.0000e-02  eta: 1 day, 13:01:04  time: 1.6479  data_time: 0.0422  memory: 5482  loss: 0.8705  loss_cls: 0.5047  loss_bbox: 0.3658
2025/07/09 12:26:04 - mmengine - INFO - Epoch(train)  [1][5850/7330]  lr: 1.0000e-02  eta: 1 day, 13:00:11  time: 1.6615  data_time: 0.0400  memory: 5483  loss: 0.8268  loss_cls: 0.4643  loss_bbox: 0.3626
2025/07/09 12:27:26 - mmengine - INFO - Epoch(train)  [1][5900/7330]  lr: 1.0000e-02  eta: 1 day, 12:59:01  time: 1.6384  data_time: 0.0402  memory: 5482  loss: 0.8215  loss_cls: 0.4602  loss_bbox: 0.3612
2025/07/09 12:28:48 - mmengine - INFO - Epoch(train)  [1][5950/7330]  lr: 1.0000e-02  eta: 1 day, 12:57:50  time: 1.6377  data_time: 0.0408  memory: 5482  loss: 0.8434  loss_cls: 0.4784  loss_bbox: 0.3650
2025/07/09 12:30:09 - mmengine - INFO - Exp name: retinanet_r50_fpn_1x_coco_20250709_093937
2025/07/09 12:30:09 - mmengine - INFO - Epoch(train)  [1][6000/7330]  lr: 1.0000e-02  eta: 1 day, 12:56:38  time: 1.6360  data_time: 0.0399  memory: 5482  loss: 0.7951  loss_cls: 0.4436  loss_bbox: 0.3515
2025/07/09 12:31:32 - mmengine - INFO - Epoch(train)  [1][6050/7330]  lr: 1.0000e-02  eta: 1 day, 12:55:36  time: 1.6500  data_time: 0.0380  memory: 5483  loss: 0.8496  loss_cls: 0.4807  loss_bbox: 0.3689
2025/07/09 12:32:54 - mmengine - INFO - Epoch(train)  [1][6100/7330]  lr: 1.0000e-02  eta: 1 day, 12:54:32  time: 1.6497  data_time: 0.0395  memory: 5484  loss: 0.8583  loss_cls: 0.4926  loss_bbox: 0.3657
2025/07/09 12:34:16 - mmengine - INFO - Epoch(train)  [1][6150/7330]  lr: 1.0000e-02  eta: 1 day, 12:53:13  time: 1.6263  data_time: 0.0401  memory: 5482  loss: 0.8347  loss_cls: 0.4691  loss_bbox: 0.3657
2025/07/09 12:35:38 - mmengine - INFO - Epoch(train)  [1][6200/7330]  lr: 1.0000e-02  eta: 1 day, 12:52:07  time: 1.6464  data_time: 0.0383  memory: 5484  loss: 0.8214  loss_cls: 0.4615  loss_bbox: 0.3600
2025/07/09 12:36:59 - mmengine - INFO - Epoch(train)  [1][6250/7330]  lr: 1.0000e-02  eta: 1 day, 12:50:48  time: 1.6265  data_time: 0.0379  memory: 5484  loss: 0.7972  loss_cls: 0.4488  loss_bbox: 0.3483
2025/07/09 12:38:22 - mmengine - INFO - Epoch(train)  [1][6300/7330]  lr: 1.0000e-02  eta: 1 day, 12:49:44  time: 1.6495  data_time: 0.0394  memory: 5482  loss: 0.8033  loss_cls: 0.4501  loss_bbox: 0.3532
2025/07/09 12:39:45 - mmengine - INFO - Epoch(train)  [1][6350/7330]  lr: 1.0000e-02  eta: 1 day, 12:48:41  time: 1.6523  data_time: 0.0435  memory: 5482  loss: 0.8262  loss_cls: 0.4628  loss_bbox: 0.3634
2025/07/09 12:41:07 - mmengine - INFO - Epoch(train)  [1][6400/7330]  lr: 1.0000e-02  eta: 1 day, 12:47:35  time: 1.6467  data_time: 0.0401  memory: 5483  loss: 0.8179  loss_cls: 0.4434  loss_bbox: 0.3745
2025/07/09 12:42:31 - mmengine - INFO - Epoch(train)  [1][6450/7330]  lr: 1.0000e-02  eta: 1 day, 12:46:44  time: 1.6717  data_time: 0.0383  memory: 5482  loss: 0.8326  loss_cls: 0.4710  loss_bbox: 0.3616
2025/07/09 12:43:51 - mmengine - INFO - Epoch(train)  [1][6500/7330]  lr: 1.0000e-02  eta: 1 day, 12:45:14  time: 1.6113  data_time: 0.0405  memory: 5484  loss: 0.8098  loss_cls: 0.4588  loss_bbox: 0.3510
2025/07/09 12:45:14 - mmengine - INFO - Epoch(train)  [1][6550/7330]  lr: 1.0000e-02  eta: 1 day, 12:44:08  time: 1.6490  data_time: 0.0395  memory: 5482  loss: 0.8059  loss_cls: 0.4410  loss_bbox: 0.3650
2025/07/09 12:46:35 - mmengine - INFO - Epoch(train)  [1][6600/7330]  lr: 1.0000e-02  eta: 1 day, 12:42:49  time: 1.6270  data_time: 0.0400  memory: 5484  loss: 0.8234  loss_cls: 0.4584  loss_bbox: 0.3650
2025/07/09 12:47:57 - mmengine - INFO - Epoch(train)  [1][6650/7330]  lr: 1.0000e-02  eta: 1 day, 12:41:32  time: 1.6319  data_time: 0.0411  memory: 5484  loss: 0.8179  loss_cls: 0.4576  loss_bbox: 0.3603
2025/07/09 12:49:18 - mmengine - INFO - Epoch(train)  [1][6700/7330]  lr: 1.0000e-02  eta: 1 day, 12:40:18  time: 1.6360  data_time: 0.0414  memory: 5482  loss: 0.8336  loss_cls: 0.4768  loss_bbox: 0.3568
2025/07/09 12:50:41 - mmengine - INFO - Epoch(train)  [1][6750/7330]  lr: 1.0000e-02  eta: 1 day, 12:39:10  time: 1.6477  data_time: 0.0414  memory: 5481  loss: 0.8027  loss_cls: 0.4514  loss_bbox: 0.3512
2025/07/09 12:52:03 - mmengine - INFO - Epoch(train)  [1][6800/7330]  lr: 1.0000e-02  eta: 1 day, 12:38:00  time: 1.6427  data_time: 0.0374  memory: 5483  loss: 0.8287  loss_cls: 0.4691  loss_bbox: 0.3596
2025/07/09 12:53:25 - mmengine - INFO - Epoch(train)  [1][6850/7330]  lr: 1.0000e-02  eta: 1 day, 12:36:49  time: 1.6429  data_time: 0.0388  memory: 5482  loss: 0.8035  loss_cls: 0.4565  loss_bbox: 0.3470
2025/07/09 12:54:47 - mmengine - INFO - Epoch(train)  [1][6900/7330]  lr: 1.0000e-02  eta: 1 day, 12:35:30  time: 1.6281  data_time: 0.0354  memory: 5483  loss: 0.7797  loss_cls: 0.4421  loss_bbox: 0.3376
2025/07/09 12:56:09 - mmengine - INFO - Epoch(train)  [1][6950/7330]  lr: 1.0000e-02  eta: 1 day, 12:34:23  time: 1.6499  data_time: 0.0392  memory: 5482  loss: 0.8352  loss_cls: 0.4740  loss_bbox: 0.3612
2025/07/09 12:57:31 - mmengine - INFO - Exp name: retinanet_r50_fpn_1x_coco_20250709_093937
2025/07/09 12:57:31 - mmengine - INFO - Epoch(train)  [1][7000/7330]  lr: 1.0000e-02  eta: 1 day, 12:33:05  time: 1.6317  data_time: 0.0416  memory: 5484  loss: 0.8002  loss_cls: 0.4522  loss_bbox: 0.3480
2025/07/09 12:58:53 - mmengine - INFO - Epoch(train)  [1][7050/7330]  lr: 1.0000e-02  eta: 1 day, 12:31:51  time: 1.6381  data_time: 0.0387  memory: 5484  loss: 0.7878  loss_cls: 0.4350  loss_bbox: 0.3528
2025/07/09 13:00:16 - mmengine - INFO - Epoch(train)  [1][7100/7330]  lr: 1.0000e-02  eta: 1 day, 12:30:54  time: 1.6682  data_time: 0.0412  memory: 5482  loss: 0.8048  loss_cls: 0.4454  loss_bbox: 0.3594
2025/07/09 13:01:36 - mmengine - INFO - Epoch(train)  [1][7150/7330]  lr: 1.0000e-02  eta: 1 day, 12:29:21  time: 1.6033  data_time: 0.0405  memory: 5483  loss: 0.7751  loss_cls: 0.4274  loss_bbox: 0.3477
2025/07/09 13:02:57 - mmengine - INFO - Epoch(train)  [1][7200/7330]  lr: 1.0000e-02  eta: 1 day, 12:27:54  time: 1.6164  data_time: 0.0383  memory: 5482  loss: 0.7546  loss_cls: 0.4296  loss_bbox: 0.3250
2025/07/09 13:04:20 - mmengine - INFO - Epoch(train)  [1][7250/7330]  lr: 1.0000e-02  eta: 1 day, 12:26:51  time: 1.6574  data_time: 0.0383  memory: 5482  loss: 0.8056  loss_cls: 0.4562  loss_bbox: 0.3494
2025/07/09 13:05:44 - mmengine - INFO - Epoch(train)  [1][7300/7330]  lr: 1.0000e-02  eta: 1 day, 12:25:56  time: 1.6745  data_time: 0.0399  memory: 5482  loss: 0.8038  loss_cls: 0.4628  loss_bbox: 0.3410
2025/07/09 13:06:32 - mmengine - INFO - Exp name: retinanet_r50_fpn_1x_coco_20250709_093937
2025/07/09 13:06:32 - mmengine - INFO - Saving checkpoint at 1 epochs
2025/07/09 13:06:45 - mmengine - INFO - Epoch(val)  [1][  50/1250]    eta: 0:04:06  time: 0.2052  data_time: 0.0133  memory: 5989  
2025/07/09 13:06:54 - mmengine - INFO - Epoch(val)  [1][ 100/1250]    eta: 0:03:46  time: 0.1894  data_time: 0.0076  memory: 824  
2025/07/09 13:07:04 - mmengine - INFO - Epoch(val)  [1][ 150/1250]    eta: 0:03:35  time: 0.1920  data_time: 0.0070  memory: 833  
2025/07/09 13:07:14 - mmengine - INFO - Epoch(val)  [1][ 200/1250]    eta: 0:03:25  time: 0.1960  data_time: 0.0085  memory: 837  
2025/07/09 13:07:23 - mmengine - INFO - Epoch(val)  [1][ 250/1250]    eta: 0:03:15  time: 0.1936  data_time: 0.0083  memory: 817  
2025/07/09 13:07:33 - mmengine - INFO - Epoch(val)  [1][ 300/1250]    eta: 0:03:05  time: 0.1945  data_time: 0.0087  memory: 817  
2025/07/09 13:07:43 - mmengine - INFO - Epoch(val)  [1][ 350/1250]    eta: 0:02:55  time: 0.1935  data_time: 0.0078  memory: 817  
2025/07/09 13:07:52 - mmengine - INFO - Epoch(val)  [1][ 400/1250]    eta: 0:02:45  time: 0.1928  data_time: 0.0079  memory: 801  
2025/07/09 13:08:02 - mmengine - INFO - Epoch(val)  [1][ 450/1250]    eta: 0:02:35  time: 0.1920  data_time: 0.0076  memory: 833  
2025/07/09 13:08:12 - mmengine - INFO - Epoch(val)  [1][ 500/1250]    eta: 0:02:25  time: 0.1911  data_time: 0.0072  memory: 833  
2025/07/09 13:08:21 - mmengine - INFO - Epoch(val)  [1][ 550/1250]    eta: 0:02:15  time: 0.1890  data_time: 0.0078  memory: 799  
2025/07/09 13:08:31 - mmengine - INFO - Epoch(val)  [1][ 600/1250]    eta: 0:02:05  time: 0.1928  data_time: 0.0075  memory: 816  
2025/07/09 13:08:40 - mmengine - INFO - Epoch(val)  [1][ 650/1250]    eta: 0:01:55  time: 0.1902  data_time: 0.0077  memory: 817  
2025/07/09 13:08:50 - mmengine - INFO - Epoch(val)  [1][ 700/1250]    eta: 0:01:46  time: 0.1956  data_time: 0.0085  memory: 825  
2025/07/09 13:09:00 - mmengine - INFO - Epoch(val)  [1][ 750/1250]    eta: 0:01:36  time: 0.1939  data_time: 0.0076  memory: 824  
2025/07/09 13:09:09 - mmengine - INFO - Epoch(val)  [1][ 800/1250]    eta: 0:01:27  time: 0.1922  data_time: 0.0082  memory: 833  
2025/07/09 13:09:19 - mmengine - INFO - Epoch(val)  [1][ 850/1250]    eta: 0:01:17  time: 0.1924  data_time: 0.0075  memory: 833  
2025/07/09 13:09:28 - mmengine - INFO - Epoch(val)  [1][ 900/1250]    eta: 0:01:07  time: 0.1902  data_time: 0.0076  memory: 833  
2025/07/09 13:09:38 - mmengine - INFO - Epoch(val)  [1][ 950/1250]    eta: 0:00:57  time: 0.1889  data_time: 0.0075  memory: 818  
2025/07/09 13:09:47 - mmengine - INFO - Epoch(val)  [1][1000/1250]    eta: 0:00:48  time: 0.1883  data_time: 0.0071  memory: 817  
2025/07/09 13:09:57 - mmengine - INFO - Epoch(val)  [1][1050/1250]    eta: 0:00:38  time: 0.1932  data_time: 0.0070  memory: 824  
2025/07/09 13:10:06 - mmengine - INFO - Epoch(val)  [1][1100/1250]    eta: 0:00:28  time: 0.1901  data_time: 0.0072  memory: 833  
2025/07/09 13:10:16 - mmengine - INFO - Epoch(val)  [1][1150/1250]    eta: 0:00:19  time: 0.1935  data_time: 0.0079  memory: 824  
2025/07/09 13:10:26 - mmengine - INFO - Epoch(val)  [1][1200/1250]    eta: 0:00:09  time: 0.1896  data_time: 0.0071  memory: 825  
2025/07/09 13:10:35 - mmengine - INFO - Epoch(val)  [1][1250/1250]    eta: 0:00:00  time: 0.1883  data_time: 0.0071  memory: 834  
2025/07/09 13:10:45 - mmengine - INFO - Evaluating bbox...
2025/07/09 13:11:53 - mmengine - INFO - bbox_mAP_copypaste: 0.152 0.267 0.153 0.072 0.173 0.200
2025/07/09 13:11:55 - mmengine - INFO - Epoch(val) [1][1250/1250]    coco/bbox_mAP: 0.1520  coco/bbox_mAP_50: 0.2670  coco/bbox_mAP_75: 0.1530  coco/bbox_mAP_s: 0.0720  coco/bbox_mAP_m: 0.1730  coco/bbox_mAP_l: 0.2000  data_time: 0.0079  time: 0.1923
2025/07/09 13:13:17 - mmengine - INFO - Epoch(train)  [2][  50/7330]  lr: 1.0000e-02  eta: 1 day, 12:23:57  time: 1.6468  data_time: 0.0351  memory: 5481  loss: 0.7967  loss_cls: 0.4494  loss_bbox: 0.3473
2025/07/09 13:14:38 - mmengine - INFO - Epoch(train)  [2][ 100/7330]  lr: 1.0000e-02  eta: 1 day, 12:22:27  time: 1.6115  data_time: 0.0415  memory: 5482  loss: 0.7927  loss_cls: 0.4401  loss_bbox: 0.3526
2025/07/09 13:16:00 - mmengine - INFO - Epoch(train)  [2][ 150/7330]  lr: 1.0000e-02  eta: 1 day, 12:21:13  time: 1.6392  data_time: 0.0395  memory: 5481  loss: 0.7967  loss_cls: 0.4441  loss_bbox: 0.3526
2025/07/09 13:17:22 - mmengine - INFO - Epoch(train)  [2][ 200/7330]  lr: 1.0000e-02  eta: 1 day, 12:19:59  time: 1.6398  data_time: 0.0439  memory: 5482  loss: 0.8041  loss_cls: 0.4482  loss_bbox: 0.3558
2025/07/09 13:18:43 - mmengine - INFO - Epoch(train)  [2][ 250/7330]  lr: 1.0000e-02  eta: 1 day, 12:18:41  time: 1.6328  data_time: 0.0384  memory: 5481  loss: 0.8035  loss_cls: 0.4439  loss_bbox: 0.3595
2025/07/09 13:20:05 - mmengine - INFO - Epoch(train)  [2][ 300/7330]  lr: 1.0000e-02  eta: 1 day, 12:17:26  time: 1.6385  data_time: 0.0409  memory: 5481  loss: 0.7753  loss_cls: 0.4237  loss_bbox: 0.3516
2025/07/09 13:21:27 - mmengine - INFO - Epoch(train)  [2][ 350/7330]  lr: 1.0000e-02  eta: 1 day, 12:16:14  time: 1.6427  data_time: 0.0432  memory: 5482  loss: 0.7892  loss_cls: 0.4289  loss_bbox: 0.3603
2025/07/09 13:22:50 - mmengine - INFO - Epoch(train)  [2][ 400/7330]  lr: 1.0000e-02  eta: 1 day, 12:15:03  time: 1.6478  data_time: 0.0442  memory: 5481  loss: 0.7700  loss_cls: 0.4348  loss_bbox: 0.3352
2025/07/09 13:24:13 - mmengine - INFO - Epoch(train)  [2][ 450/7330]  lr: 1.0000e-02  eta: 1 day, 12:13:58  time: 1.6574  data_time: 0.0402  memory: 5482  loss: 0.7674  loss_cls: 0.4327  loss_bbox: 0.3348
2025/07/09 13:25:35 - mmengine - INFO - Epoch(train)  [2][ 500/7330]  lr: 1.0000e-02  eta: 1 day, 12:12:42  time: 1.6383  data_time: 0.0400  memory: 5482  loss: 0.7775  loss_cls: 0.4397  loss_bbox: 0.3377
2025/07/09 13:26:57 - mmengine - INFO - Epoch(train)  [2][ 550/7330]  lr: 1.0000e-02  eta: 1 day, 12:11:32  time: 1.6490  data_time: 0.0422  memory: 5482  loss: 0.7666  loss_cls: 0.4380  loss_bbox: 0.3286
2025/07/09 13:28:19 - mmengine - INFO - Epoch(train)  [2][ 600/7330]  lr: 1.0000e-02  eta: 1 day, 12:10:19  time: 1.6425  data_time: 0.0417  memory: 5480  loss: 0.7969  loss_cls: 0.4466  loss_bbox: 0.3502
2025/07/09 13:29:42 - mmengine - INFO - Epoch(train)  [2][ 650/7330]  lr: 1.0000e-02  eta: 1 day, 12:09:13  time: 1.6587  data_time: 0.0417  memory: 5482  loss: 0.7789  loss_cls: 0.4419  loss_bbox: 0.3370
2025/07/09 13:30:14 - mmengine - INFO - Exp name: retinanet_r50_fpn_1x_coco_20250709_093937
2025/07/09 13:31:03 - mmengine - INFO - Epoch(train)  [2][ 700/7330]  lr: 1.0000e-02  eta: 1 day, 12:07:45  time: 1.6144  data_time: 0.0396  memory: 5481  loss: 0.7554  loss_cls: 0.4070  loss_bbox: 0.3484
2025/07/09 13:32:26 - mmengine - INFO - Epoch(train)  [2][ 750/7330]  lr: 1.0000e-02  eta: 1 day, 12:06:43  time: 1.6648  data_time: 0.0386  memory: 5482  loss: 0.7684  loss_cls: 0.4299  loss_bbox: 0.3385
2025/07/09 13:33:48 - mmengine - INFO - Epoch(train)  [2][ 800/7330]  lr: 1.0000e-02  eta: 1 day, 12:05:26  time: 1.6376  data_time: 0.0398  memory: 5481  loss: 0.7738  loss_cls: 0.4261  loss_bbox: 0.3477
2025/07/09 13:35:11 - mmengine - INFO - Epoch(train)  [2][ 850/7330]  lr: 1.0000e-02  eta: 1 day, 12:04:20  time: 1.6576  data_time: 0.0363  memory: 5483  loss: 0.7618  loss_cls: 0.4238  loss_bbox: 0.3379
2025/07/09 13:36:33 - mmengine - INFO - Epoch(train)  [2][ 900/7330]  lr: 1.0000e-02  eta: 1 day, 12:03:01  time: 1.6332  data_time: 0.0393  memory: 5482  loss: 0.7557  loss_cls: 0.4189  loss_bbox: 0.3369
2025/07/09 13:37:53 - mmengine - INFO - Epoch(train)  [2][ 950/7330]  lr: 1.0000e-02  eta: 1 day, 12:01:34  time: 1.6169  data_time: 0.0387  memory: 5482  loss: 0.7877  loss_cls: 0.4486  loss_bbox: 0.3390
2025/07/09 13:39:14 - mmengine - INFO - Epoch(train)  [2][1000/7330]  lr: 1.0000e-02  eta: 1 day, 12:00:05  time: 1.6124  data_time: 0.0347  memory: 5481  loss: 0.7734  loss_cls: 0.4232  loss_bbox: 0.3502
2025/07/09 13:40:36 - mmengine - INFO - Epoch(train)  [2][1050/7330]  lr: 1.0000e-02  eta: 1 day, 11:58:52  time: 1.6451  data_time: 0.0364  memory: 5481  loss: 0.7327  loss_cls: 0.3964  loss_bbox: 0.3364
2025/07/09 13:41:57 - mmengine - INFO - Epoch(train)  [2][1100/7330]  lr: 1.0000e-02  eta: 1 day, 11:57:27  time: 1.6184  data_time: 0.0368  memory: 5481  loss: 0.7978  loss_cls: 0.4458  loss_bbox: 0.3520
2025/07/09 13:43:20 - mmengine - INFO - Epoch(train)  [2][1150/7330]  lr: 1.0000e-02  eta: 1 day, 11:56:15  time: 1.6484  data_time: 0.0396  memory: 5482  loss: 0.7481  loss_cls: 0.4154  loss_bbox: 0.3327
2025/07/09 13:44:42 - mmengine - INFO - Epoch(train)  [2][1200/7330]  lr: 1.0000e-02  eta: 1 day, 11:55:00  time: 1.6414  data_time: 0.0371  memory: 5482  loss: 0.7615  loss_cls: 0.4244  loss_bbox: 0.3371
2025/07/09 13:46:02 - mmengine - INFO - Epoch(train)  [2][1250/7330]  lr: 1.0000e-02  eta: 1 day, 11:53:30  time: 1.6095  data_time: 0.0420  memory: 5483  loss: 0.7682  loss_cls: 0.4281  loss_bbox: 0.3401
2025/07/09 13:47:26 - mmengine - INFO - Epoch(train)  [2][1300/7330]  lr: 1.0000e-02  eta: 1 day, 11:52:29  time: 1.6726  data_time: 0.0367  memory: 5481  loss: 0.7744  loss_cls: 0.4236  loss_bbox: 0.3507
2025/07/09 13:48:48 - mmengine - INFO - Epoch(train)  [2][1350/7330]  lr: 1.0000e-02  eta: 1 day, 11:51:15  time: 1.6443  data_time: 0.0404  memory: 5481  loss: 0.7702  loss_cls: 0.4288  loss_bbox: 0.3414
2025/07/09 13:50:11 - mmengine - INFO - Epoch(train)  [2][1400/7330]  lr: 1.0000e-02  eta: 1 day, 11:50:06  time: 1.6540  data_time: 0.0370  memory: 5482  loss: 0.8001  loss_cls: 0.4496  loss_bbox: 0.3505
2025/07/09 13:51:34 - mmengine - INFO - Epoch(train)  [2][1450/7330]  lr: 1.0000e-02  eta: 1 day, 11:48:55  time: 1.6518  data_time: 0.0394  memory: 5481  loss: 0.7767  loss_cls: 0.4351  loss_bbox: 0.3416
2025/07/09 13:52:56 - mmengine - INFO - Epoch(train)  [2][1500/7330]  lr: 1.0000e-02  eta: 1 day, 11:47:45  time: 1.6550  data_time: 0.0394  memory: 5481  loss: 0.7593  loss_cls: 0.4006  loss_bbox: 0.3588
2025/07/09 13:54:19 - mmengine - INFO - Epoch(train)  [2][1550/7330]  lr: 1.0000e-02  eta: 1 day, 11:46:36  time: 1.6556  data_time: 0.0393  memory: 5482  loss: 0.7580  loss_cls: 0.4183  loss_bbox: 0.3397
2025/07/09 13:55:41 - mmengine - INFO - Epoch(train)  [2][1600/7330]  lr: 1.0000e-02  eta: 1 day, 11:45:16  time: 1.6321  data_time: 0.0401  memory: 5482  loss: 0.7616  loss_cls: 0.4267  loss_bbox: 0.3349
2025/07/09 13:57:04 - mmengine - INFO - Epoch(train)  [2][1650/7330]  lr: 1.0000e-02  eta: 1 day, 11:44:07  time: 1.6579  data_time: 0.0403  memory: 5482  loss: 0.7496  loss_cls: 0.4190  loss_bbox: 0.3306
2025/07/09 13:57:36 - mmengine - INFO - Exp name: retinanet_r50_fpn_1x_coco_20250709_093937
2025/07/09 13:58:26 - mmengine - INFO - Epoch(train)  [2][1700/7330]  lr: 1.0000e-02  eta: 1 day, 11:42:54  time: 1.6472  data_time: 0.0392  memory: 5481  loss: 0.7649  loss_cls: 0.4264  loss_bbox: 0.3385
2025/07/09 13:59:48 - mmengine - INFO - Epoch(train)  [2][1750/7330]  lr: 1.0000e-02  eta: 1 day, 11:41:40  time: 1.6462  data_time: 0.0405  memory: 5482  loss: 0.7719  loss_cls: 0.4297  loss_bbox: 0.3421
2025/07/09 14:01:11 - mmengine - INFO - Epoch(train)  [2][1800/7330]  lr: 1.0000e-02  eta: 1 day, 11:40:26  time: 1.6472  data_time: 0.0395  memory: 5483  loss: 0.7831  loss_cls: 0.4287  loss_bbox: 0.3544
2025/07/09 14:02:34 - mmengine - INFO - Epoch(train)  [2][1850/7330]  lr: 1.0000e-02  eta: 1 day, 11:39:22  time: 1.6695  data_time: 0.0411  memory: 5483  loss: 0.7457  loss_cls: 0.4142  loss_bbox: 0.3315
2025/07/09 14:03:58 - mmengine - INFO - Epoch(train)  [2][1900/7330]  lr: 1.0000e-02  eta: 1 day, 11:38:17  time: 1.6665  data_time: 0.0384  memory: 5481  loss: 0.7497  loss_cls: 0.4188  loss_bbox: 0.3309
2025/07/09 14:05:20 - mmengine - INFO - Epoch(train)  [2][1950/7330]  lr: 1.0000e-02  eta: 1 day, 11:37:01  time: 1.6443  data_time: 0.0406  memory: 5482  loss: 0.7568  loss_cls: 0.4102  loss_bbox: 0.3466
2025/07/09 14:06:42 - mmengine - INFO - Epoch(train)  [2][2000/7330]  lr: 1.0000e-02  eta: 1 day, 11:35:41  time: 1.6333  data_time: 0.0405  memory: 5481  loss: 0.7880  loss_cls: 0.4374  loss_bbox: 0.3506
2025/07/09 14:08:04 - mmengine - INFO - Epoch(train)  [2][2050/7330]  lr: 1.0000e-02  eta: 1 day, 11:34:27  time: 1.6458  data_time: 0.0395  memory: 5481  loss: 0.7682  loss_cls: 0.4347  loss_bbox: 0.3335
2025/07/09 14:09:26 - mmengine - INFO - Epoch(train)  [2][2100/7330]  lr: 1.0000e-02  eta: 1 day, 11:33:08  time: 1.6366  data_time: 0.0360  memory: 5481  loss: 0.7607  loss_cls: 0.4132  loss_bbox: 0.3476
2025/07/09 14:10:48 - mmengine - INFO - Epoch(train)  [2][2150/7330]  lr: 1.0000e-02  eta: 1 day, 11:31:57  time: 1.6541  data_time: 0.0382  memory: 5481  loss: 0.7504  loss_cls: 0.4213  loss_bbox: 0.3291
2025/07/09 14:12:09 - mmengine - INFO - Epoch(train)  [2][2200/7330]  lr: 1.0000e-02  eta: 1 day, 11:30:26  time: 1.6075  data_time: 0.0385  memory: 5480  loss: 0.7305  loss_cls: 0.4068  loss_bbox: 0.3236
2025/07/09 14:13:30 - mmengine - INFO - Epoch(train)  [2][2250/7330]  lr: 1.0000e-02  eta: 1 day, 11:29:01  time: 1.6216  data_time: 0.0413  memory: 5482  loss: 0.8132  loss_cls: 0.4624  loss_bbox: 0.3508
2025/07/09 14:14:52 - mmengine - INFO - Epoch(train)  [2][2300/7330]  lr: 1.0000e-02  eta: 1 day, 11:27:46  time: 1.6451  data_time: 0.0397  memory: 5482  loss: 0.7279  loss_cls: 0.4023  loss_bbox: 0.3256
2025/07/09 14:16:13 - mmengine - INFO - Epoch(train)  [2][2350/7330]  lr: 1.0000e-02  eta: 1 day, 11:26:18  time: 1.6153  data_time: 0.0414  memory: 5481  loss: 0.7551  loss_cls: 0.4262  loss_bbox: 0.3290
2025/07/09 14:17:35 - mmengine - INFO - Epoch(train)  [2][2400/7330]  lr: 1.0000e-02  eta: 1 day, 11:25:00  time: 1.6375  data_time: 0.0423  memory: 5480  loss: 0.7841  loss_cls: 0.4262  loss_bbox: 0.3579
2025/07/09 14:18:56 - mmengine - INFO - Epoch(train)  [2][2450/7330]  lr: 1.0000e-02  eta: 1 day, 11:23:37  time: 1.6261  data_time: 0.0377  memory: 5482  loss: 0.7480  loss_cls: 0.4153  loss_bbox: 0.3327
2025/07/09 14:20:19 - mmengine - INFO - Epoch(train)  [2][2500/7330]  lr: 1.0000e-02  eta: 1 day, 11:22:25  time: 1.6525  data_time: 0.0368  memory: 5482  loss: 0.7579  loss_cls: 0.4196  loss_bbox: 0.3383
2025/07/09 14:21:41 - mmengine - INFO - Epoch(train)  [2][2550/7330]  lr: 1.0000e-02  eta: 1 day, 11:21:08  time: 1.6413  data_time: 0.0391  memory: 5482  loss: 0.7948  loss_cls: 0.4420  loss_bbox: 0.3528
2025/07/09 14:23:01 - mmengine - INFO - Epoch(train)  [2][2600/7330]  lr: 1.0000e-02  eta: 1 day, 11:19:38  time: 1.6088  data_time: 0.0336  memory: 5481  loss: 0.7471  loss_cls: 0.4035  loss_bbox: 0.3436
2025/07/09 14:24:23 - mmengine - INFO - Epoch(train)  [2][2650/7330]  lr: 1.0000e-02  eta: 1 day, 11:18:17  time: 1.6325  data_time: 0.0393  memory: 5482  loss: 0.7697  loss_cls: 0.4283  loss_bbox: 0.3415
2025/07/09 14:24:56 - mmengine - INFO - Exp name: retinanet_r50_fpn_1x_coco_20250709_093937
2025/07/09 14:25:45 - mmengine - INFO - Epoch(train)  [2][2700/7330]  lr: 1.0000e-02  eta: 1 day, 11:16:56  time: 1.6316  data_time: 0.0369  memory: 5480  loss: 0.7628  loss_cls: 0.4263  loss_bbox: 0.3364
2025/07/09 14:27:05 - mmengine - INFO - Epoch(train)  [2][2750/7330]  lr: 1.0000e-02  eta: 1 day, 11:15:25  time: 1.6030  data_time: 0.0328  memory: 5482  loss: 0.7100  loss_cls: 0.3998  loss_bbox: 0.3103
2025/07/09 14:28:28 - mmengine - INFO - Epoch(train)  [2][2800/7330]  lr: 1.0000e-02  eta: 1 day, 11:14:19  time: 1.6703  data_time: 0.0389  memory: 5481  loss: 0.7542  loss_cls: 0.4161  loss_bbox: 0.3381
2025/07/09 14:29:52 - mmengine - INFO - Epoch(train)  [2][2850/7330]  lr: 1.0000e-02  eta: 1 day, 11:13:10  time: 1.6633  data_time: 0.0368  memory: 5482  loss: 0.7791  loss_cls: 0.4326  loss_bbox: 0.3464
2025/07/09 14:31:14 - mmengine - INFO - Epoch(train)  [2][2900/7330]  lr: 1.0000e-02  eta: 1 day, 11:11:52  time: 1.6402  data_time: 0.0422  memory: 5482  loss: 0.7242  loss_cls: 0.3955  loss_bbox: 0.3287
2025/07/09 14:32:35 - mmengine - INFO - Epoch(train)  [2][2950/7330]  lr: 1.0000e-02  eta: 1 day, 11:10:32  time: 1.6345  data_time: 0.0385  memory: 5484  loss: 0.7465  loss_cls: 0.4026  loss_bbox: 0.3440
2025/07/09 14:33:57 - mmengine - INFO - Epoch(train)  [2][3000/7330]  lr: 1.0000e-02  eta: 1 day, 11:09:14  time: 1.6383  data_time: 0.0398  memory: 5483  loss: 0.7730  loss_cls: 0.4277  loss_bbox: 0.3453
2025/07/09 14:35:20 - mmengine - INFO - Epoch(train)  [2][3050/7330]  lr: 1.0000e-02  eta: 1 day, 11:08:02  time: 1.6557  data_time: 0.0404  memory: 5480  loss: 0.7394  loss_cls: 0.4054  loss_bbox: 0.3340
2025/07/09 14:36:42 - mmengine - INFO - Epoch(train)  [2][3100/7330]  lr: 1.0000e-02  eta: 1 day, 11:06:42  time: 1.6348  data_time: 0.0433  memory: 5482  loss: 0.7531  loss_cls: 0.4188  loss_bbox: 0.3343
2025/07/09 14:38:05 - mmengine - INFO - Epoch(train)  [2][3150/7330]  lr: 1.0000e-02  eta: 1 day, 11:05:29  time: 1.6542  data_time: 0.0390  memory: 5480  loss: 0.7545  loss_cls: 0.4105  loss_bbox: 0.3440
2025/07/09 14:39:27 - mmengine - INFO - Epoch(train)  [2][3200/7330]  lr: 1.0000e-02  eta: 1 day, 11:04:11  time: 1.6403  data_time: 0.0408  memory: 5481  loss: 0.7257  loss_cls: 0.4018  loss_bbox: 0.3239
2025/07/09 14:40:48 - mmengine - INFO - Epoch(train)  [2][3250/7330]  lr: 1.0000e-02  eta: 1 day, 11:02:48  time: 1.6255  data_time: 0.0410  memory: 5481  loss: 0.7657  loss_cls: 0.4223  loss_bbox: 0.3434
2025/07/09 14:42:09 - mmengine - INFO - Epoch(train)  [2][3300/7330]  lr: 1.0000e-02  eta: 1 day, 11:01:22  time: 1.6168  data_time: 0.0384  memory: 5480  loss: 0.7162  loss_cls: 0.3934  loss_bbox: 0.3228
2025/07/09 14:43:31 - mmengine - INFO - Epoch(train)  [2][3350/7330]  lr: 1.0000e-02  eta: 1 day, 11:00:07  time: 1.6509  data_time: 0.0408  memory: 5481  loss: 0.7171  loss_cls: 0.4002  loss_bbox: 0.3169
2025/07/09 14:44:54 - mmengine - INFO - Epoch(train)  [2][3400/7330]  lr: 1.0000e-02  eta: 1 day, 10:58:53  time: 1.6491  data_time: 0.0399  memory: 5484  loss: 0.7755  loss_cls: 0.4310  loss_bbox: 0.3445
2025/07/09 14:46:14 - mmengine - INFO - Epoch(train)  [2][3450/7330]  lr: 1.0000e-02  eta: 1 day, 10:57:22  time: 1.6055  data_time: 0.0401  memory: 5483  loss: 0.7273  loss_cls: 0.3899  loss_bbox: 0.3375
2025/07/09 14:47:36 - mmengine - INFO - Epoch(train)  [2][3500/7330]  lr: 1.0000e-02  eta: 1 day, 10:56:06  time: 1.6461  data_time: 0.0413  memory: 5481  loss: 0.7361  loss_cls: 0.3994  loss_bbox: 0.3368
2025/07/09 14:48:57 - mmengine - INFO - Epoch(train)  [2][3550/7330]  lr: 1.0000e-02  eta: 1 day, 10:54:34  time: 1.6021  data_time: 0.0416  memory: 5481  loss: 0.7248  loss_cls: 0.3956  loss_bbox: 0.3292
2025/07/09 14:50:20 - mmengine - INFO - Epoch(train)  [2][3600/7330]  lr: 1.0000e-02  eta: 1 day, 10:53:23  time: 1.6580  data_time: 0.0400  memory: 5483  loss: 0.7350  loss_cls: 0.4140  loss_bbox: 0.3210
2025/07/09 14:51:43 - mmengine - INFO - Epoch(train)  [2][3650/7330]  lr: 1.0000e-02  eta: 1 day, 10:52:13  time: 1.6654  data_time: 0.0389  memory: 5482  loss: 0.7141  loss_cls: 0.3932  loss_bbox: 0.3210
2025/07/09 14:52:15 - mmengine - INFO - Exp name: retinanet_r50_fpn_1x_coco_20250709_093937
2025/07/09 14:53:05 - mmengine - INFO - Epoch(train)  [2][3700/7330]  lr: 1.0000e-02  eta: 1 day, 10:50:56  time: 1.6415  data_time: 0.0419  memory: 5483  loss: 0.7338  loss_cls: 0.4012  loss_bbox: 0.3326
2025/07/09 14:54:26 - mmengine - INFO - Epoch(train)  [2][3750/7330]  lr: 1.0000e-02  eta: 1 day, 10:49:31  time: 1.6226  data_time: 0.0387  memory: 5481  loss: 0.7215  loss_cls: 0.4021  loss_bbox: 0.3194
2025/07/09 14:55:47 - mmengine - INFO - Epoch(train)  [2][3800/7330]  lr: 1.0000e-02  eta: 1 day, 10:48:08  time: 1.6259  data_time: 0.0383  memory: 5484  loss: 0.7181  loss_cls: 0.3928  loss_bbox: 0.3253
2025/07/09 14:57:10 - mmengine - INFO - Epoch(train)  [2][3850/7330]  lr: 1.0000e-02  eta: 1 day, 10:46:51  time: 1.6455  data_time: 0.0409  memory: 5481  loss: 0.7276  loss_cls: 0.4000  loss_bbox: 0.3276
2025/07/09 14:58:30 - mmengine - INFO - Epoch(train)  [2][3900/7330]  lr: 1.0000e-02  eta: 1 day, 10:45:23  time: 1.6110  data_time: 0.0381  memory: 5480  loss: 0.7272  loss_cls: 0.3925  loss_bbox: 0.3347
2025/07/09 14:59:53 - mmengine - INFO - Epoch(train)  [2][3950/7330]  lr: 1.0000e-02  eta: 1 day, 10:44:07  time: 1.6455  data_time: 0.0402  memory: 5483  loss: 0.7396  loss_cls: 0.4087  loss_bbox: 0.3309
2025/07/09 15:01:15 - mmengine - INFO - Epoch(train)  [2][4000/7330]  lr: 1.0000e-02  eta: 1 day, 10:42:53  time: 1.6536  data_time: 0.0399  memory: 5481  loss: 0.7247  loss_cls: 0.4006  loss_bbox: 0.3241
2025/07/09 15:02:37 - mmengine - INFO - Epoch(train)  [2][4050/7330]  lr: 1.0000e-02  eta: 1 day, 10:41:34  time: 1.6398  data_time: 0.0415  memory: 5481  loss: 0.7081  loss_cls: 0.3802  loss_bbox: 0.3279
2025/07/09 15:04:00 - mmengine - INFO - Epoch(train)  [2][4100/7330]  lr: 1.0000e-02  eta: 1 day, 10:40:19  time: 1.6486  data_time: 0.0408  memory: 5481  loss: 0.7195  loss_cls: 0.3892  loss_bbox: 0.3303
2025/07/09 15:05:21 - mmengine - INFO - Epoch(train)  [2][4150/7330]  lr: 1.0000e-02  eta: 1 day, 10:38:56  time: 1.6263  data_time: 0.0435  memory: 5481  loss: 0.7397  loss_cls: 0.4092  loss_bbox: 0.3305
2025/07/09 15:06:43 - mmengine - INFO - Epoch(train)  [2][4200/7330]  lr: 1.0000e-02  eta: 1 day, 10:37:38  time: 1.6421  data_time: 0.0402  memory: 5483  loss: 0.7056  loss_cls: 0.3864  loss_bbox: 0.3192
2025/07/09 15:08:05 - mmengine - INFO - Epoch(train)  [2][4250/7330]  lr: 1.0000e-02  eta: 1 day, 10:36:16  time: 1.6294  data_time: 0.0346  memory: 5482  loss: 0.7154  loss_cls: 0.3860  loss_bbox: 0.3294
2025/07/09 15:09:26 - mmengine - INFO - Epoch(train)  [2][4300/7330]  lr: 1.0000e-02  eta: 1 day, 10:34:55  time: 1.6327  data_time: 0.0417  memory: 5481  loss: 0.7506  loss_cls: 0.4138  loss_bbox: 0.3367
2025/07/09 15:10:48 - mmengine - INFO - Epoch(train)  [2][4350/7330]  lr: 1.0000e-02  eta: 1 day, 10:33:34  time: 1.6352  data_time: 0.0416  memory: 5484  loss: 0.7061  loss_cls: 0.3874  loss_bbox: 0.3188
2025/07/09 15:12:11 - mmengine - INFO - Epoch(train)  [2][4400/7330]  lr: 1.0000e-02  eta: 1 day, 10:32:19  time: 1.6508  data_time: 0.0394  memory: 5481  loss: 0.7005  loss_cls: 0.3910  loss_bbox: 0.3095
2025/07/09 15:13:33 - mmengine - INFO - Epoch(train)  [2][4450/7330]  lr: 1.0000e-02  eta: 1 day, 10:31:06  time: 1.6558  data_time: 0.0427  memory: 5481  loss: 0.7189  loss_cls: 0.3927  loss_bbox: 0.3263
2025/07/09 15:14:54 - mmengine - INFO - Epoch(train)  [2][4500/7330]  lr: 1.0000e-02  eta: 1 day, 10:29:40  time: 1.6196  data_time: 0.0419  memory: 5483  loss: 0.7516  loss_cls: 0.4150  loss_bbox: 0.3366
2025/07/09 15:16:16 - mmengine - INFO - Epoch(train)  [2][4550/7330]  lr: 1.0000e-02  eta: 1 day, 10:28:21  time: 1.6384  data_time: 0.0394  memory: 5481  loss: 0.7177  loss_cls: 0.3918  loss_bbox: 0.3259
2025/07/09 15:17:40 - mmengine - INFO - Epoch(train)  [2][4600/7330]  lr: 1.0000e-02  eta: 1 day, 10:27:11  time: 1.6661  data_time: 0.0413  memory: 5482  loss: 0.7164  loss_cls: 0.3842  loss_bbox: 0.3322
2025/07/09 15:19:01 - mmengine - INFO - Epoch(train)  [2][4650/7330]  lr: 1.0000e-02  eta: 1 day, 10:25:47  time: 1.6238  data_time: 0.0414  memory: 5481  loss: 0.7218  loss_cls: 0.4005  loss_bbox: 0.3213
2025/07/09 15:19:34 - mmengine - INFO - Exp name: retinanet_r50_fpn_1x_coco_20250709_093937
2025/07/09 15:20:22 - mmengine - INFO - Epoch(train)  [2][4700/7330]  lr: 1.0000e-02  eta: 1 day, 10:24:24  time: 1.6263  data_time: 0.0417  memory: 5483  loss: 0.7581  loss_cls: 0.4220  loss_bbox: 0.3361
2025/07/09 15:21:45 - mmengine - INFO - Epoch(train)  [2][4750/7330]  lr: 1.0000e-02  eta: 1 day, 10:23:09  time: 1.6516  data_time: 0.0368  memory: 5482  loss: 0.6898  loss_cls: 0.3765  loss_bbox: 0.3133
2025/07/09 15:23:07 - mmengine - INFO - Epoch(train)  [2][4800/7330]  lr: 1.0000e-02  eta: 1 day, 10:21:49  time: 1.6386  data_time: 0.0372  memory: 5482  loss: 0.6879  loss_cls: 0.3781  loss_bbox: 0.3098
2025/07/09 15:24:28 - mmengine - INFO - Epoch(train)  [2][4850/7330]  lr: 1.0000e-02  eta: 1 day, 10:20:24  time: 1.6209  data_time: 0.0395  memory: 5480  loss: 0.6906  loss_cls: 0.3778  loss_bbox: 0.3128
2025/07/09 15:25:50 - mmengine - INFO - Epoch(train)  [2][4900/7330]  lr: 1.0000e-02  eta: 1 day, 10:19:08  time: 1.6489  data_time: 0.0401  memory: 5481  loss: 0.7067  loss_cls: 0.3834  loss_bbox: 0.3233
2025/07/09 15:27:11 - mmengine - INFO - Epoch(train)  [2][4950/7330]  lr: 1.0000e-02  eta: 1 day, 10:17:43  time: 1.6204  data_time: 0.0392  memory: 5485  loss: 0.7148  loss_cls: 0.3859  loss_bbox: 0.3289
2025/07/09 15:28:34 - mmengine - INFO - Epoch(train)  [2][5000/7330]  lr: 1.0000e-02  eta: 1 day, 10:16:26  time: 1.6460  data_time: 0.0427  memory: 5482  loss: 0.7168  loss_cls: 0.3895  loss_bbox: 0.3273
2025/07/09 15:29:57 - mmengine - INFO - Epoch(train)  [2][5050/7330]  lr: 1.0000e-02  eta: 1 day, 10:15:12  time: 1.6573  data_time: 0.0421  memory: 5481  loss: 0.7205  loss_cls: 0.3945  loss_bbox: 0.3259
2025/07/09 15:31:18 - mmengine - INFO - Epoch(train)  [2][5100/7330]  lr: 1.0000e-02  eta: 1 day, 10:13:52  time: 1.6347  data_time: 0.0385  memory: 5482  loss: 0.7222  loss_cls: 0.3955  loss_bbox: 0.3267
2025/07/09 15:32:40 - mmengine - INFO - Epoch(train)  [2][5150/7330]  lr: 1.0000e-02  eta: 1 day, 10:12:29  time: 1.6280  data_time: 0.0367  memory: 5482  loss: 0.7244  loss_cls: 0.3967  loss_bbox: 0.3277
2025/07/09 15:34:00 - mmengine - INFO - Epoch(train)  [2][5200/7330]  lr: 1.0000e-02  eta: 1 day, 10:11:00  time: 1.6070  data_time: 0.0358  memory: 5483  loss: 0.7017  loss_cls: 0.3722  loss_bbox: 0.3295
2025/07/09 15:35:21 - mmengine - INFO - Epoch(train)  [2][5250/7330]  lr: 1.0000e-02  eta: 1 day, 10:09:37  time: 1.6255  data_time: 0.0349  memory: 5480  loss: 0.7440  loss_cls: 0.4040  loss_bbox: 0.3399
2025/07/09 15:36:42 - mmengine - INFO - Epoch(train)  [2][5300/7330]  lr: 1.0000e-02  eta: 1 day, 10:08:10  time: 1.6132  data_time: 0.0370  memory: 5481  loss: 0.7132  loss_cls: 0.3906  loss_bbox: 0.3225
2025/07/09 15:38:04 - mmengine - INFO - Epoch(train)  [2][5350/7330]  lr: 1.0000e-02  eta: 1 day, 10:06:49  time: 1.6326  data_time: 0.0354  memory: 5482  loss: 0.6953  loss_cls: 0.3721  loss_bbox: 0.3232
2025/07/09 15:39:26 - mmengine - INFO - Epoch(train)  [2][5400/7330]  lr: 1.0000e-02  eta: 1 day, 10:05:31  time: 1.6452  data_time: 0.0425  memory: 5481  loss: 0.7183  loss_cls: 0.3885  loss_bbox: 0.3298
2025/07/09 15:40:47 - mmengine - INFO - Epoch(train)  [2][5450/7330]  lr: 1.0000e-02  eta: 1 day, 10:04:05  time: 1.6163  data_time: 0.0394  memory: 5481  loss: 0.6921  loss_cls: 0.3636  loss_bbox: 0.3285
2025/07/09 15:42:10 - mmengine - INFO - Epoch(train)  [2][5500/7330]  lr: 1.0000e-02  eta: 1 day, 10:02:51  time: 1.6574  data_time: 0.0429  memory: 5481  loss: 0.7190  loss_cls: 0.3867  loss_bbox: 0.3324
2025/07/09 15:43:31 - mmengine - INFO - Epoch(train)  [2][5550/7330]  lr: 1.0000e-02  eta: 1 day, 10:01:27  time: 1.6222  data_time: 0.0395  memory: 5482  loss: 0.7070  loss_cls: 0.3881  loss_bbox: 0.3189
2025/07/09 15:44:53 - mmengine - INFO - Epoch(train)  [2][5600/7330]  lr: 1.0000e-02  eta: 1 day, 10:00:07  time: 1.6366  data_time: 0.0410  memory: 5481  loss: 0.7428  loss_cls: 0.4082  loss_bbox: 0.3346
2025/07/09 15:46:16 - mmengine - INFO - Epoch(train)  [2][5650/7330]  lr: 1.0000e-02  eta: 1 day, 9:58:55  time: 1.6652  data_time: 0.0381  memory: 5481  loss: 0.7200  loss_cls: 0.3990  loss_bbox: 0.3210
2025/07/09 15:46:49 - mmengine - INFO - Exp name: retinanet_r50_fpn_1x_coco_20250709_093937
2025/07/09 15:47:38 - mmengine - INFO - Epoch(train)  [2][5700/7330]  lr: 1.0000e-02  eta: 1 day, 9:57:33  time: 1.6298  data_time: 0.0378  memory: 5482  loss: 0.7175  loss_cls: 0.3986  loss_bbox: 0.3189
2025/07/09 15:48:58 - mmengine - INFO - Epoch(train)  [2][5750/7330]  lr: 1.0000e-02  eta: 1 day, 9:56:05  time: 1.6091  data_time: 0.0360  memory: 5482  loss: 0.7089  loss_cls: 0.3853  loss_bbox: 0.3236
2025/07/09 15:50:19 - mmengine - INFO - Epoch(train)  [2][5800/7330]  lr: 1.0000e-02  eta: 1 day, 9:54:40  time: 1.6197  data_time: 0.0393  memory: 5482  loss: 0.7209  loss_cls: 0.3986  loss_bbox: 0.3223
2025/07/09 15:51:41 - mmengine - INFO - Epoch(train)  [2][5850/7330]  lr: 1.0000e-02  eta: 1 day, 9:53:18  time: 1.6291  data_time: 0.0388  memory: 5482  loss: 0.7356  loss_cls: 0.4030  loss_bbox: 0.3325
2025/07/09 15:53:03 - mmengine - INFO - Epoch(train)  [2][5900/7330]  lr: 1.0000e-02  eta: 1 day, 9:52:02  time: 1.6519  data_time: 0.0424  memory: 5481  loss: 0.6915  loss_cls: 0.3710  loss_bbox: 0.3204
2025/07/09 15:54:25 - mmengine - INFO - Epoch(train)  [2][5950/7330]  lr: 1.0000e-02  eta: 1 day, 9:50:41  time: 1.6340  data_time: 0.0360  memory: 5483  loss: 0.7355  loss_cls: 0.4075  loss_bbox: 0.3279
2025/07/09 15:55:47 - mmengine - INFO - Epoch(train)  [2][6000/7330]  lr: 1.0000e-02  eta: 1 day, 9:49:21  time: 1.6378  data_time: 0.0382  memory: 5480  loss: 0.7139  loss_cls: 0.3854  loss_bbox: 0.3285
2025/07/09 15:57:08 - mmengine - INFO - Epoch(train)  [2][6050/7330]  lr: 1.0000e-02  eta: 1 day, 9:47:57  time: 1.6225  data_time: 0.0408  memory: 5483  loss: 0.7196  loss_cls: 0.3887  loss_bbox: 0.3309
2025/07/09 15:58:30 - mmengine - INFO - Epoch(train)  [2][6100/7330]  lr: 1.0000e-02  eta: 1 day, 9:46:39  time: 1.6438  data_time: 0.0433  memory: 5482  loss: 0.7411  loss_cls: 0.4085  loss_bbox: 0.3326
2025/07/09 15:59:51 - mmengine - INFO - Epoch(train)  [2][6150/7330]  lr: 1.0000e-02  eta: 1 day, 9:45:13  time: 1.6154  data_time: 0.0304  memory: 5481  loss: 0.6898  loss_cls: 0.3717  loss_bbox: 0.3181
2025/07/09 16:01:12 - mmengine - INFO - Epoch(train)  [2][6200/7330]  lr: 1.0000e-02  eta: 1 day, 9:43:46  time: 1.6136  data_time: 0.0381  memory: 5482  loss: 0.7101  loss_cls: 0.3813  loss_bbox: 0.3288
2025/07/09 16:02:33 - mmengine - INFO - Epoch(train)  [2][6250/7330]  lr: 1.0000e-02  eta: 1 day, 9:42:26  time: 1.6354  data_time: 0.0385  memory: 5482  loss: 0.7141  loss_cls: 0.3968  loss_bbox: 0.3174
2025/07/09 16:03:54 - mmengine - INFO - Epoch(train)  [2][6300/7330]  lr: 1.0000e-02  eta: 1 day, 9:41:01  time: 1.6184  data_time: 0.0366  memory: 5481  loss: 0.7146  loss_cls: 0.3906  loss_bbox: 0.3240
2025/07/09 16:05:16 - mmengine - INFO - Epoch(train)  [2][6350/7330]  lr: 1.0000e-02  eta: 1 day, 9:39:38  time: 1.6258  data_time: 0.0412  memory: 5481  loss: 0.7016  loss_cls: 0.3765  loss_bbox: 0.3251
2025/07/09 16:06:37 - mmengine - INFO - Epoch(train)  [2][6400/7330]  lr: 1.0000e-02  eta: 1 day, 9:38:17  time: 1.6345  data_time: 0.0366  memory: 5480  loss: 0.7029  loss_cls: 0.3821  loss_bbox: 0.3207
2025/07/09 16:07:59 - mmengine - INFO - Epoch(train)  [2][6450/7330]  lr: 1.0000e-02  eta: 1 day, 9:36:57  time: 1.6378  data_time: 0.0390  memory: 5480  loss: 0.7288  loss_cls: 0.4060  loss_bbox: 0.3228
2025/07/09 16:09:20 - mmengine - INFO - Epoch(train)  [2][6500/7330]  lr: 1.0000e-02  eta: 1 day, 9:35:33  time: 1.6216  data_time: 0.0405  memory: 5482  loss: 0.6949  loss_cls: 0.3797  loss_bbox: 0.3152
2025/07/09 16:10:42 - mmengine - INFO - Epoch(train)  [2][6550/7330]  lr: 1.0000e-02  eta: 1 day, 9:34:10  time: 1.6269  data_time: 0.0428  memory: 5481  loss: 0.7255  loss_cls: 0.3912  loss_bbox: 0.3342
2025/07/09 16:12:04 - mmengine - INFO - Epoch(train)  [2][6600/7330]  lr: 1.0000e-02  eta: 1 day, 9:32:51  time: 1.6392  data_time: 0.0424  memory: 5483  loss: 0.7392  loss_cls: 0.4083  loss_bbox: 0.3309
2025/07/09 16:13:25 - mmengine - INFO - Epoch(train)  [2][6650/7330]  lr: 1.0000e-02  eta: 1 day, 9:31:29  time: 1.6317  data_time: 0.0399  memory: 5481  loss: 0.6877  loss_cls: 0.3776  loss_bbox: 0.3101
2025/07/09 16:13:59 - mmengine - INFO - Exp name: retinanet_r50_fpn_1x_coco_20250709_093937
2025/07/09 16:14:47 - mmengine - INFO - Epoch(train)  [2][6700/7330]  lr: 1.0000e-02  eta: 1 day, 9:30:08  time: 1.6322  data_time: 0.0396  memory: 5481  loss: 0.7199  loss_cls: 0.3932  loss_bbox: 0.3267
2025/07/09 16:16:10 - mmengine - INFO - Epoch(train)  [2][6750/7330]  lr: 1.0000e-02  eta: 1 day, 9:28:52  time: 1.6526  data_time: 0.0356  memory: 5480  loss: 0.6938  loss_cls: 0.3830  loss_bbox: 0.3109
2025/07/09 16:17:31 - mmengine - INFO - Epoch(train)  [2][6800/7330]  lr: 1.0000e-02  eta: 1 day, 9:27:31  time: 1.6333  data_time: 0.0410  memory: 5483  loss: 0.7386  loss_cls: 0.4093  loss_bbox: 0.3293
2025/07/09 16:18:54 - mmengine - INFO - Epoch(train)  [2][6850/7330]  lr: 1.0000e-02  eta: 1 day, 9:26:17  time: 1.6594  data_time: 0.0390  memory: 5481  loss: 0.7088  loss_cls: 0.3857  loss_bbox: 0.3232
2025/07/09 16:20:16 - mmengine - INFO - Epoch(train)  [2][6900/7330]  lr: 1.0000e-02  eta: 1 day, 9:24:56  time: 1.6346  data_time: 0.0416  memory: 5484  loss: 0.6739  loss_cls: 0.3720  loss_bbox: 0.3020
2025/07/09 16:21:38 - mmengine - INFO - Epoch(train)  [2][6950/7330]  lr: 1.0000e-02  eta: 1 day, 9:23:36  time: 1.6374  data_time: 0.0406  memory: 5482  loss: 0.7109  loss_cls: 0.3861  loss_bbox: 0.3248
2025/07/09 16:23:01 - mmengine - INFO - Epoch(train)  [2][7000/7330]  lr: 1.0000e-02  eta: 1 day, 9:22:19  time: 1.6515  data_time: 0.0414  memory: 5482  loss: 0.6858  loss_cls: 0.3678  loss_bbox: 0.3180
2025/07/09 16:24:23 - mmengine - INFO - Epoch(train)  [2][7050/7330]  lr: 1.0000e-02  eta: 1 day, 9:21:04  time: 1.6546  data_time: 0.0415  memory: 5484  loss: 0.6926  loss_cls: 0.3768  loss_bbox: 0.3158
2025/07/09 16:25:47 - mmengine - INFO - Epoch(train)  [2][7100/7330]  lr: 1.0000e-02  eta: 1 day, 9:19:52  time: 1.6713  data_time: 0.0365  memory: 5482  loss: 0.6912  loss_cls: 0.3815  loss_bbox: 0.3098
2025/07/09 16:27:08 - mmengine - INFO - Epoch(train)  [2][7150/7330]  lr: 1.0000e-02  eta: 1 day, 9:18:26  time: 1.6127  data_time: 0.0376  memory: 5481  loss: 0.7376  loss_cls: 0.3992  loss_bbox: 0.3384
2025/07/09 16:28:30 - mmengine - INFO - Epoch(train)  [2][7200/7330]  lr: 1.0000e-02  eta: 1 day, 9:17:06  time: 1.6419  data_time: 0.0364  memory: 5482  loss: 0.7173  loss_cls: 0.3945  loss_bbox: 0.3228
2025/07/09 16:29:51 - mmengine - INFO - Epoch(train)  [2][7250/7330]  lr: 1.0000e-02  eta: 1 day, 9:15:44  time: 1.6288  data_time: 0.0354  memory: 5482  loss: 0.6884  loss_cls: 0.3661  loss_bbox: 0.3223
2025/07/09 16:31:12 - mmengine - INFO - Epoch(train)  [2][7300/7330]  lr: 1.0000e-02  eta: 1 day, 9:14:16  time: 1.6073  data_time: 0.0379  memory: 5482  loss: 0.6992  loss_cls: 0.3866  loss_bbox: 0.3126
2025/07/09 16:32:00 - mmengine - INFO - Exp name: retinanet_r50_fpn_1x_coco_20250709_093937
2025/07/09 16:32:00 - mmengine - INFO - Saving checkpoint at 2 epochs
2025/07/09 16:32:12 - mmengine - INFO - Epoch(val)  [2][  50/1250]    eta: 0:04:05  time: 0.2046  data_time: 0.0086  memory: 8450  
2025/07/09 16:32:21 - mmengine - INFO - Epoch(val)  [2][ 100/1250]    eta: 0:03:50  time: 0.1959  data_time: 0.0075  memory: 823  
2025/07/09 16:32:31 - mmengine - INFO - Epoch(val)  [2][ 150/1250]    eta: 0:03:38  time: 0.1946  data_time: 0.0065  memory: 832  
2025/07/09 16:32:41 - mmengine - INFO - Epoch(val)  [2][ 200/1250]    eta: 0:03:28  time: 0.1984  data_time: 0.0076  memory: 834  
2025/07/09 16:32:51 - mmengine - INFO - Epoch(val)  [2][ 250/1250]    eta: 0:03:18  time: 0.1967  data_time: 0.0076  memory: 817  
2025/07/09 16:33:01 - mmengine - INFO - Epoch(val)  [2][ 300/1250]    eta: 0:03:07  time: 0.1958  data_time: 0.0076  memory: 816  
2025/07/09 16:33:11 - mmengine - INFO - Epoch(val)  [2][ 350/1250]    eta: 0:02:58  time: 0.1985  data_time: 0.0087  memory: 816  
2025/07/09 16:33:20 - mmengine - INFO - Epoch(val)  [2][ 400/1250]    eta: 0:02:47  time: 0.1965  data_time: 0.0079  memory: 800  
2025/07/09 16:33:30 - mmengine - INFO - Epoch(val)  [2][ 450/1250]    eta: 0:02:38  time: 0.1966  data_time: 0.0078  memory: 832  
2025/07/09 16:33:40 - mmengine - INFO - Epoch(val)  [2][ 500/1250]    eta: 0:02:28  time: 0.1965  data_time: 0.0083  memory: 832  
2025/07/09 16:33:50 - mmengine - INFO - Epoch(val)  [2][ 550/1250]    eta: 0:02:17  time: 0.1930  data_time: 0.0074  memory: 800  
2025/07/09 16:34:00 - mmengine - INFO - Epoch(val)  [2][ 600/1250]    eta: 0:02:07  time: 0.1956  data_time: 0.0061  memory: 815  
2025/07/09 16:34:09 - mmengine - INFO - Epoch(val)  [2][ 650/1250]    eta: 0:01:57  time: 0.1924  data_time: 0.0066  memory: 816  
2025/07/09 16:34:19 - mmengine - INFO - Epoch(val)  [2][ 700/1250]    eta: 0:01:48  time: 0.1984  data_time: 0.0067  memory: 824  
2025/07/09 16:34:29 - mmengine - INFO - Epoch(val)  [2][ 750/1250]    eta: 0:01:38  time: 0.1978  data_time: 0.0072  memory: 823  
2025/07/09 16:34:39 - mmengine - INFO - Epoch(val)  [2][ 800/1250]    eta: 0:01:28  time: 0.1935  data_time: 0.0058  memory: 832  
2025/07/09 16:34:49 - mmengine - INFO - Epoch(val)  [2][ 850/1250]    eta: 0:01:18  time: 0.1954  data_time: 0.0070  memory: 832  
2025/07/09 16:34:58 - mmengine - INFO - Epoch(val)  [2][ 900/1250]    eta: 0:01:08  time: 0.1961  data_time: 0.0072  memory: 832  
2025/07/09 16:35:08 - mmengine - INFO - Epoch(val)  [2][ 950/1250]    eta: 0:00:58  time: 0.1936  data_time: 0.0075  memory: 820  
2025/07/09 16:35:18 - mmengine - INFO - Epoch(val)  [2][1000/1250]    eta: 0:00:49  time: 0.1935  data_time: 0.0078  memory: 817  
2025/07/09 16:35:28 - mmengine - INFO - Epoch(val)  [2][1050/1250]    eta: 0:00:39  time: 0.1990  data_time: 0.0077  memory: 823  
2025/07/09 16:35:37 - mmengine - INFO - Epoch(val)  [2][1100/1250]    eta: 0:00:29  time: 0.1948  data_time: 0.0073  memory: 834  
2025/07/09 16:35:47 - mmengine - INFO - Epoch(val)  [2][1150/1250]    eta: 0:00:19  time: 0.1975  data_time: 0.0075  memory: 823  
2025/07/09 16:35:57 - mmengine - INFO - Epoch(val)  [2][1200/1250]    eta: 0:00:09  time: 0.1948  data_time: 0.0077  memory: 824  
2025/07/09 16:36:07 - mmengine - INFO - Epoch(val)  [2][1250/1250]    eta: 0:00:00  time: 0.1921  data_time: 0.0071  memory: 832  
2025/07/09 16:36:14 - mmengine - INFO - Evaluating bbox...
2025/07/09 16:37:01 - mmengine - INFO - bbox_mAP_copypaste: 0.217 0.360 0.225 0.121 0.253 0.276
2025/07/09 16:37:02 - mmengine - INFO - Epoch(val) [2][1250/1250]    coco/bbox_mAP: 0.2170  coco/bbox_mAP_50: 0.3600  coco/bbox_mAP_75: 0.2250  coco/bbox_mAP_s: 0.1210  coco/bbox_mAP_m: 0.2530  coco/bbox_mAP_l: 0.2760  data_time: 0.0074  time: 0.1961
2025/07/09 16:38:23 - mmengine - INFO - Epoch(train)  [3][  50/7330]  lr: 1.0000e-02  eta: 1 day, 9:11:59  time: 1.6243  data_time: 0.0425  memory: 5481  loss: 0.6595  loss_cls: 0.3614  loss_bbox: 0.2981
2025/07/09 16:39:44 - mmengine - INFO - Epoch(train)  [3][ 100/7330]  lr: 1.0000e-02  eta: 1 day, 9:10:33  time: 1.6147  data_time: 0.0351  memory: 5481  loss: 0.6618  loss_cls: 0.3623  loss_bbox: 0.2995
2025/07/09 16:41:04 - mmengine - INFO - Epoch(train)  [3][ 150/7330]  lr: 1.0000e-02  eta: 1 day, 9:09:04  time: 1.6008  data_time: 0.0434  memory: 5481  loss: 0.6724  loss_cls: 0.3633  loss_bbox: 0.3092
2025/07/09 16:42:27 - mmengine - INFO - Epoch(train)  [3][ 200/7330]  lr: 1.0000e-02  eta: 1 day, 9:07:50  time: 1.6614  data_time: 0.0374  memory: 5481  loss: 0.6937  loss_cls: 0.3755  loss_bbox: 0.3183
2025/07/09 16:43:50 - mmengine - INFO - Epoch(train)  [3][ 250/7330]  lr: 1.0000e-02  eta: 1 day, 9:06:34  time: 1.6553  data_time: 0.0404  memory: 5481  loss: 0.6891  loss_cls: 0.3784  loss_bbox: 0.3107
2025/07/09 16:45:11 - mmengine - INFO - Epoch(train)  [3][ 300/7330]  lr: 1.0000e-02  eta: 1 day, 9:05:12  time: 1.6284  data_time: 0.0380  memory: 5483  loss: 0.6758  loss_cls: 0.3687  loss_bbox: 0.3071
2025/07/09 16:46:17 - mmengine - INFO - Exp name: retinanet_r50_fpn_1x_coco_20250709_093937
2025/07/09 16:46:33 - mmengine - INFO - Epoch(train)  [3][ 350/7330]  lr: 1.0000e-02  eta: 1 day, 9:03:50  time: 1.6309  data_time: 0.0420  memory: 5480  loss: 0.6723  loss_cls: 0.3559  loss_bbox: 0.3164
2025/07/09 16:47:54 - mmengine - INFO - Epoch(train)  [3][ 400/7330]  lr: 1.0000e-02  eta: 1 day, 9:02:27  time: 1.6270  data_time: 0.0353  memory: 5482  loss: 0.6768  loss_cls: 0.3631  loss_bbox: 0.3136
2025/07/09 16:49:16 - mmengine - INFO - Epoch(train)  [3][ 450/7330]  lr: 1.0000e-02  eta: 1 day, 9:01:09  time: 1.6468  data_time: 0.0361  memory: 5481  loss: 0.6617  loss_cls: 0.3605  loss_bbox: 0.3012
2025/07/09 16:50:38 - mmengine - INFO - Epoch(train)  [3][ 500/7330]  lr: 1.0000e-02  eta: 1 day, 8:59:46  time: 1.6226  data_time: 0.0377  memory: 5480  loss: 0.6674  loss_cls: 0.3613  loss_bbox: 0.3062
2025/07/09 16:51:59 - mmengine - INFO - Epoch(train)  [3][ 550/7330]  lr: 1.0000e-02  eta: 1 day, 8:58:24  time: 1.6336  data_time: 0.0385  memory: 5481  loss: 0.6771  loss_cls: 0.3539  loss_bbox: 0.3231
2025/07/09 16:53:21 - mmengine - INFO - Epoch(train)  [3][ 600/7330]  lr: 1.0000e-02  eta: 1 day, 8:57:03  time: 1.6315  data_time: 0.0388  memory: 5481  loss: 0.6720  loss_cls: 0.3611  loss_bbox: 0.3110
2025/07/09 16:54:43 - mmengine - INFO - Epoch(train)  [3][ 650/7330]  lr: 1.0000e-02  eta: 1 day, 8:55:42  time: 1.6338  data_time: 0.0428  memory: 5480  loss: 0.7071  loss_cls: 0.3783  loss_bbox: 0.3287
2025/07/09 16:56:04 - mmengine - INFO - Epoch(train)  [3][ 700/7330]  lr: 1.0000e-02  eta: 1 day, 8:54:21  time: 1.6368  data_time: 0.0418  memory: 5482  loss: 0.6729  loss_cls: 0.3664  loss_bbox: 0.3065
2025/07/09 16:57:28 - mmengine - INFO - Epoch(train)  [3][ 750/7330]  lr: 1.0000e-02  eta: 1 day, 8:53:09  time: 1.6710  data_time: 0.0402  memory: 5481  loss: 0.6895  loss_cls: 0.3668  loss_bbox: 0.3228
2025/07/09 16:58:49 - mmengine - INFO - Epoch(train)  [3][ 800/7330]  lr: 1.0000e-02  eta: 1 day, 8:51:46  time: 1.6258  data_time: 0.0398  memory: 5481  loss: 0.6845  loss_cls: 0.3704  loss_bbox: 0.3141
2025/07/09 17:00:13 - mmengine - INFO - Epoch(train)  [3][ 850/7330]  lr: 1.0000e-02  eta: 1 day, 8:50:35  time: 1.6788  data_time: 0.0405  memory: 5483  loss: 0.6908  loss_cls: 0.3808  loss_bbox: 0.3100
2025/07/09 17:01:34 - mmengine - INFO - Epoch(train)  [3][ 900/7330]  lr: 1.0000e-02  eta: 1 day, 8:49:07  time: 1.6040  data_time: 0.0406  memory: 5481  loss: 0.6709  loss_cls: 0.3606  loss_bbox: 0.3103
2025/07/09 17:02:55 - mmengine - INFO - Epoch(train)  [3][ 950/7330]  lr: 1.0000e-02  eta: 1 day, 8:47:47  time: 1.6385  data_time: 0.0409  memory: 5481  loss: 0.6849  loss_cls: 0.3738  loss_bbox: 0.3111
2025/07/09 17:04:17 - mmengine - INFO - Epoch(train)  [3][1000/7330]  lr: 1.0000e-02  eta: 1 day, 8:46:27  time: 1.6367  data_time: 0.0378  memory: 5483  loss: 0.6505  loss_cls: 0.3402  loss_bbox: 0.3103
2025/07/09 17:05:38 - mmengine - INFO - Epoch(train)  [3][1050/7330]  lr: 1.0000e-02  eta: 1 day, 8:45:00  time: 1.6085  data_time: 0.0386  memory: 5482  loss: 0.6428  loss_cls: 0.3475  loss_bbox: 0.2953
2025/07/09 17:07:00 - mmengine - INFO - Epoch(train)  [3][1100/7330]  lr: 1.0000e-02  eta: 1 day, 8:43:42  time: 1.6483  data_time: 0.0414  memory: 5481  loss: 0.6655  loss_cls: 0.3553  loss_bbox: 0.3102
2025/07/09 17:08:22 - mmengine - INFO - Epoch(train)  [3][1150/7330]  lr: 1.0000e-02  eta: 1 day, 8:42:22  time: 1.6377  data_time: 0.0401  memory: 5480  loss: 0.6772  loss_cls: 0.3582  loss_bbox: 0.3189
2025/07/09 17:09:45 - mmengine - INFO - Epoch(train)  [3][1200/7330]  lr: 1.0000e-02  eta: 1 day, 8:41:06  time: 1.6599  data_time: 0.0387  memory: 5482  loss: 0.6620  loss_cls: 0.3598  loss_bbox: 0.3022
2025/07/09 17:11:06 - mmengine - INFO - Epoch(train)  [3][1250/7330]  lr: 1.0000e-02  eta: 1 day, 8:39:42  time: 1.6210  data_time: 0.0384  memory: 5481  loss: 0.6613  loss_cls: 0.3623  loss_bbox: 0.2990
2025/07/09 17:12:27 - mmengine - INFO - Epoch(train)  [3][1300/7330]  lr: 1.0000e-02  eta: 1 day, 8:38:18  time: 1.6216  data_time: 0.0365  memory: 5480  loss: 0.6688  loss_cls: 0.3569  loss_bbox: 0.3119
2025/07/09 17:13:33 - mmengine - INFO - Exp name: retinanet_r50_fpn_1x_coco_20250709_093937
2025/07/09 17:13:50 - mmengine - INFO - Epoch(train)  [3][1350/7330]  lr: 1.0000e-02  eta: 1 day, 8:37:02  time: 1.6546  data_time: 0.0401  memory: 5483  loss: 0.6552  loss_cls: 0.3585  loss_bbox: 0.2967
2025/07/09 17:15:11 - mmengine - INFO - Epoch(train)  [3][1400/7330]  lr: 1.0000e-02  eta: 1 day, 8:35:39  time: 1.6274  data_time: 0.0406  memory: 5482  loss: 0.6844  loss_cls: 0.3683  loss_bbox: 0.3161
2025/07/09 17:16:34 - mmengine - INFO - Epoch(train)  [3][1450/7330]  lr: 1.0000e-02  eta: 1 day, 8:34:22  time: 1.6514  data_time: 0.0412  memory: 5481  loss: 0.6400  loss_cls: 0.3515  loss_bbox: 0.2885
2025/07/09 17:17:57 - mmengine - INFO - Epoch(train)  [3][1500/7330]  lr: 1.0000e-02  eta: 1 day, 8:33:05  time: 1.6549  data_time: 0.0412  memory: 5481  loss: 0.6658  loss_cls: 0.3580  loss_bbox: 0.3078
2025/07/09 17:19:19 - mmengine - INFO - Epoch(train)  [3][1550/7330]  lr: 1.0000e-02  eta: 1 day, 8:31:47  time: 1.6485  data_time: 0.0440  memory: 5482  loss: 0.7027  loss_cls: 0.3735  loss_bbox: 0.3291
2025/07/09 17:20:41 - mmengine - INFO - Epoch(train)  [3][1600/7330]  lr: 1.0000e-02  eta: 1 day, 8:30:24  time: 1.6251  data_time: 0.0386  memory: 5482  loss: 0.7099  loss_cls: 0.3834  loss_bbox: 0.3264
2025/07/09 17:22:02 - mmengine - INFO - Epoch(train)  [3][1650/7330]  lr: 1.0000e-02  eta: 1 day, 8:29:00  time: 1.6204  data_time: 0.0430  memory: 5481  loss: 0.6852  loss_cls: 0.3665  loss_bbox: 0.3186
2025/07/09 17:23:23 - mmengine - INFO - Epoch(train)  [3][1700/7330]  lr: 1.0000e-02  eta: 1 day, 8:27:38  time: 1.6319  data_time: 0.0435  memory: 5481  loss: 0.6495  loss_cls: 0.3482  loss_bbox: 0.3013
2025/07/09 17:24:45 - mmengine - INFO - Epoch(train)  [3][1750/7330]  lr: 1.0000e-02  eta: 1 day, 8:26:17  time: 1.6323  data_time: 0.0423  memory: 5483  loss: 0.6558  loss_cls: 0.3455  loss_bbox: 0.3103
2025/07/09 17:26:08 - mmengine - INFO - Epoch(train)  [3][1800/7330]  lr: 1.0000e-02  eta: 1 day, 8:25:01  time: 1.6599  data_time: 0.0373  memory: 5481  loss: 0.6716  loss_cls: 0.3625  loss_bbox: 0.3092
2025/07/09 17:27:30 - mmengine - INFO - Epoch(train)  [3][1850/7330]  lr: 1.0000e-02  eta: 1 day, 8:23:40  time: 1.6341  data_time: 0.0389  memory: 5483  loss: 0.7092  loss_cls: 0.3808  loss_bbox: 0.3284
2025/07/09 17:28:51 - mmengine - INFO - Epoch(train)  [3][1900/7330]  lr: 1.0000e-02  eta: 1 day, 8:22:18  time: 1.6283  data_time: 0.0429  memory: 5482  loss: 0.6894  loss_cls: 0.3748  loss_bbox: 0.3146
2025/07/09 17:30:13 - mmengine - INFO - Epoch(train)  [3][1950/7330]  lr: 1.0000e-02  eta: 1 day, 8:20:56  time: 1.6322  data_time: 0.0410  memory: 5481  loss: 0.6976  loss_cls: 0.3746  loss_bbox: 0.3230
2025/07/09 17:31:34 - mmengine - INFO - Epoch(train)  [3][2000/7330]  lr: 1.0000e-02  eta: 1 day, 8:19:35  time: 1.6325  data_time: 0.0446  memory: 5481  loss: 0.7051  loss_cls: 0.3811  loss_bbox: 0.3241
2025/07/09 17:32:57 - mmengine - INFO - Epoch(train)  [3][2050/7330]  lr: 1.0000e-02  eta: 1 day, 8:18:18  time: 1.6543  data_time: 0.0396  memory: 5482  loss: 0.6842  loss_cls: 0.3653  loss_bbox: 0.3188
2025/07/09 17:34:17 - mmengine - INFO - Epoch(train)  [3][2100/7330]  lr: 1.0000e-02  eta: 1 day, 8:16:50  time: 1.6057  data_time: 0.0353  memory: 5481  loss: 0.7179  loss_cls: 0.3954  loss_bbox: 0.3224
2025/07/09 17:35:39 - mmengine - INFO - Epoch(train)  [3][2150/7330]  lr: 1.0000e-02  eta: 1 day, 8:15:29  time: 1.6310  data_time: 0.0441  memory: 5481  loss: 0.6822  loss_cls: 0.3714  loss_bbox: 0.3108
2025/07/09 17:37:00 - mmengine - INFO - Epoch(train)  [3][2200/7330]  lr: 1.0000e-02  eta: 1 day, 8:14:07  time: 1.6311  data_time: 0.0395  memory: 5483  loss: 0.7105  loss_cls: 0.3830  loss_bbox: 0.3275
2025/07/09 17:38:23 - mmengine - INFO - Epoch(train)  [3][2250/7330]  lr: 1.0000e-02  eta: 1 day, 8:12:50  time: 1.6553  data_time: 0.0389  memory: 5481  loss: 0.6848  loss_cls: 0.3713  loss_bbox: 0.3136
2025/07/09 17:39:46 - mmengine - INFO - Epoch(train)  [3][2300/7330]  lr: 1.0000e-02  eta: 1 day, 8:11:32  time: 1.6492  data_time: 0.0420  memory: 5482  loss: 0.6723  loss_cls: 0.3584  loss_bbox: 0.3138
2025/07/09 17:40:51 - mmengine - INFO - Exp name: retinanet_r50_fpn_1x_coco_20250709_093937
2025/07/09 17:41:07 - mmengine - INFO - Epoch(train)  [3][2350/7330]  lr: 1.0000e-02  eta: 1 day, 8:10:10  time: 1.6330  data_time: 0.0422  memory: 5483  loss: 0.6894  loss_cls: 0.3735  loss_bbox: 0.3158
2025/07/09 17:42:29 - mmengine - INFO - Epoch(train)  [3][2400/7330]  lr: 1.0000e-02  eta: 1 day, 8:08:47  time: 1.6256  data_time: 0.0421  memory: 5481  loss: 0.6884  loss_cls: 0.3804  loss_bbox: 0.3080
2025/07/09 17:43:51 - mmengine - INFO - Epoch(train)  [3][2450/7330]  lr: 1.0000e-02  eta: 1 day, 8:07:29  time: 1.6496  data_time: 0.0404  memory: 5481  loss: 0.6572  loss_cls: 0.3532  loss_bbox: 0.3040
2025/07/09 17:45:12 - mmengine - INFO - Epoch(train)  [3][2500/7330]  lr: 1.0000e-02  eta: 1 day, 8:06:05  time: 1.6178  data_time: 0.0413  memory: 5482  loss: 0.6667  loss_cls: 0.3581  loss_bbox: 0.3086
2025/07/09 17:46:34 - mmengine - INFO - Epoch(train)  [3][2550/7330]  lr: 1.0000e-02  eta: 1 day, 8:04:45  time: 1.6391  data_time: 0.0417  memory: 5481  loss: 0.6498  loss_cls: 0.3508  loss_bbox: 0.2990
2025/07/09 17:47:56 - mmengine - INFO - Epoch(train)  [3][2600/7330]  lr: 1.0000e-02  eta: 1 day, 8:03:26  time: 1.6461  data_time: 0.0402  memory: 5481  loss: 0.6946  loss_cls: 0.3826  loss_bbox: 0.3120
2025/07/09 17:49:17 - mmengine - INFO - Epoch(train)  [3][2650/7330]  lr: 1.0000e-02  eta: 1 day, 8:02:00  time: 1.6131  data_time: 0.0406  memory: 5481  loss: 0.6726  loss_cls: 0.3633  loss_bbox: 0.3093
2025/07/09 17:50:39 - mmengine - INFO - Epoch(train)  [3][2700/7330]  lr: 1.0000e-02  eta: 1 day, 8:00:39  time: 1.6368  data_time: 0.0418  memory: 5480  loss: 0.6884  loss_cls: 0.3781  loss_bbox: 0.3104
2025/07/09 17:52:02 - mmengine - INFO - Epoch(train)  [3][2750/7330]  lr: 1.0000e-02  eta: 1 day, 7:59:22  time: 1.6545  data_time: 0.0386  memory: 5482  loss: 0.6798  loss_cls: 0.3683  loss_bbox: 0.3115
2025/07/09 17:53:23 - mmengine - INFO - Epoch(train)  [3][2800/7330]  lr: 1.0000e-02  eta: 1 day, 7:57:59  time: 1.6213  data_time: 0.0430  memory: 5482  loss: 0.6688  loss_cls: 0.3633  loss_bbox: 0.3054
2025/07/09 17:54:45 - mmengine - INFO - Epoch(train)  [3][2850/7330]  lr: 1.0000e-02  eta: 1 day, 7:56:38  time: 1.6391  data_time: 0.0409  memory: 5482  loss: 0.6826  loss_cls: 0.3654  loss_bbox: 0.3171
2025/07/09 17:56:07 - mmengine - INFO - Epoch(train)  [3][2900/7330]  lr: 1.0000e-02  eta: 1 day, 7:55:18  time: 1.6375  data_time: 0.0371  memory: 5481  loss: 0.6993  loss_cls: 0.3766  loss_bbox: 0.3227
2025/07/09 17:57:29 - mmengine - INFO - Epoch(train)  [3][2950/7330]  lr: 1.0000e-02  eta: 1 day, 7:53:58  time: 1.6443  data_time: 0.0421  memory: 5481  loss: 0.6757  loss_cls: 0.3640  loss_bbox: 0.3117
2025/07/09 17:58:52 - mmengine - INFO - Epoch(train)  [3][3000/7330]  lr: 1.0000e-02  eta: 1 day, 7:52:41  time: 1.6535  data_time: 0.0396  memory: 5485  loss: 0.6842  loss_cls: 0.3729  loss_bbox: 0.3113
2025/07/09 18:00:13 - mmengine - INFO - Epoch(train)  [3][3050/7330]  lr: 1.0000e-02  eta: 1 day, 7:51:19  time: 1.6278  data_time: 0.0427  memory: 5482  loss: 0.6553  loss_cls: 0.3572  loss_bbox: 0.2981
2025/07/09 18:01:36 - mmengine - INFO - Epoch(train)  [3][3100/7330]  lr: 1.0000e-02  eta: 1 day, 7:50:04  time: 1.6681  data_time: 0.0393  memory: 5482  loss: 0.6339  loss_cls: 0.3475  loss_bbox: 0.2864
2025/07/09 18:02:59 - mmengine - INFO - Epoch(train)  [3][3150/7330]  lr: 1.0000e-02  eta: 1 day, 7:48:44  time: 1.6418  data_time: 0.0408  memory: 5482  loss: 0.6461  loss_cls: 0.3474  loss_bbox: 0.2987
2025/07/09 18:04:20 - mmengine - INFO - Epoch(train)  [3][3200/7330]  lr: 1.0000e-02  eta: 1 day, 7:47:22  time: 1.6320  data_time: 0.0418  memory: 5481  loss: 0.6744  loss_cls: 0.3640  loss_bbox: 0.3104
2025/07/09 18:05:41 - mmengine - INFO - Epoch(train)  [3][3250/7330]  lr: 1.0000e-02  eta: 1 day, 7:45:57  time: 1.6139  data_time: 0.0405  memory: 5481  loss: 0.6672  loss_cls: 0.3607  loss_bbox: 0.3065
2025/07/09 18:07:03 - mmengine - INFO - Epoch(train)  [3][3300/7330]  lr: 1.0000e-02  eta: 1 day, 7:44:38  time: 1.6468  data_time: 0.0400  memory: 5481  loss: 0.6827  loss_cls: 0.3678  loss_bbox: 0.3149
2025/07/09 18:08:07 - mmengine - INFO - Exp name: retinanet_r50_fpn_1x_coco_20250709_093937
2025/07/09 18:08:24 - mmengine - INFO - Epoch(train)  [3][3350/7330]  lr: 1.0000e-02  eta: 1 day, 7:43:13  time: 1.6121  data_time: 0.0369  memory: 5483  loss: 0.6676  loss_cls: 0.3587  loss_bbox: 0.3089
2025/07/09 18:09:46 - mmengine - INFO - Epoch(train)  [3][3400/7330]  lr: 1.0000e-02  eta: 1 day, 7:41:54  time: 1.6476  data_time: 0.0405  memory: 5481  loss: 0.6688  loss_cls: 0.3633  loss_bbox: 0.3055
2025/07/09 18:11:08 - mmengine - INFO - Epoch(train)  [3][3450/7330]  lr: 1.0000e-02  eta: 1 day, 7:40:33  time: 1.6344  data_time: 0.0390  memory: 5481  loss: 0.7016  loss_cls: 0.3760  loss_bbox: 0.3256
2025/07/09 18:12:30 - mmengine - INFO - Epoch(train)  [3][3500/7330]  lr: 1.0000e-02  eta: 1 day, 7:39:13  time: 1.6401  data_time: 0.0414  memory: 5482  loss: 0.6589  loss_cls: 0.3615  loss_bbox: 0.2974
2025/07/09 18:13:52 - mmengine - INFO - Epoch(train)  [3][3550/7330]  lr: 1.0000e-02  eta: 1 day, 7:37:51  time: 1.6317  data_time: 0.0425  memory: 5481  loss: 0.6741  loss_cls: 0.3744  loss_bbox: 0.2996
2025/07/09 18:15:14 - mmengine - INFO - Epoch(train)  [3][3600/7330]  lr: 1.0000e-02  eta: 1 day, 7:36:30  time: 1.6395  data_time: 0.0416  memory: 5481  loss: 0.6685  loss_cls: 0.3584  loss_bbox: 0.3101
2025/07/09 18:16:36 - mmengine - INFO - Epoch(train)  [3][3650/7330]  lr: 1.0000e-02  eta: 1 day, 7:35:12  time: 1.6491  data_time: 0.0427  memory: 5481  loss: 0.6630  loss_cls: 0.3591  loss_bbox: 0.3039
2025/07/09 18:17:59 - mmengine - INFO - Epoch(train)  [3][3700/7330]  lr: 1.0000e-02  eta: 1 day, 7:33:56  time: 1.6625  data_time: 0.0398  memory: 5481  loss: 0.6648  loss_cls: 0.3582  loss_bbox: 0.3066
2025/07/09 18:19:22 - mmengine - INFO - Epoch(train)  [3][3750/7330]  lr: 1.0000e-02  eta: 1 day, 7:32:39  time: 1.6581  data_time: 0.0425  memory: 5481  loss: 0.6781  loss_cls: 0.3665  loss_bbox: 0.3115
2025/07/09 18:20:45 - mmengine - INFO - Epoch(train)  [3][3800/7330]  lr: 1.0000e-02  eta: 1 day, 7:31:22  time: 1.6543  data_time: 0.0442  memory: 5484  loss: 0.6762  loss_cls: 0.3624  loss_bbox: 0.3138
2025/07/09 18:22:08 - mmengine - INFO - Epoch(train)  [3][3850/7330]  lr: 1.0000e-02  eta: 1 day, 7:30:05  time: 1.6609  data_time: 0.0391  memory: 5485  loss: 0.6538  loss_cls: 0.3610  loss_bbox: 0.2928
2025/07/09 18:23:31 - mmengine - INFO - Epoch(train)  [3][3900/7330]  lr: 1.0000e-02  eta: 1 day, 7:28:49  time: 1.6612  data_time: 0.0419  memory: 5482  loss: 0.6793  loss_cls: 0.3677  loss_bbox: 0.3116
2025/07/09 18:24:53 - mmengine - INFO - Epoch(train)  [3][3950/7330]  lr: 1.0000e-02  eta: 1 day, 7:27:27  time: 1.6343  data_time: 0.0444  memory: 5481  loss: 0.6476  loss_cls: 0.3463  loss_bbox: 0.3013
2025/07/09 18:26:16 - mmengine - INFO - Epoch(train)  [3][4000/7330]  lr: 1.0000e-02  eta: 1 day, 7:26:09  time: 1.6520  data_time: 0.0394  memory: 5482  loss: 0.6655  loss_cls: 0.3644  loss_bbox: 0.3011
2025/07/09 18:27:38 - mmengine - INFO - Epoch(train)  [3][4050/7330]  lr: 1.0000e-02  eta: 1 day, 7:24:49  time: 1.6424  data_time: 0.0392  memory: 5482  loss: 0.6639  loss_cls: 0.3499  loss_bbox: 0.3140
2025/07/09 18:29:00 - mmengine - INFO - Epoch(train)  [3][4100/7330]  lr: 1.0000e-02  eta: 1 day, 7:23:29  time: 1.6404  data_time: 0.0376  memory: 5481  loss: 0.6972  loss_cls: 0.3800  loss_bbox: 0.3171
2025/07/09 18:30:22 - mmengine - INFO - Epoch(train)  [3][4150/7330]  lr: 1.0000e-02  eta: 1 day, 7:22:08  time: 1.6381  data_time: 0.0377  memory: 5481  loss: 0.6699  loss_cls: 0.3634  loss_bbox: 0.3065
2025/07/09 18:31:44 - mmengine - INFO - Epoch(train)  [3][4200/7330]  lr: 1.0000e-02  eta: 1 day, 7:20:49  time: 1.6459  data_time: 0.0384  memory: 5481  loss: 0.6520  loss_cls: 0.3522  loss_bbox: 0.2998
2025/07/09 18:33:05 - mmengine - INFO - Epoch(train)  [3][4250/7330]  lr: 1.0000e-02  eta: 1 day, 7:19:25  time: 1.6179  data_time: 0.0349  memory: 5481  loss: 0.6431  loss_cls: 0.3445  loss_bbox: 0.2986
2025/07/09 18:34:27 - mmengine - INFO - Epoch(train)  [3][4300/7330]  lr: 1.0000e-02  eta: 1 day, 7:18:04  time: 1.6377  data_time: 0.0414  memory: 5482  loss: 0.6513  loss_cls: 0.3514  loss_bbox: 0.2999
2025/07/09 18:35:33 - mmengine - INFO - Exp name: retinanet_r50_fpn_1x_coco_20250709_093937
2025/07/09 18:35:49 - mmengine - INFO - Epoch(train)  [3][4350/7330]  lr: 1.0000e-02  eta: 1 day, 7:16:44  time: 1.6418  data_time: 0.0391  memory: 5481  loss: 0.6645  loss_cls: 0.3603  loss_bbox: 0.3042
2025/07/09 18:37:10 - mmengine - INFO - Epoch(train)  [3][4400/7330]  lr: 1.0000e-02  eta: 1 day, 7:15:20  time: 1.6209  data_time: 0.0392  memory: 5483  loss: 0.6712  loss_cls: 0.3629  loss_bbox: 0.3082
2025/07/09 18:38:31 - mmengine - INFO - Epoch(train)  [3][4450/7330]  lr: 1.0000e-02  eta: 1 day, 7:13:57  time: 1.6254  data_time: 0.0381  memory: 5482  loss: 0.6346  loss_cls: 0.3378  loss_bbox: 0.2968
2025/07/09 18:39:54 - mmengine - INFO - Epoch(train)  [3][4500/7330]  lr: 1.0000e-02  eta: 1 day, 7:12:38  time: 1.6467  data_time: 0.0366  memory: 5481  loss: 0.6818  loss_cls: 0.3785  loss_bbox: 0.3033
2025/07/09 18:41:16 - mmengine - INFO - Epoch(train)  [3][4550/7330]  lr: 1.0000e-02  eta: 1 day, 7:11:17  time: 1.6411  data_time: 0.0431  memory: 5482  loss: 0.6633  loss_cls: 0.3557  loss_bbox: 0.3076
2025/07/09 18:42:38 - mmengine - INFO - Epoch(train)  [3][4600/7330]  lr: 1.0000e-02  eta: 1 day, 7:09:59  time: 1.6545  data_time: 0.0364  memory: 5480  loss: 0.6764  loss_cls: 0.3693  loss_bbox: 0.3071
2025/07/09 18:44:00 - mmengine - INFO - Epoch(train)  [3][4650/7330]  lr: 1.0000e-02  eta: 1 day, 7:08:38  time: 1.6359  data_time: 0.0402  memory: 5480  loss: 0.6598  loss_cls: 0.3488  loss_bbox: 0.3111
2025/07/09 18:45:24 - mmengine - INFO - Epoch(train)  [3][4700/7330]  lr: 1.0000e-02  eta: 1 day, 7:07:23  time: 1.6717  data_time: 0.0375  memory: 5481  loss: 0.6634  loss_cls: 0.3624  loss_bbox: 0.3009
2025/07/09 18:46:46 - mmengine - INFO - Epoch(train)  [3][4750/7330]  lr: 1.0000e-02  eta: 1 day, 7:06:03  time: 1.6391  data_time: 0.0398  memory: 5481  loss: 0.6914  loss_cls: 0.3678  loss_bbox: 0.3236
2025/07/09 18:48:08 - mmengine - INFO - Epoch(train)  [3][4800/7330]  lr: 1.0000e-02  eta: 1 day, 7:04:43  time: 1.6439  data_time: 0.0425  memory: 5482  loss: 0.6723  loss_cls: 0.3650  loss_bbox: 0.3073
2025/07/09 18:49:29 - mmengine - INFO - Epoch(train)  [3][4850/7330]  lr: 1.0000e-02  eta: 1 day, 7:03:18  time: 1.6117  data_time: 0.0394  memory: 5482  loss: 0.7037  loss_cls: 0.3913  loss_bbox: 0.3123
2025/07/09 18:50:49 - mmengine - INFO - Epoch(train)  [3][4900/7330]  lr: 1.0000e-02  eta: 1 day, 7:01:51  time: 1.6042  data_time: 0.0422  memory: 5483  loss: 0.6465  loss_cls: 0.3551  loss_bbox: 0.2914
2025/07/09 18:52:10 - mmengine - INFO - Epoch(train)  [3][4950/7330]  lr: 1.0000e-02  eta: 1 day, 7:00:28  time: 1.6278  data_time: 0.0444  memory: 5481  loss: 0.6549  loss_cls: 0.3512  loss_bbox: 0.3038
2025/07/09 18:53:32 - mmengine - INFO - Epoch(train)  [3][5000/7330]  lr: 1.0000e-02  eta: 1 day, 6:59:05  time: 1.6261  data_time: 0.0386  memory: 5481  loss: 0.6608  loss_cls: 0.3580  loss_bbox: 0.3028
2025/07/09 18:54:53 - mmengine - INFO - Epoch(train)  [3][5050/7330]  lr: 1.0000e-02  eta: 1 day, 6:57:44  time: 1.6343  data_time: 0.0412  memory: 5480  loss: 0.6665  loss_cls: 0.3527  loss_bbox: 0.3138
2025/07/09 18:56:15 - mmengine - INFO - Epoch(train)  [3][5100/7330]  lr: 1.0000e-02  eta: 1 day, 6:56:23  time: 1.6400  data_time: 0.0377  memory: 5484  loss: 0.6346  loss_cls: 0.3455  loss_bbox: 0.2891
2025/07/09 18:57:37 - mmengine - INFO - Epoch(train)  [3][5150/7330]  lr: 1.0000e-02  eta: 1 day, 6:55:02  time: 1.6361  data_time: 0.0407  memory: 5483  loss: 0.6909  loss_cls: 0.3694  loss_bbox: 0.3214
2025/07/09 18:58:58 - mmengine - INFO - Epoch(train)  [3][5200/7330]  lr: 1.0000e-02  eta: 1 day, 6:53:37  time: 1.6140  data_time: 0.0382  memory: 5482  loss: 0.6957  loss_cls: 0.3774  loss_bbox: 0.3183
2025/07/09 19:00:19 - mmengine - INFO - Epoch(train)  [3][5250/7330]  lr: 1.0000e-02  eta: 1 day, 6:52:14  time: 1.6243  data_time: 0.0380  memory: 5482  loss: 0.6387  loss_cls: 0.3423  loss_bbox: 0.2964
2025/07/09 19:01:40 - mmengine - INFO - Epoch(train)  [3][5300/7330]  lr: 1.0000e-02  eta: 1 day, 6:50:49  time: 1.6143  data_time: 0.0400  memory: 5480  loss: 0.6919  loss_cls: 0.3812  loss_bbox: 0.3107
2025/07/09 19:02:45 - mmengine - INFO - Exp name: retinanet_r50_fpn_1x_coco_20250709_093937
2025/07/09 19:03:01 - mmengine - INFO - Epoch(train)  [3][5350/7330]  lr: 1.0000e-02  eta: 1 day, 6:49:27  time: 1.6295  data_time: 0.0403  memory: 5481  loss: 0.6625  loss_cls: 0.3486  loss_bbox: 0.3139
2025/07/09 19:04:24 - mmengine - INFO - Epoch(train)  [3][5400/7330]  lr: 1.0000e-02  eta: 1 day, 6:48:07  time: 1.6406  data_time: 0.0410  memory: 5481  loss: 0.6722  loss_cls: 0.3632  loss_bbox: 0.3090
2025/07/09 19:05:46 - mmengine - INFO - Epoch(train)  [3][5450/7330]  lr: 1.0000e-02  eta: 1 day, 6:46:48  time: 1.6540  data_time: 0.0379  memory: 5481  loss: 0.6759  loss_cls: 0.3627  loss_bbox: 0.3132
2025/07/09 19:07:08 - mmengine - INFO - Epoch(train)  [3][5500/7330]  lr: 1.0000e-02  eta: 1 day, 6:45:26  time: 1.6298  data_time: 0.0402  memory: 5480  loss: 0.6985  loss_cls: 0.3747  loss_bbox: 0.3238
2025/07/09 19:08:29 - mmengine - INFO - Epoch(train)  [3][5550/7330]  lr: 1.0000e-02  eta: 1 day, 6:44:05  time: 1.6337  data_time: 0.0373  memory: 5482  loss: 0.6675  loss_cls: 0.3629  loss_bbox: 0.3046
2025/07/09 19:09:51 - mmengine - INFO - Epoch(train)  [3][5600/7330]  lr: 1.0000e-02  eta: 1 day, 6:42:43  time: 1.6342  data_time: 0.0432  memory: 5482  loss: 0.6938  loss_cls: 0.3745  loss_bbox: 0.3193
2025/07/09 19:11:14 - mmengine - INFO - Epoch(train)  [3][5650/7330]  lr: 1.0000e-02  eta: 1 day, 6:41:27  time: 1.6655  data_time: 0.0416  memory: 5481  loss: 0.6623  loss_cls: 0.3537  loss_bbox: 0.3086
2025/07/09 19:12:37 - mmengine - INFO - Epoch(train)  [3][5700/7330]  lr: 1.0000e-02  eta: 1 day, 6:40:08  time: 1.6477  data_time: 0.0421  memory: 5482  loss: 0.6463  loss_cls: 0.3441  loss_bbox: 0.3022
2025/07/09 19:13:59 - mmengine - INFO - Epoch(train)  [3][5750/7330]  lr: 1.0000e-02  eta: 1 day, 6:38:49  time: 1.6498  data_time: 0.0406  memory: 5483  loss: 0.6832  loss_cls: 0.3737  loss_bbox: 0.3095
2025/07/09 19:15:21 - mmengine - INFO - Epoch(train)  [3][5800/7330]  lr: 1.0000e-02  eta: 1 day, 6:37:27  time: 1.6356  data_time: 0.0351  memory: 5480  loss: 0.6495  loss_cls: 0.3483  loss_bbox: 0.3012
2025/07/09 19:16:43 - mmengine - INFO - Epoch(train)  [3][5850/7330]  lr: 1.0000e-02  eta: 1 day, 6:36:06  time: 1.6342  data_time: 0.0434  memory: 5481  loss: 0.6466  loss_cls: 0.3485  loss_bbox: 0.2981
2025/07/09 19:18:05 - mmengine - INFO - Epoch(train)  [3][5900/7330]  lr: 1.0000e-02  eta: 1 day, 6:34:44  time: 1.6312  data_time: 0.0403  memory: 5481  loss: 0.6875  loss_cls: 0.3620  loss_bbox: 0.3255
2025/07/09 19:19:27 - mmengine - INFO - Epoch(train)  [3][5950/7330]  lr: 1.0000e-02  eta: 1 day, 6:33:23  time: 1.6406  data_time: 0.0397  memory: 5481  loss: 0.6466  loss_cls: 0.3455  loss_bbox: 0.3011
2025/07/09 19:20:49 - mmengine - INFO - Epoch(train)  [3][6000/7330]  lr: 1.0000e-02  eta: 1 day, 6:32:05  time: 1.6517  data_time: 0.0371  memory: 5482  loss: 0.6545  loss_cls: 0.3522  loss_bbox: 0.3023
2025/07/09 19:22:12 - mmengine - INFO - Epoch(train)  [3][6050/7330]  lr: 1.0000e-02  eta: 1 day, 6:30:47  time: 1.6566  data_time: 0.0420  memory: 5482  loss: 0.6800  loss_cls: 0.3722  loss_bbox: 0.3078
2025/07/09 19:23:35 - mmengine - INFO - Epoch(train)  [3][6100/7330]  lr: 1.0000e-02  eta: 1 day, 6:29:28  time: 1.6507  data_time: 0.0408  memory: 5482  loss: 0.6469  loss_cls: 0.3419  loss_bbox: 0.3050
2025/07/09 19:24:58 - mmengine - INFO - Epoch(train)  [3][6150/7330]  lr: 1.0000e-02  eta: 1 day, 6:28:11  time: 1.6595  data_time: 0.0409  memory: 5482  loss: 0.6654  loss_cls: 0.3509  loss_bbox: 0.3145
2025/07/09 19:26:20 - mmengine - INFO - Epoch(train)  [3][6200/7330]  lr: 1.0000e-02  eta: 1 day, 6:26:51  time: 1.6457  data_time: 0.0421  memory: 5480  loss: 0.6455  loss_cls: 0.3482  loss_bbox: 0.2973
2025/07/09 19:27:42 - mmengine - INFO - Epoch(train)  [3][6250/7330]  lr: 1.0000e-02  eta: 1 day, 6:25:30  time: 1.6372  data_time: 0.0397  memory: 5481  loss: 0.6682  loss_cls: 0.3532  loss_bbox: 0.3150
2025/07/09 19:29:04 - mmengine - INFO - Epoch(train)  [3][6300/7330]  lr: 1.0000e-02  eta: 1 day, 6:24:08  time: 1.6341  data_time: 0.0439  memory: 5482  loss: 0.6510  loss_cls: 0.3517  loss_bbox: 0.2993
2025/07/09 19:30:10 - mmengine - INFO - Exp name: retinanet_r50_fpn_1x_coco_20250709_093937
2025/07/09 19:30:26 - mmengine - INFO - Epoch(train)  [3][6350/7330]  lr: 1.0000e-02  eta: 1 day, 6:22:47  time: 1.6390  data_time: 0.0418  memory: 5482  loss: 0.6699  loss_cls: 0.3622  loss_bbox: 0.3077
2025/07/09 19:31:48 - mmengine - INFO - Epoch(train)  [3][6400/7330]  lr: 1.0000e-02  eta: 1 day, 6:21:28  time: 1.6463  data_time: 0.0411  memory: 5482  loss: 0.6626  loss_cls: 0.3580  loss_bbox: 0.3046
2025/07/09 19:33:09 - mmengine - INFO - Epoch(train)  [3][6450/7330]  lr: 1.0000e-02  eta: 1 day, 6:20:05  time: 1.6293  data_time: 0.0394  memory: 5483  loss: 0.6588  loss_cls: 0.3540  loss_bbox: 0.3048
2025/07/09 19:34:31 - mmengine - INFO - Epoch(train)  [3][6500/7330]  lr: 1.0000e-02  eta: 1 day, 6:18:43  time: 1.6295  data_time: 0.0392  memory: 5482  loss: 0.6711  loss_cls: 0.3649  loss_bbox: 0.3063
2025/07/09 19:35:53 - mmengine - INFO - Epoch(train)  [3][6550/7330]  lr: 1.0000e-02  eta: 1 day, 6:17:24  time: 1.6526  data_time: 0.0411  memory: 5481  loss: 0.6750  loss_cls: 0.3705  loss_bbox: 0.3046
2025/07/09 19:37:15 - mmengine - INFO - Epoch(train)  [3][6600/7330]  lr: 1.0000e-02  eta: 1 day, 6:16:03  time: 1.6353  data_time: 0.0424  memory: 5482  loss: 0.6607  loss_cls: 0.3499  loss_bbox: 0.3109
2025/07/09 19:38:35 - mmengine - INFO - Epoch(train)  [3][6650/7330]  lr: 1.0000e-02  eta: 1 day, 6:14:35  time: 1.5925  data_time: 0.0412  memory: 5480  loss: 0.6520  loss_cls: 0.3494  loss_bbox: 0.3025
2025/07/09 19:39:56 - mmengine - INFO - Epoch(train)  [3][6700/7330]  lr: 1.0000e-02  eta: 1 day, 6:13:10  time: 1.6129  data_time: 0.0424  memory: 5481  loss: 0.6384  loss_cls: 0.3449  loss_bbox: 0.2934
2025/07/09 19:41:17 - mmengine - INFO - Epoch(train)  [3][6750/7330]  lr: 1.0000e-02  eta: 1 day, 6:11:48  time: 1.6355  data_time: 0.0363  memory: 5481  loss: 0.6569  loss_cls: 0.3481  loss_bbox: 0.3088
2025/07/09 19:42:39 - mmengine - INFO - Epoch(train)  [3][6800/7330]  lr: 1.0000e-02  eta: 1 day, 6:10:26  time: 1.6273  data_time: 0.0400  memory: 5481  loss: 0.6468  loss_cls: 0.3519  loss_bbox: 0.2949
2025/07/09 19:44:01 - mmengine - INFO - Epoch(train)  [3][6850/7330]  lr: 1.0000e-02  eta: 1 day, 6:09:04  time: 1.6355  data_time: 0.0327  memory: 5481  loss: 0.6584  loss_cls: 0.3572  loss_bbox: 0.3012
2025/07/09 19:45:22 - mmengine - INFO - Epoch(train)  [3][6900/7330]  lr: 1.0000e-02  eta: 1 day, 6:07:42  time: 1.6292  data_time: 0.0402  memory: 5480  loss: 0.6202  loss_cls: 0.3345  loss_bbox: 0.2857
2025/07/09 19:46:44 - mmengine - INFO - Epoch(train)  [3][6950/7330]  lr: 1.0000e-02  eta: 1 day, 6:06:21  time: 1.6373  data_time: 0.0390  memory: 5483  loss: 0.6695  loss_cls: 0.3524  loss_bbox: 0.3172
2025/07/09 19:48:06 - mmengine - INFO - Epoch(train)  [3][7000/7330]  lr: 1.0000e-02  eta: 1 day, 6:04:59  time: 1.6316  data_time: 0.0365  memory: 5482  loss: 0.6584  loss_cls: 0.3664  loss_bbox: 0.2920
2025/07/09 19:49:26 - mmengine - INFO - Epoch(train)  [3][7050/7330]  lr: 1.0000e-02  eta: 1 day, 6:03:34  time: 1.6085  data_time: 0.0390  memory: 5482  loss: 0.6433  loss_cls: 0.3505  loss_bbox: 0.2928
2025/07/09 19:50:48 - mmengine - INFO - Epoch(train)  [3][7100/7330]  lr: 1.0000e-02  eta: 1 day, 6:02:13  time: 1.6370  data_time: 0.0425  memory: 5482  loss: 0.6584  loss_cls: 0.3602  loss_bbox: 0.2982
2025/07/09 19:52:10 - mmengine - INFO - Epoch(train)  [3][7150/7330]  lr: 1.0000e-02  eta: 1 day, 6:00:51  time: 1.6327  data_time: 0.0380  memory: 5480  loss: 0.6204  loss_cls: 0.3353  loss_bbox: 0.2851
2025/07/09 19:53:31 - mmengine - INFO - Epoch(train)  [3][7200/7330]  lr: 1.0000e-02  eta: 1 day, 5:59:27  time: 1.6201  data_time: 0.0354  memory: 5480  loss: 0.6508  loss_cls: 0.3472  loss_bbox: 0.3036
2025/07/09 19:54:53 - mmengine - INFO - Epoch(train)  [3][7250/7330]  lr: 1.0000e-02  eta: 1 day, 5:58:07  time: 1.6464  data_time: 0.0336  memory: 5484  loss: 0.6479  loss_cls: 0.3496  loss_bbox: 0.2983
2025/07/09 19:56:14 - mmengine - INFO - Epoch(train)  [3][7300/7330]  lr: 1.0000e-02  eta: 1 day, 5:56:45  time: 1.6307  data_time: 0.0413  memory: 5481  loss: 0.6412  loss_cls: 0.3449  loss_bbox: 0.2963
2025/07/09 19:57:03 - mmengine - INFO - Exp name: retinanet_r50_fpn_1x_coco_20250709_093937
2025/07/09 19:57:03 - mmengine - INFO - Saving checkpoint at 3 epochs
2025/07/09 19:57:15 - mmengine - INFO - Epoch(val)  [3][  50/1250]    eta: 0:03:56  time: 0.1972  data_time: 0.0080  memory: 5481  
2025/07/09 19:57:24 - mmengine - INFO - Epoch(val)  [3][ 100/1250]    eta: 0:03:43  time: 0.1907  data_time: 0.0076  memory: 823  
2025/07/09 19:57:34 - mmengine - INFO - Epoch(val)  [3][ 150/1250]    eta: 0:03:32  time: 0.1929  data_time: 0.0084  memory: 833  
2025/07/09 19:57:44 - mmengine - INFO - Epoch(val)  [3][ 200/1250]    eta: 0:03:23  time: 0.1930  data_time: 0.0065  memory: 834  
2025/07/09 19:57:53 - mmengine - INFO - Epoch(val)  [3][ 250/1250]    eta: 0:03:13  time: 0.1932  data_time: 0.0083  memory: 816  
2025/07/09 19:58:03 - mmengine - INFO - Epoch(val)  [3][ 300/1250]    eta: 0:03:03  time: 0.1943  data_time: 0.0092  memory: 816  
2025/07/09 19:58:13 - mmengine - INFO - Epoch(val)  [3][ 350/1250]    eta: 0:02:54  time: 0.1942  data_time: 0.0082  memory: 816  
2025/07/09 19:58:22 - mmengine - INFO - Epoch(val)  [3][ 400/1250]    eta: 0:02:44  time: 0.1922  data_time: 0.0080  memory: 800  
2025/07/09 19:58:32 - mmengine - INFO - Epoch(val)  [3][ 450/1250]    eta: 0:02:34  time: 0.1906  data_time: 0.0067  memory: 833  
2025/07/09 19:58:42 - mmengine - INFO - Epoch(val)  [3][ 500/1250]    eta: 0:02:24  time: 0.1919  data_time: 0.0077  memory: 833  
2025/07/09 19:58:51 - mmengine - INFO - Epoch(val)  [3][ 550/1250]    eta: 0:02:14  time: 0.1878  data_time: 0.0071  memory: 800  
2025/07/09 19:59:01 - mmengine - INFO - Epoch(val)  [3][ 600/1250]    eta: 0:02:05  time: 0.1919  data_time: 0.0070  memory: 815  
2025/07/09 19:59:10 - mmengine - INFO - Epoch(val)  [3][ 650/1250]    eta: 0:01:55  time: 0.1898  data_time: 0.0079  memory: 816  
2025/07/09 19:59:20 - mmengine - INFO - Epoch(val)  [3][ 700/1250]    eta: 0:01:45  time: 0.1930  data_time: 0.0071  memory: 823  
2025/07/09 19:59:29 - mmengine - INFO - Epoch(val)  [3][ 750/1250]    eta: 0:01:36  time: 0.1937  data_time: 0.0088  memory: 823  
2025/07/09 19:59:39 - mmengine - INFO - Epoch(val)  [3][ 800/1250]    eta: 0:01:26  time: 0.1909  data_time: 0.0078  memory: 833  
2025/07/09 19:59:48 - mmengine - INFO - Epoch(val)  [3][ 850/1250]    eta: 0:01:16  time: 0.1898  data_time: 0.0067  memory: 833  
2025/07/09 19:59:58 - mmengine - INFO - Epoch(val)  [3][ 900/1250]    eta: 0:01:07  time: 0.1909  data_time: 0.0078  memory: 833  
2025/07/09 20:00:07 - mmengine - INFO - Epoch(val)  [3][ 950/1250]    eta: 0:00:57  time: 0.1879  data_time: 0.0072  memory: 817  
2025/07/09 20:00:17 - mmengine - INFO - Epoch(val)  [3][1000/1250]    eta: 0:00:47  time: 0.1863  data_time: 0.0056  memory: 816  
2025/07/09 20:00:26 - mmengine - INFO - Epoch(val)  [3][1050/1250]    eta: 0:00:38  time: 0.1935  data_time: 0.0080  memory: 823  
2025/07/09 20:00:36 - mmengine - INFO - Epoch(val)  [3][1100/1250]    eta: 0:00:28  time: 0.1917  data_time: 0.0079  memory: 833  
2025/07/09 20:00:46 - mmengine - INFO - Epoch(val)  [3][1150/1250]    eta: 0:00:19  time: 0.1921  data_time: 0.0079  memory: 823  
2025/07/09 20:00:55 - mmengine - INFO - Epoch(val)  [3][1200/1250]    eta: 0:00:09  time: 0.1878  data_time: 0.0057  memory: 823  
2025/07/09 20:01:04 - mmengine - INFO - Epoch(val)  [3][1250/1250]    eta: 0:00:00  time: 0.1896  data_time: 0.0082  memory: 835  
2025/07/09 20:01:13 - mmengine - INFO - Evaluating bbox...
2025/07/09 20:02:12 - mmengine - INFO - bbox_mAP_copypaste: 0.261 0.422 0.273 0.137 0.297 0.342
2025/07/09 20:02:13 - mmengine - INFO - Epoch(val) [3][1250/1250]    coco/bbox_mAP: 0.2610  coco/bbox_mAP_50: 0.4220  coco/bbox_mAP_75: 0.2730  coco/bbox_mAP_s: 0.1370  coco/bbox_mAP_m: 0.2970  coco/bbox_mAP_l: 0.3420  data_time: 0.0076  time: 0.1915
2025/07/09 20:02:29 - mmengine - INFO - Exp name: retinanet_r50_fpn_1x_coco_20250709_093937
2025/07/09 20:03:35 - mmengine - INFO - Epoch(train)  [4][  50/7330]  lr: 1.0000e-02  eta: 1 day, 5:54:35  time: 1.6385  data_time: 0.0425  memory: 5483  loss: 0.6293  loss_cls: 0.3390  loss_bbox: 0.2903
2025/07/09 20:04:56 - mmengine - INFO - Epoch(train)  [4][ 100/7330]  lr: 1.0000e-02  eta: 1 day, 5:53:13  time: 1.6332  data_time: 0.0357  memory: 5481  loss: 0.6263  loss_cls: 0.3400  loss_bbox: 0.2863
2025/07/09 20:06:18 - mmengine - INFO - Epoch(train)  [4][ 150/7330]  lr: 1.0000e-02  eta: 1 day, 5:51:52  time: 1.6387  data_time: 0.0375  memory: 5482  loss: 0.6667  loss_cls: 0.3595  loss_bbox: 0.3072
2025/07/09 20:07:40 - mmengine - INFO - Epoch(train)  [4][ 200/7330]  lr: 1.0000e-02  eta: 1 day, 5:50:30  time: 1.6320  data_time: 0.0383  memory: 5481  loss: 0.6510  loss_cls: 0.3394  loss_bbox: 0.3116
2025/07/09 20:09:01 - mmengine - INFO - Epoch(train)  [4][ 250/7330]  lr: 1.0000e-02  eta: 1 day, 5:49:08  time: 1.6278  data_time: 0.0396  memory: 5481  loss: 0.6228  loss_cls: 0.3378  loss_bbox: 0.2849
2025/07/09 20:10:21 - mmengine - INFO - Epoch(train)  [4][ 300/7330]  lr: 1.0000e-02  eta: 1 day, 5:47:41  time: 1.5954  data_time: 0.0314  memory: 5482  loss: 0.6286  loss_cls: 0.3461  loss_bbox: 0.2825
2025/07/09 20:11:43 - mmengine - INFO - Epoch(train)  [4][ 350/7330]  lr: 1.0000e-02  eta: 1 day, 5:46:19  time: 1.6346  data_time: 0.0373  memory: 5483  loss: 0.6585  loss_cls: 0.3537  loss_bbox: 0.3049
2025/07/09 20:13:05 - mmengine - INFO - Epoch(train)  [4][ 400/7330]  lr: 1.0000e-02  eta: 1 day, 5:44:59  time: 1.6427  data_time: 0.0422  memory: 5481  loss: 0.6228  loss_cls: 0.3327  loss_bbox: 0.2900
2025/07/09 20:14:27 - mmengine - INFO - Epoch(train)  [4][ 450/7330]  lr: 1.0000e-02  eta: 1 day, 5:43:36  time: 1.6272  data_time: 0.0409  memory: 5480  loss: 0.6472  loss_cls: 0.3456  loss_bbox: 0.3016
2025/07/09 20:15:48 - mmengine - INFO - Epoch(train)  [4][ 500/7330]  lr: 1.0000e-02  eta: 1 day, 5:42:15  time: 1.6382  data_time: 0.0416  memory: 5482  loss: 0.6275  loss_cls: 0.3305  loss_bbox: 0.2970
2025/07/09 20:17:11 - mmengine - INFO - Epoch(train)  [4][ 550/7330]  lr: 1.0000e-02  eta: 1 day, 5:40:56  time: 1.6469  data_time: 0.0404  memory: 5481  loss: 0.6527  loss_cls: 0.3429  loss_bbox: 0.3099
2025/07/09 20:18:32 - mmengine - INFO - Epoch(train)  [4][ 600/7330]  lr: 1.0000e-02  eta: 1 day, 5:39:33  time: 1.6304  data_time: 0.0409  memory: 5481  loss: 0.6398  loss_cls: 0.3330  loss_bbox: 0.3068
2025/07/09 20:19:56 - mmengine - INFO - Epoch(train)  [4][ 650/7330]  lr: 1.0000e-02  eta: 1 day, 5:38:17  time: 1.6673  data_time: 0.0423  memory: 5481  loss: 0.6269  loss_cls: 0.3306  loss_bbox: 0.2963
2025/07/09 20:21:18 - mmengine - INFO - Epoch(train)  [4][ 700/7330]  lr: 1.0000e-02  eta: 1 day, 5:36:55  time: 1.6352  data_time: 0.0374  memory: 5480  loss: 0.6351  loss_cls: 0.3411  loss_bbox: 0.2940
2025/07/09 20:22:39 - mmengine - INFO - Epoch(train)  [4][ 750/7330]  lr: 1.0000e-02  eta: 1 day, 5:35:34  time: 1.6330  data_time: 0.0376  memory: 5482  loss: 0.6501  loss_cls: 0.3474  loss_bbox: 0.3027
2025/07/09 20:24:01 - mmengine - INFO - Epoch(train)  [4][ 800/7330]  lr: 1.0000e-02  eta: 1 day, 5:34:12  time: 1.6329  data_time: 0.0432  memory: 5483  loss: 0.6603  loss_cls: 0.3534  loss_bbox: 0.3069
2025/07/09 20:25:23 - mmengine - INFO - Epoch(train)  [4][ 850/7330]  lr: 1.0000e-02  eta: 1 day, 5:32:51  time: 1.6395  data_time: 0.0422  memory: 5485  loss: 0.6322  loss_cls: 0.3407  loss_bbox: 0.2914
2025/07/09 20:26:45 - mmengine - INFO - Epoch(train)  [4][ 900/7330]  lr: 1.0000e-02  eta: 1 day, 5:31:30  time: 1.6364  data_time: 0.0417  memory: 5481  loss: 0.6286  loss_cls: 0.3396  loss_bbox: 0.2890
2025/07/09 20:28:06 - mmengine - INFO - Epoch(train)  [4][ 950/7330]  lr: 1.0000e-02  eta: 1 day, 5:30:06  time: 1.6208  data_time: 0.0370  memory: 5481  loss: 0.6677  loss_cls: 0.3559  loss_bbox: 0.3118
2025/07/09 20:29:26 - mmengine - INFO - Epoch(train)  [4][1000/7330]  lr: 1.0000e-02  eta: 1 day, 5:28:42  time: 1.6128  data_time: 0.0399  memory: 5482  loss: 0.6621  loss_cls: 0.3567  loss_bbox: 0.3055
2025/07/09 20:29:42 - mmengine - INFO - Exp name: retinanet_r50_fpn_1x_coco_20250709_093937
2025/07/09 20:30:47 - mmengine - INFO - Epoch(train)  [4][1050/7330]  lr: 1.0000e-02  eta: 1 day, 5:27:17  time: 1.6116  data_time: 0.0443  memory: 5483  loss: 0.6200  loss_cls: 0.3221  loss_bbox: 0.2980
2025/07/09 20:32:09 - mmengine - INFO - Epoch(train)  [4][1100/7330]  lr: 1.0000e-02  eta: 1 day, 5:25:56  time: 1.6412  data_time: 0.0376  memory: 5482  loss: 0.6301  loss_cls: 0.3247  loss_bbox: 0.3054
2025/07/09 20:33:31 - mmengine - INFO - Epoch(train)  [4][1150/7330]  lr: 1.0000e-02  eta: 1 day, 5:24:34  time: 1.6290  data_time: 0.0383  memory: 5481  loss: 0.6179  loss_cls: 0.3398  loss_bbox: 0.2781
2025/07/09 20:34:53 - mmengine - INFO - Epoch(train)  [4][1200/7330]  lr: 1.0000e-02  eta: 1 day, 5:23:13  time: 1.6384  data_time: 0.0373  memory: 5480  loss: 0.6162  loss_cls: 0.3285  loss_bbox: 0.2877
2025/07/09 20:36:14 - mmengine - INFO - Epoch(train)  [4][1250/7330]  lr: 1.0000e-02  eta: 1 day, 5:21:50  time: 1.6220  data_time: 0.0371  memory: 5481  loss: 0.6282  loss_cls: 0.3431  loss_bbox: 0.2851
2025/07/09 20:37:36 - mmengine - INFO - Epoch(train)  [4][1300/7330]  lr: 1.0000e-02  eta: 1 day, 5:20:31  time: 1.6540  data_time: 0.0418  memory: 5483  loss: 0.6225  loss_cls: 0.3346  loss_bbox: 0.2879
2025/07/09 20:38:58 - mmengine - INFO - Epoch(train)  [4][1350/7330]  lr: 1.0000e-02  eta: 1 day, 5:19:10  time: 1.6401  data_time: 0.0413  memory: 5483  loss: 0.6546  loss_cls: 0.3570  loss_bbox: 0.2976
2025/07/09 20:40:20 - mmengine - INFO - Epoch(train)  [4][1400/7330]  lr: 1.0000e-02  eta: 1 day, 5:17:47  time: 1.6212  data_time: 0.0427  memory: 5481  loss: 0.6247  loss_cls: 0.3338  loss_bbox: 0.2909
2025/07/09 20:41:44 - mmengine - INFO - Epoch(train)  [4][1450/7330]  lr: 1.0000e-02  eta: 1 day, 5:16:32  time: 1.6820  data_time: 0.0392  memory: 5483  loss: 0.6396  loss_cls: 0.3397  loss_bbox: 0.2998
2025/07/09 20:43:05 - mmengine - INFO - Epoch(train)  [4][1500/7330]  lr: 1.0000e-02  eta: 1 day, 5:15:10  time: 1.6317  data_time: 0.0451  memory: 5481  loss: 0.6592  loss_cls: 0.3376  loss_bbox: 0.3216
2025/07/09 20:44:26 - mmengine - INFO - Epoch(train)  [4][1550/7330]  lr: 1.0000e-02  eta: 1 day, 5:13:45  time: 1.6101  data_time: 0.0381  memory: 5483  loss: 0.6493  loss_cls: 0.3533  loss_bbox: 0.2960
2025/07/09 20:45:46 - mmengine - INFO - Epoch(train)  [4][1600/7330]  lr: 1.0000e-02  eta: 1 day, 5:12:21  time: 1.6118  data_time: 0.0405  memory: 5481  loss: 0.6145  loss_cls: 0.3299  loss_bbox: 0.2847
2025/07/09 20:47:08 - mmengine - INFO - Epoch(train)  [4][1650/7330]  lr: 1.0000e-02  eta: 1 day, 5:10:59  time: 1.6365  data_time: 0.0394  memory: 5480  loss: 0.6470  loss_cls: 0.3467  loss_bbox: 0.3003
2025/07/09 20:48:31 - mmengine - INFO - Epoch(train)  [4][1700/7330]  lr: 1.0000e-02  eta: 1 day, 5:09:40  time: 1.6486  data_time: 0.0413  memory: 5481  loss: 0.6534  loss_cls: 0.3499  loss_bbox: 0.3035
2025/07/09 20:49:52 - mmengine - INFO - Epoch(train)  [4][1750/7330]  lr: 1.0000e-02  eta: 1 day, 5:08:16  time: 1.6211  data_time: 0.0418  memory: 5482  loss: 0.6182  loss_cls: 0.3298  loss_bbox: 0.2884
2025/07/09 20:51:14 - mmengine - INFO - Epoch(train)  [4][1800/7330]  lr: 1.0000e-02  eta: 1 day, 5:06:56  time: 1.6435  data_time: 0.0424  memory: 5481  loss: 0.6570  loss_cls: 0.3613  loss_bbox: 0.2957
2025/07/09 20:52:35 - mmengine - INFO - Epoch(train)  [4][1850/7330]  lr: 1.0000e-02  eta: 1 day, 5:05:33  time: 1.6209  data_time: 0.0398  memory: 5480  loss: 0.6540  loss_cls: 0.3438  loss_bbox: 0.3102
2025/07/09 20:53:56 - mmengine - INFO - Epoch(train)  [4][1900/7330]  lr: 1.0000e-02  eta: 1 day, 5:04:10  time: 1.6235  data_time: 0.0367  memory: 5482  loss: 0.6481  loss_cls: 0.3387  loss_bbox: 0.3094
2025/07/09 20:55:19 - mmengine - INFO - Epoch(train)  [4][1950/7330]  lr: 1.0000e-02  eta: 1 day, 5:02:52  time: 1.6629  data_time: 0.0438  memory: 5481  loss: 0.6449  loss_cls: 0.3426  loss_bbox: 0.3023
2025/07/09 20:56:40 - mmengine - INFO - Epoch(train)  [4][2000/7330]  lr: 1.0000e-02  eta: 1 day, 5:01:28  time: 1.6137  data_time: 0.0392  memory: 5482  loss: 0.6391  loss_cls: 0.3360  loss_bbox: 0.3031
2025/07/09 20:56:57 - mmengine - INFO - Exp name: retinanet_r50_fpn_1x_coco_20250709_093937
2025/07/09 20:58:03 - mmengine - INFO - Epoch(train)  [4][2050/7330]  lr: 1.0000e-02  eta: 1 day, 5:00:09  time: 1.6558  data_time: 0.0400  memory: 5481  loss: 0.6314  loss_cls: 0.3285  loss_bbox: 0.3029
2025/07/09 20:59:27 - mmengine - INFO - Epoch(train)  [4][2100/7330]  lr: 1.0000e-02  eta: 1 day, 4:58:54  time: 1.6852  data_time: 0.0426  memory: 5481  loss: 0.6692  loss_cls: 0.3570  loss_bbox: 0.3122
2025/07/09 21:00:50 - mmengine - INFO - Epoch(train)  [4][2150/7330]  lr: 1.0000e-02  eta: 1 day, 4:57:36  time: 1.6605  data_time: 0.0392  memory: 5481  loss: 0.6123  loss_cls: 0.3316  loss_bbox: 0.2807
2025/07/09 21:02:13 - mmengine - INFO - Epoch(train)  [4][2200/7330]  lr: 1.0000e-02  eta: 1 day, 4:56:17  time: 1.6497  data_time: 0.0357  memory: 5482  loss: 0.6178  loss_cls: 0.3284  loss_bbox: 0.2894
2025/07/09 21:03:35 - mmengine - INFO - Epoch(train)  [4][2250/7330]  lr: 1.0000e-02  eta: 1 day, 4:54:55  time: 1.6384  data_time: 0.0419  memory: 5483  loss: 0.6305  loss_cls: 0.3385  loss_bbox: 0.2920
2025/07/09 21:04:56 - mmengine - INFO - Epoch(train)  [4][2300/7330]  lr: 1.0000e-02  eta: 1 day, 4:53:32  time: 1.6203  data_time: 0.0395  memory: 5481  loss: 0.6316  loss_cls: 0.3394  loss_bbox: 0.2922
2025/07/09 21:06:17 - mmengine - INFO - Epoch(train)  [4][2350/7330]  lr: 1.0000e-02  eta: 1 day, 4:52:10  time: 1.6275  data_time: 0.0375  memory: 5482  loss: 0.6390  loss_cls: 0.3537  loss_bbox: 0.2853
2025/07/09 21:07:40 - mmengine - INFO - Epoch(train)  [4][2400/7330]  lr: 1.0000e-02  eta: 1 day, 4:50:50  time: 1.6461  data_time: 0.0395  memory: 5483  loss: 0.6411  loss_cls: 0.3501  loss_bbox: 0.2909
2025/07/09 21:09:02 - mmengine - INFO - Epoch(train)  [4][2450/7330]  lr: 1.0000e-02  eta: 1 day, 4:49:29  time: 1.6416  data_time: 0.0345  memory: 5481  loss: 0.5983  loss_cls: 0.3130  loss_bbox: 0.2853
2025/07/09 21:10:24 - mmengine - INFO - Epoch(train)  [4][2500/7330]  lr: 1.0000e-02  eta: 1 day, 4:48:08  time: 1.6429  data_time: 0.0425  memory: 5482  loss: 0.6462  loss_cls: 0.3423  loss_bbox: 0.3039
2025/07/09 21:11:44 - mmengine - INFO - Epoch(train)  [4][2550/7330]  lr: 1.0000e-02  eta: 1 day, 4:46:43  time: 1.6071  data_time: 0.0340  memory: 5481  loss: 0.5975  loss_cls: 0.3200  loss_bbox: 0.2775
2025/07/09 21:13:07 - mmengine - INFO - Epoch(train)  [4][2600/7330]  lr: 1.0000e-02  eta: 1 day, 4:45:24  time: 1.6548  data_time: 0.0445  memory: 5480  loss: 0.6359  loss_cls: 0.3350  loss_bbox: 0.3008
2025/07/09 21:14:28 - mmengine - INFO - Epoch(train)  [4][2650/7330]  lr: 1.0000e-02  eta: 1 day, 4:44:02  time: 1.6252  data_time: 0.0415  memory: 5481  loss: 0.6240  loss_cls: 0.3331  loss_bbox: 0.2908
2025/07/09 21:15:50 - mmengine - INFO - Epoch(train)  [4][2700/7330]  lr: 1.0000e-02  eta: 1 day, 4:42:40  time: 1.6320  data_time: 0.0409  memory: 5483  loss: 0.6313  loss_cls: 0.3332  loss_bbox: 0.2981
2025/07/09 21:17:11 - mmengine - INFO - Epoch(train)  [4][2750/7330]  lr: 1.0000e-02  eta: 1 day, 4:41:17  time: 1.6296  data_time: 0.0424  memory: 5482  loss: 0.6405  loss_cls: 0.3429  loss_bbox: 0.2976
2025/07/09 21:18:33 - mmengine - INFO - Epoch(train)  [4][2800/7330]  lr: 1.0000e-02  eta: 1 day, 4:39:56  time: 1.6349  data_time: 0.0396  memory: 5481  loss: 0.6481  loss_cls: 0.3484  loss_bbox: 0.2997
2025/07/09 21:19:55 - mmengine - INFO - Epoch(train)  [4][2850/7330]  lr: 1.0000e-02  eta: 1 day, 4:38:34  time: 1.6287  data_time: 0.0398  memory: 5483  loss: 0.6064  loss_cls: 0.3294  loss_bbox: 0.2770
2025/07/09 21:21:17 - mmengine - INFO - Epoch(train)  [4][2900/7330]  lr: 1.0000e-02  eta: 1 day, 4:37:14  time: 1.6520  data_time: 0.0408  memory: 5482  loss: 0.6312  loss_cls: 0.3402  loss_bbox: 0.2910
2025/07/09 21:22:39 - mmengine - INFO - Epoch(train)  [4][2950/7330]  lr: 1.0000e-02  eta: 1 day, 4:35:53  time: 1.6392  data_time: 0.0421  memory: 5482  loss: 0.6269  loss_cls: 0.3304  loss_bbox: 0.2965
2025/07/09 21:24:02 - mmengine - INFO - Epoch(train)  [4][3000/7330]  lr: 1.0000e-02  eta: 1 day, 4:34:34  time: 1.6488  data_time: 0.0444  memory: 5481  loss: 0.6279  loss_cls: 0.3425  loss_bbox: 0.2854
2025/07/09 21:24:18 - mmengine - INFO - Exp name: retinanet_r50_fpn_1x_coco_20250709_093937
2025/07/09 21:25:23 - mmengine - INFO - Epoch(train)  [4][3050/7330]  lr: 1.0000e-02  eta: 1 day, 4:33:12  time: 1.6359  data_time: 0.0398  memory: 5481  loss: 0.6224  loss_cls: 0.3214  loss_bbox: 0.3011
2025/07/09 21:26:46 - mmengine - INFO - Epoch(train)  [4][3100/7330]  lr: 1.0000e-02  eta: 1 day, 4:31:53  time: 1.6561  data_time: 0.0412  memory: 5481  loss: 0.6506  loss_cls: 0.3487  loss_bbox: 0.3019
2025/07/09 21:28:09 - mmengine - INFO - Epoch(train)  [4][3150/7330]  lr: 1.0000e-02  eta: 1 day, 4:30:35  time: 1.6603  data_time: 0.0354  memory: 5483  loss: 0.6284  loss_cls: 0.3336  loss_bbox: 0.2948
2025/07/09 21:29:32 - mmengine - INFO - Epoch(train)  [4][3200/7330]  lr: 1.0000e-02  eta: 1 day, 4:29:15  time: 1.6500  data_time: 0.0378  memory: 5481  loss: 0.6083  loss_cls: 0.3228  loss_bbox: 0.2855
2025/07/09 21:30:54 - mmengine - INFO - Epoch(train)  [4][3250/7330]  lr: 1.0000e-02  eta: 1 day, 4:27:56  time: 1.6514  data_time: 0.0410  memory: 5481  loss: 0.6330  loss_cls: 0.3263  loss_bbox: 0.3067
2025/07/09 21:32:15 - mmengine - INFO - Epoch(train)  [4][3300/7330]  lr: 1.0000e-02  eta: 1 day, 4:26:32  time: 1.6158  data_time: 0.0369  memory: 5481  loss: 0.6230  loss_cls: 0.3312  loss_bbox: 0.2919
2025/07/09 21:33:37 - mmengine - INFO - Epoch(train)  [4][3350/7330]  lr: 1.0000e-02  eta: 1 day, 4:25:09  time: 1.6280  data_time: 0.0395  memory: 5483  loss: 0.6806  loss_cls: 0.3626  loss_bbox: 0.3180
2025/07/09 21:34:58 - mmengine - INFO - Epoch(train)  [4][3400/7330]  lr: 1.0000e-02  eta: 1 day, 4:23:47  time: 1.6256  data_time: 0.0338  memory: 5481  loss: 0.6289  loss_cls: 0.3402  loss_bbox: 0.2887
2025/07/09 21:36:20 - mmengine - INFO - Epoch(train)  [4][3450/7330]  lr: 1.0000e-02  eta: 1 day, 4:22:26  time: 1.6446  data_time: 0.0381  memory: 5480  loss: 0.6180  loss_cls: 0.3229  loss_bbox: 0.2951
2025/07/09 21:37:42 - mmengine - INFO - Epoch(train)  [4][3500/7330]  lr: 1.0000e-02  eta: 1 day, 4:21:04  time: 1.6263  data_time: 0.0386  memory: 5483  loss: 0.6053  loss_cls: 0.3256  loss_bbox: 0.2797
2025/07/09 21:39:03 - mmengine - INFO - Epoch(train)  [4][3550/7330]  lr: 1.0000e-02  eta: 1 day, 4:19:40  time: 1.6195  data_time: 0.0359  memory: 5481  loss: 0.6173  loss_cls: 0.3195  loss_bbox: 0.2978
2025/07/09 21:40:23 - mmengine - INFO - Epoch(train)  [4][3600/7330]  lr: 1.0000e-02  eta: 1 day, 4:18:16  time: 1.6113  data_time: 0.0422  memory: 5481  loss: 0.6645  loss_cls: 0.3545  loss_bbox: 0.3100
2025/07/09 21:41:46 - mmengine - INFO - Epoch(train)  [4][3650/7330]  lr: 1.0000e-02  eta: 1 day, 4:16:58  time: 1.6649  data_time: 0.0349  memory: 5481  loss: 0.6434  loss_cls: 0.3447  loss_bbox: 0.2986
2025/07/09 21:43:09 - mmengine - INFO - Epoch(train)  [4][3700/7330]  lr: 1.0000e-02  eta: 1 day, 4:15:38  time: 1.6486  data_time: 0.0397  memory: 5480  loss: 0.6419  loss_cls: 0.3445  loss_bbox: 0.2974
2025/07/09 21:44:31 - mmengine - INFO - Epoch(train)  [4][3750/7330]  lr: 1.0000e-02  eta: 1 day, 4:14:18  time: 1.6439  data_time: 0.0416  memory: 5484  loss: 0.6403  loss_cls: 0.3473  loss_bbox: 0.2930
2025/07/09 21:45:53 - mmengine - INFO - Epoch(train)  [4][3800/7330]  lr: 1.0000e-02  eta: 1 day, 4:12:56  time: 1.6340  data_time: 0.0435  memory: 5481  loss: 0.6423  loss_cls: 0.3409  loss_bbox: 0.3014
2025/07/09 21:47:15 - mmengine - INFO - Epoch(train)  [4][3850/7330]  lr: 1.0000e-02  eta: 1 day, 4:11:35  time: 1.6397  data_time: 0.0390  memory: 5481  loss: 0.6280  loss_cls: 0.3302  loss_bbox: 0.2978
2025/07/09 21:48:36 - mmengine - INFO - Epoch(train)  [4][3900/7330]  lr: 1.0000e-02  eta: 1 day, 4:10:11  time: 1.6200  data_time: 0.0373  memory: 5480  loss: 0.6650  loss_cls: 0.3614  loss_bbox: 0.3036
2025/07/09 21:49:58 - mmengine - INFO - Epoch(train)  [4][3950/7330]  lr: 1.0000e-02  eta: 1 day, 4:08:50  time: 1.6339  data_time: 0.0376  memory: 5481  loss: 0.6401  loss_cls: 0.3507  loss_bbox: 0.2894
2025/07/09 21:51:19 - mmengine - INFO - Epoch(train)  [4][4000/7330]  lr: 1.0000e-02  eta: 1 day, 4:07:28  time: 1.6353  data_time: 0.0413  memory: 5481  loss: 0.6374  loss_cls: 0.3322  loss_bbox: 0.3052
2025/07/09 21:51:36 - mmengine - INFO - Exp name: retinanet_r50_fpn_1x_coco_20250709_093937
2025/07/09 21:52:42 - mmengine - INFO - Epoch(train)  [4][4050/7330]  lr: 1.0000e-02  eta: 1 day, 4:06:09  time: 1.6522  data_time: 0.0366  memory: 5482  loss: 0.6614  loss_cls: 0.3586  loss_bbox: 0.3028
2025/07/09 21:54:03 - mmengine - INFO - Epoch(train)  [4][4100/7330]  lr: 1.0000e-02  eta: 1 day, 4:04:46  time: 1.6237  data_time: 0.0407  memory: 5482  loss: 0.6293  loss_cls: 0.3429  loss_bbox: 0.2864
2025/07/09 21:55:25 - mmengine - INFO - Epoch(train)  [4][4150/7330]  lr: 1.0000e-02  eta: 1 day, 4:03:23  time: 1.6269  data_time: 0.0362  memory: 5480  loss: 0.6407  loss_cls: 0.3442  loss_bbox: 0.2965
2025/07/09 21:56:46 - mmengine - INFO - Epoch(train)  [4][4200/7330]  lr: 1.0000e-02  eta: 1 day, 4:02:01  time: 1.6280  data_time: 0.0415  memory: 5483  loss: 0.6413  loss_cls: 0.3404  loss_bbox: 0.3009
2025/07/09 21:58:08 - mmengine - INFO - Epoch(train)  [4][4250/7330]  lr: 1.0000e-02  eta: 1 day, 4:00:41  time: 1.6447  data_time: 0.0354  memory: 5482  loss: 0.6406  loss_cls: 0.3398  loss_bbox: 0.3008
2025/07/09 21:59:29 - mmengine - INFO - Epoch(train)  [4][4300/7330]  lr: 1.0000e-02  eta: 1 day, 3:59:16  time: 1.6068  data_time: 0.0361  memory: 5481  loss: 0.6244  loss_cls: 0.3327  loss_bbox: 0.2916
2025/07/09 22:00:50 - mmengine - INFO - Epoch(train)  [4][4350/7330]  lr: 1.0000e-02  eta: 1 day, 3:57:54  time: 1.6328  data_time: 0.0381  memory: 5482  loss: 0.6246  loss_cls: 0.3340  loss_bbox: 0.2906
2025/07/09 22:02:13 - mmengine - INFO - Epoch(train)  [4][4400/7330]  lr: 1.0000e-02  eta: 1 day, 3:56:36  time: 1.6625  data_time: 0.0337  memory: 5482  loss: 0.6421  loss_cls: 0.3440  loss_bbox: 0.2981
2025/07/09 22:03:35 - mmengine - INFO - Epoch(train)  [4][4450/7330]  lr: 1.0000e-02  eta: 1 day, 3:55:13  time: 1.6243  data_time: 0.0427  memory: 5480  loss: 0.6598  loss_cls: 0.3609  loss_bbox: 0.2989
2025/07/09 22:04:58 - mmengine - INFO - Epoch(train)  [4][4500/7330]  lr: 1.0000e-02  eta: 1 day, 3:53:55  time: 1.6680  data_time: 0.0405  memory: 5481  loss: 0.6682  loss_cls: 0.3583  loss_bbox: 0.3098
2025/07/09 22:06:19 - mmengine - INFO - Epoch(train)  [4][4550/7330]  lr: 1.0000e-02  eta: 1 day, 3:52:31  time: 1.6129  data_time: 0.0422  memory: 5481  loss: 0.6350  loss_cls: 0.3450  loss_bbox: 0.2900
2025/07/09 22:07:41 - mmengine - INFO - Epoch(train)  [4][4600/7330]  lr: 1.0000e-02  eta: 1 day, 3:51:09  time: 1.6354  data_time: 0.0413  memory: 5482  loss: 0.6225  loss_cls: 0.3344  loss_bbox: 0.2881
2025/07/09 22:09:03 - mmengine - INFO - Epoch(train)  [4][4650/7330]  lr: 1.0000e-02  eta: 1 day, 3:49:50  time: 1.6529  data_time: 0.0397  memory: 5482  loss: 0.6150  loss_cls: 0.3255  loss_bbox: 0.2896
2025/07/09 22:10:26 - mmengine - INFO - Epoch(train)  [4][4700/7330]  lr: 1.0000e-02  eta: 1 day, 3:48:29  time: 1.6452  data_time: 0.0434  memory: 5482  loss: 0.6243  loss_cls: 0.3281  loss_bbox: 0.2962
2025/07/09 22:11:47 - mmengine - INFO - Epoch(train)  [4][4750/7330]  lr: 1.0000e-02  eta: 1 day, 3:47:08  time: 1.6336  data_time: 0.0380  memory: 5482  loss: 0.5849  loss_cls: 0.3035  loss_bbox: 0.2814
2025/07/09 22:13:09 - mmengine - INFO - Epoch(train)  [4][4800/7330]  lr: 1.0000e-02  eta: 1 day, 3:45:45  time: 1.6264  data_time: 0.0383  memory: 5481  loss: 0.6350  loss_cls: 0.3315  loss_bbox: 0.3036
2025/07/09 22:14:31 - mmengine - INFO - Epoch(train)  [4][4850/7330]  lr: 1.0000e-02  eta: 1 day, 3:44:24  time: 1.6391  data_time: 0.0367  memory: 5481  loss: 0.6488  loss_cls: 0.3414  loss_bbox: 0.3074
2025/07/09 22:15:51 - mmengine - INFO - Epoch(train)  [4][4900/7330]  lr: 1.0000e-02  eta: 1 day, 3:43:00  time: 1.6149  data_time: 0.0418  memory: 5482  loss: 0.6111  loss_cls: 0.3244  loss_bbox: 0.2867
2025/07/09 22:17:11 - mmengine - INFO - Epoch(train)  [4][4950/7330]  lr: 1.0000e-02  eta: 1 day, 3:41:34  time: 1.5929  data_time: 0.0400  memory: 5480  loss: 0.6562  loss_cls: 0.3636  loss_bbox: 0.2926
2025/07/09 22:18:33 - mmengine - INFO - Epoch(train)  [4][5000/7330]  lr: 1.0000e-02  eta: 1 day, 3:40:12  time: 1.6318  data_time: 0.0395  memory: 5482  loss: 0.6063  loss_cls: 0.3262  loss_bbox: 0.2801
2025/07/09 22:18:49 - mmengine - INFO - Exp name: retinanet_r50_fpn_1x_coco_20250709_093937
2025/07/09 22:19:54 - mmengine - INFO - Epoch(train)  [4][5050/7330]  lr: 1.0000e-02  eta: 1 day, 3:38:50  time: 1.6288  data_time: 0.0383  memory: 5481  loss: 0.6244  loss_cls: 0.3381  loss_bbox: 0.2863
2025/07/09 22:21:16 - mmengine - INFO - Epoch(train)  [4][5100/7330]  lr: 1.0000e-02  eta: 1 day, 3:37:28  time: 1.6339  data_time: 0.0384  memory: 5482  loss: 0.6576  loss_cls: 0.3578  loss_bbox: 0.2997
2025/07/09 22:22:37 - mmengine - INFO - Epoch(train)  [4][5150/7330]  lr: 1.0000e-02  eta: 1 day, 3:36:06  time: 1.6328  data_time: 0.0439  memory: 5482  loss: 0.6114  loss_cls: 0.3212  loss_bbox: 0.2902
2025/07/09 22:23:58 - mmengine - INFO - Epoch(train)  [4][5200/7330]  lr: 1.0000e-02  eta: 1 day, 3:34:43  time: 1.6159  data_time: 0.0411  memory: 5482  loss: 0.6294  loss_cls: 0.3241  loss_bbox: 0.3053
2025/07/09 22:25:20 - mmengine - INFO - Epoch(train)  [4][5250/7330]  lr: 1.0000e-02  eta: 1 day, 3:33:21  time: 1.6393  data_time: 0.0394  memory: 5484  loss: 0.6284  loss_cls: 0.3357  loss_bbox: 0.2927
2025/07/09 22:26:42 - mmengine - INFO - Epoch(train)  [4][5300/7330]  lr: 1.0000e-02  eta: 1 day, 3:32:00  time: 1.6332  data_time: 0.0418  memory: 5481  loss: 0.6597  loss_cls: 0.3380  loss_bbox: 0.3216
2025/07/09 22:28:04 - mmengine - INFO - Epoch(train)  [4][5350/7330]  lr: 1.0000e-02  eta: 1 day, 3:30:38  time: 1.6335  data_time: 0.0438  memory: 5481  loss: 0.6146  loss_cls: 0.3219  loss_bbox: 0.2927
2025/07/09 22:29:26 - mmengine - INFO - Epoch(train)  [4][5400/7330]  lr: 1.0000e-02  eta: 1 day, 3:29:18  time: 1.6468  data_time: 0.0422  memory: 5483  loss: 0.6274  loss_cls: 0.3351  loss_bbox: 0.2922
2025/07/09 22:30:48 - mmengine - INFO - Epoch(train)  [4][5450/7330]  lr: 1.0000e-02  eta: 1 day, 3:27:56  time: 1.6302  data_time: 0.0380  memory: 5484  loss: 0.6734  loss_cls: 0.3714  loss_bbox: 0.3020
2025/07/09 22:32:10 - mmengine - INFO - Epoch(train)  [4][5500/7330]  lr: 1.0000e-02  eta: 1 day, 3:26:35  time: 1.6398  data_time: 0.0356  memory: 5481  loss: 0.6356  loss_cls: 0.3340  loss_bbox: 0.3016
2025/07/09 22:33:31 - mmengine - INFO - Epoch(train)  [4][5550/7330]  lr: 1.0000e-02  eta: 1 day, 3:25:13  time: 1.6362  data_time: 0.0396  memory: 5482  loss: 0.6170  loss_cls: 0.3231  loss_bbox: 0.2939
2025/07/09 22:34:54 - mmengine - INFO - Epoch(train)  [4][5600/7330]  lr: 1.0000e-02  eta: 1 day, 3:23:53  time: 1.6432  data_time: 0.0382  memory: 5482  loss: 0.6328  loss_cls: 0.3344  loss_bbox: 0.2984
2025/07/09 22:36:15 - mmengine - INFO - Epoch(train)  [4][5650/7330]  lr: 1.0000e-02  eta: 1 day, 3:22:29  time: 1.6209  data_time: 0.0412  memory: 5480  loss: 0.6039  loss_cls: 0.3228  loss_bbox: 0.2811
2025/07/09 22:37:36 - mmengine - INFO - Epoch(train)  [4][5700/7330]  lr: 1.0000e-02  eta: 1 day, 3:21:07  time: 1.6308  data_time: 0.0387  memory: 5481  loss: 0.6250  loss_cls: 0.3375  loss_bbox: 0.2875
2025/07/09 22:38:58 - mmengine - INFO - Epoch(train)  [4][5750/7330]  lr: 1.0000e-02  eta: 1 day, 3:19:45  time: 1.6303  data_time: 0.0420  memory: 5482  loss: 0.6278  loss_cls: 0.3254  loss_bbox: 0.3024
2025/07/09 22:40:20 - mmengine - INFO - Epoch(train)  [4][5800/7330]  lr: 1.0000e-02  eta: 1 day, 3:18:24  time: 1.6381  data_time: 0.0428  memory: 5482  loss: 0.6468  loss_cls: 0.3580  loss_bbox: 0.2888
2025/07/09 22:41:42 - mmengine - INFO - Epoch(train)  [4][5850/7330]  lr: 1.0000e-02  eta: 1 day, 3:17:04  time: 1.6478  data_time: 0.0400  memory: 5482  loss: 0.6152  loss_cls: 0.3251  loss_bbox: 0.2901
2025/07/09 22:43:04 - mmengine - INFO - Epoch(train)  [4][5900/7330]  lr: 1.0000e-02  eta: 1 day, 3:15:42  time: 1.6272  data_time: 0.0450  memory: 5480  loss: 0.6584  loss_cls: 0.3561  loss_bbox: 0.3023
2025/07/09 22:44:26 - mmengine - INFO - Epoch(train)  [4][5950/7330]  lr: 1.0000e-02  eta: 1 day, 3:14:21  time: 1.6466  data_time: 0.0418  memory: 5481  loss: 0.6155  loss_cls: 0.3228  loss_bbox: 0.2927
2025/07/09 22:45:50 - mmengine - INFO - Epoch(train)  [4][6000/7330]  lr: 1.0000e-02  eta: 1 day, 3:13:06  time: 1.6900  data_time: 0.0421  memory: 5482  loss: 0.6519  loss_cls: 0.3476  loss_bbox: 0.3043
2025/07/09 22:46:07 - mmengine - INFO - Exp name: retinanet_r50_fpn_1x_coco_20250709_093937
2025/07/09 22:47:11 - mmengine - INFO - Epoch(train)  [4][6050/7330]  lr: 1.0000e-02  eta: 1 day, 3:11:42  time: 1.6118  data_time: 0.0416  memory: 5482  loss: 0.6418  loss_cls: 0.3454  loss_bbox: 0.2964
2025/07/09 22:48:33 - mmengine - INFO - Epoch(train)  [4][6100/7330]  lr: 1.0000e-02  eta: 1 day, 3:10:20  time: 1.6383  data_time: 0.0415  memory: 5482  loss: 0.6448  loss_cls: 0.3395  loss_bbox: 0.3053
2025/07/09 22:49:55 - mmengine - INFO - Epoch(train)  [4][6150/7330]  lr: 1.0000e-02  eta: 1 day, 3:08:58  time: 1.6315  data_time: 0.0444  memory: 5481  loss: 0.6754  loss_cls: 0.3676  loss_bbox: 0.3077
2025/07/09 22:51:17 - mmengine - INFO - Epoch(train)  [4][6200/7330]  lr: 1.0000e-02  eta: 1 day, 3:07:38  time: 1.6450  data_time: 0.0390  memory: 5481  loss: 0.6376  loss_cls: 0.3379  loss_bbox: 0.2997
2025/07/09 22:52:38 - mmengine - INFO - Epoch(train)  [4][6250/7330]  lr: 1.0000e-02  eta: 1 day, 3:06:14  time: 1.6168  data_time: 0.0401  memory: 5480  loss: 0.6475  loss_cls: 0.3409  loss_bbox: 0.3067
2025/07/09 22:53:59 - mmengine - INFO - Epoch(train)  [4][6300/7330]  lr: 1.0000e-02  eta: 1 day, 3:04:51  time: 1.6187  data_time: 0.0399  memory: 5481  loss: 0.6349  loss_cls: 0.3352  loss_bbox: 0.2996
2025/07/09 22:55:21 - mmengine - INFO - Epoch(train)  [4][6350/7330]  lr: 1.0000e-02  eta: 1 day, 3:03:31  time: 1.6478  data_time: 0.0418  memory: 5481  loss: 0.6447  loss_cls: 0.3369  loss_bbox: 0.3078
2025/07/09 22:56:43 - mmengine - INFO - Epoch(train)  [4][6400/7330]  lr: 1.0000e-02  eta: 1 day, 3:02:10  time: 1.6440  data_time: 0.0386  memory: 5482  loss: 0.6369  loss_cls: 0.3370  loss_bbox: 0.2999
2025/07/09 22:58:04 - mmengine - INFO - Epoch(train)  [4][6450/7330]  lr: 1.0000e-02  eta: 1 day, 3:00:47  time: 1.6224  data_time: 0.0365  memory: 5479  loss: 0.6381  loss_cls: 0.3458  loss_bbox: 0.2922
2025/07/09 22:59:26 - mmengine - INFO - Epoch(train)  [4][6500/7330]  lr: 1.0000e-02  eta: 1 day, 2:59:25  time: 1.6272  data_time: 0.0337  memory: 5482  loss: 0.6463  loss_cls: 0.3436  loss_bbox: 0.3027
2025/07/09 23:00:46 - mmengine - INFO - Epoch(train)  [4][6550/7330]  lr: 1.0000e-02  eta: 1 day, 2:58:01  time: 1.6088  data_time: 0.0361  memory: 5481  loss: 0.6402  loss_cls: 0.3503  loss_bbox: 0.2898
2025/07/09 23:02:08 - mmengine - INFO - Epoch(train)  [4][6600/7330]  lr: 1.0000e-02  eta: 1 day, 2:56:38  time: 1.6293  data_time: 0.0370  memory: 5481  loss: 0.6357  loss_cls: 0.3420  loss_bbox: 0.2937
2025/07/09 23:03:29 - mmengine - INFO - Epoch(train)  [4][6650/7330]  lr: 1.0000e-02  eta: 1 day, 2:55:17  time: 1.6322  data_time: 0.0414  memory: 5481  loss: 0.6306  loss_cls: 0.3258  loss_bbox: 0.3048
2025/07/09 23:04:51 - mmengine - INFO - Epoch(train)  [4][6700/7330]  lr: 1.0000e-02  eta: 1 day, 2:53:54  time: 1.6244  data_time: 0.0404  memory: 5482  loss: 0.6472  loss_cls: 0.3447  loss_bbox: 0.3025
2025/07/09 23:06:12 - mmengine - INFO - Epoch(train)  [4][6750/7330]  lr: 1.0000e-02  eta: 1 day, 2:52:32  time: 1.6300  data_time: 0.0411  memory: 5485  loss: 0.5991  loss_cls: 0.3179  loss_bbox: 0.2812
2025/07/09 23:07:33 - mmengine - INFO - Epoch(train)  [4][6800/7330]  lr: 1.0000e-02  eta: 1 day, 2:51:09  time: 1.6204  data_time: 0.0435  memory: 5481  loss: 0.6254  loss_cls: 0.3361  loss_bbox: 0.2893
2025/07/09 23:08:53 - mmengine - INFO - Epoch(train)  [4][6850/7330]  lr: 1.0000e-02  eta: 1 day, 2:49:44  time: 1.6026  data_time: 0.0394  memory: 5481  loss: 0.6436  loss_cls: 0.3585  loss_bbox: 0.2851
2025/07/09 23:10:14 - mmengine - INFO - Epoch(train)  [4][6900/7330]  lr: 1.0000e-02  eta: 1 day, 2:48:20  time: 1.6136  data_time: 0.0394  memory: 5481  loss: 0.6308  loss_cls: 0.3385  loss_bbox: 0.2922
2025/07/09 23:11:36 - mmengine - INFO - Epoch(train)  [4][6950/7330]  lr: 1.0000e-02  eta: 1 day, 2:46:59  time: 1.6408  data_time: 0.0395  memory: 5482  loss: 0.6259  loss_cls: 0.3311  loss_bbox: 0.2948
2025/07/09 23:12:58 - mmengine - INFO - Epoch(train)  [4][7000/7330]  lr: 1.0000e-02  eta: 1 day, 2:45:38  time: 1.6376  data_time: 0.0409  memory: 5480  loss: 0.6726  loss_cls: 0.3631  loss_bbox: 0.3095
2025/07/09 23:13:15 - mmengine - INFO - Exp name: retinanet_r50_fpn_1x_coco_20250709_093937
2025/07/09 23:14:20 - mmengine - INFO - Epoch(train)  [4][7050/7330]  lr: 1.0000e-02  eta: 1 day, 2:44:16  time: 1.6332  data_time: 0.0428  memory: 5481  loss: 0.6097  loss_cls: 0.3210  loss_bbox: 0.2887
2025/07/09 23:15:42 - mmengine - INFO - Epoch(train)  [4][7100/7330]  lr: 1.0000e-02  eta: 1 day, 2:42:55  time: 1.6372  data_time: 0.0354  memory: 5482  loss: 0.6295  loss_cls: 0.3380  loss_bbox: 0.2915
2025/07/09 23:17:03 - mmengine - INFO - Epoch(train)  [4][7150/7330]  lr: 1.0000e-02  eta: 1 day, 2:41:33  time: 1.6281  data_time: 0.0419  memory: 5481  loss: 0.6275  loss_cls: 0.3318  loss_bbox: 0.2958
2025/07/09 23:18:24 - mmengine - INFO - Epoch(train)  [4][7200/7330]  lr: 1.0000e-02  eta: 1 day, 2:40:09  time: 1.6140  data_time: 0.0433  memory: 5481  loss: 0.6198  loss_cls: 0.3316  loss_bbox: 0.2882
2025/07/09 23:19:46 - mmengine - INFO - Epoch(train)  [4][7250/7330]  lr: 1.0000e-02  eta: 1 day, 2:38:49  time: 1.6507  data_time: 0.0409  memory: 5482  loss: 0.6300  loss_cls: 0.3352  loss_bbox: 0.2948
2025/07/09 23:21:09 - mmengine - INFO - Epoch(train)  [4][7300/7330]  lr: 1.0000e-02  eta: 1 day, 2:37:30  time: 1.6609  data_time: 0.0414  memory: 5483  loss: 0.5799  loss_cls: 0.3114  loss_bbox: 0.2685
2025/07/09 23:21:58 - mmengine - INFO - Exp name: retinanet_r50_fpn_1x_coco_20250709_093937
2025/07/09 23:21:58 - mmengine - INFO - Saving checkpoint at 4 epochs
2025/07/09 23:22:10 - mmengine - INFO - Epoch(val)  [4][  50/1250]    eta: 0:04:01  time: 0.2011  data_time: 0.0079  memory: 5482  
2025/07/09 23:22:19 - mmengine - INFO - Epoch(val)  [4][ 100/1250]    eta: 0:03:45  time: 0.1917  data_time: 0.0076  memory: 825  
2025/07/09 23:22:29 - mmengine - INFO - Epoch(val)  [4][ 150/1250]    eta: 0:03:34  time: 0.1911  data_time: 0.0066  memory: 834  
2025/07/09 23:22:39 - mmengine - INFO - Epoch(val)  [4][ 200/1250]    eta: 0:03:24  time: 0.1960  data_time: 0.0076  memory: 836  
2025/07/09 23:22:48 - mmengine - INFO - Epoch(val)  [4][ 250/1250]    eta: 0:03:14  time: 0.1929  data_time: 0.0075  memory: 818  
2025/07/09 23:22:58 - mmengine - INFO - Epoch(val)  [4][ 300/1250]    eta: 0:03:04  time: 0.1940  data_time: 0.0079  memory: 817  
2025/07/09 23:23:08 - mmengine - INFO - Epoch(val)  [4][ 350/1250]    eta: 0:02:55  time: 0.1944  data_time: 0.0077  memory: 817  
2025/07/09 23:23:17 - mmengine - INFO - Epoch(val)  [4][ 400/1250]    eta: 0:02:45  time: 0.1933  data_time: 0.0075  memory: 802  
2025/07/09 23:23:27 - mmengine - INFO - Epoch(val)  [4][ 450/1250]    eta: 0:02:35  time: 0.1929  data_time: 0.0069  memory: 833  
2025/07/09 23:23:37 - mmengine - INFO - Epoch(val)  [4][ 500/1250]    eta: 0:02:25  time: 0.1915  data_time: 0.0066  memory: 833  
2025/07/09 23:23:46 - mmengine - INFO - Epoch(val)  [4][ 550/1250]    eta: 0:02:15  time: 0.1903  data_time: 0.0076  memory: 802  
2025/07/09 23:23:56 - mmengine - INFO - Epoch(val)  [4][ 600/1250]    eta: 0:02:05  time: 0.1943  data_time: 0.0077  memory: 817  
2025/07/09 23:24:05 - mmengine - INFO - Epoch(val)  [4][ 650/1250]    eta: 0:01:55  time: 0.1891  data_time: 0.0060  memory: 817  
2025/07/09 23:24:15 - mmengine - INFO - Epoch(val)  [4][ 700/1250]    eta: 0:01:46  time: 0.1958  data_time: 0.0073  memory: 825  
2025/07/09 23:24:25 - mmengine - INFO - Epoch(val)  [4][ 750/1250]    eta: 0:01:36  time: 0.1934  data_time: 0.0062  memory: 825  
2025/07/09 23:24:34 - mmengine - INFO - Epoch(val)  [4][ 800/1250]    eta: 0:01:27  time: 0.1917  data_time: 0.0071  memory: 833  
2025/07/09 23:24:44 - mmengine - INFO - Epoch(val)  [4][ 850/1250]    eta: 0:01:17  time: 0.1919  data_time: 0.0069  memory: 834  
2025/07/09 23:24:53 - mmengine - INFO - Epoch(val)  [4][ 900/1250]    eta: 0:01:07  time: 0.1912  data_time: 0.0067  memory: 834  
2025/07/09 23:25:03 - mmengine - INFO - Epoch(val)  [4][ 950/1250]    eta: 0:00:57  time: 0.1897  data_time: 0.0070  memory: 819  
2025/07/09 23:25:12 - mmengine - INFO - Epoch(val)  [4][1000/1250]    eta: 0:00:48  time: 0.1889  data_time: 0.0058  memory: 819  
2025/07/09 23:25:22 - mmengine - INFO - Epoch(val)  [4][1050/1250]    eta: 0:00:38  time: 0.1961  data_time: 0.0079  memory: 825  
2025/07/09 23:25:32 - mmengine - INFO - Epoch(val)  [4][1100/1250]    eta: 0:00:28  time: 0.1917  data_time: 0.0072  memory: 834  
2025/07/09 23:25:41 - mmengine - INFO - Epoch(val)  [4][1150/1250]    eta: 0:00:19  time: 0.1923  data_time: 0.0062  memory: 825  
2025/07/09 23:25:51 - mmengine - INFO - Epoch(val)  [4][1200/1250]    eta: 0:00:09  time: 0.1894  data_time: 0.0066  memory: 825  
2025/07/09 23:26:00 - mmengine - INFO - Epoch(val)  [4][1250/1250]    eta: 0:00:00  time: 0.1888  data_time: 0.0060  memory: 836  
2025/07/09 23:26:08 - mmengine - INFO - Evaluating bbox...
2025/07/09 23:26:55 - mmengine - INFO - bbox_mAP_copypaste: 0.275 0.436 0.291 0.148 0.315 0.359
2025/07/09 23:26:56 - mmengine - INFO - Epoch(val) [4][1250/1250]    coco/bbox_mAP: 0.2750  coco/bbox_mAP_50: 0.4360  coco/bbox_mAP_75: 0.2910  coco/bbox_mAP_s: 0.1480  coco/bbox_mAP_m: 0.3150  coco/bbox_mAP_l: 0.3590  data_time: 0.0070  time: 0.1925
2025/07/09 23:28:17 - mmengine - INFO - Epoch(train)  [5][  50/7330]  lr: 1.0000e-02  eta: 1 day, 2:35:17  time: 1.6263  data_time: 0.0424  memory: 5483  loss: 0.5905  loss_cls: 0.3143  loss_bbox: 0.2762
2025/07/09 23:29:38 - mmengine - INFO - Epoch(train)  [5][ 100/7330]  lr: 1.0000e-02  eta: 1 day, 2:33:55  time: 1.6307  data_time: 0.0418  memory: 5483  loss: 0.6128  loss_cls: 0.3313  loss_bbox: 0.2815
2025/07/09 23:31:01 - mmengine - INFO - Epoch(train)  [5][ 150/7330]  lr: 1.0000e-02  eta: 1 day, 2:32:35  time: 1.6441  data_time: 0.0357  memory: 5480  loss: 0.6124  loss_cls: 0.3215  loss_bbox: 0.2908
2025/07/09 23:32:21 - mmengine - INFO - Epoch(train)  [5][ 200/7330]  lr: 1.0000e-02  eta: 1 day, 2:31:11  time: 1.6128  data_time: 0.0379  memory: 5480  loss: 0.5993  loss_cls: 0.3193  loss_bbox: 0.2800
2025/07/09 23:33:42 - mmengine - INFO - Epoch(train)  [5][ 250/7330]  lr: 1.0000e-02  eta: 1 day, 2:29:48  time: 1.6217  data_time: 0.0349  memory: 5481  loss: 0.5901  loss_cls: 0.3183  loss_bbox: 0.2718
2025/07/09 23:35:04 - mmengine - INFO - Epoch(train)  [5][ 300/7330]  lr: 1.0000e-02  eta: 1 day, 2:28:26  time: 1.6305  data_time: 0.0380  memory: 5483  loss: 0.5758  loss_cls: 0.2995  loss_bbox: 0.2763
2025/07/09 23:36:24 - mmengine - INFO - Epoch(train)  [5][ 350/7330]  lr: 1.0000e-02  eta: 1 day, 2:27:00  time: 1.5918  data_time: 0.0410  memory: 5480  loss: 0.6005  loss_cls: 0.3170  loss_bbox: 0.2836
2025/07/09 23:37:45 - mmengine - INFO - Epoch(train)  [5][ 400/7330]  lr: 1.0000e-02  eta: 1 day, 2:25:38  time: 1.6294  data_time: 0.0413  memory: 5481  loss: 0.5796  loss_cls: 0.2988  loss_bbox: 0.2809
2025/07/09 23:39:07 - mmengine - INFO - Epoch(train)  [5][ 450/7330]  lr: 1.0000e-02  eta: 1 day, 2:24:16  time: 1.6283  data_time: 0.0414  memory: 5482  loss: 0.6387  loss_cls: 0.3414  loss_bbox: 0.2972
2025/07/09 23:40:28 - mmengine - INFO - Epoch(train)  [5][ 500/7330]  lr: 1.0000e-02  eta: 1 day, 2:22:53  time: 1.6242  data_time: 0.0387  memory: 5481  loss: 0.6239  loss_cls: 0.3299  loss_bbox: 0.2940
2025/07/09 23:41:50 - mmengine - INFO - Epoch(train)  [5][ 550/7330]  lr: 1.0000e-02  eta: 1 day, 2:21:33  time: 1.6502  data_time: 0.0433  memory: 5481  loss: 0.6229  loss_cls: 0.3360  loss_bbox: 0.2870
2025/07/09 23:43:12 - mmengine - INFO - Epoch(train)  [5][ 600/7330]  lr: 1.0000e-02  eta: 1 day, 2:20:12  time: 1.6331  data_time: 0.0402  memory: 5482  loss: 0.6159  loss_cls: 0.3348  loss_bbox: 0.2811
2025/07/09 23:44:35 - mmengine - INFO - Epoch(train)  [5][ 650/7330]  lr: 1.0000e-02  eta: 1 day, 2:18:52  time: 1.6555  data_time: 0.0400  memory: 5482  loss: 0.5901  loss_cls: 0.3133  loss_bbox: 0.2769
2025/07/09 23:45:24 - mmengine - INFO - Exp name: retinanet_r50_fpn_1x_coco_20250709_093937
2025/07/09 23:45:57 - mmengine - INFO - Epoch(train)  [5][ 700/7330]  lr: 1.0000e-02  eta: 1 day, 2:17:32  time: 1.6476  data_time: 0.0380  memory: 5481  loss: 0.6026  loss_cls: 0.3191  loss_bbox: 0.2835
2025/07/09 23:47:19 - mmengine - INFO - Epoch(train)  [5][ 750/7330]  lr: 1.0000e-02  eta: 1 day, 2:16:10  time: 1.6285  data_time: 0.0383  memory: 5483  loss: 0.6171  loss_cls: 0.3361  loss_bbox: 0.2810
2025/07/09 23:48:40 - mmengine - INFO - Epoch(train)  [5][ 800/7330]  lr: 1.0000e-02  eta: 1 day, 2:14:47  time: 1.6289  data_time: 0.0401  memory: 5482  loss: 0.6193  loss_cls: 0.3378  loss_bbox: 0.2815
2025/07/09 23:50:01 - mmengine - INFO - Epoch(train)  [5][ 850/7330]  lr: 1.0000e-02  eta: 1 day, 2:13:24  time: 1.6163  data_time: 0.0414  memory: 5480  loss: 0.6084  loss_cls: 0.3245  loss_bbox: 0.2839
2025/07/09 23:51:22 - mmengine - INFO - Epoch(train)  [5][ 900/7330]  lr: 1.0000e-02  eta: 1 day, 2:12:01  time: 1.6201  data_time: 0.0380  memory: 5482  loss: 0.6287  loss_cls: 0.3362  loss_bbox: 0.2925
2025/07/09 23:52:44 - mmengine - INFO - Epoch(train)  [5][ 950/7330]  lr: 1.0000e-02  eta: 1 day, 2:10:40  time: 1.6350  data_time: 0.0394  memory: 5482  loss: 0.6005  loss_cls: 0.3172  loss_bbox: 0.2834
2025/07/09 23:54:05 - mmengine - INFO - Epoch(train)  [5][1000/7330]  lr: 1.0000e-02  eta: 1 day, 2:09:16  time: 1.6154  data_time: 0.0407  memory: 5481  loss: 0.6223  loss_cls: 0.3278  loss_bbox: 0.2945
2025/07/09 23:55:26 - mmengine - INFO - Epoch(train)  [5][1050/7330]  lr: 1.0000e-02  eta: 1 day, 2:07:54  time: 1.6272  data_time: 0.0410  memory: 5483  loss: 0.6084  loss_cls: 0.3226  loss_bbox: 0.2858
2025/07/09 23:56:49 - mmengine - INFO - Epoch(train)  [5][1100/7330]  lr: 1.0000e-02  eta: 1 day, 2:06:35  time: 1.6597  data_time: 0.0396  memory: 5480  loss: 0.6316  loss_cls: 0.3378  loss_bbox: 0.2938
2025/07/09 23:58:12 - mmengine - INFO - Epoch(train)  [5][1150/7330]  lr: 1.0000e-02  eta: 1 day, 2:05:15  time: 1.6521  data_time: 0.0404  memory: 5481  loss: 0.5817  loss_cls: 0.3026  loss_bbox: 0.2791
2025/07/09 23:59:33 - mmengine - INFO - Epoch(train)  [5][1200/7330]  lr: 1.0000e-02  eta: 1 day, 2:03:53  time: 1.6324  data_time: 0.0425  memory: 5482  loss: 0.6071  loss_cls: 0.3274  loss_bbox: 0.2797
2025/07/10 00:00:55 - mmengine - INFO - Epoch(train)  [5][1250/7330]  lr: 1.0000e-02  eta: 1 day, 2:02:32  time: 1.6420  data_time: 0.0383  memory: 5481  loss: 0.6111  loss_cls: 0.3269  loss_bbox: 0.2843
2025/07/10 00:02:16 - mmengine - INFO - Epoch(train)  [5][1300/7330]  lr: 1.0000e-02  eta: 1 day, 2:01:09  time: 1.6179  data_time: 0.0364  memory: 5482  loss: 0.5955  loss_cls: 0.3179  loss_bbox: 0.2776
2025/07/10 00:03:39 - mmengine - INFO - Epoch(train)  [5][1350/7330]  lr: 1.0000e-02  eta: 1 day, 1:59:49  time: 1.6469  data_time: 0.0391  memory: 5483  loss: 0.5894  loss_cls: 0.3118  loss_bbox: 0.2775
2025/07/10 00:05:00 - mmengine - INFO - Epoch(train)  [5][1400/7330]  lr: 1.0000e-02  eta: 1 day, 1:58:27  time: 1.6309  data_time: 0.0348  memory: 5480  loss: 0.6264  loss_cls: 0.3337  loss_bbox: 0.2927
2025/07/10 00:06:23 - mmengine - INFO - Epoch(train)  [5][1450/7330]  lr: 1.0000e-02  eta: 1 day, 1:57:07  time: 1.6598  data_time: 0.0388  memory: 5483  loss: 0.5921  loss_cls: 0.3104  loss_bbox: 0.2817
2025/07/10 00:07:44 - mmengine - INFO - Epoch(train)  [5][1500/7330]  lr: 1.0000e-02  eta: 1 day, 1:55:45  time: 1.6232  data_time: 0.0358  memory: 5480  loss: 0.5765  loss_cls: 0.3008  loss_bbox: 0.2756
2025/07/10 00:09:07 - mmengine - INFO - Epoch(train)  [5][1550/7330]  lr: 1.0000e-02  eta: 1 day, 1:54:24  time: 1.6454  data_time: 0.0410  memory: 5482  loss: 0.5932  loss_cls: 0.3110  loss_bbox: 0.2822
2025/07/10 00:10:28 - mmengine - INFO - Epoch(train)  [5][1600/7330]  lr: 1.0000e-02  eta: 1 day, 1:53:02  time: 1.6236  data_time: 0.0391  memory: 5480  loss: 0.5702  loss_cls: 0.3051  loss_bbox: 0.2652
2025/07/10 00:11:49 - mmengine - INFO - Epoch(train)  [5][1650/7330]  lr: 1.0000e-02  eta: 1 day, 1:51:39  time: 1.6291  data_time: 0.0393  memory: 5481  loss: 0.5889  loss_cls: 0.3068  loss_bbox: 0.2821
2025/07/10 00:12:39 - mmengine - INFO - Exp name: retinanet_r50_fpn_1x_coco_20250709_093937
2025/07/10 00:13:11 - mmengine - INFO - Epoch(train)  [5][1700/7330]  lr: 1.0000e-02  eta: 1 day, 1:50:18  time: 1.6362  data_time: 0.0401  memory: 5482  loss: 0.6367  loss_cls: 0.3350  loss_bbox: 0.3018
2025/07/10 00:14:33 - mmengine - INFO - Epoch(train)  [5][1750/7330]  lr: 1.0000e-02  eta: 1 day, 1:48:57  time: 1.6387  data_time: 0.0371  memory: 5481  loss: 0.5819  loss_cls: 0.3027  loss_bbox: 0.2792
2025/07/10 00:15:55 - mmengine - INFO - Epoch(train)  [5][1800/7330]  lr: 1.0000e-02  eta: 1 day, 1:47:36  time: 1.6417  data_time: 0.0395  memory: 5482  loss: 0.6051  loss_cls: 0.3168  loss_bbox: 0.2883
2025/07/10 00:17:18 - mmengine - INFO - Epoch(train)  [5][1850/7330]  lr: 1.0000e-02  eta: 1 day, 1:46:16  time: 1.6550  data_time: 0.0413  memory: 5482  loss: 0.6105  loss_cls: 0.3238  loss_bbox: 0.2868
2025/07/10 00:18:41 - mmengine - INFO - Epoch(train)  [5][1900/7330]  lr: 1.0000e-02  eta: 1 day, 1:44:56  time: 1.6495  data_time: 0.0399  memory: 5481  loss: 0.6289  loss_cls: 0.3389  loss_bbox: 0.2900
2025/07/10 00:20:03 - mmengine - INFO - Epoch(train)  [5][1950/7330]  lr: 1.0000e-02  eta: 1 day, 1:43:35  time: 1.6393  data_time: 0.0410  memory: 5483  loss: 0.6344  loss_cls: 0.3402  loss_bbox: 0.2943
2025/07/10 00:21:25 - mmengine - INFO - Epoch(train)  [5][2000/7330]  lr: 1.0000e-02  eta: 1 day, 1:42:15  time: 1.6565  data_time: 0.0414  memory: 5482  loss: 0.6305  loss_cls: 0.3358  loss_bbox: 0.2947
2025/07/10 00:22:47 - mmengine - INFO - Epoch(train)  [5][2050/7330]  lr: 1.0000e-02  eta: 1 day, 1:40:54  time: 1.6381  data_time: 0.0415  memory: 5481  loss: 0.6041  loss_cls: 0.3197  loss_bbox: 0.2845
2025/07/10 00:24:11 - mmengine - INFO - Epoch(train)  [5][2100/7330]  lr: 1.0000e-02  eta: 1 day, 1:39:35  time: 1.6704  data_time: 0.0397  memory: 5482  loss: 0.6145  loss_cls: 0.3225  loss_bbox: 0.2920
2025/07/10 00:25:32 - mmengine - INFO - Epoch(train)  [5][2150/7330]  lr: 1.0000e-02  eta: 1 day, 1:38:13  time: 1.6262  data_time: 0.0416  memory: 5480  loss: 0.6271  loss_cls: 0.3378  loss_bbox: 0.2893
2025/07/10 00:26:55 - mmengine - INFO - Epoch(train)  [5][2200/7330]  lr: 1.0000e-02  eta: 1 day, 1:36:54  time: 1.6594  data_time: 0.0438  memory: 5482  loss: 0.6118  loss_cls: 0.3269  loss_bbox: 0.2850
2025/07/10 00:28:18 - mmengine - INFO - Epoch(train)  [5][2250/7330]  lr: 1.0000e-02  eta: 1 day, 1:35:34  time: 1.6520  data_time: 0.0399  memory: 5481  loss: 0.6055  loss_cls: 0.3215  loss_bbox: 0.2840
2025/07/10 00:29:39 - mmengine - INFO - Epoch(train)  [5][2300/7330]  lr: 1.0000e-02  eta: 1 day, 1:34:11  time: 1.6214  data_time: 0.0410  memory: 5482  loss: 0.5995  loss_cls: 0.3091  loss_bbox: 0.2904
2025/07/10 00:31:00 - mmengine - INFO - Epoch(train)  [5][2350/7330]  lr: 1.0000e-02  eta: 1 day, 1:32:47  time: 1.6165  data_time: 0.0401  memory: 5482  loss: 0.6040  loss_cls: 0.3145  loss_bbox: 0.2895
2025/07/10 00:32:22 - mmengine - INFO - Epoch(train)  [5][2400/7330]  lr: 1.0000e-02  eta: 1 day, 1:31:26  time: 1.6363  data_time: 0.0393  memory: 5483  loss: 0.6073  loss_cls: 0.3275  loss_bbox: 0.2799
2025/07/10 00:33:43 - mmengine - INFO - Epoch(train)  [5][2450/7330]  lr: 1.0000e-02  eta: 1 day, 1:30:04  time: 1.6316  data_time: 0.0392  memory: 5481  loss: 0.6394  loss_cls: 0.3507  loss_bbox: 0.2887
2025/07/10 00:35:04 - mmengine - INFO - Epoch(train)  [5][2500/7330]  lr: 1.0000e-02  eta: 1 day, 1:28:41  time: 1.6125  data_time: 0.0415  memory: 5482  loss: 0.6104  loss_cls: 0.3202  loss_bbox: 0.2901
2025/07/10 00:36:25 - mmengine - INFO - Epoch(train)  [5][2550/7330]  lr: 1.0000e-02  eta: 1 day, 1:27:17  time: 1.6120  data_time: 0.0425  memory: 5480  loss: 0.5881  loss_cls: 0.3059  loss_bbox: 0.2822
2025/07/10 00:37:45 - mmengine - INFO - Epoch(train)  [5][2600/7330]  lr: 1.0000e-02  eta: 1 day, 1:25:53  time: 1.6083  data_time: 0.0402  memory: 5484  loss: 0.6096  loss_cls: 0.3276  loss_bbox: 0.2820
2025/07/10 00:39:06 - mmengine - INFO - Epoch(train)  [5][2650/7330]  lr: 1.0000e-02  eta: 1 day, 1:24:30  time: 1.6200  data_time: 0.0324  memory: 5482  loss: 0.6089  loss_cls: 0.3138  loss_bbox: 0.2951
2025/07/10 00:39:54 - mmengine - INFO - Exp name: retinanet_r50_fpn_1x_coco_20250709_093937
2025/07/10 00:40:27 - mmengine - INFO - Epoch(train)  [5][2700/7330]  lr: 1.0000e-02  eta: 1 day, 1:23:08  time: 1.6231  data_time: 0.0369  memory: 5482  loss: 0.5966  loss_cls: 0.3044  loss_bbox: 0.2922
2025/07/10 00:41:49 - mmengine - INFO - Epoch(train)  [5][2750/7330]  lr: 1.0000e-02  eta: 1 day, 1:21:45  time: 1.6252  data_time: 0.0361  memory: 5481  loss: 0.6167  loss_cls: 0.3300  loss_bbox: 0.2867
2025/07/10 00:43:09 - mmengine - INFO - Epoch(train)  [5][2800/7330]  lr: 1.0000e-02  eta: 1 day, 1:20:22  time: 1.6181  data_time: 0.0417  memory: 5482  loss: 0.6219  loss_cls: 0.3323  loss_bbox: 0.2895
2025/07/10 00:44:30 - mmengine - INFO - Epoch(train)  [5][2850/7330]  lr: 1.0000e-02  eta: 1 day, 1:18:58  time: 1.6082  data_time: 0.0408  memory: 5481  loss: 0.5715  loss_cls: 0.3023  loss_bbox: 0.2692
2025/07/10 00:45:52 - mmengine - INFO - Epoch(train)  [5][2900/7330]  lr: 1.0000e-02  eta: 1 day, 1:17:37  time: 1.6373  data_time: 0.0414  memory: 5482  loss: 0.6283  loss_cls: 0.3364  loss_bbox: 0.2918
2025/07/10 00:47:14 - mmengine - INFO - Epoch(train)  [5][2950/7330]  lr: 1.0000e-02  eta: 1 day, 1:16:17  time: 1.6534  data_time: 0.0360  memory: 5481  loss: 0.5972  loss_cls: 0.3181  loss_bbox: 0.2792
2025/07/10 00:48:36 - mmengine - INFO - Epoch(train)  [5][3000/7330]  lr: 1.0000e-02  eta: 1 day, 1:14:54  time: 1.6242  data_time: 0.0405  memory: 5480  loss: 0.5793  loss_cls: 0.3024  loss_bbox: 0.2769
2025/07/10 00:49:58 - mmengine - INFO - Epoch(train)  [5][3050/7330]  lr: 1.0000e-02  eta: 1 day, 1:13:34  time: 1.6491  data_time: 0.0438  memory: 5484  loss: 0.6102  loss_cls: 0.3248  loss_bbox: 0.2854
2025/07/10 00:51:20 - mmengine - INFO - Epoch(train)  [5][3100/7330]  lr: 1.0000e-02  eta: 1 day, 1:12:13  time: 1.6379  data_time: 0.0402  memory: 5483  loss: 0.6106  loss_cls: 0.3241  loss_bbox: 0.2864
2025/07/10 00:52:42 - mmengine - INFO - Epoch(train)  [5][3150/7330]  lr: 1.0000e-02  eta: 1 day, 1:10:51  time: 1.6391  data_time: 0.0392  memory: 5482  loss: 0.6018  loss_cls: 0.3198  loss_bbox: 0.2820
2025/07/10 00:54:03 - mmengine - INFO - Epoch(train)  [5][3200/7330]  lr: 1.0000e-02  eta: 1 day, 1:09:29  time: 1.6235  data_time: 0.0385  memory: 5481  loss: 0.6272  loss_cls: 0.3284  loss_bbox: 0.2988
2025/07/10 00:55:24 - mmengine - INFO - Epoch(train)  [5][3250/7330]  lr: 1.0000e-02  eta: 1 day, 1:08:06  time: 1.6203  data_time: 0.0403  memory: 5481  loss: 0.6172  loss_cls: 0.3217  loss_bbox: 0.2954
2025/07/10 00:56:46 - mmengine - INFO - Epoch(train)  [5][3300/7330]  lr: 1.0000e-02  eta: 1 day, 1:06:44  time: 1.6290  data_time: 0.0399  memory: 5482  loss: 0.5788  loss_cls: 0.2982  loss_bbox: 0.2806
2025/07/10 00:58:07 - mmengine - INFO - Epoch(train)  [5][3350/7330]  lr: 1.0000e-02  eta: 1 day, 1:05:21  time: 1.6206  data_time: 0.0397  memory: 5484  loss: 0.6031  loss_cls: 0.3137  loss_bbox: 0.2894
2025/07/10 00:59:29 - mmengine - INFO - Epoch(train)  [5][3400/7330]  lr: 1.0000e-02  eta: 1 day, 1:04:00  time: 1.6369  data_time: 0.0375  memory: 5481  loss: 0.6030  loss_cls: 0.3190  loss_bbox: 0.2840
2025/07/10 01:00:51 - mmengine - INFO - Epoch(train)  [5][3450/7330]  lr: 1.0000e-02  eta: 1 day, 1:02:38  time: 1.6368  data_time: 0.0409  memory: 5481  loss: 0.6296  loss_cls: 0.3298  loss_bbox: 0.2998
2025/07/10 01:02:13 - mmengine - INFO - Epoch(train)  [5][3500/7330]  lr: 1.0000e-02  eta: 1 day, 1:01:18  time: 1.6467  data_time: 0.0369  memory: 5482  loss: 0.6448  loss_cls: 0.3588  loss_bbox: 0.2860
2025/07/10 01:03:36 - mmengine - INFO - Epoch(train)  [5][3550/7330]  lr: 1.0000e-02  eta: 1 day, 0:59:59  time: 1.6679  data_time: 0.0371  memory: 5484  loss: 0.5725  loss_cls: 0.3062  loss_bbox: 0.2663
2025/07/10 01:04:58 - mmengine - INFO - Epoch(train)  [5][3600/7330]  lr: 1.0000e-02  eta: 1 day, 0:58:38  time: 1.6365  data_time: 0.0406  memory: 5483  loss: 0.6113  loss_cls: 0.3231  loss_bbox: 0.2882
2025/07/10 01:06:20 - mmengine - INFO - Epoch(train)  [5][3650/7330]  lr: 1.0000e-02  eta: 1 day, 0:57:16  time: 1.6376  data_time: 0.0407  memory: 5481  loss: 0.5917  loss_cls: 0.3144  loss_bbox: 0.2773
2025/07/10 01:07:09 - mmengine - INFO - Exp name: retinanet_r50_fpn_1x_coco_20250709_093937
2025/07/10 01:07:43 - mmengine - INFO - Epoch(train)  [5][3700/7330]  lr: 1.0000e-02  eta: 1 day, 0:55:56  time: 1.6485  data_time: 0.0381  memory: 5481  loss: 0.6185  loss_cls: 0.3376  loss_bbox: 0.2809
2025/07/10 01:09:07 - mmengine - INFO - Epoch(train)  [5][3750/7330]  lr: 1.0000e-02  eta: 1 day, 0:54:38  time: 1.6791  data_time: 0.0396  memory: 5484  loss: 0.6691  loss_cls: 0.3562  loss_bbox: 0.3129
2025/07/10 01:10:29 - mmengine - INFO - Epoch(train)  [5][3800/7330]  lr: 1.0000e-02  eta: 1 day, 0:53:17  time: 1.6449  data_time: 0.0401  memory: 5483  loss: 0.6086  loss_cls: 0.3389  loss_bbox: 0.2696
2025/07/10 01:11:49 - mmengine - INFO - Epoch(train)  [5][3850/7330]  lr: 1.0000e-02  eta: 1 day, 0:51:54  time: 1.6118  data_time: 0.0424  memory: 5481  loss: 0.6224  loss_cls: 0.3296  loss_bbox: 0.2928
2025/07/10 01:13:12 - mmengine - INFO - Epoch(train)  [5][3900/7330]  lr: 1.0000e-02  eta: 1 day, 0:50:33  time: 1.6428  data_time: 0.0369  memory: 5483  loss: 0.5937  loss_cls: 0.3127  loss_bbox: 0.2810
2025/07/10 01:14:34 - mmengine - INFO - Epoch(train)  [5][3950/7330]  lr: 1.0000e-02  eta: 1 day, 0:49:12  time: 1.6498  data_time: 0.0414  memory: 5482  loss: 0.5904  loss_cls: 0.3200  loss_bbox: 0.2704
2025/07/10 01:15:56 - mmengine - INFO - Epoch(train)  [5][4000/7330]  lr: 1.0000e-02  eta: 1 day, 0:47:51  time: 1.6341  data_time: 0.0439  memory: 5481  loss: 0.6020  loss_cls: 0.3152  loss_bbox: 0.2867
2025/07/10 01:17:18 - mmengine - INFO - Epoch(train)  [5][4050/7330]  lr: 1.0000e-02  eta: 1 day, 0:46:30  time: 1.6434  data_time: 0.0430  memory: 5482  loss: 0.6278  loss_cls: 0.3333  loss_bbox: 0.2945
2025/07/10 01:18:40 - mmengine - INFO - Epoch(train)  [5][4100/7330]  lr: 1.0000e-02  eta: 1 day, 0:45:09  time: 1.6463  data_time: 0.0426  memory: 5482  loss: 0.6231  loss_cls: 0.3258  loss_bbox: 0.2974
2025/07/10 01:20:02 - mmengine - INFO - Epoch(train)  [5][4150/7330]  lr: 1.0000e-02  eta: 1 day, 0:43:47  time: 1.6299  data_time: 0.0426  memory: 5481  loss: 0.6171  loss_cls: 0.3198  loss_bbox: 0.2973
2025/07/10 01:21:23 - mmengine - INFO - Epoch(train)  [5][4200/7330]  lr: 1.0000e-02  eta: 1 day, 0:42:24  time: 1.6144  data_time: 0.0410  memory: 5481  loss: 0.6205  loss_cls: 0.3353  loss_bbox: 0.2852
2025/07/10 01:22:45 - mmengine - INFO - Epoch(train)  [5][4250/7330]  lr: 1.0000e-02  eta: 1 day, 0:41:03  time: 1.6512  data_time: 0.0401  memory: 5481  loss: 0.5896  loss_cls: 0.3057  loss_bbox: 0.2839
2025/07/10 01:24:07 - mmengine - INFO - Epoch(train)  [5][4300/7330]  lr: 1.0000e-02  eta: 1 day, 0:39:42  time: 1.6414  data_time: 0.0393  memory: 5482  loss: 0.6097  loss_cls: 0.3293  loss_bbox: 0.2803
2025/07/10 01:25:29 - mmengine - INFO - Epoch(train)  [5][4350/7330]  lr: 1.0000e-02  eta: 1 day, 0:38:21  time: 1.6347  data_time: 0.0391  memory: 5482  loss: 0.5990  loss_cls: 0.3153  loss_bbox: 0.2838
2025/07/10 01:26:51 - mmengine - INFO - Epoch(train)  [5][4400/7330]  lr: 1.0000e-02  eta: 1 day, 0:36:59  time: 1.6308  data_time: 0.0409  memory: 5481  loss: 0.6223  loss_cls: 0.3298  loss_bbox: 0.2925
2025/07/10 01:28:12 - mmengine - INFO - Epoch(train)  [5][4450/7330]  lr: 1.0000e-02  eta: 1 day, 0:35:37  time: 1.6305  data_time: 0.0413  memory: 5482  loss: 0.5967  loss_cls: 0.3165  loss_bbox: 0.2802
2025/07/10 01:29:33 - mmengine - INFO - Epoch(train)  [5][4500/7330]  lr: 1.0000e-02  eta: 1 day, 0:34:14  time: 1.6145  data_time: 0.0395  memory: 5484  loss: 0.6149  loss_cls: 0.3252  loss_bbox: 0.2897
2025/07/10 01:30:55 - mmengine - INFO - Epoch(train)  [5][4550/7330]  lr: 1.0000e-02  eta: 1 day, 0:32:52  time: 1.6385  data_time: 0.0380  memory: 5483  loss: 0.6060  loss_cls: 0.3198  loss_bbox: 0.2862
2025/07/10 01:32:17 - mmengine - INFO - Epoch(train)  [5][4600/7330]  lr: 1.0000e-02  eta: 1 day, 0:31:31  time: 1.6344  data_time: 0.0289  memory: 5481  loss: 0.6136  loss_cls: 0.3259  loss_bbox: 0.2877
2025/07/10 01:33:38 - mmengine - INFO - Epoch(train)  [5][4650/7330]  lr: 1.0000e-02  eta: 1 day, 0:30:09  time: 1.6302  data_time: 0.0395  memory: 5482  loss: 0.5827  loss_cls: 0.3001  loss_bbox: 0.2826
2025/07/10 01:34:27 - mmengine - INFO - Exp name: retinanet_r50_fpn_1x_coco_20250709_093937
2025/07/10 01:35:00 - mmengine - INFO - Epoch(train)  [5][4700/7330]  lr: 1.0000e-02  eta: 1 day, 0:28:47  time: 1.6340  data_time: 0.0398  memory: 5481  loss: 0.6111  loss_cls: 0.3159  loss_bbox: 0.2952
2025/07/10 01:36:20 - mmengine - INFO - Epoch(train)  [5][4750/7330]  lr: 1.0000e-02  eta: 1 day, 0:27:23  time: 1.6096  data_time: 0.0410  memory: 5481  loss: 0.5827  loss_cls: 0.3059  loss_bbox: 0.2768
2025/07/10 01:37:42 - mmengine - INFO - Epoch(train)  [5][4800/7330]  lr: 1.0000e-02  eta: 1 day, 0:26:01  time: 1.6275  data_time: 0.0368  memory: 5481  loss: 0.5849  loss_cls: 0.3056  loss_bbox: 0.2793
2025/07/10 01:39:04 - mmengine - INFO - Epoch(train)  [5][4850/7330]  lr: 1.0000e-02  eta: 1 day, 0:24:40  time: 1.6379  data_time: 0.0415  memory: 5480  loss: 0.6152  loss_cls: 0.3298  loss_bbox: 0.2853
2025/07/10 01:40:26 - mmengine - INFO - Epoch(train)  [5][4900/7330]  lr: 1.0000e-02  eta: 1 day, 0:23:18  time: 1.6357  data_time: 0.0431  memory: 5481  loss: 0.6128  loss_cls: 0.3354  loss_bbox: 0.2774
2025/07/10 01:41:47 - mmengine - INFO - Epoch(train)  [5][4950/7330]  lr: 1.0000e-02  eta: 1 day, 0:21:56  time: 1.6287  data_time: 0.0360  memory: 5481  loss: 0.6029  loss_cls: 0.3182  loss_bbox: 0.2847
2025/07/10 01:43:09 - mmengine - INFO - Epoch(train)  [5][5000/7330]  lr: 1.0000e-02  eta: 1 day, 0:20:35  time: 1.6337  data_time: 0.0431  memory: 5481  loss: 0.6205  loss_cls: 0.3324  loss_bbox: 0.2880
2025/07/10 01:44:31 - mmengine - INFO - Epoch(train)  [5][5050/7330]  lr: 1.0000e-02  eta: 1 day, 0:19:13  time: 1.6349  data_time: 0.0435  memory: 5481  loss: 0.6393  loss_cls: 0.3405  loss_bbox: 0.2988
2025/07/10 01:45:53 - mmengine - INFO - Epoch(train)  [5][5100/7330]  lr: 1.0000e-02  eta: 1 day, 0:17:52  time: 1.6422  data_time: 0.0409  memory: 5481  loss: 0.5957  loss_cls: 0.3138  loss_bbox: 0.2819
2025/07/10 01:47:14 - mmengine - INFO - Epoch(train)  [5][5150/7330]  lr: 1.0000e-02  eta: 1 day, 0:16:30  time: 1.6250  data_time: 0.0441  memory: 5483  loss: 0.5906  loss_cls: 0.3052  loss_bbox: 0.2854
2025/07/10 01:48:36 - mmengine - INFO - Epoch(train)  [5][5200/7330]  lr: 1.0000e-02  eta: 1 day, 0:15:08  time: 1.6359  data_time: 0.0419  memory: 5482  loss: 0.5953  loss_cls: 0.3176  loss_bbox: 0.2777
2025/07/10 01:49:57 - mmengine - INFO - Epoch(train)  [5][5250/7330]  lr: 1.0000e-02  eta: 1 day, 0:13:45  time: 1.6215  data_time: 0.0402  memory: 5481  loss: 0.5951  loss_cls: 0.3124  loss_bbox: 0.2827
2025/07/10 01:51:18 - mmengine - INFO - Epoch(train)  [5][5300/7330]  lr: 1.0000e-02  eta: 1 day, 0:12:23  time: 1.6267  data_time: 0.0429  memory: 5482  loss: 0.6141  loss_cls: 0.3251  loss_bbox: 0.2890
2025/07/10 01:52:41 - mmengine - INFO - Epoch(train)  [5][5350/7330]  lr: 1.0000e-02  eta: 1 day, 0:11:03  time: 1.6496  data_time: 0.0426  memory: 5483  loss: 0.6225  loss_cls: 0.3319  loss_bbox: 0.2905
2025/07/10 01:54:03 - mmengine - INFO - Epoch(train)  [5][5400/7330]  lr: 1.0000e-02  eta: 1 day, 0:09:42  time: 1.6481  data_time: 0.0407  memory: 5482  loss: 0.6217  loss_cls: 0.3264  loss_bbox: 0.2952
2025/07/10 01:55:25 - mmengine - INFO - Epoch(train)  [5][5450/7330]  lr: 1.0000e-02  eta: 1 day, 0:08:21  time: 1.6404  data_time: 0.0398  memory: 5482  loss: 0.6014  loss_cls: 0.3201  loss_bbox: 0.2813
2025/07/10 01:56:47 - mmengine - INFO - Epoch(train)  [5][5500/7330]  lr: 1.0000e-02  eta: 1 day, 0:06:59  time: 1.6322  data_time: 0.0393  memory: 5480  loss: 0.5904  loss_cls: 0.3134  loss_bbox: 0.2770
2025/07/10 01:58:09 - mmengine - INFO - Epoch(train)  [5][5550/7330]  lr: 1.0000e-02  eta: 1 day, 0:05:38  time: 1.6457  data_time: 0.0429  memory: 5481  loss: 0.6188  loss_cls: 0.3298  loss_bbox: 0.2889
2025/07/10 01:59:31 - mmengine - INFO - Epoch(train)  [5][5600/7330]  lr: 1.0000e-02  eta: 1 day, 0:04:17  time: 1.6430  data_time: 0.0396  memory: 5481  loss: 0.6138  loss_cls: 0.3145  loss_bbox: 0.2993
2025/07/10 02:00:52 - mmengine - INFO - Epoch(train)  [5][5650/7330]  lr: 1.0000e-02  eta: 1 day, 0:02:54  time: 1.6137  data_time: 0.0372  memory: 5480  loss: 0.6238  loss_cls: 0.3338  loss_bbox: 0.2900
2025/07/10 02:01:41 - mmengine - INFO - Exp name: retinanet_r50_fpn_1x_coco_20250709_093937
2025/07/10 02:02:14 - mmengine - INFO - Epoch(train)  [5][5700/7330]  lr: 1.0000e-02  eta: 1 day, 0:01:33  time: 1.6362  data_time: 0.0389  memory: 5483  loss: 0.5753  loss_cls: 0.2997  loss_bbox: 0.2756
2025/07/10 02:03:36 - mmengine - INFO - Epoch(train)  [5][5750/7330]  lr: 1.0000e-02  eta: 1 day, 0:00:12  time: 1.6468  data_time: 0.0392  memory: 5482  loss: 0.6522  loss_cls: 0.3460  loss_bbox: 0.3062
2025/07/10 02:04:59 - mmengine - INFO - Epoch(train)  [5][5800/7330]  lr: 1.0000e-02  eta: 23:58:52  time: 1.6617  data_time: 0.0414  memory: 5485  loss: 0.6063  loss_cls: 0.3194  loss_bbox: 0.2869
2025/07/10 02:06:21 - mmengine - INFO - Epoch(train)  [5][5850/7330]  lr: 1.0000e-02  eta: 23:57:31  time: 1.6376  data_time: 0.0413  memory: 5481  loss: 0.6218  loss_cls: 0.3359  loss_bbox: 0.2859
2025/07/10 02:07:42 - mmengine - INFO - Epoch(train)  [5][5900/7330]  lr: 1.0000e-02  eta: 23:56:08  time: 1.6208  data_time: 0.0414  memory: 5481  loss: 0.5931  loss_cls: 0.3045  loss_bbox: 0.2886
2025/07/10 02:09:04 - mmengine - INFO - Epoch(train)  [5][5950/7330]  lr: 1.0000e-02  eta: 23:54:47  time: 1.6381  data_time: 0.0369  memory: 5482  loss: 0.5943  loss_cls: 0.3207  loss_bbox: 0.2736
2025/07/10 02:10:27 - mmengine - INFO - Epoch(train)  [5][6000/7330]  lr: 1.0000e-02  eta: 23:53:27  time: 1.6557  data_time: 0.0397  memory: 5480  loss: 0.6316  loss_cls: 0.3395  loss_bbox: 0.2920
2025/07/10 02:11:48 - mmengine - INFO - Epoch(train)  [5][6050/7330]  lr: 1.0000e-02  eta: 23:52:05  time: 1.6260  data_time: 0.0402  memory: 5487  loss: 0.6111  loss_cls: 0.3236  loss_bbox: 0.2874
2025/07/10 02:13:11 - mmengine - INFO - Epoch(train)  [5][6100/7330]  lr: 1.0000e-02  eta: 23:50:44  time: 1.6477  data_time: 0.0401  memory: 5482  loss: 0.5779  loss_cls: 0.3041  loss_bbox: 0.2738
2025/07/10 02:14:34 - mmengine - INFO - Epoch(train)  [5][6150/7330]  lr: 1.0000e-02  eta: 23:49:24  time: 1.6637  data_time: 0.0426  memory: 5482  loss: 0.5784  loss_cls: 0.3015  loss_bbox: 0.2769
2025/07/10 02:15:55 - mmengine - INFO - Epoch(train)  [5][6200/7330]  lr: 1.0000e-02  eta: 23:48:01  time: 1.6135  data_time: 0.0369  memory: 5480  loss: 0.5716  loss_cls: 0.3064  loss_bbox: 0.2652
2025/07/10 02:17:18 - mmengine - INFO - Epoch(train)  [5][6250/7330]  lr: 1.0000e-02  eta: 23:46:41  time: 1.6574  data_time: 0.0421  memory: 5481  loss: 0.6274  loss_cls: 0.3356  loss_bbox: 0.2918
2025/07/10 02:18:39 - mmengine - INFO - Epoch(train)  [5][6300/7330]  lr: 1.0000e-02  eta: 23:45:19  time: 1.6237  data_time: 0.0373  memory: 5481  loss: 0.5765  loss_cls: 0.3005  loss_bbox: 0.2759
2025/07/10 02:20:00 - mmengine - INFO - Epoch(train)  [5][6350/7330]  lr: 1.0000e-02  eta: 23:43:56  time: 1.6173  data_time: 0.0422  memory: 5480  loss: 0.5972  loss_cls: 0.3095  loss_bbox: 0.2876
2025/07/10 02:21:22 - mmengine - INFO - Epoch(train)  [5][6400/7330]  lr: 1.0000e-02  eta: 23:42:35  time: 1.6415  data_time: 0.0390  memory: 5484  loss: 0.5938  loss_cls: 0.3209  loss_bbox: 0.2730
2025/07/10 02:22:45 - mmengine - INFO - Epoch(train)  [5][6450/7330]  lr: 1.0000e-02  eta: 23:41:15  time: 1.6546  data_time: 0.0449  memory: 5481  loss: 0.6111  loss_cls: 0.3247  loss_bbox: 0.2863
2025/07/10 02:24:06 - mmengine - INFO - Epoch(train)  [5][6500/7330]  lr: 1.0000e-02  eta: 23:39:52  time: 1.6254  data_time: 0.0421  memory: 5481  loss: 0.6147  loss_cls: 0.3312  loss_bbox: 0.2836
2025/07/10 02:25:27 - mmengine - INFO - Epoch(train)  [5][6550/7330]  lr: 1.0000e-02  eta: 23:38:30  time: 1.6288  data_time: 0.0418  memory: 5480  loss: 0.6004  loss_cls: 0.3175  loss_bbox: 0.2829
2025/07/10 02:26:49 - mmengine - INFO - Epoch(train)  [5][6600/7330]  lr: 1.0000e-02  eta: 23:37:08  time: 1.6290  data_time: 0.0309  memory: 5481  loss: 0.5930  loss_cls: 0.3182  loss_bbox: 0.2747
2025/07/10 02:28:12 - mmengine - INFO - Epoch(train)  [5][6650/7330]  lr: 1.0000e-02  eta: 23:35:48  time: 1.6602  data_time: 0.0370  memory: 5482  loss: 0.5734  loss_cls: 0.3001  loss_bbox: 0.2734
2025/07/10 02:29:01 - mmengine - INFO - Exp name: retinanet_r50_fpn_1x_coco_20250709_093937
2025/07/10 02:29:33 - mmengine - INFO - Epoch(train)  [5][6700/7330]  lr: 1.0000e-02  eta: 23:34:26  time: 1.6245  data_time: 0.0356  memory: 5480  loss: 0.6294  loss_cls: 0.3301  loss_bbox: 0.2993
2025/07/10 02:30:56 - mmengine - INFO - Epoch(train)  [5][6750/7330]  lr: 1.0000e-02  eta: 23:33:06  time: 1.6610  data_time: 0.0403  memory: 5481  loss: 0.5938  loss_cls: 0.3112  loss_bbox: 0.2825
2025/07/10 02:32:18 - mmengine - INFO - Epoch(train)  [5][6800/7330]  lr: 1.0000e-02  eta: 23:31:45  time: 1.6383  data_time: 0.0419  memory: 5481  loss: 0.5785  loss_cls: 0.3025  loss_bbox: 0.2760
2025/07/10 02:33:39 - mmengine - INFO - Epoch(train)  [5][6850/7330]  lr: 1.0000e-02  eta: 23:30:22  time: 1.6185  data_time: 0.0433  memory: 5482  loss: 0.6266  loss_cls: 0.3291  loss_bbox: 0.2975
2025/07/10 02:35:01 - mmengine - INFO - Epoch(train)  [5][6900/7330]  lr: 1.0000e-02  eta: 23:29:01  time: 1.6445  data_time: 0.0388  memory: 5482  loss: 0.6103  loss_cls: 0.3161  loss_bbox: 0.2942
2025/07/10 02:36:23 - mmengine - INFO - Epoch(train)  [5][6950/7330]  lr: 1.0000e-02  eta: 23:27:39  time: 1.6257  data_time: 0.0407  memory: 5483  loss: 0.6149  loss_cls: 0.3212  loss_bbox: 0.2937
2025/07/10 02:37:44 - mmengine - INFO - Epoch(train)  [5][7000/7330]  lr: 1.0000e-02  eta: 23:26:17  time: 1.6319  data_time: 0.0381  memory: 5481  loss: 0.6118  loss_cls: 0.3206  loss_bbox: 0.2911
2025/07/10 02:39:06 - mmengine - INFO - Epoch(train)  [5][7050/7330]  lr: 1.0000e-02  eta: 23:24:56  time: 1.6412  data_time: 0.0443  memory: 5481  loss: 0.5704  loss_cls: 0.2939  loss_bbox: 0.2766
2025/07/10 02:40:29 - mmengine - INFO - Epoch(train)  [5][7100/7330]  lr: 1.0000e-02  eta: 23:23:36  time: 1.6562  data_time: 0.0436  memory: 5481  loss: 0.5962  loss_cls: 0.3175  loss_bbox: 0.2788
2025/07/10 02:41:51 - mmengine - INFO - Epoch(train)  [5][7150/7330]  lr: 1.0000e-02  eta: 23:22:14  time: 1.6394  data_time: 0.0408  memory: 5483  loss: 0.6195  loss_cls: 0.3343  loss_bbox: 0.2852
2025/07/10 02:43:14 - mmengine - INFO - Epoch(train)  [5][7200/7330]  lr: 1.0000e-02  eta: 23:20:55  time: 1.6633  data_time: 0.0420  memory: 5482  loss: 0.5930  loss_cls: 0.3199  loss_bbox: 0.2731
2025/07/10 02:44:37 - mmengine - INFO - Epoch(train)  [5][7250/7330]  lr: 1.0000e-02  eta: 23:19:34  time: 1.6434  data_time: 0.0383  memory: 5481  loss: 0.5880  loss_cls: 0.3083  loss_bbox: 0.2797
2025/07/10 02:45:59 - mmengine - INFO - Epoch(train)  [5][7300/7330]  lr: 1.0000e-02  eta: 23:18:13  time: 1.6535  data_time: 0.0436  memory: 5483  loss: 0.6170  loss_cls: 0.3291  loss_bbox: 0.2880
2025/07/10 02:46:48 - mmengine - INFO - Exp name: retinanet_r50_fpn_1x_coco_20250709_093937
2025/07/10 02:46:48 - mmengine - INFO - Saving checkpoint at 5 epochs
2025/07/10 02:47:00 - mmengine - INFO - Epoch(val)  [5][  50/1250]    eta: 0:04:08  time: 0.2070  data_time: 0.0109  memory: 5481  
2025/07/10 02:47:10 - mmengine - INFO - Epoch(val)  [5][ 100/1250]    eta: 0:03:51  time: 0.1950  data_time: 0.0085  memory: 824  
2025/07/10 02:47:20 - mmengine - INFO - Epoch(val)  [5][ 150/1250]    eta: 0:03:39  time: 0.1977  data_time: 0.0091  memory: 832  
2025/07/10 02:47:30 - mmengine - INFO - Epoch(val)  [5][ 200/1250]    eta: 0:03:29  time: 0.1981  data_time: 0.0076  memory: 834  
2025/07/10 02:47:40 - mmengine - INFO - Epoch(val)  [5][ 250/1250]    eta: 0:03:18  time: 0.1963  data_time: 0.0093  memory: 818  
2025/07/10 02:47:49 - mmengine - INFO - Epoch(val)  [5][ 300/1250]    eta: 0:03:08  time: 0.1945  data_time: 0.0073  memory: 816  
2025/07/10 02:47:59 - mmengine - INFO - Epoch(val)  [5][ 350/1250]    eta: 0:02:58  time: 0.1988  data_time: 0.0092  memory: 816  
2025/07/10 02:48:09 - mmengine - INFO - Epoch(val)  [5][ 400/1250]    eta: 0:02:48  time: 0.1959  data_time: 0.0079  memory: 800  
2025/07/10 02:48:19 - mmengine - INFO - Epoch(val)  [5][ 450/1250]    eta: 0:02:38  time: 0.1965  data_time: 0.0086  memory: 832  
2025/07/10 02:48:29 - mmengine - INFO - Epoch(val)  [5][ 500/1250]    eta: 0:02:28  time: 0.1948  data_time: 0.0083  memory: 832  
2025/07/10 02:48:38 - mmengine - INFO - Epoch(val)  [5][ 550/1250]    eta: 0:02:18  time: 0.1951  data_time: 0.0089  memory: 800  
2025/07/10 02:48:48 - mmengine - INFO - Epoch(val)  [5][ 600/1250]    eta: 0:02:08  time: 0.1953  data_time: 0.0065  memory: 816  
2025/07/10 02:48:58 - mmengine - INFO - Epoch(val)  [5][ 650/1250]    eta: 0:01:57  time: 0.1905  data_time: 0.0065  memory: 816  
2025/07/10 02:49:08 - mmengine - INFO - Epoch(val)  [5][ 700/1250]    eta: 0:01:48  time: 0.1991  data_time: 0.0081  memory: 825  
2025/07/10 02:49:18 - mmengine - INFO - Epoch(val)  [5][ 750/1250]    eta: 0:01:38  time: 0.1970  data_time: 0.0082  memory: 824  
2025/07/10 02:49:27 - mmengine - INFO - Epoch(val)  [5][ 800/1250]    eta: 0:01:28  time: 0.1938  data_time: 0.0077  memory: 832  
2025/07/10 02:49:37 - mmengine - INFO - Epoch(val)  [5][ 850/1250]    eta: 0:01:18  time: 0.1934  data_time: 0.0073  memory: 832  
2025/07/10 02:49:47 - mmengine - INFO - Epoch(val)  [5][ 900/1250]    eta: 0:01:08  time: 0.1928  data_time: 0.0085  memory: 832  
2025/07/10 02:49:56 - mmengine - INFO - Epoch(val)  [5][ 950/1250]    eta: 0:00:58  time: 0.1937  data_time: 0.0086  memory: 818  
2025/07/10 02:50:06 - mmengine - INFO - Epoch(val)  [5][1000/1250]    eta: 0:00:48  time: 0.1924  data_time: 0.0083  memory: 818  
2025/07/10 02:50:16 - mmengine - INFO - Epoch(val)  [5][1050/1250]    eta: 0:00:39  time: 0.2011  data_time: 0.0095  memory: 824  
2025/07/10 02:50:26 - mmengine - INFO - Epoch(val)  [5][1100/1250]    eta: 0:00:29  time: 0.1945  data_time: 0.0089  memory: 833  
2025/07/10 02:50:36 - mmengine - INFO - Epoch(val)  [5][1150/1250]    eta: 0:00:19  time: 0.1981  data_time: 0.0092  memory: 824  
2025/07/10 02:50:45 - mmengine - INFO - Epoch(val)  [5][1200/1250]    eta: 0:00:09  time: 0.1940  data_time: 0.0074  memory: 824  
2025/07/10 02:50:55 - mmengine - INFO - Epoch(val)  [5][1250/1250]    eta: 0:00:00  time: 0.1925  data_time: 0.0084  memory: 833  
2025/07/10 02:51:04 - mmengine - INFO - Evaluating bbox...
2025/07/10 02:52:12 - mmengine - INFO - bbox_mAP_copypaste: 0.289 0.459 0.305 0.160 0.320 0.371
2025/07/10 02:52:14 - mmengine - INFO - Epoch(val) [5][1250/1250]    coco/bbox_mAP: 0.2890  coco/bbox_mAP_50: 0.4590  coco/bbox_mAP_75: 0.3050  coco/bbox_mAP_s: 0.1600  coco/bbox_mAP_m: 0.3200  coco/bbox_mAP_l: 0.3710  data_time: 0.0083  time: 0.1959
2025/07/10 02:53:36 - mmengine - INFO - Epoch(train)  [6][  50/7330]  lr: 1.0000e-02  eta: 23:16:03  time: 1.6479  data_time: 0.0422  memory: 5480  loss: 0.5871  loss_cls: 0.3028  loss_bbox: 0.2843
2025/07/10 02:54:59 - mmengine - INFO - Epoch(train)  [6][ 100/7330]  lr: 1.0000e-02  eta: 23:14:43  time: 1.6548  data_time: 0.0400  memory: 5482  loss: 0.5446  loss_cls: 0.2878  loss_bbox: 0.2567
2025/07/10 02:56:22 - mmengine - INFO - Epoch(train)  [6][ 150/7330]  lr: 1.0000e-02  eta: 23:13:23  time: 1.6578  data_time: 0.0405  memory: 5479  loss: 0.5806  loss_cls: 0.3055  loss_bbox: 0.2751
2025/07/10 02:57:46 - mmengine - INFO - Epoch(train)  [6][ 200/7330]  lr: 1.0000e-02  eta: 23:12:04  time: 1.6769  data_time: 0.0396  memory: 5482  loss: 0.6012  loss_cls: 0.3137  loss_bbox: 0.2875
2025/07/10 02:59:07 - mmengine - INFO - Epoch(train)  [6][ 250/7330]  lr: 1.0000e-02  eta: 23:10:43  time: 1.6368  data_time: 0.0400  memory: 5482  loss: 0.5509  loss_cls: 0.2892  loss_bbox: 0.2616
2025/07/10 03:00:29 - mmengine - INFO - Epoch(train)  [6][ 300/7330]  lr: 1.0000e-02  eta: 23:09:20  time: 1.6240  data_time: 0.0404  memory: 5481  loss: 0.6014  loss_cls: 0.3172  loss_bbox: 0.2842
2025/07/10 03:01:53 - mmengine - INFO - Exp name: retinanet_r50_fpn_1x_coco_20250709_093937
2025/07/10 03:01:53 - mmengine - INFO - Epoch(train)  [6][ 350/7330]  lr: 1.0000e-02  eta: 23:08:02  time: 1.6816  data_time: 0.0432  memory: 5483  loss: 0.5582  loss_cls: 0.2938  loss_bbox: 0.2644
2025/07/10 03:03:15 - mmengine - INFO - Epoch(train)  [6][ 400/7330]  lr: 1.0000e-02  eta: 23:06:40  time: 1.6405  data_time: 0.0422  memory: 5480  loss: 0.5841  loss_cls: 0.3156  loss_bbox: 0.2685
2025/07/10 03:04:37 - mmengine - INFO - Epoch(train)  [6][ 450/7330]  lr: 1.0000e-02  eta: 23:05:19  time: 1.6422  data_time: 0.0406  memory: 5483  loss: 0.5631  loss_cls: 0.2944  loss_bbox: 0.2687
2025/07/10 03:05:59 - mmengine - INFO - Epoch(train)  [6][ 500/7330]  lr: 1.0000e-02  eta: 23:03:58  time: 1.6453  data_time: 0.0406  memory: 5481  loss: 0.5915  loss_cls: 0.3141  loss_bbox: 0.2774
2025/07/10 03:07:21 - mmengine - INFO - Epoch(train)  [6][ 550/7330]  lr: 1.0000e-02  eta: 23:02:37  time: 1.6349  data_time: 0.0418  memory: 5482  loss: 0.6167  loss_cls: 0.3223  loss_bbox: 0.2944
2025/07/10 03:08:44 - mmengine - INFO - Epoch(train)  [6][ 600/7330]  lr: 1.0000e-02  eta: 23:01:16  time: 1.6535  data_time: 0.0421  memory: 5482  loss: 0.5844  loss_cls: 0.3070  loss_bbox: 0.2773
2025/07/10 03:10:05 - mmengine - INFO - Epoch(train)  [6][ 650/7330]  lr: 1.0000e-02  eta: 22:59:54  time: 1.6238  data_time: 0.0407  memory: 5481  loss: 0.6008  loss_cls: 0.3129  loss_bbox: 0.2879
2025/07/10 03:11:27 - mmengine - INFO - Epoch(train)  [6][ 700/7330]  lr: 1.0000e-02  eta: 22:58:33  time: 1.6478  data_time: 0.0425  memory: 5481  loss: 0.5760  loss_cls: 0.3103  loss_bbox: 0.2657
2025/07/10 03:12:49 - mmengine - INFO - Epoch(train)  [6][ 750/7330]  lr: 1.0000e-02  eta: 22:57:11  time: 1.6315  data_time: 0.0422  memory: 5484  loss: 0.5888  loss_cls: 0.3066  loss_bbox: 0.2821
2025/07/10 03:14:11 - mmengine - INFO - Epoch(train)  [6][ 800/7330]  lr: 1.0000e-02  eta: 22:55:50  time: 1.6442  data_time: 0.0436  memory: 5482  loss: 0.5960  loss_cls: 0.3223  loss_bbox: 0.2737
2025/07/10 03:15:33 - mmengine - INFO - Epoch(train)  [6][ 850/7330]  lr: 1.0000e-02  eta: 22:54:29  time: 1.6411  data_time: 0.0406  memory: 5483  loss: 0.5917  loss_cls: 0.3025  loss_bbox: 0.2892
2025/07/10 03:16:55 - mmengine - INFO - Epoch(train)  [6][ 900/7330]  lr: 1.0000e-02  eta: 22:53:06  time: 1.6264  data_time: 0.0411  memory: 5482  loss: 0.5820  loss_cls: 0.3059  loss_bbox: 0.2762
2025/07/10 03:18:16 - mmengine - INFO - Epoch(train)  [6][ 950/7330]  lr: 1.0000e-02  eta: 22:51:45  time: 1.6336  data_time: 0.0411  memory: 5481  loss: 0.5964  loss_cls: 0.3099  loss_bbox: 0.2865
2025/07/10 03:19:37 - mmengine - INFO - Epoch(train)  [6][1000/7330]  lr: 1.0000e-02  eta: 22:50:22  time: 1.6186  data_time: 0.0434  memory: 5483  loss: 0.5708  loss_cls: 0.2986  loss_bbox: 0.2723
2025/07/10 03:20:59 - mmengine - INFO - Epoch(train)  [6][1050/7330]  lr: 1.0000e-02  eta: 22:49:00  time: 1.6271  data_time: 0.0380  memory: 5482  loss: 0.5931  loss_cls: 0.3178  loss_bbox: 0.2753
2025/07/10 03:22:21 - mmengine - INFO - Epoch(train)  [6][1100/7330]  lr: 1.0000e-02  eta: 22:47:38  time: 1.6392  data_time: 0.0393  memory: 5483  loss: 0.5808  loss_cls: 0.3022  loss_bbox: 0.2786
2025/07/10 03:23:43 - mmengine - INFO - Epoch(train)  [6][1150/7330]  lr: 1.0000e-02  eta: 22:46:17  time: 1.6394  data_time: 0.0388  memory: 5482  loss: 0.6009  loss_cls: 0.3154  loss_bbox: 0.2855
2025/07/10 03:25:04 - mmengine - INFO - Epoch(train)  [6][1200/7330]  lr: 1.0000e-02  eta: 22:44:54  time: 1.6198  data_time: 0.0410  memory: 5481  loss: 0.5888  loss_cls: 0.3086  loss_bbox: 0.2802
2025/07/10 03:26:27 - mmengine - INFO - Epoch(train)  [6][1250/7330]  lr: 1.0000e-02  eta: 22:43:34  time: 1.6613  data_time: 0.0398  memory: 5483  loss: 0.5638  loss_cls: 0.2938  loss_bbox: 0.2700
2025/07/10 03:27:49 - mmengine - INFO - Epoch(train)  [6][1300/7330]  lr: 1.0000e-02  eta: 22:42:14  time: 1.6503  data_time: 0.0398  memory: 5482  loss: 0.5873  loss_cls: 0.3042  loss_bbox: 0.2831
2025/07/10 03:29:12 - mmengine - INFO - Exp name: retinanet_r50_fpn_1x_coco_20250709_093937
2025/07/10 03:29:12 - mmengine - INFO - Epoch(train)  [6][1350/7330]  lr: 1.0000e-02  eta: 22:40:53  time: 1.6492  data_time: 0.0410  memory: 5484  loss: 0.5733  loss_cls: 0.2978  loss_bbox: 0.2755
2025/07/10 03:30:33 - mmengine - INFO - Epoch(train)  [6][1400/7330]  lr: 1.0000e-02  eta: 22:39:31  time: 1.6294  data_time: 0.0427  memory: 5483  loss: 0.5858  loss_cls: 0.3036  loss_bbox: 0.2822
2025/07/10 03:31:55 - mmengine - INFO - Epoch(train)  [6][1450/7330]  lr: 1.0000e-02  eta: 22:38:10  time: 1.6432  data_time: 0.0435  memory: 5481  loss: 0.5684  loss_cls: 0.3033  loss_bbox: 0.2651
2025/07/10 03:33:18 - mmengine - INFO - Epoch(train)  [6][1500/7330]  lr: 1.0000e-02  eta: 22:36:49  time: 1.6551  data_time: 0.0408  memory: 5481  loss: 0.5692  loss_cls: 0.3011  loss_bbox: 0.2681
2025/07/10 03:34:41 - mmengine - INFO - Epoch(train)  [6][1550/7330]  lr: 1.0000e-02  eta: 22:35:30  time: 1.6630  data_time: 0.0425  memory: 5480  loss: 0.5793  loss_cls: 0.3026  loss_bbox: 0.2768
2025/07/10 03:36:03 - mmengine - INFO - Epoch(train)  [6][1600/7330]  lr: 1.0000e-02  eta: 22:34:08  time: 1.6351  data_time: 0.0403  memory: 5480  loss: 0.5624  loss_cls: 0.3015  loss_bbox: 0.2609
2025/07/10 03:37:26 - mmengine - INFO - Epoch(train)  [6][1650/7330]  lr: 1.0000e-02  eta: 22:32:47  time: 1.6461  data_time: 0.0414  memory: 5482  loss: 0.5817  loss_cls: 0.2980  loss_bbox: 0.2836
2025/07/10 03:38:47 - mmengine - INFO - Epoch(train)  [6][1700/7330]  lr: 1.0000e-02  eta: 22:31:25  time: 1.6256  data_time: 0.0421  memory: 5483  loss: 0.5934  loss_cls: 0.3123  loss_bbox: 0.2811
2025/07/10 03:40:08 - mmengine - INFO - Epoch(train)  [6][1750/7330]  lr: 1.0000e-02  eta: 22:30:03  time: 1.6311  data_time: 0.0433  memory: 5481  loss: 0.5772  loss_cls: 0.3068  loss_bbox: 0.2704
2025/07/10 03:41:30 - mmengine - INFO - Epoch(train)  [6][1800/7330]  lr: 1.0000e-02  eta: 22:28:41  time: 1.6347  data_time: 0.0438  memory: 5482  loss: 0.5933  loss_cls: 0.3111  loss_bbox: 0.2821
2025/07/10 03:42:52 - mmengine - INFO - Epoch(train)  [6][1850/7330]  lr: 1.0000e-02  eta: 22:27:19  time: 1.6328  data_time: 0.0408  memory: 5481  loss: 0.6003  loss_cls: 0.3141  loss_bbox: 0.2862
2025/07/10 03:44:14 - mmengine - INFO - Epoch(train)  [6][1900/7330]  lr: 1.0000e-02  eta: 22:25:58  time: 1.6495  data_time: 0.0391  memory: 5481  loss: 0.5845  loss_cls: 0.3007  loss_bbox: 0.2838
2025/07/10 03:45:34 - mmengine - INFO - Epoch(train)  [6][1950/7330]  lr: 1.0000e-02  eta: 22:24:34  time: 1.6013  data_time: 0.0402  memory: 5481  loss: 0.5921  loss_cls: 0.3162  loss_bbox: 0.2759
2025/07/10 03:46:57 - mmengine - INFO - Epoch(train)  [6][2000/7330]  lr: 1.0000e-02  eta: 22:23:14  time: 1.6477  data_time: 0.0394  memory: 5482  loss: 0.5680  loss_cls: 0.2951  loss_bbox: 0.2729
2025/07/10 03:48:19 - mmengine - INFO - Epoch(train)  [6][2050/7330]  lr: 1.0000e-02  eta: 22:21:52  time: 1.6364  data_time: 0.0386  memory: 5482  loss: 0.5790  loss_cls: 0.3074  loss_bbox: 0.2715
2025/07/10 03:49:41 - mmengine - INFO - Epoch(train)  [6][2100/7330]  lr: 1.0000e-02  eta: 22:20:31  time: 1.6509  data_time: 0.0374  memory: 5479  loss: 0.5719  loss_cls: 0.2994  loss_bbox: 0.2724
2025/07/10 03:51:03 - mmengine - INFO - Epoch(train)  [6][2150/7330]  lr: 1.0000e-02  eta: 22:19:09  time: 1.6301  data_time: 0.0379  memory: 5482  loss: 0.5809  loss_cls: 0.3117  loss_bbox: 0.2692
2025/07/10 03:52:25 - mmengine - INFO - Epoch(train)  [6][2200/7330]  lr: 1.0000e-02  eta: 22:17:48  time: 1.6434  data_time: 0.0378  memory: 5481  loss: 0.5921  loss_cls: 0.3121  loss_bbox: 0.2800
2025/07/10 03:53:47 - mmengine - INFO - Epoch(train)  [6][2250/7330]  lr: 1.0000e-02  eta: 22:16:27  time: 1.6464  data_time: 0.0388  memory: 5481  loss: 0.5727  loss_cls: 0.2998  loss_bbox: 0.2729
2025/07/10 03:55:08 - mmengine - INFO - Epoch(train)  [6][2300/7330]  lr: 1.0000e-02  eta: 22:15:05  time: 1.6190  data_time: 0.0411  memory: 5484  loss: 0.5899  loss_cls: 0.3075  loss_bbox: 0.2824
2025/07/10 03:56:29 - mmengine - INFO - Exp name: retinanet_r50_fpn_1x_coco_20250709_093937
2025/07/10 03:56:29 - mmengine - INFO - Epoch(train)  [6][2350/7330]  lr: 1.0000e-02  eta: 22:13:41  time: 1.6048  data_time: 0.0398  memory: 5481  loss: 0.5980  loss_cls: 0.3224  loss_bbox: 0.2756
2025/07/10 03:57:50 - mmengine - INFO - Epoch(train)  [6][2400/7330]  lr: 1.0000e-02  eta: 22:12:18  time: 1.6180  data_time: 0.0383  memory: 5483  loss: 0.5892  loss_cls: 0.3083  loss_bbox: 0.2810
2025/07/10 03:59:11 - mmengine - INFO - Epoch(train)  [6][2450/7330]  lr: 1.0000e-02  eta: 22:10:56  time: 1.6289  data_time: 0.0413  memory: 5483  loss: 0.6278  loss_cls: 0.3226  loss_bbox: 0.3052
2025/07/10 04:00:32 - mmengine - INFO - Epoch(train)  [6][2500/7330]  lr: 1.0000e-02  eta: 22:09:34  time: 1.6284  data_time: 0.0427  memory: 5481  loss: 0.6110  loss_cls: 0.3260  loss_bbox: 0.2850
2025/07/10 04:01:54 - mmengine - INFO - Epoch(train)  [6][2550/7330]  lr: 1.0000e-02  eta: 22:08:12  time: 1.6281  data_time: 0.0426  memory: 5482  loss: 0.5714  loss_cls: 0.2952  loss_bbox: 0.2762
2025/07/10 04:03:15 - mmengine - INFO - Epoch(train)  [6][2600/7330]  lr: 1.0000e-02  eta: 22:06:49  time: 1.6141  data_time: 0.0404  memory: 5480  loss: 0.5868  loss_cls: 0.3180  loss_bbox: 0.2688
2025/07/10 04:04:37 - mmengine - INFO - Epoch(train)  [6][2650/7330]  lr: 1.0000e-02  eta: 22:05:28  time: 1.6466  data_time: 0.0428  memory: 5483  loss: 0.5569  loss_cls: 0.2921  loss_bbox: 0.2647
2025/07/10 04:06:00 - mmengine - INFO - Epoch(train)  [6][2700/7330]  lr: 1.0000e-02  eta: 22:04:07  time: 1.6500  data_time: 0.0372  memory: 5482  loss: 0.5846  loss_cls: 0.2989  loss_bbox: 0.2856
2025/07/10 04:07:20 - mmengine - INFO - Epoch(train)  [6][2750/7330]  lr: 1.0000e-02  eta: 22:02:44  time: 1.6164  data_time: 0.0385  memory: 5483  loss: 0.5833  loss_cls: 0.3066  loss_bbox: 0.2767
2025/07/10 04:08:42 - mmengine - INFO - Epoch(train)  [6][2800/7330]  lr: 1.0000e-02  eta: 22:01:23  time: 1.6324  data_time: 0.0428  memory: 5481  loss: 0.5547  loss_cls: 0.2923  loss_bbox: 0.2624
2025/07/10 04:10:05 - mmengine - INFO - Epoch(train)  [6][2850/7330]  lr: 1.0000e-02  eta: 22:00:03  time: 1.6689  data_time: 0.0423  memory: 5481  loss: 0.5801  loss_cls: 0.3038  loss_bbox: 0.2763
2025/07/10 04:11:28 - mmengine - INFO - Epoch(train)  [6][2900/7330]  lr: 1.0000e-02  eta: 21:58:42  time: 1.6413  data_time: 0.0422  memory: 5480  loss: 0.5648  loss_cls: 0.2968  loss_bbox: 0.2680
2025/07/10 04:12:50 - mmengine - INFO - Epoch(train)  [6][2950/7330]  lr: 1.0000e-02  eta: 21:57:20  time: 1.6432  data_time: 0.0406  memory: 5481  loss: 0.5907  loss_cls: 0.3134  loss_bbox: 0.2773
2025/07/10 04:14:10 - mmengine - INFO - Epoch(train)  [6][3000/7330]  lr: 1.0000e-02  eta: 21:55:57  time: 1.6067  data_time: 0.0311  memory: 5482  loss: 0.5751  loss_cls: 0.2980  loss_bbox: 0.2771
2025/07/10 04:15:32 - mmengine - INFO - Epoch(train)  [6][3050/7330]  lr: 1.0000e-02  eta: 21:54:35  time: 1.6315  data_time: 0.0418  memory: 5482  loss: 0.5925  loss_cls: 0.3128  loss_bbox: 0.2797
2025/07/10 04:16:52 - mmengine - INFO - Epoch(train)  [6][3100/7330]  lr: 1.0000e-02  eta: 21:53:11  time: 1.5999  data_time: 0.0384  memory: 5480  loss: 0.6023  loss_cls: 0.3196  loss_bbox: 0.2827
2025/07/10 04:18:14 - mmengine - INFO - Epoch(train)  [6][3150/7330]  lr: 1.0000e-02  eta: 21:51:50  time: 1.6385  data_time: 0.0372  memory: 5482  loss: 0.5771  loss_cls: 0.3050  loss_bbox: 0.2721
2025/07/10 04:19:36 - mmengine - INFO - Epoch(train)  [6][3200/7330]  lr: 1.0000e-02  eta: 21:50:29  time: 1.6402  data_time: 0.0398  memory: 5481  loss: 0.6066  loss_cls: 0.3209  loss_bbox: 0.2857
2025/07/10 04:20:57 - mmengine - INFO - Epoch(train)  [6][3250/7330]  lr: 1.0000e-02  eta: 21:49:07  time: 1.6313  data_time: 0.0386  memory: 5481  loss: 0.5712  loss_cls: 0.2968  loss_bbox: 0.2744
2025/07/10 04:22:19 - mmengine - INFO - Epoch(train)  [6][3300/7330]  lr: 1.0000e-02  eta: 21:47:45  time: 1.6336  data_time: 0.0358  memory: 5481  loss: 0.5487  loss_cls: 0.2888  loss_bbox: 0.2599
2025/07/10 04:23:41 - mmengine - INFO - Exp name: retinanet_r50_fpn_1x_coco_20250709_093937
2025/07/10 04:23:41 - mmengine - INFO - Epoch(train)  [6][3350/7330]  lr: 1.0000e-02  eta: 21:46:23  time: 1.6355  data_time: 0.0355  memory: 5481  loss: 0.5744  loss_cls: 0.3098  loss_bbox: 0.2646
2025/07/10 04:25:03 - mmengine - INFO - Epoch(train)  [6][3400/7330]  lr: 1.0000e-02  eta: 21:45:02  time: 1.6414  data_time: 0.0383  memory: 5483  loss: 0.5547  loss_cls: 0.2816  loss_bbox: 0.2730
2025/07/10 04:26:25 - mmengine - INFO - Epoch(train)  [6][3450/7330]  lr: 1.0000e-02  eta: 21:43:41  time: 1.6491  data_time: 0.0347  memory: 5483  loss: 0.5960  loss_cls: 0.3205  loss_bbox: 0.2755
2025/07/10 04:27:47 - mmengine - INFO - Epoch(train)  [6][3500/7330]  lr: 1.0000e-02  eta: 21:42:19  time: 1.6364  data_time: 0.0377  memory: 5482  loss: 0.6053  loss_cls: 0.3174  loss_bbox: 0.2879
2025/07/10 04:29:10 - mmengine - INFO - Epoch(train)  [6][3550/7330]  lr: 1.0000e-02  eta: 21:40:59  time: 1.6539  data_time: 0.0380  memory: 5481  loss: 0.5731  loss_cls: 0.2999  loss_bbox: 0.2732
2025/07/10 04:30:31 - mmengine - INFO - Epoch(train)  [6][3600/7330]  lr: 1.0000e-02  eta: 21:39:37  time: 1.6231  data_time: 0.0396  memory: 5482  loss: 0.5708  loss_cls: 0.2942  loss_bbox: 0.2767
2025/07/10 04:31:52 - mmengine - INFO - Epoch(train)  [6][3650/7330]  lr: 1.0000e-02  eta: 21:38:14  time: 1.6155  data_time: 0.0389  memory: 5483  loss: 0.5793  loss_cls: 0.3022  loss_bbox: 0.2771
2025/07/10 04:33:13 - mmengine - INFO - Epoch(train)  [6][3700/7330]  lr: 1.0000e-02  eta: 21:36:51  time: 1.6219  data_time: 0.0365  memory: 5483  loss: 0.5986  loss_cls: 0.3182  loss_bbox: 0.2804
2025/07/10 04:34:35 - mmengine - INFO - Epoch(train)  [6][3750/7330]  lr: 1.0000e-02  eta: 21:35:29  time: 1.6319  data_time: 0.0370  memory: 5481  loss: 0.5834  loss_cls: 0.3053  loss_bbox: 0.2781
2025/07/10 04:35:56 - mmengine - INFO - Epoch(train)  [6][3800/7330]  lr: 1.0000e-02  eta: 21:34:07  time: 1.6242  data_time: 0.0403  memory: 5480  loss: 0.5848  loss_cls: 0.3091  loss_bbox: 0.2757
2025/07/10 04:37:18 - mmengine - INFO - Epoch(train)  [6][3850/7330]  lr: 1.0000e-02  eta: 21:32:46  time: 1.6403  data_time: 0.0312  memory: 5482  loss: 0.5893  loss_cls: 0.3061  loss_bbox: 0.2832
2025/07/10 04:38:40 - mmengine - INFO - Epoch(train)  [6][3900/7330]  lr: 1.0000e-02  eta: 21:31:24  time: 1.6289  data_time: 0.0379  memory: 5481  loss: 0.6048  loss_cls: 0.3049  loss_bbox: 0.2999
2025/07/10 04:40:00 - mmengine - INFO - Epoch(train)  [6][3950/7330]  lr: 1.0000e-02  eta: 21:30:01  time: 1.6170  data_time: 0.0380  memory: 5481  loss: 0.5942  loss_cls: 0.3168  loss_bbox: 0.2774
2025/07/10 04:41:22 - mmengine - INFO - Epoch(train)  [6][4000/7330]  lr: 1.0000e-02  eta: 21:28:39  time: 1.6264  data_time: 0.0387  memory: 5485  loss: 0.5720  loss_cls: 0.3033  loss_bbox: 0.2687
2025/07/10 04:42:43 - mmengine - INFO - Epoch(train)  [6][4050/7330]  lr: 1.0000e-02  eta: 21:27:17  time: 1.6294  data_time: 0.0372  memory: 5481  loss: 0.5783  loss_cls: 0.3013  loss_bbox: 0.2770
2025/07/10 04:44:05 - mmengine - INFO - Epoch(train)  [6][4100/7330]  lr: 1.0000e-02  eta: 21:25:55  time: 1.6371  data_time: 0.0377  memory: 5481  loss: 0.5857  loss_cls: 0.3076  loss_bbox: 0.2781
2025/07/10 04:45:28 - mmengine - INFO - Epoch(train)  [6][4150/7330]  lr: 1.0000e-02  eta: 21:24:34  time: 1.6455  data_time: 0.0358  memory: 5481  loss: 0.5896  loss_cls: 0.3142  loss_bbox: 0.2754
2025/07/10 04:46:49 - mmengine - INFO - Epoch(train)  [6][4200/7330]  lr: 1.0000e-02  eta: 21:23:12  time: 1.6257  data_time: 0.0384  memory: 5481  loss: 0.6033  loss_cls: 0.3157  loss_bbox: 0.2876
2025/07/10 04:48:10 - mmengine - INFO - Epoch(train)  [6][4250/7330]  lr: 1.0000e-02  eta: 21:21:50  time: 1.6237  data_time: 0.0429  memory: 5481  loss: 0.5868  loss_cls: 0.3028  loss_bbox: 0.2841
2025/07/10 04:49:32 - mmengine - INFO - Epoch(train)  [6][4300/7330]  lr: 1.0000e-02  eta: 21:20:28  time: 1.6381  data_time: 0.0418  memory: 5483  loss: 0.5914  loss_cls: 0.3175  loss_bbox: 0.2739
2025/07/10 04:50:56 - mmengine - INFO - Exp name: retinanet_r50_fpn_1x_coco_20250709_093937
2025/07/10 04:50:56 - mmengine - INFO - Epoch(train)  [6][4350/7330]  lr: 1.0000e-02  eta: 21:19:09  time: 1.6779  data_time: 0.0411  memory: 5482  loss: 0.5887  loss_cls: 0.3088  loss_bbox: 0.2799
2025/07/10 04:52:17 - mmengine - INFO - Epoch(train)  [6][4400/7330]  lr: 1.0000e-02  eta: 21:17:46  time: 1.6117  data_time: 0.0399  memory: 5483  loss: 0.5674  loss_cls: 0.3004  loss_bbox: 0.2669
2025/07/10 04:53:39 - mmengine - INFO - Epoch(train)  [6][4450/7330]  lr: 1.0000e-02  eta: 21:16:24  time: 1.6398  data_time: 0.0411  memory: 5481  loss: 0.5700  loss_cls: 0.3018  loss_bbox: 0.2682
2025/07/10 04:55:01 - mmengine - INFO - Epoch(train)  [6][4500/7330]  lr: 1.0000e-02  eta: 21:15:03  time: 1.6470  data_time: 0.0379  memory: 5482  loss: 0.5818  loss_cls: 0.3103  loss_bbox: 0.2716
2025/07/10 04:56:24 - mmengine - INFO - Epoch(train)  [6][4550/7330]  lr: 1.0000e-02  eta: 21:13:43  time: 1.6597  data_time: 0.0407  memory: 5483  loss: 0.5654  loss_cls: 0.3014  loss_bbox: 0.2641
2025/07/10 04:57:47 - mmengine - INFO - Epoch(train)  [6][4600/7330]  lr: 1.0000e-02  eta: 21:12:23  time: 1.6533  data_time: 0.0396  memory: 5483  loss: 0.5851  loss_cls: 0.3020  loss_bbox: 0.2831
2025/07/10 04:59:09 - mmengine - INFO - Epoch(train)  [6][4650/7330]  lr: 1.0000e-02  eta: 21:11:01  time: 1.6449  data_time: 0.0364  memory: 5483  loss: 0.6014  loss_cls: 0.3161  loss_bbox: 0.2853
2025/07/10 05:00:30 - mmengine - INFO - Epoch(train)  [6][4700/7330]  lr: 1.0000e-02  eta: 21:09:39  time: 1.6196  data_time: 0.0382  memory: 5481  loss: 0.5703  loss_cls: 0.3006  loss_bbox: 0.2697
2025/07/10 05:01:51 - mmengine - INFO - Epoch(train)  [6][4750/7330]  lr: 1.0000e-02  eta: 21:08:16  time: 1.6225  data_time: 0.0376  memory: 5482  loss: 0.5697  loss_cls: 0.3002  loss_bbox: 0.2695
2025/07/10 05:03:13 - mmengine - INFO - Epoch(train)  [6][4800/7330]  lr: 1.0000e-02  eta: 21:06:55  time: 1.6318  data_time: 0.0362  memory: 5482  loss: 0.5856  loss_cls: 0.3138  loss_bbox: 0.2718
2025/07/10 05:04:36 - mmengine - INFO - Epoch(train)  [6][4850/7330]  lr: 1.0000e-02  eta: 21:05:35  time: 1.6674  data_time: 0.0352  memory: 5482  loss: 0.6065  loss_cls: 0.3164  loss_bbox: 0.2901
2025/07/10 05:05:58 - mmengine - INFO - Epoch(train)  [6][4900/7330]  lr: 1.0000e-02  eta: 21:04:13  time: 1.6383  data_time: 0.0377  memory: 5481  loss: 0.5776  loss_cls: 0.3053  loss_bbox: 0.2723
2025/07/10 05:07:21 - mmengine - INFO - Epoch(train)  [6][4950/7330]  lr: 1.0000e-02  eta: 21:02:53  time: 1.6539  data_time: 0.0390  memory: 5481  loss: 0.5928  loss_cls: 0.3249  loss_bbox: 0.2679
2025/07/10 05:08:43 - mmengine - INFO - Epoch(train)  [6][5000/7330]  lr: 1.0000e-02  eta: 21:01:31  time: 1.6451  data_time: 0.0334  memory: 5482  loss: 0.5882  loss_cls: 0.3097  loss_bbox: 0.2785
2025/07/10 05:10:05 - mmengine - INFO - Epoch(train)  [6][5050/7330]  lr: 1.0000e-02  eta: 21:00:10  time: 1.6390  data_time: 0.0396  memory: 5482  loss: 0.5752  loss_cls: 0.3034  loss_bbox: 0.2718
2025/07/10 05:11:28 - mmengine - INFO - Epoch(train)  [6][5100/7330]  lr: 1.0000e-02  eta: 20:58:49  time: 1.6511  data_time: 0.0375  memory: 5483  loss: 0.5761  loss_cls: 0.2966  loss_bbox: 0.2795
2025/07/10 05:12:49 - mmengine - INFO - Epoch(train)  [6][5150/7330]  lr: 1.0000e-02  eta: 20:57:27  time: 1.6332  data_time: 0.0389  memory: 5482  loss: 0.5580  loss_cls: 0.2899  loss_bbox: 0.2681
2025/07/10 05:14:11 - mmengine - INFO - Epoch(train)  [6][5200/7330]  lr: 1.0000e-02  eta: 20:56:06  time: 1.6317  data_time: 0.0376  memory: 5482  loss: 0.5985  loss_cls: 0.3118  loss_bbox: 0.2867
2025/07/10 05:15:34 - mmengine - INFO - Epoch(train)  [6][5250/7330]  lr: 1.0000e-02  eta: 20:54:45  time: 1.6616  data_time: 0.0386  memory: 5481  loss: 0.5789  loss_cls: 0.3032  loss_bbox: 0.2758
2025/07/10 05:16:55 - mmengine - INFO - Epoch(train)  [6][5300/7330]  lr: 1.0000e-02  eta: 20:53:23  time: 1.6254  data_time: 0.0379  memory: 5482  loss: 0.5919  loss_cls: 0.3112  loss_bbox: 0.2807
2025/07/10 05:18:20 - mmengine - INFO - Exp name: retinanet_r50_fpn_1x_coco_20250709_093937
2025/07/10 05:18:20 - mmengine - INFO - Epoch(train)  [6][5350/7330]  lr: 1.0000e-02  eta: 20:52:04  time: 1.6835  data_time: 0.0380  memory: 5482  loss: 0.5762  loss_cls: 0.3075  loss_bbox: 0.2688
2025/07/10 05:19:42 - mmengine - INFO - Epoch(train)  [6][5400/7330]  lr: 1.0000e-02  eta: 20:50:43  time: 1.6445  data_time: 0.0431  memory: 5483  loss: 0.5608  loss_cls: 0.2962  loss_bbox: 0.2646
2025/07/10 05:21:03 - mmengine - INFO - Epoch(train)  [6][5450/7330]  lr: 1.0000e-02  eta: 20:49:21  time: 1.6312  data_time: 0.0416  memory: 5484  loss: 0.5729  loss_cls: 0.2972  loss_bbox: 0.2757
2025/07/10 05:22:25 - mmengine - INFO - Epoch(train)  [6][5500/7330]  lr: 1.0000e-02  eta: 20:47:59  time: 1.6360  data_time: 0.0373  memory: 5480  loss: 0.5778  loss_cls: 0.3080  loss_bbox: 0.2699
2025/07/10 05:23:46 - mmengine - INFO - Epoch(train)  [6][5550/7330]  lr: 1.0000e-02  eta: 20:46:37  time: 1.6222  data_time: 0.0395  memory: 5482  loss: 0.5803  loss_cls: 0.3056  loss_bbox: 0.2748
2025/07/10 05:25:09 - mmengine - INFO - Epoch(train)  [6][5600/7330]  lr: 1.0000e-02  eta: 20:45:16  time: 1.6460  data_time: 0.0402  memory: 5481  loss: 0.5883  loss_cls: 0.3132  loss_bbox: 0.2750
2025/07/10 05:26:30 - mmengine - INFO - Epoch(train)  [6][5650/7330]  lr: 1.0000e-02  eta: 20:43:54  time: 1.6264  data_time: 0.0438  memory: 5480  loss: 0.5864  loss_cls: 0.3084  loss_bbox: 0.2780
2025/07/10 05:27:51 - mmengine - INFO - Epoch(train)  [6][5700/7330]  lr: 1.0000e-02  eta: 20:42:31  time: 1.6220  data_time: 0.0382  memory: 5480  loss: 0.5929  loss_cls: 0.3184  loss_bbox: 0.2745
2025/07/10 05:29:14 - mmengine - INFO - Epoch(train)  [6][5750/7330]  lr: 1.0000e-02  eta: 20:41:11  time: 1.6586  data_time: 0.0440  memory: 5481  loss: 0.5615  loss_cls: 0.2918  loss_bbox: 0.2697
2025/07/10 05:30:37 - mmengine - INFO - Epoch(train)  [6][5800/7330]  lr: 1.0000e-02  eta: 20:39:50  time: 1.6523  data_time: 0.0399  memory: 5481  loss: 0.5835  loss_cls: 0.3071  loss_bbox: 0.2764
2025/07/10 05:32:00 - mmengine - INFO - Epoch(train)  [6][5850/7330]  lr: 1.0000e-02  eta: 20:38:30  time: 1.6673  data_time: 0.0394  memory: 5480  loss: 0.5812  loss_cls: 0.3077  loss_bbox: 0.2736
2025/07/10 05:33:21 - mmengine - INFO - Epoch(train)  [6][5900/7330]  lr: 1.0000e-02  eta: 20:37:08  time: 1.6213  data_time: 0.0406  memory: 5481  loss: 0.5922  loss_cls: 0.3128  loss_bbox: 0.2794
2025/07/10 05:34:42 - mmengine - INFO - Epoch(train)  [6][5950/7330]  lr: 1.0000e-02  eta: 20:35:45  time: 1.6208  data_time: 0.0410  memory: 5483  loss: 0.5898  loss_cls: 0.3185  loss_bbox: 0.2714
2025/07/10 05:36:02 - mmengine - INFO - Epoch(train)  [6][6000/7330]  lr: 1.0000e-02  eta: 20:34:21  time: 1.5889  data_time: 0.0346  memory: 5483  loss: 0.5668  loss_cls: 0.3034  loss_bbox: 0.2634
2025/07/10 05:37:24 - mmengine - INFO - Epoch(train)  [6][6050/7330]  lr: 1.0000e-02  eta: 20:32:59  time: 1.6384  data_time: 0.0390  memory: 5481  loss: 0.5955  loss_cls: 0.3090  loss_bbox: 0.2865
2025/07/10 05:38:45 - mmengine - INFO - Epoch(train)  [6][6100/7330]  lr: 1.0000e-02  eta: 20:31:37  time: 1.6276  data_time: 0.0395  memory: 5484  loss: 0.6003  loss_cls: 0.3201  loss_bbox: 0.2802
2025/07/10 05:40:06 - mmengine - INFO - Epoch(train)  [6][6150/7330]  lr: 1.0000e-02  eta: 20:30:15  time: 1.6177  data_time: 0.0391  memory: 5481  loss: 0.6036  loss_cls: 0.3165  loss_bbox: 0.2871
2025/07/10 05:41:27 - mmengine - INFO - Epoch(train)  [6][6200/7330]  lr: 1.0000e-02  eta: 20:28:52  time: 1.6186  data_time: 0.0401  memory: 5482  loss: 0.5868  loss_cls: 0.3151  loss_bbox: 0.2716
2025/07/10 05:42:48 - mmengine - INFO - Epoch(train)  [6][6250/7330]  lr: 1.0000e-02  eta: 20:27:30  time: 1.6277  data_time: 0.0397  memory: 5481  loss: 0.5983  loss_cls: 0.3136  loss_bbox: 0.2847
2025/07/10 05:44:10 - mmengine - INFO - Epoch(train)  [6][6300/7330]  lr: 1.0000e-02  eta: 20:26:08  time: 1.6338  data_time: 0.0391  memory: 5480  loss: 0.5708  loss_cls: 0.3036  loss_bbox: 0.2672
2025/07/10 05:45:31 - mmengine - INFO - Exp name: retinanet_r50_fpn_1x_coco_20250709_093937
2025/07/10 05:45:31 - mmengine - INFO - Epoch(train)  [6][6350/7330]  lr: 1.0000e-02  eta: 20:24:45  time: 1.6066  data_time: 0.0354  memory: 5482  loss: 0.6065  loss_cls: 0.3235  loss_bbox: 0.2830
2025/07/10 05:46:52 - mmengine - INFO - Epoch(train)  [6][6400/7330]  lr: 1.0000e-02  eta: 20:23:23  time: 1.6261  data_time: 0.0397  memory: 5481  loss: 0.5727  loss_cls: 0.2961  loss_bbox: 0.2767
2025/07/10 05:48:15 - mmengine - INFO - Epoch(train)  [6][6450/7330]  lr: 1.0000e-02  eta: 20:22:03  time: 1.6615  data_time: 0.0402  memory: 5482  loss: 0.5877  loss_cls: 0.3143  loss_bbox: 0.2734
2025/07/10 05:49:36 - mmengine - INFO - Epoch(train)  [6][6500/7330]  lr: 1.0000e-02  eta: 20:20:40  time: 1.6233  data_time: 0.0380  memory: 5483  loss: 0.6066  loss_cls: 0.3169  loss_bbox: 0.2897
2025/07/10 05:50:58 - mmengine - INFO - Epoch(train)  [6][6550/7330]  lr: 1.0000e-02  eta: 20:19:18  time: 1.6281  data_time: 0.0373  memory: 5481  loss: 0.5824  loss_cls: 0.3060  loss_bbox: 0.2764
2025/07/10 05:52:19 - mmengine - INFO - Epoch(train)  [6][6600/7330]  lr: 1.0000e-02  eta: 20:17:57  time: 1.6341  data_time: 0.0404  memory: 5483  loss: 0.6084  loss_cls: 0.3230  loss_bbox: 0.2854
2025/07/10 05:53:41 - mmengine - INFO - Epoch(train)  [6][6650/7330]  lr: 1.0000e-02  eta: 20:16:35  time: 1.6350  data_time: 0.0421  memory: 5481  loss: 0.5674  loss_cls: 0.2895  loss_bbox: 0.2779
2025/07/10 05:55:04 - mmengine - INFO - Epoch(train)  [6][6700/7330]  lr: 1.0000e-02  eta: 20:15:14  time: 1.6545  data_time: 0.0392  memory: 5481  loss: 0.5638  loss_cls: 0.2978  loss_bbox: 0.2660
2025/07/10 05:56:27 - mmengine - INFO - Epoch(train)  [6][6750/7330]  lr: 1.0000e-02  eta: 20:13:54  time: 1.6692  data_time: 0.0414  memory: 5483  loss: 0.5810  loss_cls: 0.3079  loss_bbox: 0.2732
2025/07/10 05:57:50 - mmengine - INFO - Epoch(train)  [6][6800/7330]  lr: 1.0000e-02  eta: 20:12:33  time: 1.6526  data_time: 0.0408  memory: 5482  loss: 0.5919  loss_cls: 0.3247  loss_bbox: 0.2672
2025/07/10 05:59:12 - mmengine - INFO - Epoch(train)  [6][6850/7330]  lr: 1.0000e-02  eta: 20:11:12  time: 1.6373  data_time: 0.0399  memory: 5482  loss: 0.5937  loss_cls: 0.3071  loss_bbox: 0.2866
2025/07/10 06:00:36 - mmengine - INFO - Epoch(train)  [6][6900/7330]  lr: 1.0000e-02  eta: 20:09:53  time: 1.6842  data_time: 0.0395  memory: 5481  loss: 0.5914  loss_cls: 0.3190  loss_bbox: 0.2724
2025/07/10 06:01:57 - mmengine - INFO - Epoch(train)  [6][6950/7330]  lr: 1.0000e-02  eta: 20:08:30  time: 1.6175  data_time: 0.0373  memory: 5480  loss: 0.5978  loss_cls: 0.3079  loss_bbox: 0.2898
2025/07/10 06:03:21 - mmengine - INFO - Epoch(train)  [6][7000/7330]  lr: 1.0000e-02  eta: 20:07:10  time: 1.6759  data_time: 0.0425  memory: 5481  loss: 0.6012  loss_cls: 0.3134  loss_bbox: 0.2878
2025/07/10 06:04:45 - mmengine - INFO - Epoch(train)  [6][7050/7330]  lr: 1.0000e-02  eta: 20:05:51  time: 1.6858  data_time: 0.0386  memory: 5482  loss: 0.5982  loss_cls: 0.3132  loss_bbox: 0.2850
2025/07/10 06:06:07 - mmengine - INFO - Epoch(train)  [6][7100/7330]  lr: 1.0000e-02  eta: 20:04:30  time: 1.6376  data_time: 0.0404  memory: 5481  loss: 0.5955  loss_cls: 0.3104  loss_bbox: 0.2851
2025/07/10 06:07:29 - mmengine - INFO - Epoch(train)  [6][7150/7330]  lr: 1.0000e-02  eta: 20:03:08  time: 1.6378  data_time: 0.0422  memory: 5482  loss: 0.5651  loss_cls: 0.2948  loss_bbox: 0.2703
2025/07/10 06:08:54 - mmengine - INFO - Epoch(train)  [6][7200/7330]  lr: 1.0000e-02  eta: 20:01:49  time: 1.6901  data_time: 0.0404  memory: 5482  loss: 0.6040  loss_cls: 0.3145  loss_bbox: 0.2895
2025/07/10 06:10:16 - mmengine - INFO - Epoch(train)  [6][7250/7330]  lr: 1.0000e-02  eta: 20:00:28  time: 1.6466  data_time: 0.0397  memory: 5482  loss: 0.6125  loss_cls: 0.3215  loss_bbox: 0.2911
2025/07/10 06:11:39 - mmengine - INFO - Epoch(train)  [6][7300/7330]  lr: 1.0000e-02  eta: 19:59:07  time: 1.6526  data_time: 0.0405  memory: 5484  loss: 0.5888  loss_cls: 0.3060  loss_bbox: 0.2828
2025/07/10 06:12:28 - mmengine - INFO - Exp name: retinanet_r50_fpn_1x_coco_20250709_093937
2025/07/10 06:12:28 - mmengine - INFO - Saving checkpoint at 6 epochs
2025/07/10 06:12:40 - mmengine - INFO - Epoch(val)  [6][  50/1250]    eta: 0:04:08  time: 0.2072  data_time: 0.0094  memory: 5481  
2025/07/10 06:12:50 - mmengine - INFO - Epoch(val)  [6][ 100/1250]    eta: 0:03:51  time: 0.1946  data_time: 0.0079  memory: 825  
2025/07/10 06:13:00 - mmengine - INFO - Epoch(val)  [6][ 150/1250]    eta: 0:03:39  time: 0.1969  data_time: 0.0081  memory: 833  
2025/07/10 06:13:10 - mmengine - INFO - Epoch(val)  [6][ 200/1250]    eta: 0:03:30  time: 0.2013  data_time: 0.0088  memory: 838  
2025/07/10 06:13:20 - mmengine - INFO - Epoch(val)  [6][ 250/1250]    eta: 0:03:19  time: 0.1978  data_time: 0.0084  memory: 819  
2025/07/10 06:13:30 - mmengine - INFO - Epoch(val)  [6][ 300/1250]    eta: 0:03:09  time: 0.1996  data_time: 0.0088  memory: 817  
2025/07/10 06:13:40 - mmengine - INFO - Epoch(val)  [6][ 350/1250]    eta: 0:02:59  time: 0.1982  data_time: 0.0077  memory: 817  
2025/07/10 06:13:50 - mmengine - INFO - Epoch(val)  [6][ 400/1250]    eta: 0:02:49  time: 0.1986  data_time: 0.0089  memory: 805  
2025/07/10 06:14:00 - mmengine - INFO - Epoch(val)  [6][ 450/1250]    eta: 0:02:39  time: 0.1962  data_time: 0.0069  memory: 833  
2025/07/10 06:14:10 - mmengine - INFO - Epoch(val)  [6][ 500/1250]    eta: 0:02:28  time: 0.1961  data_time: 0.0077  memory: 833  
2025/07/10 06:14:19 - mmengine - INFO - Epoch(val)  [6][ 550/1250]    eta: 0:02:18  time: 0.1956  data_time: 0.0089  memory: 801  
2025/07/10 06:14:29 - mmengine - INFO - Epoch(val)  [6][ 600/1250]    eta: 0:02:08  time: 0.1978  data_time: 0.0078  memory: 816  
2025/07/10 06:14:39 - mmengine - INFO - Epoch(val)  [6][ 650/1250]    eta: 0:01:58  time: 0.1949  data_time: 0.0083  memory: 816  
2025/07/10 06:14:49 - mmengine - INFO - Epoch(val)  [6][ 700/1250]    eta: 0:01:48  time: 0.1988  data_time: 0.0073  memory: 825  
2025/07/10 06:14:59 - mmengine - INFO - Epoch(val)  [6][ 750/1250]    eta: 0:01:39  time: 0.1978  data_time: 0.0073  memory: 824  
2025/07/10 06:15:09 - mmengine - INFO - Epoch(val)  [6][ 800/1250]    eta: 0:01:29  time: 0.1949  data_time: 0.0079  memory: 833  
2025/07/10 06:15:18 - mmengine - INFO - Epoch(val)  [6][ 850/1250]    eta: 0:01:19  time: 0.1958  data_time: 0.0083  memory: 833  
2025/07/10 06:15:28 - mmengine - INFO - Epoch(val)  [6][ 900/1250]    eta: 0:01:09  time: 0.1939  data_time: 0.0061  memory: 833  
2025/07/10 06:15:38 - mmengine - INFO - Epoch(val)  [6][ 950/1250]    eta: 0:00:59  time: 0.1933  data_time: 0.0074  memory: 819  
2025/07/10 06:15:48 - mmengine - INFO - Epoch(val)  [6][1000/1250]    eta: 0:00:49  time: 0.1953  data_time: 0.0081  memory: 821  
2025/07/10 06:15:58 - mmengine - INFO - Epoch(val)  [6][1050/1250]    eta: 0:00:39  time: 0.2005  data_time: 0.0080  memory: 824  
2025/07/10 06:16:07 - mmengine - INFO - Epoch(val)  [6][1100/1250]    eta: 0:00:29  time: 0.1950  data_time: 0.0077  memory: 834  
2025/07/10 06:16:17 - mmengine - INFO - Epoch(val)  [6][1150/1250]    eta: 0:00:19  time: 0.1991  data_time: 0.0086  memory: 824  
2025/07/10 06:16:27 - mmengine - INFO - Epoch(val)  [6][1200/1250]    eta: 0:00:09  time: 0.1969  data_time: 0.0088  memory: 827  
2025/07/10 06:16:37 - mmengine - INFO - Epoch(val)  [6][1250/1250]    eta: 0:00:00  time: 0.1930  data_time: 0.0079  memory: 834  
2025/07/10 06:16:47 - mmengine - INFO - Evaluating bbox...
2025/07/10 06:17:51 - mmengine - INFO - bbox_mAP_copypaste: 0.306 0.482 0.325 0.160 0.342 0.394
2025/07/10 06:17:52 - mmengine - INFO - Epoch(val) [6][1250/1250]    coco/bbox_mAP: 0.3060  coco/bbox_mAP_50: 0.4820  coco/bbox_mAP_75: 0.3250  coco/bbox_mAP_s: 0.1600  coco/bbox_mAP_m: 0.3420  coco/bbox_mAP_l: 0.3940  data_time: 0.0080  time: 0.1972
2025/07/10 06:18:23 - mmengine - INFO - Exp name: retinanet_r50_fpn_1x_coco_20250709_093937
2025/07/10 06:19:12 - mmengine - INFO - Epoch(train)  [7][  50/7330]  lr: 1.0000e-02  eta: 19:56:55  time: 1.6084  data_time: 0.0419  memory: 5484  loss: 0.5714  loss_cls: 0.3028  loss_bbox: 0.2686
2025/07/10 06:20:35 - mmengine - INFO - Epoch(train)  [7][ 100/7330]  lr: 1.0000e-02  eta: 19:55:35  time: 1.6616  data_time: 0.0385  memory: 5482  loss: 0.5777  loss_cls: 0.2985  loss_bbox: 0.2792
2025/07/10 06:21:57 - mmengine - INFO - Epoch(train)  [7][ 150/7330]  lr: 1.0000e-02  eta: 19:54:13  time: 1.6314  data_time: 0.0389  memory: 5481  loss: 0.5545  loss_cls: 0.2871  loss_bbox: 0.2674
2025/07/10 06:23:18 - mmengine - INFO - Epoch(train)  [7][ 200/7330]  lr: 1.0000e-02  eta: 19:52:50  time: 1.6162  data_time: 0.0379  memory: 5480  loss: 0.5673  loss_cls: 0.2942  loss_bbox: 0.2731
2025/07/10 06:24:40 - mmengine - INFO - Epoch(train)  [7][ 250/7330]  lr: 1.0000e-02  eta: 19:51:30  time: 1.6561  data_time: 0.0400  memory: 5482  loss: 0.5435  loss_cls: 0.2887  loss_bbox: 0.2549
2025/07/10 06:26:02 - mmengine - INFO - Epoch(train)  [7][ 300/7330]  lr: 1.0000e-02  eta: 19:50:08  time: 1.6325  data_time: 0.0434  memory: 5481  loss: 0.6175  loss_cls: 0.3164  loss_bbox: 0.3011
2025/07/10 06:27:25 - mmengine - INFO - Epoch(train)  [7][ 350/7330]  lr: 1.0000e-02  eta: 19:48:47  time: 1.6583  data_time: 0.0405  memory: 5481  loss: 0.5748  loss_cls: 0.3023  loss_bbox: 0.2725
2025/07/10 06:28:47 - mmengine - INFO - Epoch(train)  [7][ 400/7330]  lr: 1.0000e-02  eta: 19:47:26  time: 1.6334  data_time: 0.0422  memory: 5481  loss: 0.5547  loss_cls: 0.2920  loss_bbox: 0.2628
2025/07/10 06:30:08 - mmengine - INFO - Epoch(train)  [7][ 450/7330]  lr: 1.0000e-02  eta: 19:46:03  time: 1.6230  data_time: 0.0400  memory: 5482  loss: 0.5968  loss_cls: 0.3148  loss_bbox: 0.2819
2025/07/10 06:31:31 - mmengine - INFO - Epoch(train)  [7][ 500/7330]  lr: 1.0000e-02  eta: 19:44:43  time: 1.6609  data_time: 0.0357  memory: 5482  loss: 0.5555  loss_cls: 0.2880  loss_bbox: 0.2675
2025/07/10 06:32:54 - mmengine - INFO - Epoch(train)  [7][ 550/7330]  lr: 1.0000e-02  eta: 19:43:22  time: 1.6538  data_time: 0.0353  memory: 5481  loss: 0.5594  loss_cls: 0.2915  loss_bbox: 0.2680
2025/07/10 06:34:17 - mmengine - INFO - Epoch(train)  [7][ 600/7330]  lr: 1.0000e-02  eta: 19:42:01  time: 1.6570  data_time: 0.0402  memory: 5482  loss: 0.5560  loss_cls: 0.2963  loss_bbox: 0.2596
2025/07/10 06:35:38 - mmengine - INFO - Epoch(train)  [7][ 650/7330]  lr: 1.0000e-02  eta: 19:40:39  time: 1.6313  data_time: 0.0398  memory: 5482  loss: 0.5639  loss_cls: 0.2878  loss_bbox: 0.2761
2025/07/10 06:37:01 - mmengine - INFO - Epoch(train)  [7][ 700/7330]  lr: 1.0000e-02  eta: 19:39:19  time: 1.6558  data_time: 0.0392  memory: 5481  loss: 0.5328  loss_cls: 0.2709  loss_bbox: 0.2619
2025/07/10 06:38:24 - mmengine - INFO - Epoch(train)  [7][ 750/7330]  lr: 1.0000e-02  eta: 19:37:58  time: 1.6612  data_time: 0.0391  memory: 5480  loss: 0.5778  loss_cls: 0.2987  loss_bbox: 0.2791
2025/07/10 06:39:46 - mmengine - INFO - Epoch(train)  [7][ 800/7330]  lr: 1.0000e-02  eta: 19:36:36  time: 1.6325  data_time: 0.0424  memory: 5480  loss: 0.5695  loss_cls: 0.2978  loss_bbox: 0.2717
2025/07/10 06:41:09 - mmengine - INFO - Epoch(train)  [7][ 850/7330]  lr: 1.0000e-02  eta: 19:35:15  time: 1.6556  data_time: 0.0375  memory: 5483  loss: 0.5462  loss_cls: 0.2859  loss_bbox: 0.2603
2025/07/10 06:42:31 - mmengine - INFO - Epoch(train)  [7][ 900/7330]  lr: 1.0000e-02  eta: 19:33:54  time: 1.6473  data_time: 0.0416  memory: 5481  loss: 0.5746  loss_cls: 0.3008  loss_bbox: 0.2738
2025/07/10 06:43:54 - mmengine - INFO - Epoch(train)  [7][ 950/7330]  lr: 1.0000e-02  eta: 19:32:34  time: 1.6704  data_time: 0.0446  memory: 5481  loss: 0.5637  loss_cls: 0.2914  loss_bbox: 0.2723
2025/07/10 06:45:15 - mmengine - INFO - Epoch(train)  [7][1000/7330]  lr: 1.0000e-02  eta: 19:31:12  time: 1.6139  data_time: 0.0391  memory: 5482  loss: 0.5980  loss_cls: 0.3139  loss_bbox: 0.2842
2025/07/10 06:45:49 - mmengine - INFO - Exp name: retinanet_r50_fpn_1x_coco_20250709_093937
2025/07/10 06:46:39 - mmengine - INFO - Epoch(train)  [7][1050/7330]  lr: 1.0000e-02  eta: 19:29:51  time: 1.6689  data_time: 0.0425  memory: 5480  loss: 0.5666  loss_cls: 0.2948  loss_bbox: 0.2717
2025/07/10 06:48:01 - mmengine - INFO - Epoch(train)  [7][1100/7330]  lr: 1.0000e-02  eta: 19:28:30  time: 1.6478  data_time: 0.0390  memory: 5481  loss: 0.5781  loss_cls: 0.3032  loss_bbox: 0.2748
2025/07/10 06:49:24 - mmengine - INFO - Epoch(train)  [7][1150/7330]  lr: 1.0000e-02  eta: 19:27:10  time: 1.6605  data_time: 0.0378  memory: 5482  loss: 0.5695  loss_cls: 0.3026  loss_bbox: 0.2669
2025/07/10 06:50:46 - mmengine - INFO - Epoch(train)  [7][1200/7330]  lr: 1.0000e-02  eta: 19:25:48  time: 1.6406  data_time: 0.0381  memory: 5481  loss: 0.5801  loss_cls: 0.3020  loss_bbox: 0.2781
2025/07/10 06:52:09 - mmengine - INFO - Epoch(train)  [7][1250/7330]  lr: 1.0000e-02  eta: 19:24:27  time: 1.6483  data_time: 0.0393  memory: 5482  loss: 0.5682  loss_cls: 0.3008  loss_bbox: 0.2674
2025/07/10 06:53:32 - mmengine - INFO - Epoch(train)  [7][1300/7330]  lr: 1.0000e-02  eta: 19:23:07  time: 1.6609  data_time: 0.0377  memory: 5482  loss: 0.5847  loss_cls: 0.3004  loss_bbox: 0.2844
2025/07/10 06:54:53 - mmengine - INFO - Epoch(train)  [7][1350/7330]  lr: 1.0000e-02  eta: 19:21:44  time: 1.6150  data_time: 0.0399  memory: 5481  loss: 0.5605  loss_cls: 0.2882  loss_bbox: 0.2723
2025/07/10 06:56:16 - mmengine - INFO - Epoch(train)  [7][1400/7330]  lr: 1.0000e-02  eta: 19:20:23  time: 1.6605  data_time: 0.0399  memory: 5482  loss: 0.5732  loss_cls: 0.3003  loss_bbox: 0.2729
2025/07/10 06:57:37 - mmengine - INFO - Epoch(train)  [7][1450/7330]  lr: 1.0000e-02  eta: 19:19:01  time: 1.6284  data_time: 0.0378  memory: 5483  loss: 0.5489  loss_cls: 0.2862  loss_bbox: 0.2627
2025/07/10 06:58:58 - mmengine - INFO - Epoch(train)  [7][1500/7330]  lr: 1.0000e-02  eta: 19:17:39  time: 1.6240  data_time: 0.0390  memory: 5481  loss: 0.5887  loss_cls: 0.3039  loss_bbox: 0.2849
2025/07/10 07:00:21 - mmengine - INFO - Epoch(train)  [7][1550/7330]  lr: 1.0000e-02  eta: 19:16:18  time: 1.6443  data_time: 0.0384  memory: 5481  loss: 0.5661  loss_cls: 0.2934  loss_bbox: 0.2727
2025/07/10 07:01:42 - mmengine - INFO - Epoch(train)  [7][1600/7330]  lr: 1.0000e-02  eta: 19:14:55  time: 1.6190  data_time: 0.0383  memory: 5480  loss: 0.5816  loss_cls: 0.3096  loss_bbox: 0.2720
2025/07/10 07:03:03 - mmengine - INFO - Epoch(train)  [7][1650/7330]  lr: 1.0000e-02  eta: 19:13:33  time: 1.6222  data_time: 0.0358  memory: 5482  loss: 0.5584  loss_cls: 0.2925  loss_bbox: 0.2658
2025/07/10 07:04:25 - mmengine - INFO - Epoch(train)  [7][1700/7330]  lr: 1.0000e-02  eta: 19:12:12  time: 1.6524  data_time: 0.0365  memory: 5484  loss: 0.5563  loss_cls: 0.2905  loss_bbox: 0.2657
2025/07/10 07:05:48 - mmengine - INFO - Epoch(train)  [7][1750/7330]  lr: 1.0000e-02  eta: 19:10:51  time: 1.6510  data_time: 0.0373  memory: 5482  loss: 0.5418  loss_cls: 0.2770  loss_bbox: 0.2649
2025/07/10 07:07:09 - mmengine - INFO - Epoch(train)  [7][1800/7330]  lr: 1.0000e-02  eta: 19:09:29  time: 1.6251  data_time: 0.0379  memory: 5482  loss: 0.5813  loss_cls: 0.3046  loss_bbox: 0.2767
2025/07/10 07:08:32 - mmengine - INFO - Epoch(train)  [7][1850/7330]  lr: 1.0000e-02  eta: 19:08:08  time: 1.6509  data_time: 0.0361  memory: 5480  loss: 0.5566  loss_cls: 0.2976  loss_bbox: 0.2589
2025/07/10 07:09:54 - mmengine - INFO - Epoch(train)  [7][1900/7330]  lr: 1.0000e-02  eta: 19:06:46  time: 1.6466  data_time: 0.0382  memory: 5482  loss: 0.5792  loss_cls: 0.3007  loss_bbox: 0.2785
2025/07/10 07:11:17 - mmengine - INFO - Epoch(train)  [7][1950/7330]  lr: 1.0000e-02  eta: 19:05:25  time: 1.6509  data_time: 0.0392  memory: 5482  loss: 0.6142  loss_cls: 0.3304  loss_bbox: 0.2838
2025/07/10 07:12:39 - mmengine - INFO - Epoch(train)  [7][2000/7330]  lr: 1.0000e-02  eta: 19:04:04  time: 1.6405  data_time: 0.0329  memory: 5482  loss: 0.5633  loss_cls: 0.2924  loss_bbox: 0.2709
2025/07/10 07:13:11 - mmengine - INFO - Exp name: retinanet_r50_fpn_1x_coco_20250709_093937
2025/07/10 07:14:00 - mmengine - INFO - Epoch(train)  [7][2050/7330]  lr: 1.0000e-02  eta: 19:02:42  time: 1.6280  data_time: 0.0400  memory: 5482  loss: 0.5621  loss_cls: 0.2947  loss_bbox: 0.2674
2025/07/10 07:15:22 - mmengine - INFO - Epoch(train)  [7][2100/7330]  lr: 1.0000e-02  eta: 19:01:20  time: 1.6330  data_time: 0.0396  memory: 5481  loss: 0.5669  loss_cls: 0.2945  loss_bbox: 0.2724
2025/07/10 07:16:44 - mmengine - INFO - Epoch(train)  [7][2150/7330]  lr: 1.0000e-02  eta: 18:59:59  time: 1.6494  data_time: 0.0365  memory: 5479  loss: 0.5572  loss_cls: 0.2925  loss_bbox: 0.2647
2025/07/10 07:18:06 - mmengine - INFO - Epoch(train)  [7][2200/7330]  lr: 1.0000e-02  eta: 18:58:37  time: 1.6279  data_time: 0.0377  memory: 5481  loss: 0.5662  loss_cls: 0.2994  loss_bbox: 0.2668
2025/07/10 07:19:28 - mmengine - INFO - Epoch(train)  [7][2250/7330]  lr: 1.0000e-02  eta: 18:57:15  time: 1.6443  data_time: 0.0403  memory: 5481  loss: 0.5457  loss_cls: 0.2803  loss_bbox: 0.2654
2025/07/10 07:20:50 - mmengine - INFO - Epoch(train)  [7][2300/7330]  lr: 1.0000e-02  eta: 18:55:54  time: 1.6488  data_time: 0.0399  memory: 5483  loss: 0.5598  loss_cls: 0.2829  loss_bbox: 0.2769
2025/07/10 07:22:12 - mmengine - INFO - Epoch(train)  [7][2350/7330]  lr: 1.0000e-02  eta: 18:54:32  time: 1.6300  data_time: 0.0398  memory: 5482  loss: 0.5468  loss_cls: 0.2814  loss_bbox: 0.2654
2025/07/10 07:23:33 - mmengine - INFO - Epoch(train)  [7][2400/7330]  lr: 1.0000e-02  eta: 18:53:10  time: 1.6212  data_time: 0.0386  memory: 5482  loss: 0.5467  loss_cls: 0.2833  loss_bbox: 0.2634
2025/07/10 07:24:54 - mmengine - INFO - Epoch(train)  [7][2450/7330]  lr: 1.0000e-02  eta: 18:51:48  time: 1.6269  data_time: 0.0384  memory: 5481  loss: 0.5662  loss_cls: 0.2991  loss_bbox: 0.2672
2025/07/10 07:26:16 - mmengine - INFO - Epoch(train)  [7][2500/7330]  lr: 1.0000e-02  eta: 18:50:26  time: 1.6393  data_time: 0.0391  memory: 5482  loss: 0.5495  loss_cls: 0.2837  loss_bbox: 0.2658
2025/07/10 07:27:39 - mmengine - INFO - Epoch(train)  [7][2550/7330]  lr: 1.0000e-02  eta: 18:49:05  time: 1.6437  data_time: 0.0401  memory: 5481  loss: 0.5444  loss_cls: 0.2812  loss_bbox: 0.2632
2025/07/10 07:29:00 - mmengine - INFO - Epoch(train)  [7][2600/7330]  lr: 1.0000e-02  eta: 18:47:43  time: 1.6320  data_time: 0.0403  memory: 5481  loss: 0.5997  loss_cls: 0.3182  loss_bbox: 0.2816
2025/07/10 07:30:22 - mmengine - INFO - Epoch(train)  [7][2650/7330]  lr: 1.0000e-02  eta: 18:46:21  time: 1.6261  data_time: 0.0415  memory: 5482  loss: 0.5935  loss_cls: 0.3186  loss_bbox: 0.2749
2025/07/10 07:31:44 - mmengine - INFO - Epoch(train)  [7][2700/7330]  lr: 1.0000e-02  eta: 18:45:00  time: 1.6505  data_time: 0.0396  memory: 5480  loss: 0.5577  loss_cls: 0.2963  loss_bbox: 0.2614
2025/07/10 07:33:07 - mmengine - INFO - Epoch(train)  [7][2750/7330]  lr: 1.0000e-02  eta: 18:43:39  time: 1.6586  data_time: 0.0378  memory: 5482  loss: 0.5773  loss_cls: 0.2998  loss_bbox: 0.2775
2025/07/10 07:34:28 - mmengine - INFO - Epoch(train)  [7][2800/7330]  lr: 1.0000e-02  eta: 18:42:16  time: 1.6221  data_time: 0.0394  memory: 5481  loss: 0.5998  loss_cls: 0.3110  loss_bbox: 0.2888
2025/07/10 07:35:49 - mmengine - INFO - Epoch(train)  [7][2850/7330]  lr: 1.0000e-02  eta: 18:40:54  time: 1.6131  data_time: 0.0399  memory: 5481  loss: 0.5734  loss_cls: 0.3069  loss_bbox: 0.2665
2025/07/10 07:37:11 - mmengine - INFO - Epoch(train)  [7][2900/7330]  lr: 1.0000e-02  eta: 18:39:32  time: 1.6386  data_time: 0.0411  memory: 5482  loss: 0.5689  loss_cls: 0.2951  loss_bbox: 0.2738
2025/07/10 07:38:34 - mmengine - INFO - Epoch(train)  [7][2950/7330]  lr: 1.0000e-02  eta: 18:38:12  time: 1.6686  data_time: 0.0393  memory: 5482  loss: 0.5401  loss_cls: 0.2828  loss_bbox: 0.2573
2025/07/10 07:39:55 - mmengine - INFO - Epoch(train)  [7][3000/7330]  lr: 1.0000e-02  eta: 18:36:49  time: 1.6131  data_time: 0.0405  memory: 5482  loss: 0.5577  loss_cls: 0.2885  loss_bbox: 0.2692
2025/07/10 07:40:27 - mmengine - INFO - Exp name: retinanet_r50_fpn_1x_coco_20250709_093937
2025/07/10 07:41:17 - mmengine - INFO - Epoch(train)  [7][3050/7330]  lr: 1.0000e-02  eta: 18:35:27  time: 1.6344  data_time: 0.0421  memory: 5481  loss: 0.5872  loss_cls: 0.3100  loss_bbox: 0.2772
2025/07/10 07:42:38 - mmengine - INFO - Epoch(train)  [7][3100/7330]  lr: 1.0000e-02  eta: 18:34:05  time: 1.6151  data_time: 0.0398  memory: 5481  loss: 0.6058  loss_cls: 0.3194  loss_bbox: 0.2865
2025/07/10 07:44:00 - mmengine - INFO - Epoch(train)  [7][3150/7330]  lr: 1.0000e-02  eta: 18:32:43  time: 1.6418  data_time: 0.0424  memory: 5482  loss: 0.5958  loss_cls: 0.3159  loss_bbox: 0.2799
2025/07/10 07:45:22 - mmengine - INFO - Epoch(train)  [7][3200/7330]  lr: 1.0000e-02  eta: 18:31:21  time: 1.6334  data_time: 0.0399  memory: 5481  loss: 0.5542  loss_cls: 0.2926  loss_bbox: 0.2616
2025/07/10 07:46:45 - mmengine - INFO - Epoch(train)  [7][3250/7330]  lr: 1.0000e-02  eta: 18:30:01  time: 1.6679  data_time: 0.0365  memory: 5482  loss: 0.5433  loss_cls: 0.2776  loss_bbox: 0.2657
2025/07/10 07:48:08 - mmengine - INFO - Epoch(train)  [7][3300/7330]  lr: 1.0000e-02  eta: 18:28:40  time: 1.6542  data_time: 0.0376  memory: 5483  loss: 0.5504  loss_cls: 0.2887  loss_bbox: 0.2617
2025/07/10 07:49:30 - mmengine - INFO - Epoch(train)  [7][3350/7330]  lr: 1.0000e-02  eta: 18:27:19  time: 1.6420  data_time: 0.0406  memory: 5481  loss: 0.5816  loss_cls: 0.2993  loss_bbox: 0.2823
2025/07/10 07:50:53 - mmengine - INFO - Epoch(train)  [7][3400/7330]  lr: 1.0000e-02  eta: 18:25:58  time: 1.6566  data_time: 0.0410  memory: 5481  loss: 0.5749  loss_cls: 0.3038  loss_bbox: 0.2711
2025/07/10 07:52:16 - mmengine - INFO - Epoch(train)  [7][3450/7330]  lr: 1.0000e-02  eta: 18:24:37  time: 1.6674  data_time: 0.0387  memory: 5482  loss: 0.5534  loss_cls: 0.2949  loss_bbox: 0.2585
2025/07/10 07:53:39 - mmengine - INFO - Epoch(train)  [7][3500/7330]  lr: 1.0000e-02  eta: 18:23:17  time: 1.6593  data_time: 0.0367  memory: 5481  loss: 0.5978  loss_cls: 0.3145  loss_bbox: 0.2833
2025/07/10 07:55:01 - mmengine - INFO - Epoch(train)  [7][3550/7330]  lr: 1.0000e-02  eta: 18:21:55  time: 1.6344  data_time: 0.0373  memory: 5480  loss: 0.5774  loss_cls: 0.2980  loss_bbox: 0.2794
2025/07/10 07:56:25 - mmengine - INFO - Epoch(train)  [7][3600/7330]  lr: 1.0000e-02  eta: 18:20:35  time: 1.6769  data_time: 0.0322  memory: 5482  loss: 0.5485  loss_cls: 0.2795  loss_bbox: 0.2690
2025/07/10 07:57:48 - mmengine - INFO - Epoch(train)  [7][3650/7330]  lr: 1.0000e-02  eta: 18:19:14  time: 1.6691  data_time: 0.0340  memory: 5481  loss: 0.5488  loss_cls: 0.2879  loss_bbox: 0.2609
2025/07/10 07:59:11 - mmengine - INFO - Epoch(train)  [7][3700/7330]  lr: 1.0000e-02  eta: 18:17:54  time: 1.6642  data_time: 0.0364  memory: 5480  loss: 0.5590  loss_cls: 0.2895  loss_bbox: 0.2696
2025/07/10 08:00:34 - mmengine - INFO - Epoch(train)  [7][3750/7330]  lr: 1.0000e-02  eta: 18:16:33  time: 1.6572  data_time: 0.0345  memory: 5479  loss: 0.5432  loss_cls: 0.2826  loss_bbox: 0.2605
2025/07/10 08:01:59 - mmengine - INFO - Epoch(train)  [7][3800/7330]  lr: 1.0000e-02  eta: 18:15:14  time: 1.6894  data_time: 0.0348  memory: 5482  loss: 0.5432  loss_cls: 0.2786  loss_bbox: 0.2646
2025/07/10 08:03:22 - mmengine - INFO - Epoch(train)  [7][3850/7330]  lr: 1.0000e-02  eta: 18:13:53  time: 1.6526  data_time: 0.0360  memory: 5482  loss: 0.5515  loss_cls: 0.2868  loss_bbox: 0.2646
2025/07/10 08:04:44 - mmengine - INFO - Epoch(train)  [7][3900/7330]  lr: 1.0000e-02  eta: 18:12:31  time: 1.6505  data_time: 0.0362  memory: 5481  loss: 0.5627  loss_cls: 0.2930  loss_bbox: 0.2697
2025/07/10 08:06:08 - mmengine - INFO - Epoch(train)  [7][3950/7330]  lr: 1.0000e-02  eta: 18:11:11  time: 1.6787  data_time: 0.0359  memory: 5481  loss: 0.5595  loss_cls: 0.2984  loss_bbox: 0.2610
2025/07/10 08:07:31 - mmengine - INFO - Epoch(train)  [7][4000/7330]  lr: 1.0000e-02  eta: 18:09:51  time: 1.6579  data_time: 0.0344  memory: 5481  loss: 0.5776  loss_cls: 0.3100  loss_bbox: 0.2676
2025/07/10 08:08:04 - mmengine - INFO - Exp name: retinanet_r50_fpn_1x_coco_20250709_093937
2025/07/10 08:08:54 - mmengine - INFO - Epoch(train)  [7][4050/7330]  lr: 1.0000e-02  eta: 18:08:30  time: 1.6604  data_time: 0.0339  memory: 5481  loss: 0.5754  loss_cls: 0.2954  loss_bbox: 0.2800
2025/07/10 08:10:18 - mmengine - INFO - Epoch(train)  [7][4100/7330]  lr: 1.0000e-02  eta: 18:07:10  time: 1.6755  data_time: 0.0363  memory: 5481  loss: 0.5639  loss_cls: 0.2998  loss_bbox: 0.2642
2025/07/10 08:11:40 - mmengine - INFO - Epoch(train)  [7][4150/7330]  lr: 1.0000e-02  eta: 18:05:48  time: 1.6474  data_time: 0.0338  memory: 5481  loss: 0.5915  loss_cls: 0.3142  loss_bbox: 0.2773
2025/07/10 08:13:04 - mmengine - INFO - Epoch(train)  [7][4200/7330]  lr: 1.0000e-02  eta: 18:04:28  time: 1.6796  data_time: 0.0375  memory: 5481  loss: 0.5843  loss_cls: 0.3034  loss_bbox: 0.2809
2025/07/10 08:14:29 - mmengine - INFO - Epoch(train)  [7][4250/7330]  lr: 1.0000e-02  eta: 18:03:09  time: 1.6868  data_time: 0.0373  memory: 5482  loss: 0.5702  loss_cls: 0.3033  loss_bbox: 0.2669
2025/07/10 08:15:52 - mmengine - INFO - Epoch(train)  [7][4300/7330]  lr: 1.0000e-02  eta: 18:01:48  time: 1.6596  data_time: 0.0337  memory: 5482  loss: 0.5633  loss_cls: 0.3018  loss_bbox: 0.2614
2025/07/10 08:17:16 - mmengine - INFO - Epoch(train)  [7][4350/7330]  lr: 1.0000e-02  eta: 18:00:28  time: 1.6811  data_time: 0.0364  memory: 5481  loss: 0.5296  loss_cls: 0.2808  loss_bbox: 0.2488
2025/07/10 08:18:39 - mmengine - INFO - Epoch(train)  [7][4400/7330]  lr: 1.0000e-02  eta: 17:59:08  time: 1.6737  data_time: 0.0345  memory: 5482  loss: 0.5453  loss_cls: 0.2768  loss_bbox: 0.2685
2025/07/10 08:20:03 - mmengine - INFO - Epoch(train)  [7][4450/7330]  lr: 1.0000e-02  eta: 17:57:47  time: 1.6640  data_time: 0.0368  memory: 5482  loss: 0.5724  loss_cls: 0.3023  loss_bbox: 0.2701
2025/07/10 08:21:26 - mmengine - INFO - Epoch(train)  [7][4500/7330]  lr: 1.0000e-02  eta: 17:56:27  time: 1.6703  data_time: 0.0394  memory: 5483  loss: 0.5737  loss_cls: 0.3011  loss_bbox: 0.2727
2025/07/10 08:22:48 - mmengine - INFO - Epoch(train)  [7][4550/7330]  lr: 1.0000e-02  eta: 17:55:05  time: 1.6395  data_time: 0.0354  memory: 5481  loss: 0.5913  loss_cls: 0.3139  loss_bbox: 0.2774
2025/07/10 08:24:12 - mmengine - INFO - Epoch(train)  [7][4600/7330]  lr: 1.0000e-02  eta: 17:53:45  time: 1.6754  data_time: 0.0376  memory: 5481  loss: 0.5559  loss_cls: 0.2881  loss_bbox: 0.2678
2025/07/10 08:25:35 - mmengine - INFO - Epoch(train)  [7][4650/7330]  lr: 1.0000e-02  eta: 17:52:24  time: 1.6634  data_time: 0.0397  memory: 5483  loss: 0.5318  loss_cls: 0.2746  loss_bbox: 0.2572
2025/07/10 08:26:58 - mmengine - INFO - Epoch(train)  [7][4700/7330]  lr: 1.0000e-02  eta: 17:51:03  time: 1.6466  data_time: 0.0360  memory: 5482  loss: 0.5740  loss_cls: 0.2982  loss_bbox: 0.2758
2025/07/10 08:28:19 - mmengine - INFO - Epoch(train)  [7][4750/7330]  lr: 1.0000e-02  eta: 17:49:40  time: 1.6164  data_time: 0.0382  memory: 5481  loss: 0.5547  loss_cls: 0.2827  loss_bbox: 0.2719
2025/07/10 08:29:41 - mmengine - INFO - Epoch(train)  [7][4800/7330]  lr: 1.0000e-02  eta: 17:48:19  time: 1.6533  data_time: 0.0389  memory: 5482  loss: 0.5658  loss_cls: 0.2981  loss_bbox: 0.2677
2025/07/10 08:31:04 - mmengine - INFO - Epoch(train)  [7][4850/7330]  lr: 1.0000e-02  eta: 17:46:58  time: 1.6550  data_time: 0.0375  memory: 5482  loss: 0.5604  loss_cls: 0.2954  loss_bbox: 0.2650
2025/07/10 08:32:27 - mmengine - INFO - Epoch(train)  [7][4900/7330]  lr: 1.0000e-02  eta: 17:45:37  time: 1.6532  data_time: 0.0367  memory: 5481  loss: 0.5851  loss_cls: 0.3118  loss_bbox: 0.2733
2025/07/10 08:33:48 - mmengine - INFO - Epoch(train)  [7][4950/7330]  lr: 1.0000e-02  eta: 17:44:15  time: 1.6288  data_time: 0.0378  memory: 5482  loss: 0.5631  loss_cls: 0.2873  loss_bbox: 0.2758
2025/07/10 08:35:09 - mmengine - INFO - Epoch(train)  [7][5000/7330]  lr: 1.0000e-02  eta: 17:42:53  time: 1.6241  data_time: 0.0380  memory: 5482  loss: 0.5814  loss_cls: 0.3010  loss_bbox: 0.2805
2025/07/10 08:35:42 - mmengine - INFO - Exp name: retinanet_r50_fpn_1x_coco_20250709_093937
2025/07/10 08:36:32 - mmengine - INFO - Epoch(train)  [7][5050/7330]  lr: 1.0000e-02  eta: 17:41:31  time: 1.6478  data_time: 0.0384  memory: 5481  loss: 0.5804  loss_cls: 0.3041  loss_bbox: 0.2763
2025/07/10 08:37:53 - mmengine - INFO - Epoch(train)  [7][5100/7330]  lr: 1.0000e-02  eta: 17:40:09  time: 1.6213  data_time: 0.0373  memory: 5485  loss: 0.5735  loss_cls: 0.3057  loss_bbox: 0.2678
2025/07/10 08:39:17 - mmengine - INFO - Epoch(train)  [7][5150/7330]  lr: 1.0000e-02  eta: 17:38:49  time: 1.6753  data_time: 0.0379  memory: 5482  loss: 0.5617  loss_cls: 0.2945  loss_bbox: 0.2672
2025/07/10 08:40:39 - mmengine - INFO - Epoch(train)  [7][5200/7330]  lr: 1.0000e-02  eta: 17:37:27  time: 1.6443  data_time: 0.0372  memory: 5481  loss: 0.5626  loss_cls: 0.2982  loss_bbox: 0.2644
2025/07/10 08:42:00 - mmengine - INFO - Epoch(train)  [7][5250/7330]  lr: 1.0000e-02  eta: 17:36:05  time: 1.6274  data_time: 0.0386  memory: 5481  loss: 0.5806  loss_cls: 0.3033  loss_bbox: 0.2773
2025/07/10 08:43:22 - mmengine - INFO - Epoch(train)  [7][5300/7330]  lr: 1.0000e-02  eta: 17:34:43  time: 1.6227  data_time: 0.0383  memory: 5480  loss: 0.5633  loss_cls: 0.2953  loss_bbox: 0.2680
2025/07/10 08:44:44 - mmengine - INFO - Epoch(train)  [7][5350/7330]  lr: 1.0000e-02  eta: 17:33:21  time: 1.6444  data_time: 0.0409  memory: 5482  loss: 0.5653  loss_cls: 0.2963  loss_bbox: 0.2690
2025/07/10 08:46:06 - mmengine - INFO - Epoch(train)  [7][5400/7330]  lr: 1.0000e-02  eta: 17:32:00  time: 1.6487  data_time: 0.0351  memory: 5481  loss: 0.5801  loss_cls: 0.3073  loss_bbox: 0.2728
2025/07/10 08:47:28 - mmengine - INFO - Epoch(train)  [7][5450/7330]  lr: 1.0000e-02  eta: 17:30:38  time: 1.6264  data_time: 0.0348  memory: 5479  loss: 0.5624  loss_cls: 0.3002  loss_bbox: 0.2622
2025/07/10 08:48:49 - mmengine - INFO - Epoch(train)  [7][5500/7330]  lr: 1.0000e-02  eta: 17:29:16  time: 1.6336  data_time: 0.0377  memory: 5480  loss: 0.5913  loss_cls: 0.3107  loss_bbox: 0.2806
2025/07/10 08:50:12 - mmengine - INFO - Epoch(train)  [7][5550/7330]  lr: 1.0000e-02  eta: 17:27:55  time: 1.6572  data_time: 0.0396  memory: 5482  loss: 0.5895  loss_cls: 0.3136  loss_bbox: 0.2759
2025/07/10 08:51:34 - mmengine - INFO - Epoch(train)  [7][5600/7330]  lr: 1.0000e-02  eta: 17:26:33  time: 1.6434  data_time: 0.0349  memory: 5482  loss: 0.5642  loss_cls: 0.2954  loss_bbox: 0.2688
2025/07/10 08:52:56 - mmengine - INFO - Epoch(train)  [7][5650/7330]  lr: 1.0000e-02  eta: 17:25:11  time: 1.6316  data_time: 0.0368  memory: 5482  loss: 0.5783  loss_cls: 0.3008  loss_bbox: 0.2775
2025/07/10 08:54:20 - mmengine - INFO - Epoch(train)  [7][5700/7330]  lr: 1.0000e-02  eta: 17:23:51  time: 1.6703  data_time: 0.0391  memory: 5482  loss: 0.5871  loss_cls: 0.3125  loss_bbox: 0.2746
2025/07/10 08:55:41 - mmengine - INFO - Epoch(train)  [7][5750/7330]  lr: 1.0000e-02  eta: 17:22:28  time: 1.6190  data_time: 0.0405  memory: 5482  loss: 0.5999  loss_cls: 0.3054  loss_bbox: 0.2945
2025/07/10 08:57:04 - mmengine - INFO - Epoch(train)  [7][5800/7330]  lr: 1.0000e-02  eta: 17:21:07  time: 1.6610  data_time: 0.0406  memory: 5482  loss: 0.5707  loss_cls: 0.3060  loss_bbox: 0.2646
2025/07/10 08:58:27 - mmengine - INFO - Epoch(train)  [7][5850/7330]  lr: 1.0000e-02  eta: 17:19:46  time: 1.6569  data_time: 0.0399  memory: 5481  loss: 0.5861  loss_cls: 0.3051  loss_bbox: 0.2810
2025/07/10 08:59:48 - mmengine - INFO - Epoch(train)  [7][5900/7330]  lr: 1.0000e-02  eta: 17:18:25  time: 1.6373  data_time: 0.0364  memory: 5480  loss: 0.5850  loss_cls: 0.3049  loss_bbox: 0.2801
2025/07/10 09:01:11 - mmengine - INFO - Epoch(train)  [7][5950/7330]  lr: 1.0000e-02  eta: 17:17:03  time: 1.6415  data_time: 0.0304  memory: 5482  loss: 0.5786  loss_cls: 0.2960  loss_bbox: 0.2826
2025/07/10 09:02:31 - mmengine - INFO - Epoch(train)  [7][6000/7330]  lr: 1.0000e-02  eta: 17:15:40  time: 1.6112  data_time: 0.0372  memory: 5481  loss: 0.5594  loss_cls: 0.2872  loss_bbox: 0.2722
2025/07/10 09:03:04 - mmengine - INFO - Exp name: retinanet_r50_fpn_1x_coco_20250709_093937
2025/07/10 09:03:52 - mmengine - INFO - Epoch(train)  [7][6050/7330]  lr: 1.0000e-02  eta: 17:14:18  time: 1.6257  data_time: 0.0389  memory: 5482  loss: 0.5806  loss_cls: 0.3105  loss_bbox: 0.2700
2025/07/10 09:05:14 - mmengine - INFO - Epoch(train)  [7][6100/7330]  lr: 1.0000e-02  eta: 17:12:56  time: 1.6390  data_time: 0.0376  memory: 5482  loss: 0.5851  loss_cls: 0.3135  loss_bbox: 0.2716
2025/07/10 09:06:36 - mmengine - INFO - Epoch(train)  [7][6150/7330]  lr: 1.0000e-02  eta: 17:11:35  time: 1.6347  data_time: 0.0377  memory: 5481  loss: 0.5608  loss_cls: 0.2972  loss_bbox: 0.2636
2025/07/10 09:08:00 - mmengine - INFO - Epoch(train)  [7][6200/7330]  lr: 1.0000e-02  eta: 17:10:14  time: 1.6661  data_time: 0.0371  memory: 5482  loss: 0.5834  loss_cls: 0.3065  loss_bbox: 0.2768
2025/07/10 09:09:21 - mmengine - INFO - Epoch(train)  [7][6250/7330]  lr: 1.0000e-02  eta: 17:08:52  time: 1.6323  data_time: 0.0397  memory: 5481  loss: 0.5898  loss_cls: 0.3145  loss_bbox: 0.2753
2025/07/10 09:10:43 - mmengine - INFO - Epoch(train)  [7][6300/7330]  lr: 1.0000e-02  eta: 17:07:30  time: 1.6431  data_time: 0.0379  memory: 5481  loss: 0.5423  loss_cls: 0.2887  loss_bbox: 0.2535
2025/07/10 09:12:06 - mmengine - INFO - Epoch(train)  [7][6350/7330]  lr: 1.0000e-02  eta: 17:06:09  time: 1.6490  data_time: 0.0404  memory: 5484  loss: 0.5699  loss_cls: 0.2957  loss_bbox: 0.2742
2025/07/10 09:13:28 - mmengine - INFO - Epoch(train)  [7][6400/7330]  lr: 1.0000e-02  eta: 17:04:47  time: 1.6391  data_time: 0.0399  memory: 5484  loss: 0.5827  loss_cls: 0.3095  loss_bbox: 0.2732
2025/07/10 09:14:50 - mmengine - INFO - Epoch(train)  [7][6450/7330]  lr: 1.0000e-02  eta: 17:03:26  time: 1.6400  data_time: 0.0367  memory: 5481  loss: 0.5741  loss_cls: 0.3034  loss_bbox: 0.2707
2025/07/10 09:16:12 - mmengine - INFO - Epoch(train)  [7][6500/7330]  lr: 1.0000e-02  eta: 17:02:04  time: 1.6420  data_time: 0.0391  memory: 5481  loss: 0.5957  loss_cls: 0.3126  loss_bbox: 0.2831
2025/07/10 09:17:33 - mmengine - INFO - Epoch(train)  [7][6550/7330]  lr: 1.0000e-02  eta: 17:00:42  time: 1.6223  data_time: 0.0396  memory: 5482  loss: 0.5684  loss_cls: 0.2964  loss_bbox: 0.2720
2025/07/10 09:18:55 - mmengine - INFO - Epoch(train)  [7][6600/7330]  lr: 1.0000e-02  eta: 16:59:20  time: 1.6410  data_time: 0.0396  memory: 5482  loss: 0.5910  loss_cls: 0.3132  loss_bbox: 0.2778
2025/07/10 09:20:16 - mmengine - INFO - Epoch(train)  [7][6650/7330]  lr: 1.0000e-02  eta: 16:57:57  time: 1.6084  data_time: 0.0287  memory: 5480  loss: 0.5727  loss_cls: 0.2976  loss_bbox: 0.2752
2025/07/10 09:21:40 - mmengine - INFO - Epoch(train)  [7][6700/7330]  lr: 1.0000e-02  eta: 16:56:37  time: 1.6786  data_time: 0.0402  memory: 5481  loss: 0.5808  loss_cls: 0.3094  loss_bbox: 0.2714
2025/07/10 09:23:01 - mmengine - INFO - Epoch(train)  [7][6750/7330]  lr: 1.0000e-02  eta: 16:55:15  time: 1.6300  data_time: 0.0355  memory: 5486  loss: 0.5734  loss_cls: 0.2968  loss_bbox: 0.2766
2025/07/10 09:24:24 - mmengine - INFO - Epoch(train)  [7][6800/7330]  lr: 1.0000e-02  eta: 16:53:54  time: 1.6476  data_time: 0.0371  memory: 5480  loss: 0.5805  loss_cls: 0.3018  loss_bbox: 0.2786
2025/07/10 09:25:46 - mmengine - INFO - Epoch(train)  [7][6850/7330]  lr: 1.0000e-02  eta: 16:52:32  time: 1.6486  data_time: 0.0371  memory: 5482  loss: 0.5630  loss_cls: 0.2926  loss_bbox: 0.2703
2025/07/10 09:27:08 - mmengine - INFO - Epoch(train)  [7][6900/7330]  lr: 1.0000e-02  eta: 16:51:11  time: 1.6397  data_time: 0.0352  memory: 5481  loss: 0.5684  loss_cls: 0.2941  loss_bbox: 0.2743
2025/07/10 09:28:30 - mmengine - INFO - Epoch(train)  [7][6950/7330]  lr: 1.0000e-02  eta: 16:49:49  time: 1.6376  data_time: 0.0346  memory: 5480  loss: 0.5770  loss_cls: 0.3010  loss_bbox: 0.2760
2025/07/10 09:29:51 - mmengine - INFO - Epoch(train)  [7][7000/7330]  lr: 1.0000e-02  eta: 16:48:27  time: 1.6247  data_time: 0.0355  memory: 5483  loss: 0.5690  loss_cls: 0.2934  loss_bbox: 0.2755
2025/07/10 09:30:24 - mmengine - INFO - Exp name: retinanet_r50_fpn_1x_coco_20250709_093937
2025/07/10 09:31:13 - mmengine - INFO - Epoch(train)  [7][7050/7330]  lr: 1.0000e-02  eta: 16:47:05  time: 1.6382  data_time: 0.0363  memory: 5480  loss: 0.5797  loss_cls: 0.3098  loss_bbox: 0.2698
2025/07/10 09:32:35 - mmengine - INFO - Epoch(train)  [7][7100/7330]  lr: 1.0000e-02  eta: 16:45:43  time: 1.6317  data_time: 0.0377  memory: 5481  loss: 0.6022  loss_cls: 0.3271  loss_bbox: 0.2751
2025/07/10 09:33:58 - mmengine - INFO - Epoch(train)  [7][7150/7330]  lr: 1.0000e-02  eta: 16:44:22  time: 1.6722  data_time: 0.0381  memory: 5482  loss: 0.5744  loss_cls: 0.3082  loss_bbox: 0.2663
2025/07/10 09:35:21 - mmengine - INFO - Epoch(train)  [7][7200/7330]  lr: 1.0000e-02  eta: 16:43:01  time: 1.6411  data_time: 0.0384  memory: 5483  loss: 0.5661  loss_cls: 0.2997  loss_bbox: 0.2664
2025/07/10 09:36:43 - mmengine - INFO - Epoch(train)  [7][7250/7330]  lr: 1.0000e-02  eta: 16:41:39  time: 1.6496  data_time: 0.0346  memory: 5481  loss: 0.5784  loss_cls: 0.3074  loss_bbox: 0.2711
2025/07/10 09:38:05 - mmengine - INFO - Epoch(train)  [7][7300/7330]  lr: 1.0000e-02  eta: 16:40:18  time: 1.6347  data_time: 0.0357  memory: 5482  loss: 0.5712  loss_cls: 0.2978  loss_bbox: 0.2734
2025/07/10 09:38:53 - mmengine - INFO - Exp name: retinanet_r50_fpn_1x_coco_20250709_093937
2025/07/10 09:38:53 - mmengine - INFO - Saving checkpoint at 7 epochs
2025/07/10 09:39:05 - mmengine - INFO - Epoch(val)  [7][  50/1250]    eta: 0:04:08  time: 0.2069  data_time: 0.0103  memory: 7333  
2025/07/10 09:39:15 - mmengine - INFO - Epoch(val)  [7][ 100/1250]    eta: 0:03:51  time: 0.1954  data_time: 0.0082  memory: 825  
2025/07/10 09:39:25 - mmengine - INFO - Epoch(val)  [7][ 150/1250]    eta: 0:03:40  time: 0.1988  data_time: 0.0096  memory: 833  
2025/07/10 09:39:35 - mmengine - INFO - Epoch(val)  [7][ 200/1250]    eta: 0:03:30  time: 0.2015  data_time: 0.0088  memory: 835  
2025/07/10 09:39:45 - mmengine - INFO - Epoch(val)  [7][ 250/1250]    eta: 0:03:20  time: 0.1983  data_time: 0.0086  memory: 817  
2025/07/10 09:39:55 - mmengine - INFO - Epoch(val)  [7][ 300/1250]    eta: 0:03:10  time: 0.1996  data_time: 0.0090  memory: 817  
2025/07/10 09:40:05 - mmengine - INFO - Epoch(val)  [7][ 350/1250]    eta: 0:03:00  time: 0.1996  data_time: 0.0089  memory: 817  
2025/07/10 09:40:15 - mmengine - INFO - Epoch(val)  [7][ 400/1250]    eta: 0:02:49  time: 0.1961  data_time: 0.0082  memory: 801  
2025/07/10 09:40:25 - mmengine - INFO - Epoch(val)  [7][ 450/1250]    eta: 0:02:39  time: 0.1966  data_time: 0.0080  memory: 833  
2025/07/10 09:40:34 - mmengine - INFO - Epoch(val)  [7][ 500/1250]    eta: 0:02:29  time: 0.1953  data_time: 0.0083  memory: 833  
2025/07/10 09:40:44 - mmengine - INFO - Epoch(val)  [7][ 550/1250]    eta: 0:02:18  time: 0.1929  data_time: 0.0077  memory: 801  
2025/07/10 09:40:54 - mmengine - INFO - Epoch(val)  [7][ 600/1250]    eta: 0:02:08  time: 0.1971  data_time: 0.0073  memory: 816  
2025/07/10 09:41:04 - mmengine - INFO - Epoch(val)  [7][ 650/1250]    eta: 0:01:58  time: 0.1930  data_time: 0.0075  memory: 817  
2025/07/10 09:41:13 - mmengine - INFO - Epoch(val)  [7][ 700/1250]    eta: 0:01:48  time: 0.1971  data_time: 0.0075  memory: 825  
2025/07/10 09:41:23 - mmengine - INFO - Epoch(val)  [7][ 750/1250]    eta: 0:01:38  time: 0.1973  data_time: 0.0076  memory: 825  
2025/07/10 09:41:33 - mmengine - INFO - Epoch(val)  [7][ 800/1250]    eta: 0:01:28  time: 0.1939  data_time: 0.0073  memory: 833  
2025/07/10 09:41:43 - mmengine - INFO - Epoch(val)  [7][ 850/1250]    eta: 0:01:18  time: 0.1955  data_time: 0.0075  memory: 833  
2025/07/10 09:41:53 - mmengine - INFO - Epoch(val)  [7][ 900/1250]    eta: 0:01:09  time: 0.1955  data_time: 0.0079  memory: 833  
2025/07/10 09:42:02 - mmengine - INFO - Epoch(val)  [7][ 950/1250]    eta: 0:00:59  time: 0.1938  data_time: 0.0080  memory: 819  
2025/07/10 09:42:12 - mmengine - INFO - Epoch(val)  [7][1000/1250]    eta: 0:00:49  time: 0.1931  data_time: 0.0076  memory: 819  
2025/07/10 09:42:22 - mmengine - INFO - Epoch(val)  [7][1050/1250]    eta: 0:00:39  time: 0.2004  data_time: 0.0088  memory: 825  
2025/07/10 09:42:32 - mmengine - INFO - Epoch(val)  [7][1100/1250]    eta: 0:00:29  time: 0.1943  data_time: 0.0072  memory: 834  
2025/07/10 09:42:42 - mmengine - INFO - Epoch(val)  [7][1150/1250]    eta: 0:00:19  time: 0.1967  data_time: 0.0077  memory: 825  
2025/07/10 09:42:51 - mmengine - INFO - Epoch(val)  [7][1200/1250]    eta: 0:00:09  time: 0.1935  data_time: 0.0075  memory: 826  
2025/07/10 09:43:01 - mmengine - INFO - Epoch(val)  [7][1250/1250]    eta: 0:00:00  time: 0.1921  data_time: 0.0079  memory: 835  
2025/07/10 09:43:11 - mmengine - INFO - Evaluating bbox...
2025/07/10 09:44:18 - mmengine - INFO - bbox_mAP_copypaste: 0.304 0.475 0.319 0.168 0.343 0.395
2025/07/10 09:44:21 - mmengine - INFO - Epoch(val) [7][1250/1250]    coco/bbox_mAP: 0.3040  coco/bbox_mAP_50: 0.4750  coco/bbox_mAP_75: 0.3190  coco/bbox_mAP_s: 0.1680  coco/bbox_mAP_m: 0.3430  coco/bbox_mAP_l: 0.3950  data_time: 0.0081  time: 0.1966
2025/07/10 09:45:42 - mmengine - INFO - Epoch(train)  [8][  50/7330]  lr: 1.0000e-02  eta: 16:38:06  time: 1.6259  data_time: 0.0422  memory: 5482  loss: 0.5423  loss_cls: 0.2830  loss_bbox: 0.2593
2025/07/10 09:47:05 - mmengine - INFO - Epoch(train)  [8][ 100/7330]  lr: 1.0000e-02  eta: 16:36:44  time: 1.6531  data_time: 0.0409  memory: 5481  loss: 0.5915  loss_cls: 0.3117  loss_bbox: 0.2797
2025/07/10 09:48:26 - mmengine - INFO - Epoch(train)  [8][ 150/7330]  lr: 1.0000e-02  eta: 16:35:22  time: 1.6248  data_time: 0.0392  memory: 5482  loss: 0.5552  loss_cls: 0.2855  loss_bbox: 0.2696
2025/07/10 09:49:49 - mmengine - INFO - Epoch(train)  [8][ 200/7330]  lr: 1.0000e-02  eta: 16:34:01  time: 1.6684  data_time: 0.0394  memory: 5482  loss: 0.5367  loss_cls: 0.2716  loss_bbox: 0.2651
2025/07/10 09:51:11 - mmengine - INFO - Epoch(train)  [8][ 250/7330]  lr: 1.0000e-02  eta: 16:32:40  time: 1.6406  data_time: 0.0385  memory: 5482  loss: 0.5547  loss_cls: 0.2952  loss_bbox: 0.2595
2025/07/10 09:52:35 - mmengine - INFO - Epoch(train)  [8][ 300/7330]  lr: 1.0000e-02  eta: 16:31:20  time: 1.6811  data_time: 0.0401  memory: 5483  loss: 0.5242  loss_cls: 0.2734  loss_bbox: 0.2509
2025/07/10 09:53:59 - mmengine - INFO - Epoch(train)  [8][ 350/7330]  lr: 1.0000e-02  eta: 16:29:59  time: 1.6683  data_time: 0.0402  memory: 5480  loss: 0.5578  loss_cls: 0.2975  loss_bbox: 0.2603
2025/07/10 09:55:22 - mmengine - INFO - Epoch(train)  [8][ 400/7330]  lr: 1.0000e-02  eta: 16:28:38  time: 1.6541  data_time: 0.0419  memory: 5481  loss: 0.5625  loss_cls: 0.2997  loss_bbox: 0.2627
2025/07/10 09:56:42 - mmengine - INFO - Epoch(train)  [8][ 450/7330]  lr: 1.0000e-02  eta: 16:27:15  time: 1.6100  data_time: 0.0419  memory: 5482  loss: 0.5510  loss_cls: 0.2894  loss_bbox: 0.2616
2025/07/10 09:58:05 - mmengine - INFO - Epoch(train)  [8][ 500/7330]  lr: 1.0000e-02  eta: 16:25:54  time: 1.6636  data_time: 0.0450  memory: 5480  loss: 0.5855  loss_cls: 0.3078  loss_bbox: 0.2777
2025/07/10 09:59:27 - mmengine - INFO - Epoch(train)  [8][ 550/7330]  lr: 1.0000e-02  eta: 16:24:32  time: 1.6222  data_time: 0.0436  memory: 5480  loss: 0.5289  loss_cls: 0.2722  loss_bbox: 0.2567
2025/07/10 10:00:49 - mmengine - INFO - Epoch(train)  [8][ 600/7330]  lr: 1.0000e-02  eta: 16:23:11  time: 1.6573  data_time: 0.0416  memory: 5480  loss: 0.5269  loss_cls: 0.2690  loss_bbox: 0.2579
2025/07/10 10:02:12 - mmengine - INFO - Epoch(train)  [8][ 650/7330]  lr: 1.0000e-02  eta: 16:21:49  time: 1.6559  data_time: 0.0389  memory: 5482  loss: 0.5712  loss_cls: 0.3050  loss_bbox: 0.2663
2025/07/10 10:03:16 - mmengine - INFO - Exp name: retinanet_r50_fpn_1x_coco_20250709_093937
2025/07/10 10:03:34 - mmengine - INFO - Epoch(train)  [8][ 700/7330]  lr: 1.0000e-02  eta: 16:20:27  time: 1.6264  data_time: 0.0422  memory: 5481  loss: 0.5737  loss_cls: 0.3019  loss_bbox: 0.2719
2025/07/10 10:04:56 - mmengine - INFO - Epoch(train)  [8][ 750/7330]  lr: 1.0000e-02  eta: 16:19:06  time: 1.6510  data_time: 0.0439  memory: 5482  loss: 0.5513  loss_cls: 0.2914  loss_bbox: 0.2599
2025/07/10 10:06:20 - mmengine - INFO - Epoch(train)  [8][ 800/7330]  lr: 1.0000e-02  eta: 16:17:45  time: 1.6731  data_time: 0.0383  memory: 5481  loss: 0.5594  loss_cls: 0.2965  loss_bbox: 0.2629
2025/07/10 10:07:42 - mmengine - INFO - Epoch(train)  [8][ 850/7330]  lr: 1.0000e-02  eta: 16:16:24  time: 1.6504  data_time: 0.0410  memory: 5481  loss: 0.5648  loss_cls: 0.2911  loss_bbox: 0.2737
2025/07/10 10:09:05 - mmengine - INFO - Epoch(train)  [8][ 900/7330]  lr: 1.0000e-02  eta: 16:15:03  time: 1.6436  data_time: 0.0385  memory: 5483  loss: 0.5780  loss_cls: 0.3067  loss_bbox: 0.2712
2025/07/10 10:10:28 - mmengine - INFO - Epoch(train)  [8][ 950/7330]  lr: 1.0000e-02  eta: 16:13:41  time: 1.6566  data_time: 0.0421  memory: 5482  loss: 0.5478  loss_cls: 0.2821  loss_bbox: 0.2658
2025/07/10 10:11:49 - mmengine - INFO - Epoch(train)  [8][1000/7330]  lr: 1.0000e-02  eta: 16:12:19  time: 1.6237  data_time: 0.0392  memory: 5481  loss: 0.5496  loss_cls: 0.2863  loss_bbox: 0.2633
2025/07/10 10:13:11 - mmengine - INFO - Epoch(train)  [8][1050/7330]  lr: 1.0000e-02  eta: 16:10:57  time: 1.6424  data_time: 0.0374  memory: 5481  loss: 0.5359  loss_cls: 0.2791  loss_bbox: 0.2569
2025/07/10 10:14:33 - mmengine - INFO - Epoch(train)  [8][1100/7330]  lr: 1.0000e-02  eta: 16:09:36  time: 1.6414  data_time: 0.0367  memory: 5483  loss: 0.5446  loss_cls: 0.2767  loss_bbox: 0.2679
2025/07/10 10:15:54 - mmengine - INFO - Epoch(train)  [8][1150/7330]  lr: 1.0000e-02  eta: 16:08:13  time: 1.6192  data_time: 0.0407  memory: 5481  loss: 0.5439  loss_cls: 0.2820  loss_bbox: 0.2619
2025/07/10 10:17:17 - mmengine - INFO - Epoch(train)  [8][1200/7330]  lr: 1.0000e-02  eta: 16:06:52  time: 1.6515  data_time: 0.0394  memory: 5481  loss: 0.5502  loss_cls: 0.2815  loss_bbox: 0.2687
2025/07/10 10:18:39 - mmengine - INFO - Epoch(train)  [8][1250/7330]  lr: 1.0000e-02  eta: 16:05:31  time: 1.6495  data_time: 0.0356  memory: 5483  loss: 0.5585  loss_cls: 0.2897  loss_bbox: 0.2687
2025/07/10 10:20:02 - mmengine - INFO - Epoch(train)  [8][1300/7330]  lr: 1.0000e-02  eta: 16:04:09  time: 1.6495  data_time: 0.0437  memory: 5481  loss: 0.5511  loss_cls: 0.2810  loss_bbox: 0.2701
2025/07/10 10:21:26 - mmengine - INFO - Epoch(train)  [8][1350/7330]  lr: 1.0000e-02  eta: 16:02:49  time: 1.6765  data_time: 0.0394  memory: 5481  loss: 0.5377  loss_cls: 0.2697  loss_bbox: 0.2679
2025/07/10 10:22:47 - mmengine - INFO - Epoch(train)  [8][1400/7330]  lr: 1.0000e-02  eta: 16:01:27  time: 1.6310  data_time: 0.0426  memory: 5481  loss: 0.5692  loss_cls: 0.3013  loss_bbox: 0.2679
2025/07/10 10:24:12 - mmengine - INFO - Epoch(train)  [8][1450/7330]  lr: 1.0000e-02  eta: 16:00:07  time: 1.6883  data_time: 0.0393  memory: 5483  loss: 0.5743  loss_cls: 0.3076  loss_bbox: 0.2667
2025/07/10 10:25:33 - mmengine - INFO - Epoch(train)  [8][1500/7330]  lr: 1.0000e-02  eta: 15:58:45  time: 1.6287  data_time: 0.0423  memory: 5483  loss: 0.5562  loss_cls: 0.2853  loss_bbox: 0.2709
2025/07/10 10:26:55 - mmengine - INFO - Epoch(train)  [8][1550/7330]  lr: 1.0000e-02  eta: 15:57:23  time: 1.6376  data_time: 0.0409  memory: 5481  loss: 0.5441  loss_cls: 0.2818  loss_bbox: 0.2622
2025/07/10 10:28:18 - mmengine - INFO - Epoch(train)  [8][1600/7330]  lr: 1.0000e-02  eta: 15:56:02  time: 1.6625  data_time: 0.0396  memory: 5483  loss: 0.5560  loss_cls: 0.2889  loss_bbox: 0.2671
2025/07/10 10:29:39 - mmengine - INFO - Epoch(train)  [8][1650/7330]  lr: 1.0000e-02  eta: 15:54:40  time: 1.6230  data_time: 0.0332  memory: 5482  loss: 0.5697  loss_cls: 0.2921  loss_bbox: 0.2776
2025/07/10 10:30:45 - mmengine - INFO - Exp name: retinanet_r50_fpn_1x_coco_20250709_093937
2025/07/10 10:31:01 - mmengine - INFO - Epoch(train)  [8][1700/7330]  lr: 1.0000e-02  eta: 15:53:18  time: 1.6341  data_time: 0.0414  memory: 5482  loss: 0.5566  loss_cls: 0.2899  loss_bbox: 0.2667
2025/07/10 10:32:25 - mmengine - INFO - Epoch(train)  [8][1750/7330]  lr: 1.0000e-02  eta: 15:51:57  time: 1.6805  data_time: 0.0406  memory: 5481  loss: 0.5308  loss_cls: 0.2819  loss_bbox: 0.2489
2025/07/10 10:33:47 - mmengine - INFO - Epoch(train)  [8][1800/7330]  lr: 1.0000e-02  eta: 15:50:36  time: 1.6433  data_time: 0.0423  memory: 5481  loss: 0.5398  loss_cls: 0.2855  loss_bbox: 0.2543
2025/07/10 10:35:08 - mmengine - INFO - Epoch(train)  [8][1850/7330]  lr: 1.0000e-02  eta: 15:49:13  time: 1.6075  data_time: 0.0420  memory: 5481  loss: 0.5573  loss_cls: 0.2946  loss_bbox: 0.2627
2025/07/10 10:36:29 - mmengine - INFO - Epoch(train)  [8][1900/7330]  lr: 1.0000e-02  eta: 15:47:51  time: 1.6190  data_time: 0.0424  memory: 5482  loss: 0.5812  loss_cls: 0.3041  loss_bbox: 0.2771
2025/07/10 10:37:51 - mmengine - INFO - Epoch(train)  [8][1950/7330]  lr: 1.0000e-02  eta: 15:46:29  time: 1.6411  data_time: 0.0411  memory: 5483  loss: 0.5454  loss_cls: 0.2868  loss_bbox: 0.2586
2025/07/10 10:39:13 - mmengine - INFO - Epoch(train)  [8][2000/7330]  lr: 1.0000e-02  eta: 15:45:07  time: 1.6404  data_time: 0.0394  memory: 5483  loss: 0.5555  loss_cls: 0.2873  loss_bbox: 0.2682
2025/07/10 10:40:35 - mmengine - INFO - Epoch(train)  [8][2050/7330]  lr: 1.0000e-02  eta: 15:43:46  time: 1.6510  data_time: 0.0375  memory: 5484  loss: 0.5338  loss_cls: 0.2710  loss_bbox: 0.2628
2025/07/10 10:41:57 - mmengine - INFO - Epoch(train)  [8][2100/7330]  lr: 1.0000e-02  eta: 15:42:24  time: 1.6407  data_time: 0.0444  memory: 5481  loss: 0.6064  loss_cls: 0.3244  loss_bbox: 0.2820
2025/07/10 10:43:19 - mmengine - INFO - Epoch(train)  [8][2150/7330]  lr: 1.0000e-02  eta: 15:41:02  time: 1.6345  data_time: 0.0419  memory: 5482  loss: 0.5299  loss_cls: 0.2761  loss_bbox: 0.2538
2025/07/10 10:44:42 - mmengine - INFO - Epoch(train)  [8][2200/7330]  lr: 1.0000e-02  eta: 15:39:41  time: 1.6644  data_time: 0.0407  memory: 5482  loss: 0.5349  loss_cls: 0.2784  loss_bbox: 0.2565
2025/07/10 10:46:05 - mmengine - INFO - Epoch(train)  [8][2250/7330]  lr: 1.0000e-02  eta: 15:38:20  time: 1.6470  data_time: 0.0419  memory: 5482  loss: 0.5798  loss_cls: 0.3079  loss_bbox: 0.2719
2025/07/10 10:47:27 - mmengine - INFO - Epoch(train)  [8][2300/7330]  lr: 1.0000e-02  eta: 15:36:58  time: 1.6442  data_time: 0.0437  memory: 5482  loss: 0.5863  loss_cls: 0.3049  loss_bbox: 0.2814
2025/07/10 10:48:49 - mmengine - INFO - Epoch(train)  [8][2350/7330]  lr: 1.0000e-02  eta: 15:35:37  time: 1.6431  data_time: 0.0383  memory: 5480  loss: 0.5414  loss_cls: 0.2836  loss_bbox: 0.2578
2025/07/10 10:50:12 - mmengine - INFO - Epoch(train)  [8][2400/7330]  lr: 1.0000e-02  eta: 15:34:15  time: 1.6587  data_time: 0.0394  memory: 5483  loss: 0.5169  loss_cls: 0.2745  loss_bbox: 0.2424
2025/07/10 10:51:34 - mmengine - INFO - Epoch(train)  [8][2450/7330]  lr: 1.0000e-02  eta: 15:32:53  time: 1.6280  data_time: 0.0418  memory: 5481  loss: 0.5562  loss_cls: 0.2886  loss_bbox: 0.2676
2025/07/10 10:52:57 - mmengine - INFO - Epoch(train)  [8][2500/7330]  lr: 1.0000e-02  eta: 15:31:32  time: 1.6578  data_time: 0.0394  memory: 5482  loss: 0.5571  loss_cls: 0.2926  loss_bbox: 0.2645
2025/07/10 10:54:19 - mmengine - INFO - Epoch(train)  [8][2550/7330]  lr: 1.0000e-02  eta: 15:30:11  time: 1.6547  data_time: 0.0374  memory: 5480  loss: 0.5782  loss_cls: 0.3033  loss_bbox: 0.2748
2025/07/10 10:55:41 - mmengine - INFO - Epoch(train)  [8][2600/7330]  lr: 1.0000e-02  eta: 15:28:49  time: 1.6295  data_time: 0.0352  memory: 5481  loss: 0.5398  loss_cls: 0.2824  loss_bbox: 0.2574
2025/07/10 10:57:03 - mmengine - INFO - Epoch(train)  [8][2650/7330]  lr: 1.0000e-02  eta: 15:27:27  time: 1.6440  data_time: 0.0391  memory: 5481  loss: 0.5223  loss_cls: 0.2662  loss_bbox: 0.2561
2025/07/10 10:58:10 - mmengine - INFO - Exp name: retinanet_r50_fpn_1x_coco_20250709_093937
2025/07/10 10:58:26 - mmengine - INFO - Epoch(train)  [8][2700/7330]  lr: 1.0000e-02  eta: 15:26:06  time: 1.6654  data_time: 0.0405  memory: 5482  loss: 0.5494  loss_cls: 0.2765  loss_bbox: 0.2729
2025/07/10 10:59:48 - mmengine - INFO - Epoch(train)  [8][2750/7330]  lr: 1.0000e-02  eta: 15:24:44  time: 1.6322  data_time: 0.0400  memory: 5482  loss: 0.5687  loss_cls: 0.2986  loss_bbox: 0.2701
2025/07/10 11:01:11 - mmengine - INFO - Epoch(train)  [8][2800/7330]  lr: 1.0000e-02  eta: 15:23:23  time: 1.6677  data_time: 0.0402  memory: 5481  loss: 0.5568  loss_cls: 0.2849  loss_bbox: 0.2719
2025/07/10 11:02:33 - mmengine - INFO - Epoch(train)  [8][2850/7330]  lr: 1.0000e-02  eta: 15:22:01  time: 1.6288  data_time: 0.0427  memory: 5481  loss: 0.5424  loss_cls: 0.2792  loss_bbox: 0.2632
2025/07/10 11:03:55 - mmengine - INFO - Epoch(train)  [8][2900/7330]  lr: 1.0000e-02  eta: 15:20:40  time: 1.6402  data_time: 0.0402  memory: 5481  loss: 0.5640  loss_cls: 0.2928  loss_bbox: 0.2712
2025/07/10 11:05:17 - mmengine - INFO - Epoch(train)  [8][2950/7330]  lr: 1.0000e-02  eta: 15:19:18  time: 1.6427  data_time: 0.0386  memory: 5482  loss: 0.5331  loss_cls: 0.2682  loss_bbox: 0.2649
2025/07/10 11:06:40 - mmengine - INFO - Epoch(train)  [8][3000/7330]  lr: 1.0000e-02  eta: 15:17:57  time: 1.6550  data_time: 0.0384  memory: 5482  loss: 0.5523  loss_cls: 0.2902  loss_bbox: 0.2621
2025/07/10 11:08:03 - mmengine - INFO - Epoch(train)  [8][3050/7330]  lr: 1.0000e-02  eta: 15:16:36  time: 1.6674  data_time: 0.0436  memory: 5482  loss: 0.5477  loss_cls: 0.2896  loss_bbox: 0.2580
2025/07/10 11:09:26 - mmengine - INFO - Epoch(train)  [8][3100/7330]  lr: 1.0000e-02  eta: 15:15:14  time: 1.6538  data_time: 0.0426  memory: 5481  loss: 0.5625  loss_cls: 0.2995  loss_bbox: 0.2630
2025/07/10 11:10:49 - mmengine - INFO - Epoch(train)  [8][3150/7330]  lr: 1.0000e-02  eta: 15:13:53  time: 1.6584  data_time: 0.0398  memory: 5482  loss: 0.5473  loss_cls: 0.2907  loss_bbox: 0.2566
2025/07/10 11:12:11 - mmengine - INFO - Epoch(train)  [8][3200/7330]  lr: 1.0000e-02  eta: 15:12:32  time: 1.6480  data_time: 0.0409  memory: 5484  loss: 0.5430  loss_cls: 0.2846  loss_bbox: 0.2584
2025/07/10 11:13:33 - mmengine - INFO - Epoch(train)  [8][3250/7330]  lr: 1.0000e-02  eta: 15:11:10  time: 1.6386  data_time: 0.0402  memory: 5480  loss: 0.5724  loss_cls: 0.2945  loss_bbox: 0.2779
2025/07/10 11:14:56 - mmengine - INFO - Epoch(train)  [8][3300/7330]  lr: 1.0000e-02  eta: 15:09:49  time: 1.6517  data_time: 0.0416  memory: 5482  loss: 0.5313  loss_cls: 0.2777  loss_bbox: 0.2536
2025/07/10 11:16:18 - mmengine - INFO - Epoch(train)  [8][3350/7330]  lr: 1.0000e-02  eta: 15:08:27  time: 1.6397  data_time: 0.0427  memory: 5482  loss: 0.5595  loss_cls: 0.2955  loss_bbox: 0.2640
2025/07/10 11:17:40 - mmengine - INFO - Epoch(train)  [8][3400/7330]  lr: 1.0000e-02  eta: 15:07:05  time: 1.6381  data_time: 0.0403  memory: 5480  loss: 0.5531  loss_cls: 0.2998  loss_bbox: 0.2533
2025/07/10 11:19:02 - mmengine - INFO - Epoch(train)  [8][3450/7330]  lr: 1.0000e-02  eta: 15:05:43  time: 1.6322  data_time: 0.0383  memory: 5483  loss: 0.5566  loss_cls: 0.2847  loss_bbox: 0.2718
2025/07/10 11:20:24 - mmengine - INFO - Epoch(train)  [8][3500/7330]  lr: 1.0000e-02  eta: 15:04:22  time: 1.6453  data_time: 0.0350  memory: 5480  loss: 0.5087  loss_cls: 0.2723  loss_bbox: 0.2364
2025/07/10 11:21:46 - mmengine - INFO - Epoch(train)  [8][3550/7330]  lr: 1.0000e-02  eta: 15:03:00  time: 1.6418  data_time: 0.0420  memory: 5482  loss: 0.5498  loss_cls: 0.2798  loss_bbox: 0.2700
2025/07/10 11:23:08 - mmengine - INFO - Epoch(train)  [8][3600/7330]  lr: 1.0000e-02  eta: 15:01:38  time: 1.6288  data_time: 0.0369  memory: 5483  loss: 0.5466  loss_cls: 0.2819  loss_bbox: 0.2647
2025/07/10 11:24:29 - mmengine - INFO - Epoch(train)  [8][3650/7330]  lr: 1.0000e-02  eta: 15:00:16  time: 1.6301  data_time: 0.0342  memory: 5481  loss: 0.5572  loss_cls: 0.2911  loss_bbox: 0.2661
2025/07/10 11:25:35 - mmengine - INFO - Exp name: retinanet_r50_fpn_1x_coco_20250709_093937
2025/07/10 11:25:52 - mmengine - INFO - Epoch(train)  [8][3700/7330]  lr: 1.0000e-02  eta: 14:58:54  time: 1.6484  data_time: 0.0411  memory: 5482  loss: 0.5708  loss_cls: 0.2979  loss_bbox: 0.2729
2025/07/10 11:27:15 - mmengine - INFO - Epoch(train)  [8][3750/7330]  lr: 1.0000e-02  eta: 14:57:33  time: 1.6660  data_time: 0.0418  memory: 5482  loss: 0.5452  loss_cls: 0.2854  loss_bbox: 0.2599
2025/07/10 11:28:38 - mmengine - INFO - Epoch(train)  [8][3800/7330]  lr: 1.0000e-02  eta: 14:56:12  time: 1.6598  data_time: 0.0363  memory: 5481  loss: 0.5467  loss_cls: 0.2800  loss_bbox: 0.2667
2025/07/10 11:30:02 - mmengine - INFO - Epoch(train)  [8][3850/7330]  lr: 1.0000e-02  eta: 14:54:51  time: 1.6734  data_time: 0.0381  memory: 5484  loss: 0.5442  loss_cls: 0.2835  loss_bbox: 0.2607
2025/07/10 11:31:24 - mmengine - INFO - Epoch(train)  [8][3900/7330]  lr: 1.0000e-02  eta: 14:53:30  time: 1.6399  data_time: 0.0372  memory: 5481  loss: 0.5544  loss_cls: 0.2804  loss_bbox: 0.2740
2025/07/10 11:32:46 - mmengine - INFO - Epoch(train)  [8][3950/7330]  lr: 1.0000e-02  eta: 14:52:08  time: 1.6453  data_time: 0.0413  memory: 5482  loss: 0.5733  loss_cls: 0.2970  loss_bbox: 0.2763
2025/07/10 11:34:07 - mmengine - INFO - Epoch(train)  [8][4000/7330]  lr: 1.0000e-02  eta: 14:50:46  time: 1.6304  data_time: 0.0436  memory: 5482  loss: 0.5631  loss_cls: 0.2855  loss_bbox: 0.2776
2025/07/10 11:35:29 - mmengine - INFO - Epoch(train)  [8][4050/7330]  lr: 1.0000e-02  eta: 14:49:24  time: 1.6305  data_time: 0.0361  memory: 5481  loss: 0.5690  loss_cls: 0.3013  loss_bbox: 0.2678
2025/07/10 11:36:50 - mmengine - INFO - Epoch(train)  [8][4100/7330]  lr: 1.0000e-02  eta: 14:48:02  time: 1.6267  data_time: 0.0401  memory: 5482  loss: 0.5524  loss_cls: 0.2865  loss_bbox: 0.2660
2025/07/10 11:38:12 - mmengine - INFO - Epoch(train)  [8][4150/7330]  lr: 1.0000e-02  eta: 14:46:40  time: 1.6407  data_time: 0.0390  memory: 5482  loss: 0.5546  loss_cls: 0.2908  loss_bbox: 0.2638
2025/07/10 11:39:33 - mmengine - INFO - Epoch(train)  [8][4200/7330]  lr: 1.0000e-02  eta: 14:45:17  time: 1.6125  data_time: 0.0405  memory: 5479  loss: 0.5668  loss_cls: 0.3009  loss_bbox: 0.2659
2025/07/10 11:40:54 - mmengine - INFO - Epoch(train)  [8][4250/7330]  lr: 1.0000e-02  eta: 14:43:55  time: 1.6164  data_time: 0.0382  memory: 5483  loss: 0.5510  loss_cls: 0.2879  loss_bbox: 0.2630
2025/07/10 11:42:16 - mmengine - INFO - Epoch(train)  [8][4300/7330]  lr: 1.0000e-02  eta: 14:42:33  time: 1.6457  data_time: 0.0372  memory: 5480  loss: 0.5574  loss_cls: 0.2807  loss_bbox: 0.2766
2025/07/10 11:43:39 - mmengine - INFO - Epoch(train)  [8][4350/7330]  lr: 1.0000e-02  eta: 14:41:12  time: 1.6488  data_time: 0.0420  memory: 5483  loss: 0.5504  loss_cls: 0.2814  loss_bbox: 0.2691
2025/07/10 11:45:00 - mmengine - INFO - Epoch(train)  [8][4400/7330]  lr: 1.0000e-02  eta: 14:39:49  time: 1.6153  data_time: 0.0391  memory: 5481  loss: 0.5549  loss_cls: 0.2900  loss_bbox: 0.2650
2025/07/10 11:46:22 - mmengine - INFO - Epoch(train)  [8][4450/7330]  lr: 1.0000e-02  eta: 14:38:28  time: 1.6535  data_time: 0.0335  memory: 5481  loss: 0.5788  loss_cls: 0.3027  loss_bbox: 0.2761
2025/07/10 11:47:44 - mmengine - INFO - Epoch(train)  [8][4500/7330]  lr: 1.0000e-02  eta: 14:37:06  time: 1.6435  data_time: 0.0381  memory: 5483  loss: 0.5599  loss_cls: 0.2888  loss_bbox: 0.2711
2025/07/10 11:49:06 - mmengine - INFO - Epoch(train)  [8][4550/7330]  lr: 1.0000e-02  eta: 14:35:44  time: 1.6231  data_time: 0.0335  memory: 5481  loss: 0.5840  loss_cls: 0.3005  loss_bbox: 0.2835
2025/07/10 11:50:28 - mmengine - INFO - Epoch(train)  [8][4600/7330]  lr: 1.0000e-02  eta: 14:34:22  time: 1.6386  data_time: 0.0404  memory: 5482  loss: 0.5673  loss_cls: 0.2850  loss_bbox: 0.2823
2025/07/10 11:51:49 - mmengine - INFO - Epoch(train)  [8][4650/7330]  lr: 1.0000e-02  eta: 14:33:00  time: 1.6345  data_time: 0.0405  memory: 5481  loss: 0.5366  loss_cls: 0.2804  loss_bbox: 0.2562
2025/07/10 11:52:54 - mmengine - INFO - Exp name: retinanet_r50_fpn_1x_coco_20250709_093937
2025/07/10 11:53:11 - mmengine - INFO - Epoch(train)  [8][4700/7330]  lr: 1.0000e-02  eta: 14:31:38  time: 1.6247  data_time: 0.0402  memory: 5480  loss: 0.5558  loss_cls: 0.2930  loss_bbox: 0.2628
2025/07/10 11:54:32 - mmengine - INFO - Epoch(train)  [8][4750/7330]  lr: 1.0000e-02  eta: 14:30:16  time: 1.6254  data_time: 0.0367  memory: 5481  loss: 0.5302  loss_cls: 0.2775  loss_bbox: 0.2527
2025/07/10 11:55:55 - mmengine - INFO - Epoch(train)  [8][4800/7330]  lr: 1.0000e-02  eta: 14:28:55  time: 1.6602  data_time: 0.0412  memory: 5482  loss: 0.5799  loss_cls: 0.2957  loss_bbox: 0.2842
2025/07/10 11:57:17 - mmengine - INFO - Epoch(train)  [8][4850/7330]  lr: 1.0000e-02  eta: 14:27:33  time: 1.6479  data_time: 0.0421  memory: 5482  loss: 0.5622  loss_cls: 0.2994  loss_bbox: 0.2627
2025/07/10 11:58:40 - mmengine - INFO - Epoch(train)  [8][4900/7330]  lr: 1.0000e-02  eta: 14:26:12  time: 1.6566  data_time: 0.0430  memory: 5481  loss: 0.5540  loss_cls: 0.2927  loss_bbox: 0.2613
2025/07/10 12:00:03 - mmengine - INFO - Epoch(train)  [8][4950/7330]  lr: 1.0000e-02  eta: 14:24:51  time: 1.6525  data_time: 0.0400  memory: 5481  loss: 0.5778  loss_cls: 0.3046  loss_bbox: 0.2732
2025/07/10 12:01:26 - mmengine - INFO - Epoch(train)  [8][5000/7330]  lr: 1.0000e-02  eta: 14:23:29  time: 1.6596  data_time: 0.0435  memory: 5482  loss: 0.5745  loss_cls: 0.3001  loss_bbox: 0.2744
2025/07/10 12:02:48 - mmengine - INFO - Epoch(train)  [8][5050/7330]  lr: 1.0000e-02  eta: 14:22:08  time: 1.6345  data_time: 0.0421  memory: 5481  loss: 0.5563  loss_cls: 0.2878  loss_bbox: 0.2685
2025/07/10 12:04:09 - mmengine - INFO - Epoch(train)  [8][5100/7330]  lr: 1.0000e-02  eta: 14:20:46  time: 1.6334  data_time: 0.0423  memory: 5480  loss: 0.5562  loss_cls: 0.2890  loss_bbox: 0.2672
2025/07/10 12:05:32 - mmengine - INFO - Epoch(train)  [8][5150/7330]  lr: 1.0000e-02  eta: 14:19:24  time: 1.6412  data_time: 0.0389  memory: 5481  loss: 0.5184  loss_cls: 0.2639  loss_bbox: 0.2545
2025/07/10 12:06:54 - mmengine - INFO - Epoch(train)  [8][5200/7330]  lr: 1.0000e-02  eta: 14:18:02  time: 1.6402  data_time: 0.0372  memory: 5481  loss: 0.5719  loss_cls: 0.2995  loss_bbox: 0.2724
2025/07/10 12:08:15 - mmengine - INFO - Epoch(train)  [8][5250/7330]  lr: 1.0000e-02  eta: 14:16:40  time: 1.6339  data_time: 0.0396  memory: 5481  loss: 0.5788  loss_cls: 0.3031  loss_bbox: 0.2757
2025/07/10 12:09:37 - mmengine - INFO - Epoch(train)  [8][5300/7330]  lr: 1.0000e-02  eta: 14:15:18  time: 1.6370  data_time: 0.0436  memory: 5484  loss: 0.5521  loss_cls: 0.2894  loss_bbox: 0.2627
2025/07/10 12:10:57 - mmengine - INFO - Epoch(train)  [8][5350/7330]  lr: 1.0000e-02  eta: 14:13:55  time: 1.5998  data_time: 0.0399  memory: 5483  loss: 0.5750  loss_cls: 0.3109  loss_bbox: 0.2641
2025/07/10 12:12:20 - mmengine - INFO - Epoch(train)  [8][5400/7330]  lr: 1.0000e-02  eta: 14:12:34  time: 1.6621  data_time: 0.0408  memory: 5481  loss: 0.5304  loss_cls: 0.2762  loss_bbox: 0.2543
2025/07/10 12:13:43 - mmengine - INFO - Epoch(train)  [8][5450/7330]  lr: 1.0000e-02  eta: 14:11:13  time: 1.6554  data_time: 0.0411  memory: 5483  loss: 0.5709  loss_cls: 0.2975  loss_bbox: 0.2734
2025/07/10 12:15:05 - mmengine - INFO - Epoch(train)  [8][5500/7330]  lr: 1.0000e-02  eta: 14:09:51  time: 1.6386  data_time: 0.0420  memory: 5481  loss: 0.5646  loss_cls: 0.2923  loss_bbox: 0.2723
2025/07/10 12:16:29 - mmengine - INFO - Epoch(train)  [8][5550/7330]  lr: 1.0000e-02  eta: 14:08:30  time: 1.6813  data_time: 0.0407  memory: 5483  loss: 0.5695  loss_cls: 0.3012  loss_bbox: 0.2684
2025/07/10 12:17:50 - mmengine - INFO - Epoch(train)  [8][5600/7330]  lr: 1.0000e-02  eta: 14:07:08  time: 1.6223  data_time: 0.0419  memory: 5481  loss: 0.5579  loss_cls: 0.2902  loss_bbox: 0.2676
2025/07/10 12:19:12 - mmengine - INFO - Epoch(train)  [8][5650/7330]  lr: 1.0000e-02  eta: 14:05:46  time: 1.6353  data_time: 0.0415  memory: 5482  loss: 0.5496  loss_cls: 0.2835  loss_bbox: 0.2661
2025/07/10 12:20:19 - mmengine - INFO - Exp name: retinanet_r50_fpn_1x_coco_20250709_093937
2025/07/10 12:20:36 - mmengine - INFO - Epoch(train)  [8][5700/7330]  lr: 1.0000e-02  eta: 14:04:26  time: 1.6782  data_time: 0.0431  memory: 5481  loss: 0.5766  loss_cls: 0.2958  loss_bbox: 0.2808
2025/07/10 12:21:57 - mmengine - INFO - Epoch(train)  [8][5750/7330]  lr: 1.0000e-02  eta: 14:03:03  time: 1.6244  data_time: 0.0377  memory: 5483  loss: 0.5681  loss_cls: 0.3016  loss_bbox: 0.2664
2025/07/10 12:23:19 - mmengine - INFO - Epoch(train)  [8][5800/7330]  lr: 1.0000e-02  eta: 14:01:41  time: 1.6291  data_time: 0.0421  memory: 5483  loss: 0.5552  loss_cls: 0.2870  loss_bbox: 0.2682
2025/07/10 12:24:41 - mmengine - INFO - Epoch(train)  [8][5850/7330]  lr: 1.0000e-02  eta: 14:00:20  time: 1.6502  data_time: 0.0411  memory: 5483  loss: 0.6028  loss_cls: 0.3268  loss_bbox: 0.2761
2025/07/10 12:26:03 - mmengine - INFO - Epoch(train)  [8][5900/7330]  lr: 1.0000e-02  eta: 13:58:58  time: 1.6295  data_time: 0.0403  memory: 5484  loss: 0.5606  loss_cls: 0.2934  loss_bbox: 0.2672
2025/07/10 12:27:24 - mmengine - INFO - Epoch(train)  [8][5950/7330]  lr: 1.0000e-02  eta: 13:57:36  time: 1.6274  data_time: 0.0415  memory: 5482  loss: 0.5530  loss_cls: 0.2840  loss_bbox: 0.2690
2025/07/10 12:28:47 - mmengine - INFO - Epoch(train)  [8][6000/7330]  lr: 1.0000e-02  eta: 13:56:14  time: 1.6572  data_time: 0.0374  memory: 5481  loss: 0.5859  loss_cls: 0.3058  loss_bbox: 0.2801
2025/07/10 12:30:09 - mmengine - INFO - Epoch(train)  [8][6050/7330]  lr: 1.0000e-02  eta: 13:54:52  time: 1.6338  data_time: 0.0432  memory: 5480  loss: 0.5559  loss_cls: 0.2852  loss_bbox: 0.2707
2025/07/10 12:31:31 - mmengine - INFO - Epoch(train)  [8][6100/7330]  lr: 1.0000e-02  eta: 13:53:31  time: 1.6504  data_time: 0.0377  memory: 5481  loss: 0.5789  loss_cls: 0.3041  loss_bbox: 0.2748
2025/07/10 12:32:54 - mmengine - INFO - Epoch(train)  [8][6150/7330]  lr: 1.0000e-02  eta: 13:52:09  time: 1.6466  data_time: 0.0374  memory: 5481  loss: 0.5752  loss_cls: 0.3094  loss_bbox: 0.2658
2025/07/10 12:34:17 - mmengine - INFO - Epoch(train)  [8][6200/7330]  lr: 1.0000e-02  eta: 13:50:48  time: 1.6648  data_time: 0.0451  memory: 5481  loss: 0.5785  loss_cls: 0.3004  loss_bbox: 0.2781
2025/07/10 12:35:41 - mmengine - INFO - Epoch(train)  [8][6250/7330]  lr: 1.0000e-02  eta: 13:49:27  time: 1.6771  data_time: 0.0414  memory: 5482  loss: 0.5553  loss_cls: 0.2887  loss_bbox: 0.2667
2025/07/10 12:37:04 - mmengine - INFO - Epoch(train)  [8][6300/7330]  lr: 1.0000e-02  eta: 13:48:06  time: 1.6494  data_time: 0.0385  memory: 5481  loss: 0.5547  loss_cls: 0.2899  loss_bbox: 0.2648
2025/07/10 12:38:25 - mmengine - INFO - Epoch(train)  [8][6350/7330]  lr: 1.0000e-02  eta: 13:46:44  time: 1.6322  data_time: 0.0411  memory: 5480  loss: 0.5556  loss_cls: 0.2920  loss_bbox: 0.2636
2025/07/10 12:39:48 - mmengine - INFO - Epoch(train)  [8][6400/7330]  lr: 1.0000e-02  eta: 13:45:22  time: 1.6513  data_time: 0.0378  memory: 5481  loss: 0.5727  loss_cls: 0.3049  loss_bbox: 0.2678
2025/07/10 12:41:11 - mmengine - INFO - Epoch(train)  [8][6450/7330]  lr: 1.0000e-02  eta: 13:44:01  time: 1.6648  data_time: 0.0370  memory: 5481  loss: 0.5517  loss_cls: 0.2903  loss_bbox: 0.2615
2025/07/10 12:42:33 - mmengine - INFO - Epoch(train)  [8][6500/7330]  lr: 1.0000e-02  eta: 13:42:40  time: 1.6420  data_time: 0.0383  memory: 5481  loss: 0.5771  loss_cls: 0.2989  loss_bbox: 0.2783
2025/07/10 12:43:55 - mmengine - INFO - Epoch(train)  [8][6550/7330]  lr: 1.0000e-02  eta: 13:41:18  time: 1.6386  data_time: 0.0381  memory: 5482  loss: 0.5630  loss_cls: 0.2900  loss_bbox: 0.2730
2025/07/10 12:45:16 - mmengine - INFO - Epoch(train)  [8][6600/7330]  lr: 1.0000e-02  eta: 13:39:55  time: 1.6197  data_time: 0.0389  memory: 5482  loss: 0.5237  loss_cls: 0.2669  loss_bbox: 0.2567
2025/07/10 12:46:39 - mmengine - INFO - Epoch(train)  [8][6650/7330]  lr: 1.0000e-02  eta: 13:38:34  time: 1.6468  data_time: 0.0418  memory: 5481  loss: 0.5785  loss_cls: 0.3045  loss_bbox: 0.2740
2025/07/10 12:47:45 - mmengine - INFO - Exp name: retinanet_r50_fpn_1x_coco_20250709_093937
2025/07/10 12:48:01 - mmengine - INFO - Epoch(train)  [8][6700/7330]  lr: 1.0000e-02  eta: 13:37:12  time: 1.6396  data_time: 0.0412  memory: 5481  loss: 0.5511  loss_cls: 0.2825  loss_bbox: 0.2686
2025/07/10 12:49:22 - mmengine - INFO - Epoch(train)  [8][6750/7330]  lr: 1.0000e-02  eta: 13:35:50  time: 1.6263  data_time: 0.0398  memory: 5481  loss: 0.5173  loss_cls: 0.2633  loss_bbox: 0.2540
2025/07/10 12:50:45 - mmengine - INFO - Epoch(train)  [8][6800/7330]  lr: 1.0000e-02  eta: 13:34:28  time: 1.6544  data_time: 0.0388  memory: 5483  loss: 0.5428  loss_cls: 0.2940  loss_bbox: 0.2488
2025/07/10 12:52:08 - mmengine - INFO - Epoch(train)  [8][6850/7330]  lr: 1.0000e-02  eta: 13:33:07  time: 1.6599  data_time: 0.0387  memory: 5482  loss: 0.5497  loss_cls: 0.2880  loss_bbox: 0.2617
2025/07/10 12:53:29 - mmengine - INFO - Epoch(train)  [8][6900/7330]  lr: 1.0000e-02  eta: 13:31:45  time: 1.6242  data_time: 0.0392  memory: 5485  loss: 0.5887  loss_cls: 0.3129  loss_bbox: 0.2758
2025/07/10 12:54:52 - mmengine - INFO - Epoch(train)  [8][6950/7330]  lr: 1.0000e-02  eta: 13:30:24  time: 1.6541  data_time: 0.0429  memory: 5481  loss: 0.5735  loss_cls: 0.3001  loss_bbox: 0.2734
2025/07/10 12:56:14 - mmengine - INFO - Epoch(train)  [8][7000/7330]  lr: 1.0000e-02  eta: 13:29:02  time: 1.6520  data_time: 0.0370  memory: 5482  loss: 0.5452  loss_cls: 0.2808  loss_bbox: 0.2645
2025/07/10 12:57:36 - mmengine - INFO - Epoch(train)  [8][7050/7330]  lr: 1.0000e-02  eta: 13:27:40  time: 1.6423  data_time: 0.0380  memory: 5481  loss: 0.5631  loss_cls: 0.2885  loss_bbox: 0.2746
2025/07/10 12:59:00 - mmengine - INFO - Epoch(train)  [8][7100/7330]  lr: 1.0000e-02  eta: 13:26:19  time: 1.6637  data_time: 0.0414  memory: 5482  loss: 0.5657  loss_cls: 0.3001  loss_bbox: 0.2656
2025/07/10 13:00:23 - mmengine - INFO - Epoch(train)  [8][7150/7330]  lr: 1.0000e-02  eta: 13:24:58  time: 1.6753  data_time: 0.0384  memory: 5483  loss: 0.5726  loss_cls: 0.2991  loss_bbox: 0.2735
2025/07/10 13:01:45 - mmengine - INFO - Epoch(train)  [8][7200/7330]  lr: 1.0000e-02  eta: 13:23:36  time: 1.6321  data_time: 0.0311  memory: 5482  loss: 0.5359  loss_cls: 0.2861  loss_bbox: 0.2498
2025/07/10 13:03:07 - mmengine - INFO - Epoch(train)  [8][7250/7330]  lr: 1.0000e-02  eta: 13:22:14  time: 1.6372  data_time: 0.0417  memory: 5483  loss: 0.5586  loss_cls: 0.2902  loss_bbox: 0.2684
2025/07/10 13:04:29 - mmengine - INFO - Epoch(train)  [8][7300/7330]  lr: 1.0000e-02  eta: 13:20:52  time: 1.6299  data_time: 0.0387  memory: 5480  loss: 0.5703  loss_cls: 0.2996  loss_bbox: 0.2707
2025/07/10 13:05:17 - mmengine - INFO - Exp name: retinanet_r50_fpn_1x_coco_20250709_093937
2025/07/10 13:05:17 - mmengine - INFO - Saving checkpoint at 8 epochs
2025/07/10 13:05:29 - mmengine - INFO - Epoch(val)  [8][  50/1250]    eta: 0:04:03  time: 0.2031  data_time: 0.0103  memory: 5480  
2025/07/10 13:05:39 - mmengine - INFO - Epoch(val)  [8][ 100/1250]    eta: 0:03:46  time: 0.1902  data_time: 0.0081  memory: 825  
2025/07/10 13:05:48 - mmengine - INFO - Epoch(val)  [8][ 150/1250]    eta: 0:03:35  time: 0.1949  data_time: 0.0095  memory: 833  
2025/07/10 13:05:58 - mmengine - INFO - Epoch(val)  [8][ 200/1250]    eta: 0:03:25  time: 0.1955  data_time: 0.0074  memory: 835  
2025/07/10 13:06:08 - mmengine - INFO - Epoch(val)  [8][ 250/1250]    eta: 0:03:15  time: 0.1952  data_time: 0.0090  memory: 818  
2025/07/10 13:06:18 - mmengine - INFO - Epoch(val)  [8][ 300/1250]    eta: 0:03:05  time: 0.1949  data_time: 0.0090  memory: 817  
2025/07/10 13:06:27 - mmengine - INFO - Epoch(val)  [8][ 350/1250]    eta: 0:02:55  time: 0.1918  data_time: 0.0072  memory: 817  
2025/07/10 13:06:37 - mmengine - INFO - Epoch(val)  [8][ 400/1250]    eta: 0:02:45  time: 0.1927  data_time: 0.0078  memory: 801  
2025/07/10 13:06:47 - mmengine - INFO - Epoch(val)  [8][ 450/1250]    eta: 0:02:35  time: 0.1942  data_time: 0.0083  memory: 833  
2025/07/10 13:06:56 - mmengine - INFO - Epoch(val)  [8][ 500/1250]    eta: 0:02:25  time: 0.1919  data_time: 0.0085  memory: 833  
2025/07/10 13:07:06 - mmengine - INFO - Epoch(val)  [8][ 550/1250]    eta: 0:02:15  time: 0.1899  data_time: 0.0083  memory: 798  
2025/07/10 13:07:15 - mmengine - INFO - Epoch(val)  [8][ 600/1250]    eta: 0:02:06  time: 0.1939  data_time: 0.0086  memory: 817  
2025/07/10 13:07:25 - mmengine - INFO - Epoch(val)  [8][ 650/1250]    eta: 0:01:56  time: 0.1892  data_time: 0.0072  memory: 817  
2025/07/10 13:07:35 - mmengine - INFO - Epoch(val)  [8][ 700/1250]    eta: 0:01:46  time: 0.1958  data_time: 0.0078  memory: 825  
2025/07/10 13:07:44 - mmengine - INFO - Epoch(val)  [8][ 750/1250]    eta: 0:01:36  time: 0.1943  data_time: 0.0079  memory: 824  
2025/07/10 13:07:54 - mmengine - INFO - Epoch(val)  [8][ 800/1250]    eta: 0:01:27  time: 0.1912  data_time: 0.0072  memory: 833  
2025/07/10 13:08:04 - mmengine - INFO - Epoch(val)  [8][ 850/1250]    eta: 0:01:17  time: 0.1933  data_time: 0.0082  memory: 833  
2025/07/10 13:08:13 - mmengine - INFO - Epoch(val)  [8][ 900/1250]    eta: 0:01:07  time: 0.1921  data_time: 0.0073  memory: 833  
2025/07/10 13:08:23 - mmengine - INFO - Epoch(val)  [8][ 950/1250]    eta: 0:00:58  time: 0.1910  data_time: 0.0081  memory: 819  
2025/07/10 13:08:32 - mmengine - INFO - Epoch(val)  [8][1000/1250]    eta: 0:00:48  time: 0.1903  data_time: 0.0081  memory: 819  
2025/07/10 13:08:42 - mmengine - INFO - Epoch(val)  [8][1050/1250]    eta: 0:00:38  time: 0.1946  data_time: 0.0070  memory: 824  
2025/07/10 13:08:52 - mmengine - INFO - Epoch(val)  [8][1100/1250]    eta: 0:00:28  time: 0.1900  data_time: 0.0062  memory: 834  
2025/07/10 13:09:01 - mmengine - INFO - Epoch(val)  [8][1150/1250]    eta: 0:00:19  time: 0.1939  data_time: 0.0074  memory: 824  
2025/07/10 13:09:11 - mmengine - INFO - Epoch(val)  [8][1200/1250]    eta: 0:00:09  time: 0.1913  data_time: 0.0075  memory: 825  
2025/07/10 13:09:20 - mmengine - INFO - Epoch(val)  [8][1250/1250]    eta: 0:00:00  time: 0.1884  data_time: 0.0065  memory: 834  
2025/07/10 13:09:30 - mmengine - INFO - Evaluating bbox...
2025/07/10 13:10:18 - mmengine - INFO - bbox_mAP_copypaste: 0.303 0.480 0.321 0.172 0.337 0.388
2025/07/10 13:10:19 - mmengine - INFO - Epoch(val) [8][1250/1250]    coco/bbox_mAP: 0.3030  coco/bbox_mAP_50: 0.4800  coco/bbox_mAP_75: 0.3210  coco/bbox_mAP_s: 0.1720  coco/bbox_mAP_m: 0.3370  coco/bbox_mAP_l: 0.3880  data_time: 0.0079  time: 0.1929
2025/07/10 13:11:43 - mmengine - INFO - Epoch(train)  [9][  50/7330]  lr: 1.0000e-03  eta: 13:18:42  time: 1.6729  data_time: 0.0381  memory: 5485  loss: 0.5270  loss_cls: 0.2739  loss_bbox: 0.2530
2025/07/10 13:13:05 - mmengine - INFO - Epoch(train)  [9][ 100/7330]  lr: 1.0000e-03  eta: 13:17:20  time: 1.6474  data_time: 0.0403  memory: 5482  loss: 0.5322  loss_cls: 0.2715  loss_bbox: 0.2608
2025/07/10 13:14:26 - mmengine - INFO - Epoch(train)  [9][ 150/7330]  lr: 1.0000e-03  eta: 13:15:58  time: 1.6158  data_time: 0.0381  memory: 5481  loss: 0.4904  loss_cls: 0.2537  loss_bbox: 0.2367
2025/07/10 13:15:48 - mmengine - INFO - Epoch(train)  [9][ 200/7330]  lr: 1.0000e-03  eta: 13:14:36  time: 1.6294  data_time: 0.0412  memory: 5481  loss: 0.4935  loss_cls: 0.2526  loss_bbox: 0.2408
2025/07/10 13:17:10 - mmengine - INFO - Epoch(train)  [9][ 250/7330]  lr: 1.0000e-03  eta: 13:13:14  time: 1.6377  data_time: 0.0387  memory: 5484  loss: 0.4743  loss_cls: 0.2366  loss_bbox: 0.2377
2025/07/10 13:18:31 - mmengine - INFO - Epoch(train)  [9][ 300/7330]  lr: 1.0000e-03  eta: 13:11:52  time: 1.6261  data_time: 0.0383  memory: 5480  loss: 0.5231  loss_cls: 0.2607  loss_bbox: 0.2623
2025/07/10 13:19:53 - mmengine - INFO - Epoch(train)  [9][ 350/7330]  lr: 1.0000e-03  eta: 13:10:30  time: 1.6399  data_time: 0.0385  memory: 5480  loss: 0.5297  loss_cls: 0.2554  loss_bbox: 0.2743
2025/07/10 13:20:09 - mmengine - INFO - Exp name: retinanet_r50_fpn_1x_coco_20250709_093937
2025/07/10 13:21:14 - mmengine - INFO - Epoch(train)  [9][ 400/7330]  lr: 1.0000e-03  eta: 13:09:08  time: 1.6158  data_time: 0.0379  memory: 5481  loss: 0.4817  loss_cls: 0.2428  loss_bbox: 0.2389
2025/07/10 13:22:36 - mmengine - INFO - Epoch(train)  [9][ 450/7330]  lr: 1.0000e-03  eta: 13:07:46  time: 1.6511  data_time: 0.0368  memory: 5482  loss: 0.4668  loss_cls: 0.2279  loss_bbox: 0.2388
2025/07/10 13:23:57 - mmengine - INFO - Epoch(train)  [9][ 500/7330]  lr: 1.0000e-03  eta: 13:06:24  time: 1.6105  data_time: 0.0413  memory: 5480  loss: 0.4774  loss_cls: 0.2352  loss_bbox: 0.2422
2025/07/10 13:25:19 - mmengine - INFO - Epoch(train)  [9][ 550/7330]  lr: 1.0000e-03  eta: 13:05:02  time: 1.6339  data_time: 0.0397  memory: 5483  loss: 0.4985  loss_cls: 0.2526  loss_bbox: 0.2460
2025/07/10 13:26:41 - mmengine - INFO - Epoch(train)  [9][ 600/7330]  lr: 1.0000e-03  eta: 13:03:40  time: 1.6376  data_time: 0.0409  memory: 5482  loss: 0.5028  loss_cls: 0.2472  loss_bbox: 0.2557
2025/07/10 13:28:04 - mmengine - INFO - Epoch(train)  [9][ 650/7330]  lr: 1.0000e-03  eta: 13:02:19  time: 1.6610  data_time: 0.0428  memory: 5482  loss: 0.4996  loss_cls: 0.2527  loss_bbox: 0.2469
2025/07/10 13:29:25 - mmengine - INFO - Epoch(train)  [9][ 700/7330]  lr: 1.0000e-03  eta: 13:00:57  time: 1.6277  data_time: 0.0416  memory: 5481  loss: 0.4786  loss_cls: 0.2464  loss_bbox: 0.2322
2025/07/10 13:30:48 - mmengine - INFO - Epoch(train)  [9][ 750/7330]  lr: 1.0000e-03  eta: 12:59:35  time: 1.6626  data_time: 0.0374  memory: 5481  loss: 0.4617  loss_cls: 0.2286  loss_bbox: 0.2331
2025/07/10 13:32:10 - mmengine - INFO - Epoch(train)  [9][ 800/7330]  lr: 1.0000e-03  eta: 12:58:14  time: 1.6371  data_time: 0.0411  memory: 5482  loss: 0.4937  loss_cls: 0.2458  loss_bbox: 0.2479
2025/07/10 13:33:32 - mmengine - INFO - Epoch(train)  [9][ 850/7330]  lr: 1.0000e-03  eta: 12:56:52  time: 1.6339  data_time: 0.0427  memory: 5481  loss: 0.4990  loss_cls: 0.2523  loss_bbox: 0.2468
2025/07/10 13:34:54 - mmengine - INFO - Epoch(train)  [9][ 900/7330]  lr: 1.0000e-03  eta: 12:55:30  time: 1.6394  data_time: 0.0392  memory: 5486  loss: 0.5248  loss_cls: 0.2569  loss_bbox: 0.2680
2025/07/10 13:36:16 - mmengine - INFO - Epoch(train)  [9][ 950/7330]  lr: 1.0000e-03  eta: 12:54:08  time: 1.6336  data_time: 0.0380  memory: 5481  loss: 0.5219  loss_cls: 0.2690  loss_bbox: 0.2529
2025/07/10 13:37:39 - mmengine - INFO - Epoch(train)  [9][1000/7330]  lr: 1.0000e-03  eta: 12:52:47  time: 1.6654  data_time: 0.0378  memory: 5483  loss: 0.4827  loss_cls: 0.2461  loss_bbox: 0.2365
2025/07/10 13:39:02 - mmengine - INFO - Epoch(train)  [9][1050/7330]  lr: 1.0000e-03  eta: 12:51:25  time: 1.6543  data_time: 0.0357  memory: 5482  loss: 0.4862  loss_cls: 0.2432  loss_bbox: 0.2430
2025/07/10 13:40:24 - mmengine - INFO - Epoch(train)  [9][1100/7330]  lr: 1.0000e-03  eta: 12:50:04  time: 1.6530  data_time: 0.0395  memory: 5480  loss: 0.4539  loss_cls: 0.2279  loss_bbox: 0.2260
2025/07/10 13:41:47 - mmengine - INFO - Epoch(train)  [9][1150/7330]  lr: 1.0000e-03  eta: 12:48:42  time: 1.6460  data_time: 0.0369  memory: 5482  loss: 0.4631  loss_cls: 0.2332  loss_bbox: 0.2299
2025/07/10 13:43:08 - mmengine - INFO - Epoch(train)  [9][1200/7330]  lr: 1.0000e-03  eta: 12:47:20  time: 1.6320  data_time: 0.0376  memory: 5481  loss: 0.5089  loss_cls: 0.2526  loss_bbox: 0.2563
2025/07/10 13:44:31 - mmengine - INFO - Epoch(train)  [9][1250/7330]  lr: 1.0000e-03  eta: 12:45:59  time: 1.6528  data_time: 0.0382  memory: 5482  loss: 0.4854  loss_cls: 0.2434  loss_bbox: 0.2420
2025/07/10 13:45:54 - mmengine - INFO - Epoch(train)  [9][1300/7330]  lr: 1.0000e-03  eta: 12:44:37  time: 1.6544  data_time: 0.0384  memory: 5481  loss: 0.4796  loss_cls: 0.2390  loss_bbox: 0.2406
2025/07/10 13:47:15 - mmengine - INFO - Epoch(train)  [9][1350/7330]  lr: 1.0000e-03  eta: 12:43:15  time: 1.6294  data_time: 0.0391  memory: 5483  loss: 0.4912  loss_cls: 0.2447  loss_bbox: 0.2465
2025/07/10 13:47:32 - mmengine - INFO - Exp name: retinanet_r50_fpn_1x_coco_20250709_093937
2025/07/10 13:48:36 - mmengine - INFO - Epoch(train)  [9][1400/7330]  lr: 1.0000e-03  eta: 12:41:53  time: 1.6226  data_time: 0.0384  memory: 5480  loss: 0.4973  loss_cls: 0.2408  loss_bbox: 0.2565
2025/07/10 13:49:57 - mmengine - INFO - Epoch(train)  [9][1450/7330]  lr: 1.0000e-03  eta: 12:40:30  time: 1.6085  data_time: 0.0361  memory: 5482  loss: 0.4688  loss_cls: 0.2298  loss_bbox: 0.2389
2025/07/10 13:51:19 - mmengine - INFO - Epoch(train)  [9][1500/7330]  lr: 1.0000e-03  eta: 12:39:08  time: 1.6357  data_time: 0.0402  memory: 5481  loss: 0.4778  loss_cls: 0.2394  loss_bbox: 0.2384
2025/07/10 13:52:42 - mmengine - INFO - Epoch(train)  [9][1550/7330]  lr: 1.0000e-03  eta: 12:37:47  time: 1.6630  data_time: 0.0413  memory: 5482  loss: 0.4817  loss_cls: 0.2451  loss_bbox: 0.2366
2025/07/10 13:54:04 - mmengine - INFO - Epoch(train)  [9][1600/7330]  lr: 1.0000e-03  eta: 12:36:25  time: 1.6327  data_time: 0.0386  memory: 5483  loss: 0.4492  loss_cls: 0.2172  loss_bbox: 0.2320
2025/07/10 13:55:26 - mmengine - INFO - Epoch(train)  [9][1650/7330]  lr: 1.0000e-03  eta: 12:35:04  time: 1.6504  data_time: 0.0410  memory: 5483  loss: 0.4763  loss_cls: 0.2376  loss_bbox: 0.2387
2025/07/10 13:56:47 - mmengine - INFO - Epoch(train)  [9][1700/7330]  lr: 1.0000e-03  eta: 12:33:41  time: 1.6095  data_time: 0.0407  memory: 5483  loss: 0.5097  loss_cls: 0.2531  loss_bbox: 0.2566
2025/07/10 13:58:09 - mmengine - INFO - Epoch(train)  [9][1750/7330]  lr: 1.0000e-03  eta: 12:32:20  time: 1.6557  data_time: 0.0429  memory: 5482  loss: 0.4679  loss_cls: 0.2285  loss_bbox: 0.2393
2025/07/10 13:59:32 - mmengine - INFO - Epoch(train)  [9][1800/7330]  lr: 1.0000e-03  eta: 12:30:58  time: 1.6441  data_time: 0.0407  memory: 5481  loss: 0.4812  loss_cls: 0.2399  loss_bbox: 0.2413
2025/07/10 14:00:54 - mmengine - INFO - Epoch(train)  [9][1850/7330]  lr: 1.0000e-03  eta: 12:29:36  time: 1.6505  data_time: 0.0420  memory: 5481  loss: 0.4855  loss_cls: 0.2369  loss_bbox: 0.2486
2025/07/10 14:02:17 - mmengine - INFO - Epoch(train)  [9][1900/7330]  lr: 1.0000e-03  eta: 12:28:15  time: 1.6449  data_time: 0.0399  memory: 5481  loss: 0.4807  loss_cls: 0.2413  loss_bbox: 0.2394
2025/07/10 14:03:39 - mmengine - INFO - Epoch(train)  [9][1950/7330]  lr: 1.0000e-03  eta: 12:26:53  time: 1.6586  data_time: 0.0430  memory: 5482  loss: 0.4794  loss_cls: 0.2403  loss_bbox: 0.2391
2025/07/10 14:05:02 - mmengine - INFO - Epoch(train)  [9][2000/7330]  lr: 1.0000e-03  eta: 12:25:31  time: 1.6409  data_time: 0.0429  memory: 5481  loss: 0.4940  loss_cls: 0.2466  loss_bbox: 0.2474
2025/07/10 14:06:23 - mmengine - INFO - Epoch(train)  [9][2050/7330]  lr: 1.0000e-03  eta: 12:24:09  time: 1.6309  data_time: 0.0417  memory: 5482  loss: 0.4956  loss_cls: 0.2497  loss_bbox: 0.2459
2025/07/10 14:07:45 - mmengine - INFO - Epoch(train)  [9][2100/7330]  lr: 1.0000e-03  eta: 12:22:48  time: 1.6407  data_time: 0.0398  memory: 5481  loss: 0.4988  loss_cls: 0.2427  loss_bbox: 0.2561
2025/07/10 14:09:08 - mmengine - INFO - Epoch(train)  [9][2150/7330]  lr: 1.0000e-03  eta: 12:21:26  time: 1.6516  data_time: 0.0363  memory: 5482  loss: 0.4693  loss_cls: 0.2442  loss_bbox: 0.2251
2025/07/10 14:10:31 - mmengine - INFO - Epoch(train)  [9][2200/7330]  lr: 1.0000e-03  eta: 12:20:05  time: 1.6610  data_time: 0.0378  memory: 5483  loss: 0.4872  loss_cls: 0.2424  loss_bbox: 0.2448
2025/07/10 14:11:53 - mmengine - INFO - Epoch(train)  [9][2250/7330]  lr: 1.0000e-03  eta: 12:18:43  time: 1.6357  data_time: 0.0378  memory: 5482  loss: 0.4794  loss_cls: 0.2413  loss_bbox: 0.2380
2025/07/10 14:13:15 - mmengine - INFO - Epoch(train)  [9][2300/7330]  lr: 1.0000e-03  eta: 12:17:21  time: 1.6395  data_time: 0.0376  memory: 5483  loss: 0.4685  loss_cls: 0.2347  loss_bbox: 0.2338
2025/07/10 14:14:36 - mmengine - INFO - Epoch(train)  [9][2350/7330]  lr: 1.0000e-03  eta: 12:15:59  time: 1.6335  data_time: 0.0335  memory: 5481  loss: 0.4632  loss_cls: 0.2258  loss_bbox: 0.2374
2025/07/10 14:14:53 - mmengine - INFO - Exp name: retinanet_r50_fpn_1x_coco_20250709_093937
2025/07/10 14:15:56 - mmengine - INFO - Epoch(train)  [9][2400/7330]  lr: 1.0000e-03  eta: 12:14:36  time: 1.5985  data_time: 0.0357  memory: 5482  loss: 0.4920  loss_cls: 0.2503  loss_bbox: 0.2417
2025/07/10 14:17:18 - mmengine - INFO - Epoch(train)  [9][2450/7330]  lr: 1.0000e-03  eta: 12:13:14  time: 1.6292  data_time: 0.0396  memory: 5481  loss: 0.4855  loss_cls: 0.2462  loss_bbox: 0.2393
2025/07/10 14:18:39 - mmengine - INFO - Epoch(train)  [9][2500/7330]  lr: 1.0000e-03  eta: 12:11:52  time: 1.6192  data_time: 0.0378  memory: 5482  loss: 0.4769  loss_cls: 0.2279  loss_bbox: 0.2490
2025/07/10 14:19:58 - mmengine - INFO - Epoch(train)  [9][2550/7330]  lr: 1.0000e-03  eta: 12:10:29  time: 1.5826  data_time: 0.0396  memory: 5484  loss: 0.4863  loss_cls: 0.2450  loss_bbox: 0.2414
2025/07/10 14:21:19 - mmengine - INFO - Epoch(train)  [9][2600/7330]  lr: 1.0000e-03  eta: 12:09:07  time: 1.6126  data_time: 0.0390  memory: 5480  loss: 0.4737  loss_cls: 0.2435  loss_bbox: 0.2302
2025/07/10 14:22:41 - mmengine - INFO - Epoch(train)  [9][2650/7330]  lr: 1.0000e-03  eta: 12:07:45  time: 1.6514  data_time: 0.0388  memory: 5482  loss: 0.4911  loss_cls: 0.2473  loss_bbox: 0.2438
2025/07/10 14:24:03 - mmengine - INFO - Epoch(train)  [9][2700/7330]  lr: 1.0000e-03  eta: 12:06:23  time: 1.6257  data_time: 0.0380  memory: 5480  loss: 0.4720  loss_cls: 0.2488  loss_bbox: 0.2232
2025/07/10 14:25:26 - mmengine - INFO - Epoch(train)  [9][2750/7330]  lr: 1.0000e-03  eta: 12:05:02  time: 1.6565  data_time: 0.0363  memory: 5480  loss: 0.4738  loss_cls: 0.2397  loss_bbox: 0.2341
2025/07/10 14:26:48 - mmengine - INFO - Epoch(train)  [9][2800/7330]  lr: 1.0000e-03  eta: 12:03:40  time: 1.6431  data_time: 0.0372  memory: 5481  loss: 0.4616  loss_cls: 0.2289  loss_bbox: 0.2327
2025/07/10 14:28:11 - mmengine - INFO - Epoch(train)  [9][2850/7330]  lr: 1.0000e-03  eta: 12:02:19  time: 1.6659  data_time: 0.0413  memory: 5483  loss: 0.4727  loss_cls: 0.2445  loss_bbox: 0.2282
2025/07/10 14:29:32 - mmengine - INFO - Epoch(train)  [9][2900/7330]  lr: 1.0000e-03  eta: 12:00:56  time: 1.6193  data_time: 0.0391  memory: 5482  loss: 0.4954  loss_cls: 0.2469  loss_bbox: 0.2485
2025/07/10 14:30:53 - mmengine - INFO - Epoch(train)  [9][2950/7330]  lr: 1.0000e-03  eta: 11:59:34  time: 1.6271  data_time: 0.0384  memory: 5481  loss: 0.4844  loss_cls: 0.2487  loss_bbox: 0.2358
2025/07/10 14:32:17 - mmengine - INFO - Epoch(train)  [9][3000/7330]  lr: 1.0000e-03  eta: 11:58:13  time: 1.6610  data_time: 0.0421  memory: 5485  loss: 0.4689  loss_cls: 0.2438  loss_bbox: 0.2251
2025/07/10 14:33:40 - mmengine - INFO - Epoch(train)  [9][3050/7330]  lr: 1.0000e-03  eta: 11:56:51  time: 1.6608  data_time: 0.0340  memory: 5481  loss: 0.4743  loss_cls: 0.2388  loss_bbox: 0.2354
2025/07/10 14:35:01 - mmengine - INFO - Epoch(train)  [9][3100/7330]  lr: 1.0000e-03  eta: 11:55:30  time: 1.6334  data_time: 0.0377  memory: 5482  loss: 0.4891  loss_cls: 0.2438  loss_bbox: 0.2453
2025/07/10 14:36:25 - mmengine - INFO - Epoch(train)  [9][3150/7330]  lr: 1.0000e-03  eta: 11:54:08  time: 1.6660  data_time: 0.0425  memory: 5482  loss: 0.4902  loss_cls: 0.2491  loss_bbox: 0.2411
2025/07/10 14:37:47 - mmengine - INFO - Epoch(train)  [9][3200/7330]  lr: 1.0000e-03  eta: 11:52:46  time: 1.6397  data_time: 0.0409  memory: 5481  loss: 0.4601  loss_cls: 0.2360  loss_bbox: 0.2241
2025/07/10 14:39:09 - mmengine - INFO - Epoch(train)  [9][3250/7330]  lr: 1.0000e-03  eta: 11:51:25  time: 1.6511  data_time: 0.0398  memory: 5481  loss: 0.4803  loss_cls: 0.2437  loss_bbox: 0.2365
2025/07/10 14:40:33 - mmengine - INFO - Epoch(train)  [9][3300/7330]  lr: 1.0000e-03  eta: 11:50:04  time: 1.6734  data_time: 0.0393  memory: 5481  loss: 0.4940  loss_cls: 0.2468  loss_bbox: 0.2472
2025/07/10 14:41:55 - mmengine - INFO - Epoch(train)  [9][3350/7330]  lr: 1.0000e-03  eta: 11:48:42  time: 1.6414  data_time: 0.0398  memory: 5483  loss: 0.4425  loss_cls: 0.2111  loss_bbox: 0.2315
2025/07/10 14:42:11 - mmengine - INFO - Exp name: retinanet_r50_fpn_1x_coco_20250709_093937
2025/07/10 14:43:19 - mmengine - INFO - Epoch(train)  [9][3400/7330]  lr: 1.0000e-03  eta: 11:47:21  time: 1.6797  data_time: 0.0389  memory: 5481  loss: 0.4882  loss_cls: 0.2466  loss_bbox: 0.2417
2025/07/10 14:44:41 - mmengine - INFO - Epoch(train)  [9][3450/7330]  lr: 1.0000e-03  eta: 11:45:59  time: 1.6400  data_time: 0.0385  memory: 5482  loss: 0.5074  loss_cls: 0.2595  loss_bbox: 0.2479
2025/07/10 14:46:02 - mmengine - INFO - Epoch(train)  [9][3500/7330]  lr: 1.0000e-03  eta: 11:44:37  time: 1.6113  data_time: 0.0379  memory: 5482  loss: 0.4805  loss_cls: 0.2381  loss_bbox: 0.2424
2025/07/10 14:47:23 - mmengine - INFO - Epoch(train)  [9][3550/7330]  lr: 1.0000e-03  eta: 11:43:15  time: 1.6312  data_time: 0.0386  memory: 5481  loss: 0.4879  loss_cls: 0.2407  loss_bbox: 0.2471
2025/07/10 14:48:45 - mmengine - INFO - Epoch(train)  [9][3600/7330]  lr: 1.0000e-03  eta: 11:41:53  time: 1.6334  data_time: 0.0346  memory: 5484  loss: 0.4799  loss_cls: 0.2376  loss_bbox: 0.2423
2025/07/10 14:50:07 - mmengine - INFO - Epoch(train)  [9][3650/7330]  lr: 1.0000e-03  eta: 11:40:31  time: 1.6467  data_time: 0.0338  memory: 5481  loss: 0.4765  loss_cls: 0.2346  loss_bbox: 0.2419
2025/07/10 14:51:30 - mmengine - INFO - Epoch(train)  [9][3700/7330]  lr: 1.0000e-03  eta: 11:39:09  time: 1.6471  data_time: 0.0372  memory: 5481  loss: 0.4869  loss_cls: 0.2389  loss_bbox: 0.2480
2025/07/10 14:52:52 - mmengine - INFO - Epoch(train)  [9][3750/7330]  lr: 1.0000e-03  eta: 11:37:48  time: 1.6440  data_time: 0.0371  memory: 5481  loss: 0.4786  loss_cls: 0.2405  loss_bbox: 0.2380
2025/07/10 14:54:15 - mmengine - INFO - Epoch(train)  [9][3800/7330]  lr: 1.0000e-03  eta: 11:36:26  time: 1.6602  data_time: 0.0400  memory: 5482  loss: 0.4673  loss_cls: 0.2335  loss_bbox: 0.2339
2025/07/10 14:55:37 - mmengine - INFO - Epoch(train)  [9][3850/7330]  lr: 1.0000e-03  eta: 11:35:04  time: 1.6328  data_time: 0.0394  memory: 5481  loss: 0.4969  loss_cls: 0.2475  loss_bbox: 0.2494
2025/07/10 14:56:59 - mmengine - INFO - Epoch(train)  [9][3900/7330]  lr: 1.0000e-03  eta: 11:33:42  time: 1.6368  data_time: 0.0397  memory: 5480  loss: 0.4787  loss_cls: 0.2343  loss_bbox: 0.2445
2025/07/10 14:58:22 - mmengine - INFO - Epoch(train)  [9][3950/7330]  lr: 1.0000e-03  eta: 11:32:21  time: 1.6665  data_time: 0.0381  memory: 5481  loss: 0.4649  loss_cls: 0.2284  loss_bbox: 0.2365
2025/07/10 14:59:45 - mmengine - INFO - Epoch(train)  [9][4000/7330]  lr: 1.0000e-03  eta: 11:31:00  time: 1.6489  data_time: 0.0427  memory: 5483  loss: 0.4518  loss_cls: 0.2239  loss_bbox: 0.2279
2025/07/10 15:01:06 - mmengine - INFO - Epoch(train)  [9][4050/7330]  lr: 1.0000e-03  eta: 11:29:38  time: 1.6350  data_time: 0.0410  memory: 5483  loss: 0.5122  loss_cls: 0.2550  loss_bbox: 0.2572
2025/07/10 15:02:29 - mmengine - INFO - Epoch(train)  [9][4100/7330]  lr: 1.0000e-03  eta: 11:28:16  time: 1.6495  data_time: 0.0412  memory: 5482  loss: 0.4744  loss_cls: 0.2319  loss_bbox: 0.2425
2025/07/10 15:03:51 - mmengine - INFO - Epoch(train)  [9][4150/7330]  lr: 1.0000e-03  eta: 11:26:54  time: 1.6398  data_time: 0.0361  memory: 5480  loss: 0.4514  loss_cls: 0.2314  loss_bbox: 0.2200
2025/07/10 15:05:13 - mmengine - INFO - Epoch(train)  [9][4200/7330]  lr: 1.0000e-03  eta: 11:25:32  time: 1.6393  data_time: 0.0382  memory: 5482  loss: 0.4571  loss_cls: 0.2190  loss_bbox: 0.2380
2025/07/10 15:06:36 - mmengine - INFO - Epoch(train)  [9][4250/7330]  lr: 1.0000e-03  eta: 11:24:11  time: 1.6604  data_time: 0.0381  memory: 5481  loss: 0.4517  loss_cls: 0.2207  loss_bbox: 0.2310
2025/07/10 15:07:59 - mmengine - INFO - Epoch(train)  [9][4300/7330]  lr: 1.0000e-03  eta: 11:22:50  time: 1.6602  data_time: 0.0342  memory: 5481  loss: 0.4824  loss_cls: 0.2471  loss_bbox: 0.2352
2025/07/10 15:09:22 - mmengine - INFO - Epoch(train)  [9][4350/7330]  lr: 1.0000e-03  eta: 11:21:28  time: 1.6510  data_time: 0.0406  memory: 5481  loss: 0.4715  loss_cls: 0.2386  loss_bbox: 0.2329
2025/07/10 15:09:39 - mmengine - INFO - Exp name: retinanet_r50_fpn_1x_coco_20250709_093937
2025/07/10 15:10:44 - mmengine - INFO - Epoch(train)  [9][4400/7330]  lr: 1.0000e-03  eta: 11:20:06  time: 1.6524  data_time: 0.0378  memory: 5482  loss: 0.4978  loss_cls: 0.2515  loss_bbox: 0.2463
2025/07/10 15:12:06 - mmengine - INFO - Epoch(train)  [9][4450/7330]  lr: 1.0000e-03  eta: 11:18:45  time: 1.6398  data_time: 0.0388  memory: 5482  loss: 0.4705  loss_cls: 0.2336  loss_bbox: 0.2368
2025/07/10 15:13:28 - mmengine - INFO - Epoch(train)  [9][4500/7330]  lr: 1.0000e-03  eta: 11:17:23  time: 1.6398  data_time: 0.0384  memory: 5481  loss: 0.4918  loss_cls: 0.2462  loss_bbox: 0.2456
2025/07/10 15:14:49 - mmengine - INFO - Epoch(train)  [9][4550/7330]  lr: 1.0000e-03  eta: 11:16:00  time: 1.6187  data_time: 0.0343  memory: 5481  loss: 0.4746  loss_cls: 0.2322  loss_bbox: 0.2424
2025/07/10 15:16:11 - mmengine - INFO - Epoch(train)  [9][4600/7330]  lr: 1.0000e-03  eta: 11:14:39  time: 1.6419  data_time: 0.0366  memory: 5482  loss: 0.4821  loss_cls: 0.2398  loss_bbox: 0.2423
2025/07/10 15:17:34 - mmengine - INFO - Epoch(train)  [9][4650/7330]  lr: 1.0000e-03  eta: 11:13:17  time: 1.6431  data_time: 0.0401  memory: 5483  loss: 0.5025  loss_cls: 0.2539  loss_bbox: 0.2485
2025/07/10 15:18:56 - mmengine - INFO - Epoch(train)  [9][4700/7330]  lr: 1.0000e-03  eta: 11:11:55  time: 1.6498  data_time: 0.0398  memory: 5482  loss: 0.4704  loss_cls: 0.2351  loss_bbox: 0.2353
2025/07/10 15:20:19 - mmengine - INFO - Epoch(train)  [9][4750/7330]  lr: 1.0000e-03  eta: 11:10:34  time: 1.6545  data_time: 0.0411  memory: 5482  loss: 0.4665  loss_cls: 0.2316  loss_bbox: 0.2349
2025/07/10 15:21:40 - mmengine - INFO - Epoch(train)  [9][4800/7330]  lr: 1.0000e-03  eta: 11:09:12  time: 1.6219  data_time: 0.0324  memory: 5481  loss: 0.4824  loss_cls: 0.2374  loss_bbox: 0.2450
2025/07/10 15:23:03 - mmengine - INFO - Epoch(train)  [9][4850/7330]  lr: 1.0000e-03  eta: 11:07:50  time: 1.6524  data_time: 0.0396  memory: 5481  loss: 0.4533  loss_cls: 0.2194  loss_bbox: 0.2340
2025/07/10 15:24:25 - mmengine - INFO - Epoch(train)  [9][4900/7330]  lr: 1.0000e-03  eta: 11:06:28  time: 1.6487  data_time: 0.0371  memory: 5483  loss: 0.4802  loss_cls: 0.2309  loss_bbox: 0.2492
2025/07/10 15:25:48 - mmengine - INFO - Epoch(train)  [9][4950/7330]  lr: 1.0000e-03  eta: 11:05:07  time: 1.6478  data_time: 0.0393  memory: 5482  loss: 0.4779  loss_cls: 0.2340  loss_bbox: 0.2439
2025/07/10 15:27:10 - mmengine - INFO - Epoch(train)  [9][5000/7330]  lr: 1.0000e-03  eta: 11:03:45  time: 1.6572  data_time: 0.0356  memory: 5483  loss: 0.4994  loss_cls: 0.2566  loss_bbox: 0.2428
2025/07/10 15:28:32 - mmengine - INFO - Epoch(train)  [9][5050/7330]  lr: 1.0000e-03  eta: 11:02:23  time: 1.6349  data_time: 0.0404  memory: 5481  loss: 0.4709  loss_cls: 0.2293  loss_bbox: 0.2415
2025/07/10 15:29:53 - mmengine - INFO - Epoch(train)  [9][5100/7330]  lr: 1.0000e-03  eta: 11:01:01  time: 1.6229  data_time: 0.0391  memory: 5481  loss: 0.4570  loss_cls: 0.2172  loss_bbox: 0.2398
2025/07/10 15:31:16 - mmengine - INFO - Epoch(train)  [9][5150/7330]  lr: 1.0000e-03  eta: 10:59:39  time: 1.6529  data_time: 0.0369  memory: 5482  loss: 0.4785  loss_cls: 0.2366  loss_bbox: 0.2419
2025/07/10 15:32:38 - mmengine - INFO - Epoch(train)  [9][5200/7330]  lr: 1.0000e-03  eta: 10:58:18  time: 1.6397  data_time: 0.0375  memory: 5482  loss: 0.4632  loss_cls: 0.2351  loss_bbox: 0.2281
2025/07/10 15:34:00 - mmengine - INFO - Epoch(train)  [9][5250/7330]  lr: 1.0000e-03  eta: 10:56:56  time: 1.6306  data_time: 0.0404  memory: 5482  loss: 0.4929  loss_cls: 0.2421  loss_bbox: 0.2509
2025/07/10 15:35:21 - mmengine - INFO - Epoch(train)  [9][5300/7330]  lr: 1.0000e-03  eta: 10:55:33  time: 1.6254  data_time: 0.0407  memory: 5481  loss: 0.4844  loss_cls: 0.2351  loss_bbox: 0.2492
2025/07/10 15:36:43 - mmengine - INFO - Epoch(train)  [9][5350/7330]  lr: 1.0000e-03  eta: 10:54:12  time: 1.6405  data_time: 0.0380  memory: 5481  loss: 0.4853  loss_cls: 0.2413  loss_bbox: 0.2440
2025/07/10 15:37:00 - mmengine - INFO - Exp name: retinanet_r50_fpn_1x_coco_20250709_093937
2025/07/10 15:38:06 - mmengine - INFO - Epoch(train)  [9][5400/7330]  lr: 1.0000e-03  eta: 10:52:50  time: 1.6516  data_time: 0.0350  memory: 5482  loss: 0.4670  loss_cls: 0.2327  loss_bbox: 0.2343
2025/07/10 15:39:27 - mmengine - INFO - Epoch(train)  [9][5450/7330]  lr: 1.0000e-03  eta: 10:51:28  time: 1.6295  data_time: 0.0400  memory: 5481  loss: 0.4801  loss_cls: 0.2402  loss_bbox: 0.2399
2025/07/10 15:40:51 - mmengine - INFO - Epoch(train)  [9][5500/7330]  lr: 1.0000e-03  eta: 10:50:07  time: 1.6689  data_time: 0.0390  memory: 5481  loss: 0.4305  loss_cls: 0.2082  loss_bbox: 0.2223
2025/07/10 15:42:13 - mmengine - INFO - Epoch(train)  [9][5550/7330]  lr: 1.0000e-03  eta: 10:48:45  time: 1.6496  data_time: 0.0378  memory: 5481  loss: 0.4510  loss_cls: 0.2227  loss_bbox: 0.2283
2025/07/10 15:43:35 - mmengine - INFO - Epoch(train)  [9][5600/7330]  lr: 1.0000e-03  eta: 10:47:23  time: 1.6387  data_time: 0.0373  memory: 5482  loss: 0.4699  loss_cls: 0.2294  loss_bbox: 0.2406
2025/07/10 15:44:59 - mmengine - INFO - Epoch(train)  [9][5650/7330]  lr: 1.0000e-03  eta: 10:46:02  time: 1.6656  data_time: 0.0383  memory: 5481  loss: 0.4782  loss_cls: 0.2387  loss_bbox: 0.2395
2025/07/10 15:46:21 - mmengine - INFO - Epoch(train)  [9][5700/7330]  lr: 1.0000e-03  eta: 10:44:40  time: 1.6454  data_time: 0.0406  memory: 5482  loss: 0.5081  loss_cls: 0.2555  loss_bbox: 0.2526
2025/07/10 15:47:43 - mmengine - INFO - Epoch(train)  [9][5750/7330]  lr: 1.0000e-03  eta: 10:43:18  time: 1.6442  data_time: 0.0406  memory: 5481  loss: 0.4741  loss_cls: 0.2359  loss_bbox: 0.2382
2025/07/10 15:49:06 - mmengine - INFO - Epoch(train)  [9][5800/7330]  lr: 1.0000e-03  eta: 10:41:57  time: 1.6551  data_time: 0.0387  memory: 5482  loss: 0.4743  loss_cls: 0.2393  loss_bbox: 0.2351
2025/07/10 15:50:29 - mmengine - INFO - Epoch(train)  [9][5850/7330]  lr: 1.0000e-03  eta: 10:40:35  time: 1.6695  data_time: 0.0418  memory: 5481  loss: 0.4700  loss_cls: 0.2313  loss_bbox: 0.2387
2025/07/10 15:51:53 - mmengine - INFO - Epoch(train)  [9][5900/7330]  lr: 1.0000e-03  eta: 10:39:14  time: 1.6652  data_time: 0.0384  memory: 5482  loss: 0.4743  loss_cls: 0.2313  loss_bbox: 0.2430
2025/07/10 15:53:16 - mmengine - INFO - Epoch(train)  [9][5950/7330]  lr: 1.0000e-03  eta: 10:37:53  time: 1.6581  data_time: 0.0369  memory: 5483  loss: 0.4694  loss_cls: 0.2323  loss_bbox: 0.2371
2025/07/10 15:54:38 - mmengine - INFO - Epoch(train)  [9][6000/7330]  lr: 1.0000e-03  eta: 10:36:31  time: 1.6498  data_time: 0.0376  memory: 5481  loss: 0.4771  loss_cls: 0.2381  loss_bbox: 0.2389
2025/07/10 15:55:59 - mmengine - INFO - Epoch(train)  [9][6050/7330]  lr: 1.0000e-03  eta: 10:35:09  time: 1.6206  data_time: 0.0371  memory: 5482  loss: 0.4720  loss_cls: 0.2350  loss_bbox: 0.2371
2025/07/10 15:57:20 - mmengine - INFO - Epoch(train)  [9][6100/7330]  lr: 1.0000e-03  eta: 10:33:46  time: 1.6184  data_time: 0.0364  memory: 5484  loss: 0.4949  loss_cls: 0.2565  loss_bbox: 0.2384
2025/07/10 15:58:43 - mmengine - INFO - Epoch(train)  [9][6150/7330]  lr: 1.0000e-03  eta: 10:32:25  time: 1.6493  data_time: 0.0361  memory: 5482  loss: 0.4741  loss_cls: 0.2372  loss_bbox: 0.2368
2025/07/10 16:00:05 - mmengine - INFO - Epoch(train)  [9][6200/7330]  lr: 1.0000e-03  eta: 10:31:03  time: 1.6479  data_time: 0.0370  memory: 5484  loss: 0.4642  loss_cls: 0.2300  loss_bbox: 0.2342
2025/07/10 16:01:27 - mmengine - INFO - Epoch(train)  [9][6250/7330]  lr: 1.0000e-03  eta: 10:29:41  time: 1.6355  data_time: 0.0360  memory: 5481  loss: 0.4565  loss_cls: 0.2175  loss_bbox: 0.2389
2025/07/10 16:02:50 - mmengine - INFO - Epoch(train)  [9][6300/7330]  lr: 1.0000e-03  eta: 10:28:20  time: 1.6520  data_time: 0.0367  memory: 5481  loss: 0.4512  loss_cls: 0.2209  loss_bbox: 0.2302
2025/07/10 16:04:14 - mmengine - INFO - Epoch(train)  [9][6350/7330]  lr: 1.0000e-03  eta: 10:26:59  time: 1.6913  data_time: 0.0375  memory: 5483  loss: 0.4628  loss_cls: 0.2259  loss_bbox: 0.2369
2025/07/10 16:04:31 - mmengine - INFO - Exp name: retinanet_r50_fpn_1x_coco_20250709_093937
2025/07/10 16:05:38 - mmengine - INFO - Epoch(train)  [9][6400/7330]  lr: 1.0000e-03  eta: 10:25:37  time: 1.6708  data_time: 0.0379  memory: 5481  loss: 0.4645  loss_cls: 0.2385  loss_bbox: 0.2260
2025/07/10 16:07:00 - mmengine - INFO - Epoch(train)  [9][6450/7330]  lr: 1.0000e-03  eta: 10:24:16  time: 1.6492  data_time: 0.0340  memory: 5481  loss: 0.4519  loss_cls: 0.2161  loss_bbox: 0.2358
2025/07/10 16:08:23 - mmengine - INFO - Epoch(train)  [9][6500/7330]  lr: 1.0000e-03  eta: 10:22:54  time: 1.6589  data_time: 0.0337  memory: 5481  loss: 0.4677  loss_cls: 0.2271  loss_bbox: 0.2406
2025/07/10 16:09:44 - mmengine - INFO - Epoch(train)  [9][6550/7330]  lr: 1.0000e-03  eta: 10:21:32  time: 1.6210  data_time: 0.0361  memory: 5482  loss: 0.4618  loss_cls: 0.2265  loss_bbox: 0.2353
2025/07/10 16:11:06 - mmengine - INFO - Epoch(train)  [9][6600/7330]  lr: 1.0000e-03  eta: 10:20:10  time: 1.6425  data_time: 0.0362  memory: 5483  loss: 0.4663  loss_cls: 0.2305  loss_bbox: 0.2358
2025/07/10 16:12:28 - mmengine - INFO - Epoch(train)  [9][6650/7330]  lr: 1.0000e-03  eta: 10:18:48  time: 1.6355  data_time: 0.0350  memory: 5482  loss: 0.4227  loss_cls: 0.1973  loss_bbox: 0.2253
2025/07/10 16:13:50 - mmengine - INFO - Epoch(train)  [9][6700/7330]  lr: 1.0000e-03  eta: 10:17:26  time: 1.6261  data_time: 0.0392  memory: 5481  loss: 0.4685  loss_cls: 0.2286  loss_bbox: 0.2399
2025/07/10 16:15:12 - mmengine - INFO - Epoch(train)  [9][6750/7330]  lr: 1.0000e-03  eta: 10:16:04  time: 1.6553  data_time: 0.0362  memory: 5481  loss: 0.4513  loss_cls: 0.2208  loss_bbox: 0.2305
2025/07/10 16:16:35 - mmengine - INFO - Epoch(train)  [9][6800/7330]  lr: 1.0000e-03  eta: 10:14:43  time: 1.6476  data_time: 0.0364  memory: 5481  loss: 0.4885  loss_cls: 0.2409  loss_bbox: 0.2476
2025/07/10 16:17:57 - mmengine - INFO - Epoch(train)  [9][6850/7330]  lr: 1.0000e-03  eta: 10:13:21  time: 1.6389  data_time: 0.0364  memory: 5481  loss: 0.4755  loss_cls: 0.2358  loss_bbox: 0.2397
2025/07/10 16:19:20 - mmengine - INFO - Epoch(train)  [9][6900/7330]  lr: 1.0000e-03  eta: 10:11:59  time: 1.6643  data_time: 0.0416  memory: 5482  loss: 0.4540  loss_cls: 0.2231  loss_bbox: 0.2309
2025/07/10 16:20:42 - mmengine - INFO - Epoch(train)  [9][6950/7330]  lr: 1.0000e-03  eta: 10:10:37  time: 1.6281  data_time: 0.0373  memory: 5481  loss: 0.4705  loss_cls: 0.2338  loss_bbox: 0.2367
2025/07/10 16:22:04 - mmengine - INFO - Epoch(train)  [9][7000/7330]  lr: 1.0000e-03  eta: 10:09:16  time: 1.6400  data_time: 0.0389  memory: 5481  loss: 0.4530  loss_cls: 0.2287  loss_bbox: 0.2243
2025/07/10 16:23:26 - mmengine - INFO - Epoch(train)  [9][7050/7330]  lr: 1.0000e-03  eta: 10:07:54  time: 1.6381  data_time: 0.0412  memory: 5481  loss: 0.4640  loss_cls: 0.2248  loss_bbox: 0.2392
2025/07/10 16:24:47 - mmengine - INFO - Epoch(train)  [9][7100/7330]  lr: 1.0000e-03  eta: 10:06:32  time: 1.6335  data_time: 0.0409  memory: 5481  loss: 0.4826  loss_cls: 0.2414  loss_bbox: 0.2412
2025/07/10 16:26:08 - mmengine - INFO - Epoch(train)  [9][7150/7330]  lr: 1.0000e-03  eta: 10:05:09  time: 1.6168  data_time: 0.0423  memory: 5481  loss: 0.4768  loss_cls: 0.2323  loss_bbox: 0.2444
2025/07/10 16:27:31 - mmengine - INFO - Epoch(train)  [9][7200/7330]  lr: 1.0000e-03  eta: 10:03:48  time: 1.6527  data_time: 0.0394  memory: 5481  loss: 0.4806  loss_cls: 0.2410  loss_bbox: 0.2397
2025/07/10 16:28:52 - mmengine - INFO - Epoch(train)  [9][7250/7330]  lr: 1.0000e-03  eta: 10:02:26  time: 1.6282  data_time: 0.0397  memory: 5481  loss: 0.4662  loss_cls: 0.2342  loss_bbox: 0.2319
2025/07/10 16:30:14 - mmengine - INFO - Epoch(train)  [9][7300/7330]  lr: 1.0000e-03  eta: 10:01:04  time: 1.6433  data_time: 0.0427  memory: 5483  loss: 0.4350  loss_cls: 0.2149  loss_bbox: 0.2201
2025/07/10 16:31:03 - mmengine - INFO - Exp name: retinanet_r50_fpn_1x_coco_20250709_093937
2025/07/10 16:31:03 - mmengine - INFO - Saving checkpoint at 9 epochs
2025/07/10 16:31:14 - mmengine - INFO - Epoch(val)  [9][  50/1250]    eta: 0:04:01  time: 0.2017  data_time: 0.0089  memory: 6618  
2025/07/10 16:31:24 - mmengine - INFO - Epoch(val)  [9][ 100/1250]    eta: 0:03:45  time: 0.1911  data_time: 0.0075  memory: 825  
2025/07/10 16:31:34 - mmengine - INFO - Epoch(val)  [9][ 150/1250]    eta: 0:03:35  time: 0.1941  data_time: 0.0088  memory: 833  
2025/07/10 16:31:43 - mmengine - INFO - Epoch(val)  [9][ 200/1250]    eta: 0:03:25  time: 0.1957  data_time: 0.0077  memory: 835  
2025/07/10 16:31:53 - mmengine - INFO - Epoch(val)  [9][ 250/1250]    eta: 0:03:14  time: 0.1919  data_time: 0.0073  memory: 818  
2025/07/10 16:32:03 - mmengine - INFO - Epoch(val)  [9][ 300/1250]    eta: 0:03:04  time: 0.1927  data_time: 0.0082  memory: 817  
2025/07/10 16:32:12 - mmengine - INFO - Epoch(val)  [9][ 350/1250]    eta: 0:02:54  time: 0.1933  data_time: 0.0076  memory: 817  
2025/07/10 16:32:22 - mmengine - INFO - Epoch(val)  [9][ 400/1250]    eta: 0:02:44  time: 0.1918  data_time: 0.0070  memory: 800  
2025/07/10 16:32:32 - mmengine - INFO - Epoch(val)  [9][ 450/1250]    eta: 0:02:35  time: 0.1935  data_time: 0.0079  memory: 833  
2025/07/10 16:32:41 - mmengine - INFO - Epoch(val)  [9][ 500/1250]    eta: 0:02:25  time: 0.1925  data_time: 0.0082  memory: 833  
2025/07/10 16:32:51 - mmengine - INFO - Epoch(val)  [9][ 550/1250]    eta: 0:02:15  time: 0.1896  data_time: 0.0072  memory: 800  
2025/07/10 16:33:00 - mmengine - INFO - Epoch(val)  [9][ 600/1250]    eta: 0:02:05  time: 0.1937  data_time: 0.0070  memory: 817  
2025/07/10 16:33:10 - mmengine - INFO - Epoch(val)  [9][ 650/1250]    eta: 0:01:56  time: 0.1917  data_time: 0.0084  memory: 817  
2025/07/10 16:33:20 - mmengine - INFO - Epoch(val)  [9][ 700/1250]    eta: 0:01:46  time: 0.1951  data_time: 0.0071  memory: 825  
2025/07/10 16:33:30 - mmengine - INFO - Epoch(val)  [9][ 750/1250]    eta: 0:01:36  time: 0.1943  data_time: 0.0068  memory: 825  
2025/07/10 16:33:39 - mmengine - INFO - Epoch(val)  [9][ 800/1250]    eta: 0:01:27  time: 0.1908  data_time: 0.0061  memory: 833  
2025/07/10 16:33:49 - mmengine - INFO - Epoch(val)  [9][ 850/1250]    eta: 0:01:17  time: 0.1912  data_time: 0.0068  memory: 833  
2025/07/10 16:33:58 - mmengine - INFO - Epoch(val)  [9][ 900/1250]    eta: 0:01:07  time: 0.1908  data_time: 0.0067  memory: 833  
2025/07/10 16:34:08 - mmengine - INFO - Epoch(val)  [9][ 950/1250]    eta: 0:00:57  time: 0.1909  data_time: 0.0081  memory: 819  
2025/07/10 16:34:17 - mmengine - INFO - Epoch(val)  [9][1000/1250]    eta: 0:00:48  time: 0.1901  data_time: 0.0077  memory: 819  
2025/07/10 16:34:27 - mmengine - INFO - Epoch(val)  [9][1050/1250]    eta: 0:00:38  time: 0.1959  data_time: 0.0085  memory: 825  
2025/07/10 16:34:37 - mmengine - INFO - Epoch(val)  [9][1100/1250]    eta: 0:00:28  time: 0.1918  data_time: 0.0074  memory: 834  
2025/07/10 16:34:46 - mmengine - INFO - Epoch(val)  [9][1150/1250]    eta: 0:00:19  time: 0.1933  data_time: 0.0069  memory: 825  
2025/07/10 16:34:56 - mmengine - INFO - Epoch(val)  [9][1200/1250]    eta: 0:00:09  time: 0.1906  data_time: 0.0070  memory: 825  
2025/07/10 16:35:05 - mmengine - INFO - Epoch(val)  [9][1250/1250]    eta: 0:00:00  time: 0.1897  data_time: 0.0079  memory: 834  
2025/07/10 16:35:14 - mmengine - INFO - Evaluating bbox...
2025/07/10 16:35:59 - mmengine - INFO - bbox_mAP_copypaste: 0.357 0.548 0.381 0.202 0.394 0.465
2025/07/10 16:36:00 - mmengine - INFO - Epoch(val) [9][1250/1250]    coco/bbox_mAP: 0.3570  coco/bbox_mAP_50: 0.5480  coco/bbox_mAP_75: 0.3810  coco/bbox_mAP_s: 0.2020  coco/bbox_mAP_m: 0.3940  coco/bbox_mAP_l: 0.4650  data_time: 0.0075  time: 0.1927
2025/07/10 16:36:49 - mmengine - INFO - Exp name: retinanet_r50_fpn_1x_coco_20250709_093937
2025/07/10 16:37:21 - mmengine - INFO - Epoch(train) [10][  50/7330]  lr: 1.0000e-03  eta: 9:58:52  time: 1.6086  data_time: 0.0397  memory: 5480  loss: 0.4698  loss_cls: 0.2312  loss_bbox: 0.2386
2025/07/10 16:38:44 - mmengine - INFO - Epoch(train) [10][ 100/7330]  lr: 1.0000e-03  eta: 9:57:31  time: 1.6589  data_time: 0.0408  memory: 5482  loss: 0.4472  loss_cls: 0.2248  loss_bbox: 0.2224
2025/07/10 16:40:07 - mmengine - INFO - Epoch(train) [10][ 150/7330]  lr: 1.0000e-03  eta: 9:56:09  time: 1.6613  data_time: 0.0408  memory: 5481  loss: 0.4752  loss_cls: 0.2348  loss_bbox: 0.2404
2025/07/10 16:41:30 - mmengine - INFO - Epoch(train) [10][ 200/7330]  lr: 1.0000e-03  eta: 9:54:48  time: 1.6667  data_time: 0.0417  memory: 5480  loss: 0.4756  loss_cls: 0.2342  loss_bbox: 0.2414
2025/07/10 16:42:53 - mmengine - INFO - Epoch(train) [10][ 250/7330]  lr: 1.0000e-03  eta: 9:53:26  time: 1.6501  data_time: 0.0416  memory: 5482  loss: 0.4673  loss_cls: 0.2281  loss_bbox: 0.2392
2025/07/10 16:44:16 - mmengine - INFO - Epoch(train) [10][ 300/7330]  lr: 1.0000e-03  eta: 9:52:05  time: 1.6632  data_time: 0.0414  memory: 5481  loss: 0.4639  loss_cls: 0.2313  loss_bbox: 0.2326
2025/07/10 16:45:38 - mmengine - INFO - Epoch(train) [10][ 350/7330]  lr: 1.0000e-03  eta: 9:50:43  time: 1.6402  data_time: 0.0419  memory: 5483  loss: 0.4575  loss_cls: 0.2231  loss_bbox: 0.2344
2025/07/10 16:47:00 - mmengine - INFO - Epoch(train) [10][ 400/7330]  lr: 1.0000e-03  eta: 9:49:21  time: 1.6478  data_time: 0.0392  memory: 5482  loss: 0.4798  loss_cls: 0.2410  loss_bbox: 0.2388
2025/07/10 16:48:23 - mmengine - INFO - Epoch(train) [10][ 450/7330]  lr: 1.0000e-03  eta: 9:47:59  time: 1.6573  data_time: 0.0364  memory: 5483  loss: 0.4703  loss_cls: 0.2339  loss_bbox: 0.2364
2025/07/10 16:49:46 - mmengine - INFO - Epoch(train) [10][ 500/7330]  lr: 1.0000e-03  eta: 9:46:38  time: 1.6523  data_time: 0.0431  memory: 5480  loss: 0.4655  loss_cls: 0.2323  loss_bbox: 0.2331
2025/07/10 16:51:09 - mmengine - INFO - Epoch(train) [10][ 550/7330]  lr: 1.0000e-03  eta: 9:45:16  time: 1.6670  data_time: 0.0377  memory: 5482  loss: 0.4554  loss_cls: 0.2292  loss_bbox: 0.2262
2025/07/10 16:52:30 - mmengine - INFO - Epoch(train) [10][ 600/7330]  lr: 1.0000e-03  eta: 9:43:54  time: 1.6225  data_time: 0.0415  memory: 5481  loss: 0.4642  loss_cls: 0.2249  loss_bbox: 0.2393
2025/07/10 16:53:53 - mmengine - INFO - Epoch(train) [10][ 650/7330]  lr: 1.0000e-03  eta: 9:42:32  time: 1.6532  data_time: 0.0416  memory: 5482  loss: 0.4504  loss_cls: 0.2224  loss_bbox: 0.2280
2025/07/10 16:55:17 - mmengine - INFO - Epoch(train) [10][ 700/7330]  lr: 1.0000e-03  eta: 9:41:11  time: 1.6685  data_time: 0.0422  memory: 5481  loss: 0.4598  loss_cls: 0.2293  loss_bbox: 0.2305
2025/07/10 16:56:39 - mmengine - INFO - Epoch(train) [10][ 750/7330]  lr: 1.0000e-03  eta: 9:39:49  time: 1.6413  data_time: 0.0381  memory: 5482  loss: 0.4655  loss_cls: 0.2284  loss_bbox: 0.2370
2025/07/10 16:58:01 - mmengine - INFO - Epoch(train) [10][ 800/7330]  lr: 1.0000e-03  eta: 9:38:27  time: 1.6402  data_time: 0.0400  memory: 5481  loss: 0.4525  loss_cls: 0.2254  loss_bbox: 0.2271
2025/07/10 16:59:22 - mmengine - INFO - Epoch(train) [10][ 850/7330]  lr: 1.0000e-03  eta: 9:37:05  time: 1.6218  data_time: 0.0264  memory: 5483  loss: 0.4672  loss_cls: 0.2357  loss_bbox: 0.2315
2025/07/10 17:00:45 - mmengine - INFO - Epoch(train) [10][ 900/7330]  lr: 1.0000e-03  eta: 9:35:44  time: 1.6552  data_time: 0.0431  memory: 5479  loss: 0.4517  loss_cls: 0.2226  loss_bbox: 0.2290
2025/07/10 17:02:07 - mmengine - INFO - Epoch(train) [10][ 950/7330]  lr: 1.0000e-03  eta: 9:34:22  time: 1.6392  data_time: 0.0413  memory: 5480  loss: 0.4528  loss_cls: 0.2296  loss_bbox: 0.2232
2025/07/10 17:03:29 - mmengine - INFO - Epoch(train) [10][1000/7330]  lr: 1.0000e-03  eta: 9:33:00  time: 1.6380  data_time: 0.0387  memory: 5481  loss: 0.4329  loss_cls: 0.2092  loss_bbox: 0.2236
2025/07/10 17:04:17 - mmengine - INFO - Exp name: retinanet_r50_fpn_1x_coco_20250709_093937
2025/07/10 17:04:50 - mmengine - INFO - Epoch(train) [10][1050/7330]  lr: 1.0000e-03  eta: 9:31:38  time: 1.6354  data_time: 0.0386  memory: 5481  loss: 0.4784  loss_cls: 0.2275  loss_bbox: 0.2510
2025/07/10 17:06:13 - mmengine - INFO - Epoch(train) [10][1100/7330]  lr: 1.0000e-03  eta: 9:30:16  time: 1.6452  data_time: 0.0411  memory: 5483  loss: 0.4501  loss_cls: 0.2187  loss_bbox: 0.2313
2025/07/10 17:07:35 - mmengine - INFO - Epoch(train) [10][1150/7330]  lr: 1.0000e-03  eta: 9:28:54  time: 1.6367  data_time: 0.0391  memory: 5482  loss: 0.4587  loss_cls: 0.2270  loss_bbox: 0.2317
2025/07/10 17:08:57 - mmengine - INFO - Epoch(train) [10][1200/7330]  lr: 1.0000e-03  eta: 9:27:33  time: 1.6546  data_time: 0.0360  memory: 5484  loss: 0.4856  loss_cls: 0.2379  loss_bbox: 0.2476
2025/07/10 17:10:20 - mmengine - INFO - Epoch(train) [10][1250/7330]  lr: 1.0000e-03  eta: 9:26:11  time: 1.6499  data_time: 0.0391  memory: 5482  loss: 0.4807  loss_cls: 0.2393  loss_bbox: 0.2414
2025/07/10 17:11:43 - mmengine - INFO - Epoch(train) [10][1300/7330]  lr: 1.0000e-03  eta: 9:24:49  time: 1.6606  data_time: 0.0397  memory: 5483  loss: 0.4522  loss_cls: 0.2214  loss_bbox: 0.2307
2025/07/10 17:13:05 - mmengine - INFO - Epoch(train) [10][1350/7330]  lr: 1.0000e-03  eta: 9:23:28  time: 1.6489  data_time: 0.0419  memory: 5480  loss: 0.4158  loss_cls: 0.2049  loss_bbox: 0.2109
2025/07/10 17:14:26 - mmengine - INFO - Epoch(train) [10][1400/7330]  lr: 1.0000e-03  eta: 9:22:05  time: 1.6167  data_time: 0.0431  memory: 5481  loss: 0.4501  loss_cls: 0.2210  loss_bbox: 0.2291
2025/07/10 17:15:48 - mmengine - INFO - Epoch(train) [10][1450/7330]  lr: 1.0000e-03  eta: 9:20:43  time: 1.6257  data_time: 0.0382  memory: 5483  loss: 0.4518  loss_cls: 0.2145  loss_bbox: 0.2373
2025/07/10 17:17:10 - mmengine - INFO - Epoch(train) [10][1500/7330]  lr: 1.0000e-03  eta: 9:19:22  time: 1.6557  data_time: 0.0421  memory: 5482  loss: 0.4693  loss_cls: 0.2320  loss_bbox: 0.2373
2025/07/10 17:18:33 - mmengine - INFO - Epoch(train) [10][1550/7330]  lr: 1.0000e-03  eta: 9:18:00  time: 1.6466  data_time: 0.0422  memory: 5481  loss: 0.4516  loss_cls: 0.2260  loss_bbox: 0.2256
2025/07/10 17:19:56 - mmengine - INFO - Epoch(train) [10][1600/7330]  lr: 1.0000e-03  eta: 9:16:38  time: 1.6604  data_time: 0.0432  memory: 5483  loss: 0.4589  loss_cls: 0.2232  loss_bbox: 0.2357
2025/07/10 17:21:19 - mmengine - INFO - Epoch(train) [10][1650/7330]  lr: 1.0000e-03  eta: 9:15:17  time: 1.6551  data_time: 0.0393  memory: 5480  loss: 0.4470  loss_cls: 0.2257  loss_bbox: 0.2213
2025/07/10 17:22:41 - mmengine - INFO - Epoch(train) [10][1700/7330]  lr: 1.0000e-03  eta: 9:13:55  time: 1.6494  data_time: 0.0423  memory: 5482  loss: 0.4477  loss_cls: 0.2170  loss_bbox: 0.2307
2025/07/10 17:24:01 - mmengine - INFO - Epoch(train) [10][1750/7330]  lr: 1.0000e-03  eta: 9:12:32  time: 1.5975  data_time: 0.0369  memory: 5481  loss: 0.4738  loss_cls: 0.2392  loss_bbox: 0.2346
2025/07/10 17:25:22 - mmengine - INFO - Epoch(train) [10][1800/7330]  lr: 1.0000e-03  eta: 9:11:10  time: 1.6168  data_time: 0.0405  memory: 5482  loss: 0.4905  loss_cls: 0.2407  loss_bbox: 0.2498
2025/07/10 17:26:43 - mmengine - INFO - Epoch(train) [10][1850/7330]  lr: 1.0000e-03  eta: 9:09:48  time: 1.6230  data_time: 0.0434  memory: 5480  loss: 0.4606  loss_cls: 0.2244  loss_bbox: 0.2362
2025/07/10 17:28:03 - mmengine - INFO - Epoch(train) [10][1900/7330]  lr: 1.0000e-03  eta: 9:08:26  time: 1.5974  data_time: 0.0420  memory: 5483  loss: 0.4603  loss_cls: 0.2291  loss_bbox: 0.2312
2025/07/10 17:29:24 - mmengine - INFO - Epoch(train) [10][1950/7330]  lr: 1.0000e-03  eta: 9:07:03  time: 1.6224  data_time: 0.0401  memory: 5482  loss: 0.4657  loss_cls: 0.2275  loss_bbox: 0.2382
2025/07/10 17:30:46 - mmengine - INFO - Epoch(train) [10][2000/7330]  lr: 1.0000e-03  eta: 9:05:42  time: 1.6377  data_time: 0.0419  memory: 5482  loss: 0.4638  loss_cls: 0.2317  loss_bbox: 0.2321
2025/07/10 17:31:36 - mmengine - INFO - Exp name: retinanet_r50_fpn_1x_coco_20250709_093937
2025/07/10 17:32:09 - mmengine - INFO - Epoch(train) [10][2050/7330]  lr: 1.0000e-03  eta: 9:04:20  time: 1.6464  data_time: 0.0414  memory: 5480  loss: 0.4611  loss_cls: 0.2266  loss_bbox: 0.2345
2025/07/10 17:33:31 - mmengine - INFO - Epoch(train) [10][2100/7330]  lr: 1.0000e-03  eta: 9:02:58  time: 1.6435  data_time: 0.0440  memory: 5481  loss: 0.4489  loss_cls: 0.2203  loss_bbox: 0.2286
2025/07/10 17:34:53 - mmengine - INFO - Epoch(train) [10][2150/7330]  lr: 1.0000e-03  eta: 9:01:36  time: 1.6543  data_time: 0.0416  memory: 5482  loss: 0.4518  loss_cls: 0.2164  loss_bbox: 0.2354
2025/07/10 17:36:16 - mmengine - INFO - Epoch(train) [10][2200/7330]  lr: 1.0000e-03  eta: 9:00:15  time: 1.6459  data_time: 0.0436  memory: 5484  loss: 0.4673  loss_cls: 0.2365  loss_bbox: 0.2308
2025/07/10 17:37:37 - mmengine - INFO - Epoch(train) [10][2250/7330]  lr: 1.0000e-03  eta: 8:58:53  time: 1.6309  data_time: 0.0391  memory: 5482  loss: 0.4504  loss_cls: 0.2244  loss_bbox: 0.2260
2025/07/10 17:38:58 - mmengine - INFO - Epoch(train) [10][2300/7330]  lr: 1.0000e-03  eta: 8:57:30  time: 1.6059  data_time: 0.0381  memory: 5481  loss: 0.4288  loss_cls: 0.2142  loss_bbox: 0.2147
2025/07/10 17:40:20 - mmengine - INFO - Epoch(train) [10][2350/7330]  lr: 1.0000e-03  eta: 8:56:08  time: 1.6454  data_time: 0.0403  memory: 5482  loss: 0.4960  loss_cls: 0.2486  loss_bbox: 0.2474
2025/07/10 17:41:42 - mmengine - INFO - Epoch(train) [10][2400/7330]  lr: 1.0000e-03  eta: 8:54:47  time: 1.6423  data_time: 0.0353  memory: 5481  loss: 0.4507  loss_cls: 0.2249  loss_bbox: 0.2258
2025/07/10 17:43:02 - mmengine - INFO - Epoch(train) [10][2450/7330]  lr: 1.0000e-03  eta: 8:53:24  time: 1.5988  data_time: 0.0379  memory: 5481  loss: 0.4751  loss_cls: 0.2329  loss_bbox: 0.2422
2025/07/10 17:44:24 - mmengine - INFO - Epoch(train) [10][2500/7330]  lr: 1.0000e-03  eta: 8:52:02  time: 1.6344  data_time: 0.0406  memory: 5481  loss: 0.4565  loss_cls: 0.2169  loss_bbox: 0.2397
2025/07/10 17:45:46 - mmengine - INFO - Epoch(train) [10][2550/7330]  lr: 1.0000e-03  eta: 8:50:40  time: 1.6455  data_time: 0.0390  memory: 5482  loss: 0.4567  loss_cls: 0.2277  loss_bbox: 0.2290
2025/07/10 17:47:09 - mmengine - INFO - Epoch(train) [10][2600/7330]  lr: 1.0000e-03  eta: 8:49:19  time: 1.6480  data_time: 0.0397  memory: 5482  loss: 0.4552  loss_cls: 0.2235  loss_bbox: 0.2317
2025/07/10 17:48:31 - mmengine - INFO - Epoch(train) [10][2650/7330]  lr: 1.0000e-03  eta: 8:47:57  time: 1.6414  data_time: 0.0335  memory: 5481  loss: 0.4403  loss_cls: 0.2237  loss_bbox: 0.2166
2025/07/10 17:49:53 - mmengine - INFO - Epoch(train) [10][2700/7330]  lr: 1.0000e-03  eta: 8:46:35  time: 1.6481  data_time: 0.0396  memory: 5484  loss: 0.4783  loss_cls: 0.2373  loss_bbox: 0.2410
2025/07/10 17:51:15 - mmengine - INFO - Epoch(train) [10][2750/7330]  lr: 1.0000e-03  eta: 8:45:13  time: 1.6262  data_time: 0.0397  memory: 5482  loss: 0.4603  loss_cls: 0.2259  loss_bbox: 0.2344
2025/07/10 17:52:34 - mmengine - INFO - Epoch(train) [10][2800/7330]  lr: 1.0000e-03  eta: 8:43:50  time: 1.5973  data_time: 0.0430  memory: 5482  loss: 0.4732  loss_cls: 0.2294  loss_bbox: 0.2437
2025/07/10 17:53:55 - mmengine - INFO - Epoch(train) [10][2850/7330]  lr: 1.0000e-03  eta: 8:42:28  time: 1.6133  data_time: 0.0432  memory: 5481  loss: 0.4597  loss_cls: 0.2332  loss_bbox: 0.2265
2025/07/10 17:55:16 - mmengine - INFO - Epoch(train) [10][2900/7330]  lr: 1.0000e-03  eta: 8:41:06  time: 1.6114  data_time: 0.0409  memory: 5481  loss: 0.4443  loss_cls: 0.2217  loss_bbox: 0.2226
2025/07/10 17:56:38 - mmengine - INFO - Epoch(train) [10][2950/7330]  lr: 1.0000e-03  eta: 8:39:44  time: 1.6457  data_time: 0.0384  memory: 5481  loss: 0.4654  loss_cls: 0.2342  loss_bbox: 0.2312
2025/07/10 17:58:00 - mmengine - INFO - Epoch(train) [10][3000/7330]  lr: 1.0000e-03  eta: 8:38:22  time: 1.6432  data_time: 0.0363  memory: 5483  loss: 0.4572  loss_cls: 0.2204  loss_bbox: 0.2368
2025/07/10 17:58:50 - mmengine - INFO - Exp name: retinanet_r50_fpn_1x_coco_20250709_093937
2025/07/10 17:59:22 - mmengine - INFO - Epoch(train) [10][3050/7330]  lr: 1.0000e-03  eta: 8:37:01  time: 1.6410  data_time: 0.0394  memory: 5481  loss: 0.4375  loss_cls: 0.2201  loss_bbox: 0.2174
2025/07/10 18:00:43 - mmengine - INFO - Epoch(train) [10][3100/7330]  lr: 1.0000e-03  eta: 8:35:38  time: 1.6219  data_time: 0.0376  memory: 5482  loss: 0.4431  loss_cls: 0.2179  loss_bbox: 0.2252
2025/07/10 18:02:07 - mmengine - INFO - Epoch(train) [10][3150/7330]  lr: 1.0000e-03  eta: 8:34:17  time: 1.6597  data_time: 0.0417  memory: 5481  loss: 0.4390  loss_cls: 0.2155  loss_bbox: 0.2235
2025/07/10 18:03:29 - mmengine - INFO - Epoch(train) [10][3200/7330]  lr: 1.0000e-03  eta: 8:32:55  time: 1.6499  data_time: 0.0377  memory: 5480  loss: 0.4573  loss_cls: 0.2222  loss_bbox: 0.2351
2025/07/10 18:04:53 - mmengine - INFO - Epoch(train) [10][3250/7330]  lr: 1.0000e-03  eta: 8:31:34  time: 1.6697  data_time: 0.0424  memory: 5482  loss: 0.4402  loss_cls: 0.2167  loss_bbox: 0.2235
2025/07/10 18:06:14 - mmengine - INFO - Epoch(train) [10][3300/7330]  lr: 1.0000e-03  eta: 8:30:12  time: 1.6345  data_time: 0.0387  memory: 5482  loss: 0.4480  loss_cls: 0.2212  loss_bbox: 0.2268
2025/07/10 18:07:37 - mmengine - INFO - Epoch(train) [10][3350/7330]  lr: 1.0000e-03  eta: 8:28:50  time: 1.6565  data_time: 0.0370  memory: 5480  loss: 0.4646  loss_cls: 0.2289  loss_bbox: 0.2357
2025/07/10 18:09:01 - mmengine - INFO - Epoch(train) [10][3400/7330]  lr: 1.0000e-03  eta: 8:27:29  time: 1.6732  data_time: 0.0325  memory: 5483  loss: 0.4577  loss_cls: 0.2267  loss_bbox: 0.2309
2025/07/10 18:10:24 - mmengine - INFO - Epoch(train) [10][3450/7330]  lr: 1.0000e-03  eta: 8:26:07  time: 1.6596  data_time: 0.0389  memory: 5481  loss: 0.4285  loss_cls: 0.2025  loss_bbox: 0.2260
2025/07/10 18:11:45 - mmengine - INFO - Epoch(train) [10][3500/7330]  lr: 1.0000e-03  eta: 8:24:45  time: 1.6298  data_time: 0.0404  memory: 5483  loss: 0.4726  loss_cls: 0.2434  loss_bbox: 0.2293
2025/07/10 18:13:08 - mmengine - INFO - Epoch(train) [10][3550/7330]  lr: 1.0000e-03  eta: 8:23:23  time: 1.6462  data_time: 0.0409  memory: 5482  loss: 0.4492  loss_cls: 0.2209  loss_bbox: 0.2283
2025/07/10 18:14:29 - mmengine - INFO - Epoch(train) [10][3600/7330]  lr: 1.0000e-03  eta: 8:22:01  time: 1.6202  data_time: 0.0428  memory: 5481  loss: 0.4712  loss_cls: 0.2331  loss_bbox: 0.2381
2025/07/10 18:15:51 - mmengine - INFO - Epoch(train) [10][3650/7330]  lr: 1.0000e-03  eta: 8:20:39  time: 1.6466  data_time: 0.0405  memory: 5482  loss: 0.4575  loss_cls: 0.2277  loss_bbox: 0.2298
2025/07/10 18:17:14 - mmengine - INFO - Epoch(train) [10][3700/7330]  lr: 1.0000e-03  eta: 8:19:18  time: 1.6507  data_time: 0.0423  memory: 5481  loss: 0.4834  loss_cls: 0.2383  loss_bbox: 0.2451
2025/07/10 18:18:34 - mmengine - INFO - Epoch(train) [10][3750/7330]  lr: 1.0000e-03  eta: 8:17:55  time: 1.6111  data_time: 0.0430  memory: 5485  loss: 0.4553  loss_cls: 0.2267  loss_bbox: 0.2286
2025/07/10 18:19:56 - mmengine - INFO - Epoch(train) [10][3800/7330]  lr: 1.0000e-03  eta: 8:16:33  time: 1.6290  data_time: 0.0355  memory: 5481  loss: 0.4523  loss_cls: 0.2233  loss_bbox: 0.2290
2025/07/10 18:21:18 - mmengine - INFO - Epoch(train) [10][3850/7330]  lr: 1.0000e-03  eta: 8:15:11  time: 1.6367  data_time: 0.0408  memory: 5481  loss: 0.4600  loss_cls: 0.2279  loss_bbox: 0.2321
2025/07/10 18:22:39 - mmengine - INFO - Epoch(train) [10][3900/7330]  lr: 1.0000e-03  eta: 8:13:49  time: 1.6285  data_time: 0.0433  memory: 5485  loss: 0.4700  loss_cls: 0.2302  loss_bbox: 0.2398
2025/07/10 18:24:01 - mmengine - INFO - Epoch(train) [10][3950/7330]  lr: 1.0000e-03  eta: 8:12:27  time: 1.6295  data_time: 0.0400  memory: 5483  loss: 0.4452  loss_cls: 0.2246  loss_bbox: 0.2206
2025/07/10 18:25:23 - mmengine - INFO - Epoch(train) [10][4000/7330]  lr: 1.0000e-03  eta: 8:11:06  time: 1.6500  data_time: 0.0390  memory: 5481  loss: 0.4431  loss_cls: 0.2164  loss_bbox: 0.2267
2025/07/10 18:26:12 - mmengine - INFO - Exp name: retinanet_r50_fpn_1x_coco_20250709_093937
2025/07/10 18:26:45 - mmengine - INFO - Epoch(train) [10][4050/7330]  lr: 1.0000e-03  eta: 8:09:44  time: 1.6382  data_time: 0.0412  memory: 5481  loss: 0.4519  loss_cls: 0.2223  loss_bbox: 0.2296
2025/07/10 18:28:06 - mmengine - INFO - Epoch(train) [10][4100/7330]  lr: 1.0000e-03  eta: 8:08:22  time: 1.6171  data_time: 0.0384  memory: 5482  loss: 0.4522  loss_cls: 0.2209  loss_bbox: 0.2313
2025/07/10 18:29:29 - mmengine - INFO - Epoch(train) [10][4150/7330]  lr: 1.0000e-03  eta: 8:07:00  time: 1.6590  data_time: 0.0411  memory: 5482  loss: 0.4619  loss_cls: 0.2251  loss_bbox: 0.2369
2025/07/10 18:30:51 - mmengine - INFO - Epoch(train) [10][4200/7330]  lr: 1.0000e-03  eta: 8:05:38  time: 1.6289  data_time: 0.0365  memory: 5483  loss: 0.4573  loss_cls: 0.2195  loss_bbox: 0.2378
2025/07/10 18:32:12 - mmengine - INFO - Epoch(train) [10][4250/7330]  lr: 1.0000e-03  eta: 8:04:16  time: 1.6309  data_time: 0.0414  memory: 5480  loss: 0.4679  loss_cls: 0.2328  loss_bbox: 0.2351
2025/07/10 18:33:34 - mmengine - INFO - Epoch(train) [10][4300/7330]  lr: 1.0000e-03  eta: 8:02:54  time: 1.6404  data_time: 0.0394  memory: 5482  loss: 0.4481  loss_cls: 0.2202  loss_bbox: 0.2279
2025/07/10 18:34:57 - mmengine - INFO - Epoch(train) [10][4350/7330]  lr: 1.0000e-03  eta: 8:01:32  time: 1.6484  data_time: 0.0405  memory: 5481  loss: 0.4548  loss_cls: 0.2239  loss_bbox: 0.2310
2025/07/10 18:36:18 - mmengine - INFO - Epoch(train) [10][4400/7330]  lr: 1.0000e-03  eta: 8:00:10  time: 1.6299  data_time: 0.0395  memory: 5482  loss: 0.4678  loss_cls: 0.2327  loss_bbox: 0.2352
2025/07/10 18:37:40 - mmengine - INFO - Epoch(train) [10][4450/7330]  lr: 1.0000e-03  eta: 7:58:48  time: 1.6322  data_time: 0.0401  memory: 5481  loss: 0.4636  loss_cls: 0.2237  loss_bbox: 0.2399
2025/07/10 18:39:02 - mmengine - INFO - Epoch(train) [10][4500/7330]  lr: 1.0000e-03  eta: 7:57:26  time: 1.6359  data_time: 0.0408  memory: 5481  loss: 0.4633  loss_cls: 0.2259  loss_bbox: 0.2374
2025/07/10 18:40:23 - mmengine - INFO - Epoch(train) [10][4550/7330]  lr: 1.0000e-03  eta: 7:56:04  time: 1.6206  data_time: 0.0407  memory: 5483  loss: 0.4422  loss_cls: 0.2167  loss_bbox: 0.2255
2025/07/10 18:41:44 - mmengine - INFO - Epoch(train) [10][4600/7330]  lr: 1.0000e-03  eta: 7:54:42  time: 1.6302  data_time: 0.0403  memory: 5483  loss: 0.4645  loss_cls: 0.2244  loss_bbox: 0.2401
2025/07/10 18:43:08 - mmengine - INFO - Epoch(train) [10][4650/7330]  lr: 1.0000e-03  eta: 7:53:21  time: 1.6825  data_time: 0.0392  memory: 5481  loss: 0.4603  loss_cls: 0.2236  loss_bbox: 0.2366
2025/07/10 18:44:30 - mmengine - INFO - Epoch(train) [10][4700/7330]  lr: 1.0000e-03  eta: 7:51:59  time: 1.6411  data_time: 0.0416  memory: 5482  loss: 0.4601  loss_cls: 0.2257  loss_bbox: 0.2344
2025/07/10 18:45:53 - mmengine - INFO - Epoch(train) [10][4750/7330]  lr: 1.0000e-03  eta: 7:50:37  time: 1.6548  data_time: 0.0391  memory: 5481  loss: 0.4697  loss_cls: 0.2309  loss_bbox: 0.2388
2025/07/10 18:47:16 - mmengine - INFO - Epoch(train) [10][4800/7330]  lr: 1.0000e-03  eta: 7:49:16  time: 1.6585  data_time: 0.0408  memory: 5481  loss: 0.4649  loss_cls: 0.2307  loss_bbox: 0.2343
2025/07/10 18:48:38 - mmengine - INFO - Epoch(train) [10][4850/7330]  lr: 1.0000e-03  eta: 7:47:54  time: 1.6280  data_time: 0.0401  memory: 5483  loss: 0.4393  loss_cls: 0.2105  loss_bbox: 0.2288
2025/07/10 18:50:00 - mmengine - INFO - Epoch(train) [10][4900/7330]  lr: 1.0000e-03  eta: 7:46:32  time: 1.6518  data_time: 0.0388  memory: 5481  loss: 0.4609  loss_cls: 0.2243  loss_bbox: 0.2366
2025/07/10 18:51:24 - mmengine - INFO - Epoch(train) [10][4950/7330]  lr: 1.0000e-03  eta: 7:45:11  time: 1.6657  data_time: 0.0386  memory: 5482  loss: 0.4496  loss_cls: 0.2195  loss_bbox: 0.2301
2025/07/10 18:52:45 - mmengine - INFO - Epoch(train) [10][5000/7330]  lr: 1.0000e-03  eta: 7:43:49  time: 1.6328  data_time: 0.0339  memory: 5482  loss: 0.4824  loss_cls: 0.2432  loss_bbox: 0.2392
2025/07/10 18:53:35 - mmengine - INFO - Exp name: retinanet_r50_fpn_1x_coco_20250709_093937
2025/07/10 18:54:07 - mmengine - INFO - Epoch(train) [10][5050/7330]  lr: 1.0000e-03  eta: 7:42:27  time: 1.6343  data_time: 0.0402  memory: 5481  loss: 0.4598  loss_cls: 0.2259  loss_bbox: 0.2339
2025/07/10 18:55:29 - mmengine - INFO - Epoch(train) [10][5100/7330]  lr: 1.0000e-03  eta: 7:41:05  time: 1.6412  data_time: 0.0398  memory: 5481  loss: 0.4552  loss_cls: 0.2277  loss_bbox: 0.2276
2025/07/10 18:56:51 - mmengine - INFO - Epoch(train) [10][5150/7330]  lr: 1.0000e-03  eta: 7:39:43  time: 1.6430  data_time: 0.0370  memory: 5483  loss: 0.4343  loss_cls: 0.2178  loss_bbox: 0.2165
2025/07/10 18:58:13 - mmengine - INFO - Epoch(train) [10][5200/7330]  lr: 1.0000e-03  eta: 7:38:21  time: 1.6422  data_time: 0.0405  memory: 5481  loss: 0.4159  loss_cls: 0.2013  loss_bbox: 0.2147
2025/07/10 18:59:35 - mmengine - INFO - Epoch(train) [10][5250/7330]  lr: 1.0000e-03  eta: 7:36:59  time: 1.6358  data_time: 0.0426  memory: 5482  loss: 0.4491  loss_cls: 0.2182  loss_bbox: 0.2309
2025/07/10 19:00:57 - mmengine - INFO - Epoch(train) [10][5300/7330]  lr: 1.0000e-03  eta: 7:35:37  time: 1.6289  data_time: 0.0417  memory: 5481  loss: 0.4708  loss_cls: 0.2324  loss_bbox: 0.2384
2025/07/10 19:02:18 - mmengine - INFO - Epoch(train) [10][5350/7330]  lr: 1.0000e-03  eta: 7:34:15  time: 1.6145  data_time: 0.0417  memory: 5482  loss: 0.4703  loss_cls: 0.2340  loss_bbox: 0.2363
2025/07/10 19:03:40 - mmengine - INFO - Epoch(train) [10][5400/7330]  lr: 1.0000e-03  eta: 7:32:53  time: 1.6532  data_time: 0.0430  memory: 5483  loss: 0.4305  loss_cls: 0.2133  loss_bbox: 0.2172
2025/07/10 19:05:02 - mmengine - INFO - Epoch(train) [10][5450/7330]  lr: 1.0000e-03  eta: 7:31:31  time: 1.6432  data_time: 0.0398  memory: 5482  loss: 0.4453  loss_cls: 0.2200  loss_bbox: 0.2254
2025/07/10 19:06:24 - mmengine - INFO - Epoch(train) [10][5500/7330]  lr: 1.0000e-03  eta: 7:30:09  time: 1.6327  data_time: 0.0412  memory: 5482  loss: 0.4470  loss_cls: 0.2123  loss_bbox: 0.2347
2025/07/10 19:07:44 - mmengine - INFO - Epoch(train) [10][5550/7330]  lr: 1.0000e-03  eta: 7:28:47  time: 1.6040  data_time: 0.0413  memory: 5485  loss: 0.4625  loss_cls: 0.2277  loss_bbox: 0.2348
2025/07/10 19:09:07 - mmengine - INFO - Epoch(train) [10][5600/7330]  lr: 1.0000e-03  eta: 7:27:25  time: 1.6482  data_time: 0.0429  memory: 5482  loss: 0.4404  loss_cls: 0.2145  loss_bbox: 0.2259
2025/07/10 19:10:29 - mmengine - INFO - Epoch(train) [10][5650/7330]  lr: 1.0000e-03  eta: 7:26:04  time: 1.6502  data_time: 0.0420  memory: 5484  loss: 0.4763  loss_cls: 0.2386  loss_bbox: 0.2377
2025/07/10 19:11:51 - mmengine - INFO - Epoch(train) [10][5700/7330]  lr: 1.0000e-03  eta: 7:24:42  time: 1.6308  data_time: 0.0387  memory: 5481  loss: 0.4519  loss_cls: 0.2216  loss_bbox: 0.2303
2025/07/10 19:13:13 - mmengine - INFO - Epoch(train) [10][5750/7330]  lr: 1.0000e-03  eta: 7:23:20  time: 1.6336  data_time: 0.0379  memory: 5480  loss: 0.4465  loss_cls: 0.2243  loss_bbox: 0.2222
2025/07/10 19:14:35 - mmengine - INFO - Epoch(train) [10][5800/7330]  lr: 1.0000e-03  eta: 7:21:58  time: 1.6400  data_time: 0.0415  memory: 5481  loss: 0.4634  loss_cls: 0.2291  loss_bbox: 0.2344
2025/07/10 19:15:56 - mmengine - INFO - Epoch(train) [10][5850/7330]  lr: 1.0000e-03  eta: 7:20:36  time: 1.6321  data_time: 0.0393  memory: 5481  loss: 0.4622  loss_cls: 0.2310  loss_bbox: 0.2312
2025/07/10 19:17:19 - mmengine - INFO - Epoch(train) [10][5900/7330]  lr: 1.0000e-03  eta: 7:19:14  time: 1.6456  data_time: 0.0420  memory: 5481  loss: 0.4823  loss_cls: 0.2407  loss_bbox: 0.2416
2025/07/10 19:18:41 - mmengine - INFO - Epoch(train) [10][5950/7330]  lr: 1.0000e-03  eta: 7:17:52  time: 1.6479  data_time: 0.0416  memory: 5481  loss: 0.4772  loss_cls: 0.2418  loss_bbox: 0.2354
2025/07/10 19:20:03 - mmengine - INFO - Epoch(train) [10][6000/7330]  lr: 1.0000e-03  eta: 7:16:30  time: 1.6321  data_time: 0.0415  memory: 5483  loss: 0.4494  loss_cls: 0.2206  loss_bbox: 0.2287
2025/07/10 19:20:52 - mmengine - INFO - Exp name: retinanet_r50_fpn_1x_coco_20250709_093937
2025/07/10 19:21:25 - mmengine - INFO - Epoch(train) [10][6050/7330]  lr: 1.0000e-03  eta: 7:15:08  time: 1.6468  data_time: 0.0419  memory: 5483  loss: 0.4532  loss_cls: 0.2270  loss_bbox: 0.2262
2025/07/10 19:22:48 - mmengine - INFO - Epoch(train) [10][6100/7330]  lr: 1.0000e-03  eta: 7:13:47  time: 1.6577  data_time: 0.0399  memory: 5480  loss: 0.4594  loss_cls: 0.2316  loss_bbox: 0.2278
2025/07/10 19:24:10 - mmengine - INFO - Epoch(train) [10][6150/7330]  lr: 1.0000e-03  eta: 7:12:25  time: 1.6412  data_time: 0.0405  memory: 5480  loss: 0.4772  loss_cls: 0.2365  loss_bbox: 0.2407
2025/07/10 19:25:33 - mmengine - INFO - Epoch(train) [10][6200/7330]  lr: 1.0000e-03  eta: 7:11:03  time: 1.6659  data_time: 0.0427  memory: 5484  loss: 0.4524  loss_cls: 0.2230  loss_bbox: 0.2295
2025/07/10 19:26:55 - mmengine - INFO - Epoch(train) [10][6250/7330]  lr: 1.0000e-03  eta: 7:09:41  time: 1.6279  data_time: 0.0435  memory: 5480  loss: 0.4876  loss_cls: 0.2424  loss_bbox: 0.2452
2025/07/10 19:28:16 - mmengine - INFO - Epoch(train) [10][6300/7330]  lr: 1.0000e-03  eta: 7:08:19  time: 1.6290  data_time: 0.0410  memory: 5482  loss: 0.4500  loss_cls: 0.2217  loss_bbox: 0.2283
2025/07/10 19:29:38 - mmengine - INFO - Epoch(train) [10][6350/7330]  lr: 1.0000e-03  eta: 7:06:57  time: 1.6262  data_time: 0.0380  memory: 5482  loss: 0.4598  loss_cls: 0.2280  loss_bbox: 0.2317
2025/07/10 19:30:59 - mmengine - INFO - Epoch(train) [10][6400/7330]  lr: 1.0000e-03  eta: 7:05:35  time: 1.6304  data_time: 0.0409  memory: 5482  loss: 0.4582  loss_cls: 0.2214  loss_bbox: 0.2368
2025/07/10 19:32:22 - mmengine - INFO - Epoch(train) [10][6450/7330]  lr: 1.0000e-03  eta: 7:04:14  time: 1.6444  data_time: 0.0404  memory: 5481  loss: 0.4549  loss_cls: 0.2233  loss_bbox: 0.2317
2025/07/10 19:33:43 - mmengine - INFO - Epoch(train) [10][6500/7330]  lr: 1.0000e-03  eta: 7:02:51  time: 1.6266  data_time: 0.0387  memory: 5481  loss: 0.4758  loss_cls: 0.2382  loss_bbox: 0.2376
2025/07/10 19:35:05 - mmengine - INFO - Epoch(train) [10][6550/7330]  lr: 1.0000e-03  eta: 7:01:30  time: 1.6404  data_time: 0.0368  memory: 5481  loss: 0.4384  loss_cls: 0.2126  loss_bbox: 0.2258
2025/07/10 19:36:25 - mmengine - INFO - Epoch(train) [10][6600/7330]  lr: 1.0000e-03  eta: 7:00:07  time: 1.6099  data_time: 0.0436  memory: 5483  loss: 0.4614  loss_cls: 0.2238  loss_bbox: 0.2376
2025/07/10 19:37:48 - mmengine - INFO - Epoch(train) [10][6650/7330]  lr: 1.0000e-03  eta: 6:58:46  time: 1.6573  data_time: 0.0400  memory: 5481  loss: 0.4491  loss_cls: 0.2196  loss_bbox: 0.2295
2025/07/10 19:39:11 - mmengine - INFO - Epoch(train) [10][6700/7330]  lr: 1.0000e-03  eta: 6:57:24  time: 1.6441  data_time: 0.0434  memory: 5481  loss: 0.4519  loss_cls: 0.2226  loss_bbox: 0.2293
2025/07/10 19:40:33 - mmengine - INFO - Epoch(train) [10][6750/7330]  lr: 1.0000e-03  eta: 6:56:02  time: 1.6458  data_time: 0.0433  memory: 5484  loss: 0.4681  loss_cls: 0.2334  loss_bbox: 0.2347
2025/07/10 19:41:54 - mmengine - INFO - Epoch(train) [10][6800/7330]  lr: 1.0000e-03  eta: 6:54:40  time: 1.6224  data_time: 0.0412  memory: 5482  loss: 0.4639  loss_cls: 0.2342  loss_bbox: 0.2297
2025/07/10 19:43:16 - mmengine - INFO - Epoch(train) [10][6850/7330]  lr: 1.0000e-03  eta: 6:53:18  time: 1.6350  data_time: 0.0426  memory: 5481  loss: 0.4577  loss_cls: 0.2235  loss_bbox: 0.2341
2025/07/10 19:44:37 - mmengine - INFO - Epoch(train) [10][6900/7330]  lr: 1.0000e-03  eta: 6:51:56  time: 1.6269  data_time: 0.0428  memory: 5481  loss: 0.4706  loss_cls: 0.2317  loss_bbox: 0.2389
2025/07/10 19:45:59 - mmengine - INFO - Epoch(train) [10][6950/7330]  lr: 1.0000e-03  eta: 6:50:34  time: 1.6305  data_time: 0.0408  memory: 5481  loss: 0.4566  loss_cls: 0.2292  loss_bbox: 0.2274
2025/07/10 19:47:21 - mmengine - INFO - Epoch(train) [10][7000/7330]  lr: 1.0000e-03  eta: 6:49:12  time: 1.6334  data_time: 0.0407  memory: 5481  loss: 0.4463  loss_cls: 0.2202  loss_bbox: 0.2261
2025/07/10 19:48:08 - mmengine - INFO - Exp name: retinanet_r50_fpn_1x_coco_20250709_093937
2025/07/10 19:48:40 - mmengine - INFO - Epoch(train) [10][7050/7330]  lr: 1.0000e-03  eta: 6:47:50  time: 1.5918  data_time: 0.0411  memory: 5481  loss: 0.4589  loss_cls: 0.2271  loss_bbox: 0.2318
2025/07/10 19:50:02 - mmengine - INFO - Epoch(train) [10][7100/7330]  lr: 1.0000e-03  eta: 6:46:28  time: 1.6282  data_time: 0.0411  memory: 5481  loss: 0.4664  loss_cls: 0.2302  loss_bbox: 0.2362
2025/07/10 19:51:24 - mmengine - INFO - Epoch(train) [10][7150/7330]  lr: 1.0000e-03  eta: 6:45:06  time: 1.6452  data_time: 0.0418  memory: 5480  loss: 0.4721  loss_cls: 0.2437  loss_bbox: 0.2285
2025/07/10 19:52:46 - mmengine - INFO - Epoch(train) [10][7200/7330]  lr: 1.0000e-03  eta: 6:43:44  time: 1.6352  data_time: 0.0399  memory: 5481  loss: 0.4534  loss_cls: 0.2211  loss_bbox: 0.2323
2025/07/10 19:54:07 - mmengine - INFO - Epoch(train) [10][7250/7330]  lr: 1.0000e-03  eta: 6:42:22  time: 1.6319  data_time: 0.0389  memory: 5482  loss: 0.4595  loss_cls: 0.2325  loss_bbox: 0.2270
2025/07/10 19:55:30 - mmengine - INFO - Epoch(train) [10][7300/7330]  lr: 1.0000e-03  eta: 6:41:00  time: 1.6524  data_time: 0.0414  memory: 5483  loss: 0.4683  loss_cls: 0.2305  loss_bbox: 0.2378
2025/07/10 19:56:19 - mmengine - INFO - Exp name: retinanet_r50_fpn_1x_coco_20250709_093937
2025/07/10 19:56:19 - mmengine - INFO - Saving checkpoint at 10 epochs
2025/07/10 19:56:31 - mmengine - INFO - Epoch(val) [10][  50/1250]    eta: 0:04:02  time: 0.2020  data_time: 0.0100  memory: 7331  
2025/07/10 19:56:40 - mmengine - INFO - Epoch(val) [10][ 100/1250]    eta: 0:03:46  time: 0.1921  data_time: 0.0087  memory: 824  
2025/07/10 19:56:50 - mmengine - INFO - Epoch(val) [10][ 150/1250]    eta: 0:03:35  time: 0.1924  data_time: 0.0080  memory: 833  
2025/07/10 19:57:00 - mmengine - INFO - Epoch(val) [10][ 200/1250]    eta: 0:03:25  time: 0.1969  data_time: 0.0087  memory: 835  
2025/07/10 19:57:09 - mmengine - INFO - Epoch(val) [10][ 250/1250]    eta: 0:03:15  time: 0.1936  data_time: 0.0087  memory: 817  
2025/07/10 19:57:19 - mmengine - INFO - Epoch(val) [10][ 300/1250]    eta: 0:03:05  time: 0.1948  data_time: 0.0094  memory: 817  
2025/07/10 19:57:29 - mmengine - INFO - Epoch(val) [10][ 350/1250]    eta: 0:02:55  time: 0.1942  data_time: 0.0089  memory: 817  
2025/07/10 19:57:39 - mmengine - INFO - Epoch(val) [10][ 400/1250]    eta: 0:02:45  time: 0.1935  data_time: 0.0084  memory: 801  
2025/07/10 19:57:48 - mmengine - INFO - Epoch(val) [10][ 450/1250]    eta: 0:02:35  time: 0.1933  data_time: 0.0078  memory: 833  
2025/07/10 19:57:58 - mmengine - INFO - Epoch(val) [10][ 500/1250]    eta: 0:02:25  time: 0.1932  data_time: 0.0087  memory: 833  
2025/07/10 19:58:07 - mmengine - INFO - Epoch(val) [10][ 550/1250]    eta: 0:02:15  time: 0.1903  data_time: 0.0082  memory: 801  
2025/07/10 19:58:17 - mmengine - INFO - Epoch(val) [10][ 600/1250]    eta: 0:02:06  time: 0.1950  data_time: 0.0084  memory: 816  
2025/07/10 19:58:27 - mmengine - INFO - Epoch(val) [10][ 650/1250]    eta: 0:01:56  time: 0.1914  data_time: 0.0084  memory: 816  
2025/07/10 19:58:37 - mmengine - INFO - Epoch(val) [10][ 700/1250]    eta: 0:01:46  time: 0.1967  data_time: 0.0086  memory: 825  
2025/07/10 19:58:46 - mmengine - INFO - Epoch(val) [10][ 750/1250]    eta: 0:01:37  time: 0.1961  data_time: 0.0091  memory: 824  
2025/07/10 19:58:56 - mmengine - INFO - Epoch(val) [10][ 800/1250]    eta: 0:01:27  time: 0.1930  data_time: 0.0080  memory: 833  
2025/07/10 19:59:06 - mmengine - INFO - Epoch(val) [10][ 850/1250]    eta: 0:01:17  time: 0.1935  data_time: 0.0086  memory: 833  
2025/07/10 19:59:16 - mmengine - INFO - Epoch(val) [10][ 900/1250]    eta: 0:01:07  time: 0.1941  data_time: 0.0089  memory: 833  
2025/07/10 19:59:25 - mmengine - INFO - Epoch(val) [10][ 950/1250]    eta: 0:00:58  time: 0.1920  data_time: 0.0083  memory: 818  
2025/07/10 19:59:35 - mmengine - INFO - Epoch(val) [10][1000/1250]    eta: 0:00:48  time: 0.1908  data_time: 0.0083  memory: 818  
2025/07/10 19:59:44 - mmengine - INFO - Epoch(val) [10][1050/1250]    eta: 0:00:38  time: 0.1962  data_time: 0.0089  memory: 824  
2025/07/10 19:59:54 - mmengine - INFO - Epoch(val) [10][1100/1250]    eta: 0:00:29  time: 0.1936  data_time: 0.0088  memory: 833  
2025/07/10 20:00:04 - mmengine - INFO - Epoch(val) [10][1150/1250]    eta: 0:00:19  time: 0.1937  data_time: 0.0077  memory: 824  
2025/07/10 20:00:13 - mmengine - INFO - Epoch(val) [10][1200/1250]    eta: 0:00:09  time: 0.1917  data_time: 0.0084  memory: 824  
2025/07/10 20:00:23 - mmengine - INFO - Epoch(val) [10][1250/1250]    eta: 0:00:00  time: 0.1898  data_time: 0.0085  memory: 833  
2025/07/10 20:00:32 - mmengine - INFO - Evaluating bbox...
2025/07/10 20:01:37 - mmengine - INFO - bbox_mAP_copypaste: 0.359 0.551 0.383 0.202 0.395 0.471
2025/07/10 20:01:38 - mmengine - INFO - Epoch(val) [10][1250/1250]    coco/bbox_mAP: 0.3590  coco/bbox_mAP_50: 0.5510  coco/bbox_mAP_75: 0.3830  coco/bbox_mAP_s: 0.2020  coco/bbox_mAP_m: 0.3950  coco/bbox_mAP_l: 0.4710  data_time: 0.0086  time: 0.1937
2025/07/10 20:03:01 - mmengine - INFO - Epoch(train) [11][  50/7330]  lr: 1.0000e-03  eta: 6:38:49  time: 1.6522  data_time: 0.0456  memory: 5482  loss: 0.4605  loss_cls: 0.2267  loss_bbox: 0.2338
2025/07/10 20:04:24 - mmengine - INFO - Epoch(train) [11][ 100/7330]  lr: 1.0000e-03  eta: 6:37:28  time: 1.6540  data_time: 0.0407  memory: 5481  loss: 0.4474  loss_cls: 0.2200  loss_bbox: 0.2274
2025/07/10 20:05:46 - mmengine - INFO - Epoch(train) [11][ 150/7330]  lr: 1.0000e-03  eta: 6:36:06  time: 1.6423  data_time: 0.0439  memory: 5483  loss: 0.4426  loss_cls: 0.2149  loss_bbox: 0.2277
2025/07/10 20:07:08 - mmengine - INFO - Epoch(train) [11][ 200/7330]  lr: 1.0000e-03  eta: 6:34:44  time: 1.6387  data_time: 0.0435  memory: 5483  loss: 0.4521  loss_cls: 0.2253  loss_bbox: 0.2268
2025/07/10 20:08:30 - mmengine - INFO - Epoch(train) [11][ 250/7330]  lr: 1.0000e-03  eta: 6:33:22  time: 1.6414  data_time: 0.0426  memory: 5482  loss: 0.4618  loss_cls: 0.2241  loss_bbox: 0.2377
2025/07/10 20:09:51 - mmengine - INFO - Epoch(train) [11][ 300/7330]  lr: 1.0000e-03  eta: 6:32:00  time: 1.6245  data_time: 0.0426  memory: 5482  loss: 0.4693  loss_cls: 0.2300  loss_bbox: 0.2392
2025/07/10 20:11:13 - mmengine - INFO - Epoch(train) [11][ 350/7330]  lr: 1.0000e-03  eta: 6:30:38  time: 1.6332  data_time: 0.0409  memory: 5480  loss: 0.4800  loss_cls: 0.2328  loss_bbox: 0.2472
2025/07/10 20:12:34 - mmengine - INFO - Epoch(train) [11][ 400/7330]  lr: 1.0000e-03  eta: 6:29:16  time: 1.6262  data_time: 0.0407  memory: 5481  loss: 0.4572  loss_cls: 0.2278  loss_bbox: 0.2294
2025/07/10 20:13:55 - mmengine - INFO - Epoch(train) [11][ 450/7330]  lr: 1.0000e-03  eta: 6:27:54  time: 1.6217  data_time: 0.0420  memory: 5482  loss: 0.4560  loss_cls: 0.2242  loss_bbox: 0.2317
2025/07/10 20:15:17 - mmengine - INFO - Epoch(train) [11][ 500/7330]  lr: 1.0000e-03  eta: 6:26:32  time: 1.6310  data_time: 0.0412  memory: 5481  loss: 0.4443  loss_cls: 0.2192  loss_bbox: 0.2251
2025/07/10 20:16:39 - mmengine - INFO - Epoch(train) [11][ 550/7330]  lr: 1.0000e-03  eta: 6:25:10  time: 1.6360  data_time: 0.0406  memory: 5482  loss: 0.4777  loss_cls: 0.2328  loss_bbox: 0.2449
2025/07/10 20:18:01 - mmengine - INFO - Epoch(train) [11][ 600/7330]  lr: 1.0000e-03  eta: 6:23:48  time: 1.6473  data_time: 0.0398  memory: 5481  loss: 0.4738  loss_cls: 0.2332  loss_bbox: 0.2406
2025/07/10 20:19:23 - mmengine - INFO - Epoch(train) [11][ 650/7330]  lr: 1.0000e-03  eta: 6:22:26  time: 1.6277  data_time: 0.0412  memory: 5483  loss: 0.4497  loss_cls: 0.2211  loss_bbox: 0.2286
2025/07/10 20:20:44 - mmengine - INFO - Exp name: retinanet_r50_fpn_1x_coco_20250709_093937
2025/07/10 20:20:44 - mmengine - INFO - Epoch(train) [11][ 700/7330]  lr: 1.0000e-03  eta: 6:21:04  time: 1.6225  data_time: 0.0411  memory: 5482  loss: 0.4494  loss_cls: 0.2254  loss_bbox: 0.2241
2025/07/10 20:22:05 - mmengine - INFO - Epoch(train) [11][ 750/7330]  lr: 1.0000e-03  eta: 6:19:42  time: 1.6287  data_time: 0.0446  memory: 5481  loss: 0.4512  loss_cls: 0.2187  loss_bbox: 0.2324
2025/07/10 20:23:27 - mmengine - INFO - Epoch(train) [11][ 800/7330]  lr: 1.0000e-03  eta: 6:18:20  time: 1.6441  data_time: 0.0398  memory: 5483  loss: 0.4564  loss_cls: 0.2317  loss_bbox: 0.2247
2025/07/10 20:24:52 - mmengine - INFO - Epoch(train) [11][ 850/7330]  lr: 1.0000e-03  eta: 6:16:59  time: 1.6805  data_time: 0.0424  memory: 5483  loss: 0.4265  loss_cls: 0.2076  loss_bbox: 0.2189
2025/07/10 20:26:15 - mmengine - INFO - Epoch(train) [11][ 900/7330]  lr: 1.0000e-03  eta: 6:15:37  time: 1.6683  data_time: 0.0403  memory: 5481  loss: 0.4438  loss_cls: 0.2154  loss_bbox: 0.2284
2025/07/10 20:27:38 - mmengine - INFO - Epoch(train) [11][ 950/7330]  lr: 1.0000e-03  eta: 6:14:16  time: 1.6590  data_time: 0.0412  memory: 5482  loss: 0.4440  loss_cls: 0.2175  loss_bbox: 0.2266
2025/07/10 20:29:00 - mmengine - INFO - Epoch(train) [11][1000/7330]  lr: 1.0000e-03  eta: 6:12:54  time: 1.6305  data_time: 0.0400  memory: 5481  loss: 0.4621  loss_cls: 0.2301  loss_bbox: 0.2320
2025/07/10 20:30:21 - mmengine - INFO - Epoch(train) [11][1050/7330]  lr: 1.0000e-03  eta: 6:11:32  time: 1.6357  data_time: 0.0403  memory: 5483  loss: 0.4534  loss_cls: 0.2205  loss_bbox: 0.2329
2025/07/10 20:31:43 - mmengine - INFO - Epoch(train) [11][1100/7330]  lr: 1.0000e-03  eta: 6:10:10  time: 1.6325  data_time: 0.0399  memory: 5481  loss: 0.4836  loss_cls: 0.2400  loss_bbox: 0.2437
2025/07/10 20:33:05 - mmengine - INFO - Epoch(train) [11][1150/7330]  lr: 1.0000e-03  eta: 6:08:48  time: 1.6463  data_time: 0.0399  memory: 5483  loss: 0.4405  loss_cls: 0.2136  loss_bbox: 0.2269
2025/07/10 20:34:28 - mmengine - INFO - Epoch(train) [11][1200/7330]  lr: 1.0000e-03  eta: 6:07:26  time: 1.6488  data_time: 0.0396  memory: 5481  loss: 0.4415  loss_cls: 0.2149  loss_bbox: 0.2267
2025/07/10 20:35:50 - mmengine - INFO - Epoch(train) [11][1250/7330]  lr: 1.0000e-03  eta: 6:06:04  time: 1.6473  data_time: 0.0391  memory: 5482  loss: 0.4256  loss_cls: 0.2040  loss_bbox: 0.2216
2025/07/10 20:37:12 - mmengine - INFO - Epoch(train) [11][1300/7330]  lr: 1.0000e-03  eta: 6:04:42  time: 1.6269  data_time: 0.0399  memory: 5481  loss: 0.4526  loss_cls: 0.2222  loss_bbox: 0.2304
2025/07/10 20:38:34 - mmengine - INFO - Epoch(train) [11][1350/7330]  lr: 1.0000e-03  eta: 6:03:21  time: 1.6407  data_time: 0.0371  memory: 5481  loss: 0.4468  loss_cls: 0.2273  loss_bbox: 0.2195
2025/07/10 20:39:55 - mmengine - INFO - Epoch(train) [11][1400/7330]  lr: 1.0000e-03  eta: 6:01:59  time: 1.6242  data_time: 0.0315  memory: 5481  loss: 0.4845  loss_cls: 0.2409  loss_bbox: 0.2436
2025/07/10 20:41:16 - mmengine - INFO - Epoch(train) [11][1450/7330]  lr: 1.0000e-03  eta: 6:00:36  time: 1.6253  data_time: 0.0404  memory: 5481  loss: 0.4571  loss_cls: 0.2314  loss_bbox: 0.2257
2025/07/10 20:42:39 - mmengine - INFO - Epoch(train) [11][1500/7330]  lr: 1.0000e-03  eta: 5:59:15  time: 1.6486  data_time: 0.0422  memory: 5482  loss: 0.4439  loss_cls: 0.2186  loss_bbox: 0.2253
2025/07/10 20:44:00 - mmengine - INFO - Epoch(train) [11][1550/7330]  lr: 1.0000e-03  eta: 5:57:53  time: 1.6327  data_time: 0.0405  memory: 5481  loss: 0.4405  loss_cls: 0.2145  loss_bbox: 0.2260
2025/07/10 20:45:22 - mmengine - INFO - Epoch(train) [11][1600/7330]  lr: 1.0000e-03  eta: 5:56:31  time: 1.6232  data_time: 0.0420  memory: 5481  loss: 0.4788  loss_cls: 0.2383  loss_bbox: 0.2405
2025/07/10 20:46:45 - mmengine - INFO - Epoch(train) [11][1650/7330]  lr: 1.0000e-03  eta: 5:55:09  time: 1.6758  data_time: 0.0385  memory: 5481  loss: 0.4353  loss_cls: 0.2161  loss_bbox: 0.2192
2025/07/10 20:48:07 - mmengine - INFO - Exp name: retinanet_r50_fpn_1x_coco_20250709_093937
2025/07/10 20:48:07 - mmengine - INFO - Epoch(train) [11][1700/7330]  lr: 1.0000e-03  eta: 5:53:47  time: 1.6285  data_time: 0.0399  memory: 5482  loss: 0.4286  loss_cls: 0.2095  loss_bbox: 0.2191
2025/07/10 20:49:30 - mmengine - INFO - Epoch(train) [11][1750/7330]  lr: 1.0000e-03  eta: 5:52:25  time: 1.6568  data_time: 0.0439  memory: 5483  loss: 0.4599  loss_cls: 0.2277  loss_bbox: 0.2322
2025/07/10 20:50:51 - mmengine - INFO - Epoch(train) [11][1800/7330]  lr: 1.0000e-03  eta: 5:51:03  time: 1.6147  data_time: 0.0398  memory: 5481  loss: 0.4333  loss_cls: 0.2112  loss_bbox: 0.2222
2025/07/10 20:52:12 - mmengine - INFO - Epoch(train) [11][1850/7330]  lr: 1.0000e-03  eta: 5:49:41  time: 1.6217  data_time: 0.0408  memory: 5482  loss: 0.4463  loss_cls: 0.2238  loss_bbox: 0.2225
2025/07/10 20:53:33 - mmengine - INFO - Epoch(train) [11][1900/7330]  lr: 1.0000e-03  eta: 5:48:19  time: 1.6174  data_time: 0.0429  memory: 5485  loss: 0.4509  loss_cls: 0.2170  loss_bbox: 0.2339
2025/07/10 20:54:56 - mmengine - INFO - Epoch(train) [11][1950/7330]  lr: 1.0000e-03  eta: 5:46:58  time: 1.6665  data_time: 0.0408  memory: 5482  loss: 0.4487  loss_cls: 0.2167  loss_bbox: 0.2320
2025/07/10 20:56:19 - mmengine - INFO - Epoch(train) [11][2000/7330]  lr: 1.0000e-03  eta: 5:45:36  time: 1.6586  data_time: 0.0411  memory: 5482  loss: 0.4550  loss_cls: 0.2223  loss_bbox: 0.2327
2025/07/10 20:57:41 - mmengine - INFO - Epoch(train) [11][2050/7330]  lr: 1.0000e-03  eta: 5:44:14  time: 1.6339  data_time: 0.0380  memory: 5481  loss: 0.4292  loss_cls: 0.2101  loss_bbox: 0.2191
2025/07/10 20:59:02 - mmengine - INFO - Epoch(train) [11][2100/7330]  lr: 1.0000e-03  eta: 5:42:52  time: 1.6328  data_time: 0.0424  memory: 5481  loss: 0.4471  loss_cls: 0.2165  loss_bbox: 0.2306
2025/07/10 21:00:25 - mmengine - INFO - Epoch(train) [11][2150/7330]  lr: 1.0000e-03  eta: 5:41:30  time: 1.6556  data_time: 0.0439  memory: 5482  loss: 0.4329  loss_cls: 0.2106  loss_bbox: 0.2223
2025/07/10 21:01:47 - mmengine - INFO - Epoch(train) [11][2200/7330]  lr: 1.0000e-03  eta: 5:40:08  time: 1.6324  data_time: 0.0417  memory: 5481  loss: 0.4493  loss_cls: 0.2232  loss_bbox: 0.2261
2025/07/10 21:03:10 - mmengine - INFO - Epoch(train) [11][2250/7330]  lr: 1.0000e-03  eta: 5:38:47  time: 1.6576  data_time: 0.0415  memory: 5481  loss: 0.4477  loss_cls: 0.2285  loss_bbox: 0.2193
2025/07/10 21:04:31 - mmengine - INFO - Epoch(train) [11][2300/7330]  lr: 1.0000e-03  eta: 5:37:25  time: 1.6332  data_time: 0.0398  memory: 5482  loss: 0.4805  loss_cls: 0.2466  loss_bbox: 0.2339
2025/07/10 21:05:54 - mmengine - INFO - Epoch(train) [11][2350/7330]  lr: 1.0000e-03  eta: 5:36:03  time: 1.6559  data_time: 0.0391  memory: 5482  loss: 0.4582  loss_cls: 0.2240  loss_bbox: 0.2342
2025/07/10 21:07:15 - mmengine - INFO - Epoch(train) [11][2400/7330]  lr: 1.0000e-03  eta: 5:34:41  time: 1.6225  data_time: 0.0419  memory: 5482  loss: 0.4475  loss_cls: 0.2205  loss_bbox: 0.2270
2025/07/10 21:08:39 - mmengine - INFO - Epoch(train) [11][2450/7330]  lr: 1.0000e-03  eta: 5:33:19  time: 1.6805  data_time: 0.0417  memory: 5482  loss: 0.4593  loss_cls: 0.2241  loss_bbox: 0.2353
2025/07/10 21:10:01 - mmengine - INFO - Epoch(train) [11][2500/7330]  lr: 1.0000e-03  eta: 5:31:57  time: 1.6384  data_time: 0.0402  memory: 5481  loss: 0.4316  loss_cls: 0.2089  loss_bbox: 0.2226
2025/07/10 21:11:24 - mmengine - INFO - Epoch(train) [11][2550/7330]  lr: 1.0000e-03  eta: 5:30:36  time: 1.6542  data_time: 0.0363  memory: 5480  loss: 0.4495  loss_cls: 0.2231  loss_bbox: 0.2264
2025/07/10 21:12:46 - mmengine - INFO - Epoch(train) [11][2600/7330]  lr: 1.0000e-03  eta: 5:29:14  time: 1.6288  data_time: 0.0419  memory: 5482  loss: 0.4622  loss_cls: 0.2286  loss_bbox: 0.2336
2025/07/10 21:14:06 - mmengine - INFO - Epoch(train) [11][2650/7330]  lr: 1.0000e-03  eta: 5:27:52  time: 1.6053  data_time: 0.0374  memory: 5482  loss: 0.4511  loss_cls: 0.2159  loss_bbox: 0.2352
2025/07/10 21:15:28 - mmengine - INFO - Exp name: retinanet_r50_fpn_1x_coco_20250709_093937
2025/07/10 21:15:28 - mmengine - INFO - Epoch(train) [11][2700/7330]  lr: 1.0000e-03  eta: 5:26:30  time: 1.6387  data_time: 0.0393  memory: 5482  loss: 0.4803  loss_cls: 0.2398  loss_bbox: 0.2405
2025/07/10 21:16:51 - mmengine - INFO - Epoch(train) [11][2750/7330]  lr: 1.0000e-03  eta: 5:25:08  time: 1.6679  data_time: 0.0398  memory: 5481  loss: 0.4551  loss_cls: 0.2232  loss_bbox: 0.2319
2025/07/10 21:18:13 - mmengine - INFO - Epoch(train) [11][2800/7330]  lr: 1.0000e-03  eta: 5:23:46  time: 1.6256  data_time: 0.0391  memory: 5482  loss: 0.4436  loss_cls: 0.2138  loss_bbox: 0.2298
2025/07/10 21:19:34 - mmengine - INFO - Epoch(train) [11][2850/7330]  lr: 1.0000e-03  eta: 5:22:24  time: 1.6183  data_time: 0.0372  memory: 5481  loss: 0.4560  loss_cls: 0.2213  loss_bbox: 0.2347
2025/07/10 21:20:57 - mmengine - INFO - Epoch(train) [11][2900/7330]  lr: 1.0000e-03  eta: 5:21:02  time: 1.6634  data_time: 0.0382  memory: 5483  loss: 0.4258  loss_cls: 0.2122  loss_bbox: 0.2136
2025/07/10 21:22:19 - mmengine - INFO - Epoch(train) [11][2950/7330]  lr: 1.0000e-03  eta: 5:19:40  time: 1.6518  data_time: 0.0399  memory: 5483  loss: 0.4635  loss_cls: 0.2216  loss_bbox: 0.2419
2025/07/10 21:23:43 - mmengine - INFO - Epoch(train) [11][3000/7330]  lr: 1.0000e-03  eta: 5:18:19  time: 1.6761  data_time: 0.0437  memory: 5482  loss: 0.4792  loss_cls: 0.2382  loss_bbox: 0.2410
2025/07/10 21:25:06 - mmengine - INFO - Epoch(train) [11][3050/7330]  lr: 1.0000e-03  eta: 5:16:57  time: 1.6462  data_time: 0.0410  memory: 5480  loss: 0.4500  loss_cls: 0.2212  loss_bbox: 0.2288
2025/07/10 21:26:27 - mmengine - INFO - Epoch(train) [11][3100/7330]  lr: 1.0000e-03  eta: 5:15:35  time: 1.6329  data_time: 0.0409  memory: 5482  loss: 0.4624  loss_cls: 0.2280  loss_bbox: 0.2344
2025/07/10 21:27:48 - mmengine - INFO - Epoch(train) [11][3150/7330]  lr: 1.0000e-03  eta: 5:14:13  time: 1.6211  data_time: 0.0411  memory: 5482  loss: 0.4701  loss_cls: 0.2349  loss_bbox: 0.2352
2025/07/10 21:29:10 - mmengine - INFO - Epoch(train) [11][3200/7330]  lr: 1.0000e-03  eta: 5:12:51  time: 1.6318  data_time: 0.0402  memory: 5481  loss: 0.4448  loss_cls: 0.2157  loss_bbox: 0.2291
2025/07/10 21:30:32 - mmengine - INFO - Epoch(train) [11][3250/7330]  lr: 1.0000e-03  eta: 5:11:29  time: 1.6338  data_time: 0.0402  memory: 5480  loss: 0.4353  loss_cls: 0.2128  loss_bbox: 0.2225
2025/07/10 21:31:55 - mmengine - INFO - Epoch(train) [11][3300/7330]  lr: 1.0000e-03  eta: 5:10:07  time: 1.6598  data_time: 0.0413  memory: 5482  loss: 0.4490  loss_cls: 0.2170  loss_bbox: 0.2321
2025/07/10 21:33:18 - mmengine - INFO - Epoch(train) [11][3350/7330]  lr: 1.0000e-03  eta: 5:08:46  time: 1.6684  data_time: 0.0408  memory: 5482  loss: 0.4607  loss_cls: 0.2294  loss_bbox: 0.2313
2025/07/10 21:34:39 - mmengine - INFO - Epoch(train) [11][3400/7330]  lr: 1.0000e-03  eta: 5:07:24  time: 1.6224  data_time: 0.0432  memory: 5481  loss: 0.4710  loss_cls: 0.2373  loss_bbox: 0.2337
2025/07/10 21:36:00 - mmengine - INFO - Epoch(train) [11][3450/7330]  lr: 1.0000e-03  eta: 5:06:02  time: 1.6140  data_time: 0.0432  memory: 5482  loss: 0.4456  loss_cls: 0.2232  loss_bbox: 0.2224
2025/07/10 21:37:23 - mmengine - INFO - Epoch(train) [11][3500/7330]  lr: 1.0000e-03  eta: 5:04:40  time: 1.6597  data_time: 0.0423  memory: 5481  loss: 0.4640  loss_cls: 0.2237  loss_bbox: 0.2403
2025/07/10 21:38:46 - mmengine - INFO - Epoch(train) [11][3550/7330]  lr: 1.0000e-03  eta: 5:03:18  time: 1.6606  data_time: 0.0394  memory: 5481  loss: 0.4459  loss_cls: 0.2187  loss_bbox: 0.2272
2025/07/10 21:40:07 - mmengine - INFO - Epoch(train) [11][3600/7330]  lr: 1.0000e-03  eta: 5:01:56  time: 1.6103  data_time: 0.0412  memory: 5483  loss: 0.4479  loss_cls: 0.2160  loss_bbox: 0.2318
2025/07/10 21:41:28 - mmengine - INFO - Epoch(train) [11][3650/7330]  lr: 1.0000e-03  eta: 5:00:34  time: 1.6180  data_time: 0.0408  memory: 5480  loss: 0.4500  loss_cls: 0.2210  loss_bbox: 0.2290
2025/07/10 21:42:50 - mmengine - INFO - Exp name: retinanet_r50_fpn_1x_coco_20250709_093937
2025/07/10 21:42:50 - mmengine - INFO - Epoch(train) [11][3700/7330]  lr: 1.0000e-03  eta: 4:59:12  time: 1.6339  data_time: 0.0391  memory: 5483  loss: 0.4766  loss_cls: 0.2353  loss_bbox: 0.2414
2025/07/10 21:44:11 - mmengine - INFO - Epoch(train) [11][3750/7330]  lr: 1.0000e-03  eta: 4:57:50  time: 1.6252  data_time: 0.0400  memory: 5482  loss: 0.4405  loss_cls: 0.2203  loss_bbox: 0.2202
2025/07/10 21:45:34 - mmengine - INFO - Epoch(train) [11][3800/7330]  lr: 1.0000e-03  eta: 4:56:28  time: 1.6569  data_time: 0.0394  memory: 5480  loss: 0.4426  loss_cls: 0.2227  loss_bbox: 0.2199
2025/07/10 21:46:55 - mmengine - INFO - Epoch(train) [11][3850/7330]  lr: 1.0000e-03  eta: 4:55:06  time: 1.6188  data_time: 0.0370  memory: 5481  loss: 0.4584  loss_cls: 0.2178  loss_bbox: 0.2406
2025/07/10 21:48:16 - mmengine - INFO - Epoch(train) [11][3900/7330]  lr: 1.0000e-03  eta: 4:53:44  time: 1.6202  data_time: 0.0400  memory: 5483  loss: 0.4676  loss_cls: 0.2295  loss_bbox: 0.2382
2025/07/10 21:49:38 - mmengine - INFO - Epoch(train) [11][3950/7330]  lr: 1.0000e-03  eta: 4:52:22  time: 1.6449  data_time: 0.0431  memory: 5481  loss: 0.4564  loss_cls: 0.2299  loss_bbox: 0.2265
2025/07/10 21:51:00 - mmengine - INFO - Epoch(train) [11][4000/7330]  lr: 1.0000e-03  eta: 4:51:00  time: 1.6306  data_time: 0.0422  memory: 5483  loss: 0.4632  loss_cls: 0.2239  loss_bbox: 0.2392
2025/07/10 21:52:21 - mmengine - INFO - Epoch(train) [11][4050/7330]  lr: 1.0000e-03  eta: 4:49:38  time: 1.6221  data_time: 0.0435  memory: 5481  loss: 0.4557  loss_cls: 0.2204  loss_bbox: 0.2353
2025/07/10 21:53:43 - mmengine - INFO - Epoch(train) [11][4100/7330]  lr: 1.0000e-03  eta: 4:48:17  time: 1.6391  data_time: 0.0418  memory: 5481  loss: 0.4359  loss_cls: 0.2175  loss_bbox: 0.2184
2025/07/10 21:55:04 - mmengine - INFO - Epoch(train) [11][4150/7330]  lr: 1.0000e-03  eta: 4:46:55  time: 1.6325  data_time: 0.0388  memory: 5482  loss: 0.4481  loss_cls: 0.2181  loss_bbox: 0.2300
2025/07/10 21:56:25 - mmengine - INFO - Epoch(train) [11][4200/7330]  lr: 1.0000e-03  eta: 4:45:33  time: 1.6169  data_time: 0.0399  memory: 5481  loss: 0.4774  loss_cls: 0.2348  loss_bbox: 0.2426
2025/07/10 21:57:46 - mmengine - INFO - Epoch(train) [11][4250/7330]  lr: 1.0000e-03  eta: 4:44:11  time: 1.6221  data_time: 0.0412  memory: 5481  loss: 0.4350  loss_cls: 0.2113  loss_bbox: 0.2237
2025/07/10 21:59:09 - mmengine - INFO - Epoch(train) [11][4300/7330]  lr: 1.0000e-03  eta: 4:42:49  time: 1.6449  data_time: 0.0393  memory: 5480  loss: 0.4627  loss_cls: 0.2359  loss_bbox: 0.2267
2025/07/10 22:00:31 - mmengine - INFO - Epoch(train) [11][4350/7330]  lr: 1.0000e-03  eta: 4:41:27  time: 1.6462  data_time: 0.0415  memory: 5481  loss: 0.4536  loss_cls: 0.2217  loss_bbox: 0.2319
2025/07/10 22:01:53 - mmengine - INFO - Epoch(train) [11][4400/7330]  lr: 1.0000e-03  eta: 4:40:05  time: 1.6308  data_time: 0.0440  memory: 5480  loss: 0.4798  loss_cls: 0.2317  loss_bbox: 0.2481
2025/07/10 22:03:15 - mmengine - INFO - Epoch(train) [11][4450/7330]  lr: 1.0000e-03  eta: 4:38:43  time: 1.6538  data_time: 0.0400  memory: 5482  loss: 0.4766  loss_cls: 0.2359  loss_bbox: 0.2406
2025/07/10 22:04:39 - mmengine - INFO - Epoch(train) [11][4500/7330]  lr: 1.0000e-03  eta: 4:37:21  time: 1.6690  data_time: 0.0414  memory: 5482  loss: 0.4308  loss_cls: 0.2137  loss_bbox: 0.2171
2025/07/10 22:06:02 - mmengine - INFO - Epoch(train) [11][4550/7330]  lr: 1.0000e-03  eta: 4:36:00  time: 1.6635  data_time: 0.0359  memory: 5482  loss: 0.4486  loss_cls: 0.2140  loss_bbox: 0.2346
2025/07/10 22:07:24 - mmengine - INFO - Epoch(train) [11][4600/7330]  lr: 1.0000e-03  eta: 4:34:38  time: 1.6456  data_time: 0.0369  memory: 5481  loss: 0.4745  loss_cls: 0.2407  loss_bbox: 0.2339
2025/07/10 22:08:46 - mmengine - INFO - Epoch(train) [11][4650/7330]  lr: 1.0000e-03  eta: 4:33:16  time: 1.6399  data_time: 0.0376  memory: 5481  loss: 0.4316  loss_cls: 0.2101  loss_bbox: 0.2215
2025/07/10 22:10:08 - mmengine - INFO - Exp name: retinanet_r50_fpn_1x_coco_20250709_093937
2025/07/10 22:10:08 - mmengine - INFO - Epoch(train) [11][4700/7330]  lr: 1.0000e-03  eta: 4:31:54  time: 1.6380  data_time: 0.0381  memory: 5482  loss: 0.4672  loss_cls: 0.2252  loss_bbox: 0.2420
2025/07/10 22:11:30 - mmengine - INFO - Epoch(train) [11][4750/7330]  lr: 1.0000e-03  eta: 4:30:32  time: 1.6372  data_time: 0.0408  memory: 5481  loss: 0.4674  loss_cls: 0.2343  loss_bbox: 0.2331
2025/07/10 22:12:52 - mmengine - INFO - Epoch(train) [11][4800/7330]  lr: 1.0000e-03  eta: 4:29:10  time: 1.6355  data_time: 0.0390  memory: 5481  loss: 0.4811  loss_cls: 0.2365  loss_bbox: 0.2445
2025/07/10 22:14:13 - mmengine - INFO - Epoch(train) [11][4850/7330]  lr: 1.0000e-03  eta: 4:27:48  time: 1.6126  data_time: 0.0372  memory: 5482  loss: 0.4537  loss_cls: 0.2244  loss_bbox: 0.2293
2025/07/10 22:15:36 - mmengine - INFO - Epoch(train) [11][4900/7330]  lr: 1.0000e-03  eta: 4:26:26  time: 1.6652  data_time: 0.0392  memory: 5482  loss: 0.4429  loss_cls: 0.2186  loss_bbox: 0.2243
2025/07/10 22:16:59 - mmengine - INFO - Epoch(train) [11][4950/7330]  lr: 1.0000e-03  eta: 4:25:05  time: 1.6607  data_time: 0.0343  memory: 5482  loss: 0.4527  loss_cls: 0.2246  loss_bbox: 0.2282
2025/07/10 22:18:21 - mmengine - INFO - Epoch(train) [11][5000/7330]  lr: 1.0000e-03  eta: 4:23:43  time: 1.6329  data_time: 0.0413  memory: 5481  loss: 0.4405  loss_cls: 0.2159  loss_bbox: 0.2246
2025/07/10 22:19:43 - mmengine - INFO - Epoch(train) [11][5050/7330]  lr: 1.0000e-03  eta: 4:22:21  time: 1.6505  data_time: 0.0388  memory: 5482  loss: 0.4632  loss_cls: 0.2301  loss_bbox: 0.2331
2025/07/10 22:21:06 - mmengine - INFO - Epoch(train) [11][5100/7330]  lr: 1.0000e-03  eta: 4:20:59  time: 1.6426  data_time: 0.0378  memory: 5484  loss: 0.4375  loss_cls: 0.2201  loss_bbox: 0.2174
2025/07/10 22:22:25 - mmengine - INFO - Epoch(train) [11][5150/7330]  lr: 1.0000e-03  eta: 4:19:37  time: 1.5930  data_time: 0.0383  memory: 5481  loss: 0.4630  loss_cls: 0.2232  loss_bbox: 0.2398
2025/07/10 22:23:47 - mmengine - INFO - Epoch(train) [11][5200/7330]  lr: 1.0000e-03  eta: 4:18:15  time: 1.6323  data_time: 0.0336  memory: 5481  loss: 0.4512  loss_cls: 0.2205  loss_bbox: 0.2307
2025/07/10 22:25:09 - mmengine - INFO - Epoch(train) [11][5250/7330]  lr: 1.0000e-03  eta: 4:16:53  time: 1.6363  data_time: 0.0348  memory: 5483  loss: 0.4413  loss_cls: 0.2177  loss_bbox: 0.2236
2025/07/10 22:26:30 - mmengine - INFO - Epoch(train) [11][5300/7330]  lr: 1.0000e-03  eta: 4:15:31  time: 1.6297  data_time: 0.0386  memory: 5482  loss: 0.4566  loss_cls: 0.2207  loss_bbox: 0.2359
2025/07/10 22:27:51 - mmengine - INFO - Epoch(train) [11][5350/7330]  lr: 1.0000e-03  eta: 4:14:09  time: 1.6225  data_time: 0.0399  memory: 5481  loss: 0.4489  loss_cls: 0.2230  loss_bbox: 0.2260
2025/07/10 22:29:13 - mmengine - INFO - Epoch(train) [11][5400/7330]  lr: 1.0000e-03  eta: 4:12:47  time: 1.6339  data_time: 0.0398  memory: 5482  loss: 0.4678  loss_cls: 0.2279  loss_bbox: 0.2399
2025/07/10 22:30:36 - mmengine - INFO - Epoch(train) [11][5450/7330]  lr: 1.0000e-03  eta: 4:11:25  time: 1.6601  data_time: 0.0401  memory: 5482  loss: 0.4544  loss_cls: 0.2227  loss_bbox: 0.2317
2025/07/10 22:31:56 - mmengine - INFO - Epoch(train) [11][5500/7330]  lr: 1.0000e-03  eta: 4:10:03  time: 1.6045  data_time: 0.0363  memory: 5481  loss: 0.4560  loss_cls: 0.2231  loss_bbox: 0.2329
2025/07/10 22:33:18 - mmengine - INFO - Epoch(train) [11][5550/7330]  lr: 1.0000e-03  eta: 4:08:41  time: 1.6291  data_time: 0.0362  memory: 5482  loss: 0.4988  loss_cls: 0.2541  loss_bbox: 0.2447
2025/07/10 22:34:40 - mmengine - INFO - Epoch(train) [11][5600/7330]  lr: 1.0000e-03  eta: 4:07:19  time: 1.6385  data_time: 0.0379  memory: 5482  loss: 0.4640  loss_cls: 0.2245  loss_bbox: 0.2395
2025/07/10 22:36:02 - mmengine - INFO - Epoch(train) [11][5650/7330]  lr: 1.0000e-03  eta: 4:05:58  time: 1.6419  data_time: 0.0409  memory: 5481  loss: 0.4308  loss_cls: 0.2016  loss_bbox: 0.2292
2025/07/10 22:37:23 - mmengine - INFO - Exp name: retinanet_r50_fpn_1x_coco_20250709_093937
2025/07/10 22:37:23 - mmengine - INFO - Epoch(train) [11][5700/7330]  lr: 1.0000e-03  eta: 4:04:36  time: 1.6147  data_time: 0.0382  memory: 5481  loss: 0.4385  loss_cls: 0.2118  loss_bbox: 0.2267
2025/07/10 22:38:45 - mmengine - INFO - Epoch(train) [11][5750/7330]  lr: 1.0000e-03  eta: 4:03:14  time: 1.6370  data_time: 0.0370  memory: 5481  loss: 0.4396  loss_cls: 0.2198  loss_bbox: 0.2198
2025/07/10 22:40:07 - mmengine - INFO - Epoch(train) [11][5800/7330]  lr: 1.0000e-03  eta: 4:01:52  time: 1.6477  data_time: 0.0375  memory: 5482  loss: 0.4746  loss_cls: 0.2334  loss_bbox: 0.2412
2025/07/10 22:41:29 - mmengine - INFO - Epoch(train) [11][5850/7330]  lr: 1.0000e-03  eta: 4:00:30  time: 1.6310  data_time: 0.0352  memory: 5481  loss: 0.4633  loss_cls: 0.2301  loss_bbox: 0.2331
2025/07/10 22:42:50 - mmengine - INFO - Epoch(train) [11][5900/7330]  lr: 1.0000e-03  eta: 3:59:08  time: 1.6279  data_time: 0.0418  memory: 5482  loss: 0.4546  loss_cls: 0.2191  loss_bbox: 0.2355
2025/07/10 22:44:13 - mmengine - INFO - Epoch(train) [11][5950/7330]  lr: 1.0000e-03  eta: 3:57:46  time: 1.6496  data_time: 0.0414  memory: 5482  loss: 0.4368  loss_cls: 0.2111  loss_bbox: 0.2257
2025/07/10 22:45:34 - mmengine - INFO - Epoch(train) [11][6000/7330]  lr: 1.0000e-03  eta: 3:56:24  time: 1.6182  data_time: 0.0410  memory: 5480  loss: 0.4717  loss_cls: 0.2301  loss_bbox: 0.2417
2025/07/10 22:46:56 - mmengine - INFO - Epoch(train) [11][6050/7330]  lr: 1.0000e-03  eta: 3:55:02  time: 1.6481  data_time: 0.0422  memory: 5481  loss: 0.4400  loss_cls: 0.2139  loss_bbox: 0.2261
2025/07/10 22:48:19 - mmengine - INFO - Epoch(train) [11][6100/7330]  lr: 1.0000e-03  eta: 3:53:40  time: 1.6501  data_time: 0.0360  memory: 5483  loss: 0.4593  loss_cls: 0.2241  loss_bbox: 0.2352
2025/07/10 22:49:40 - mmengine - INFO - Epoch(train) [11][6150/7330]  lr: 1.0000e-03  eta: 3:52:18  time: 1.6189  data_time: 0.0426  memory: 5481  loss: 0.4445  loss_cls: 0.2164  loss_bbox: 0.2280
2025/07/10 22:51:01 - mmengine - INFO - Epoch(train) [11][6200/7330]  lr: 1.0000e-03  eta: 3:50:56  time: 1.6268  data_time: 0.0399  memory: 5481  loss: 0.4573  loss_cls: 0.2233  loss_bbox: 0.2340
2025/07/10 22:52:23 - mmengine - INFO - Epoch(train) [11][6250/7330]  lr: 1.0000e-03  eta: 3:49:35  time: 1.6411  data_time: 0.0421  memory: 5482  loss: 0.4703  loss_cls: 0.2310  loss_bbox: 0.2392
2025/07/10 22:53:45 - mmengine - INFO - Epoch(train) [11][6300/7330]  lr: 1.0000e-03  eta: 3:48:13  time: 1.6450  data_time: 0.0379  memory: 5482  loss: 0.4333  loss_cls: 0.2153  loss_bbox: 0.2179
2025/07/10 22:55:09 - mmengine - INFO - Epoch(train) [11][6350/7330]  lr: 1.0000e-03  eta: 3:46:51  time: 1.6651  data_time: 0.0411  memory: 5481  loss: 0.4738  loss_cls: 0.2350  loss_bbox: 0.2388
2025/07/10 22:56:31 - mmengine - INFO - Epoch(train) [11][6400/7330]  lr: 1.0000e-03  eta: 3:45:29  time: 1.6449  data_time: 0.0434  memory: 5480  loss: 0.4511  loss_cls: 0.2233  loss_bbox: 0.2277
2025/07/10 22:57:53 - mmengine - INFO - Epoch(train) [11][6450/7330]  lr: 1.0000e-03  eta: 3:44:07  time: 1.6340  data_time: 0.0410  memory: 5480  loss: 0.4553  loss_cls: 0.2240  loss_bbox: 0.2313
2025/07/10 22:59:14 - mmengine - INFO - Epoch(train) [11][6500/7330]  lr: 1.0000e-03  eta: 3:42:45  time: 1.6261  data_time: 0.0422  memory: 5481  loss: 0.4512  loss_cls: 0.2168  loss_bbox: 0.2344
2025/07/10 23:00:36 - mmengine - INFO - Epoch(train) [11][6550/7330]  lr: 1.0000e-03  eta: 3:41:23  time: 1.6422  data_time: 0.0427  memory: 5481  loss: 0.4208  loss_cls: 0.2031  loss_bbox: 0.2177
2025/07/10 23:01:58 - mmengine - INFO - Epoch(train) [11][6600/7330]  lr: 1.0000e-03  eta: 3:40:01  time: 1.6288  data_time: 0.0385  memory: 5480  loss: 0.4650  loss_cls: 0.2356  loss_bbox: 0.2294
2025/07/10 23:03:19 - mmengine - INFO - Epoch(train) [11][6650/7330]  lr: 1.0000e-03  eta: 3:38:39  time: 1.6309  data_time: 0.0433  memory: 5483  loss: 0.4571  loss_cls: 0.2204  loss_bbox: 0.2366
2025/07/10 23:04:40 - mmengine - INFO - Exp name: retinanet_r50_fpn_1x_coco_20250709_093937
2025/07/10 23:04:40 - mmengine - INFO - Epoch(train) [11][6700/7330]  lr: 1.0000e-03  eta: 3:37:17  time: 1.6242  data_time: 0.0402  memory: 5482  loss: 0.4593  loss_cls: 0.2376  loss_bbox: 0.2217
2025/07/10 23:06:02 - mmengine - INFO - Epoch(train) [11][6750/7330]  lr: 1.0000e-03  eta: 3:35:56  time: 1.6324  data_time: 0.0399  memory: 5484  loss: 0.4555  loss_cls: 0.2286  loss_bbox: 0.2269
2025/07/10 23:07:23 - mmengine - INFO - Epoch(train) [11][6800/7330]  lr: 1.0000e-03  eta: 3:34:34  time: 1.6190  data_time: 0.0371  memory: 5484  loss: 0.4773  loss_cls: 0.2326  loss_bbox: 0.2447
2025/07/10 23:08:44 - mmengine - INFO - Epoch(train) [11][6850/7330]  lr: 1.0000e-03  eta: 3:33:12  time: 1.6200  data_time: 0.0392  memory: 5481  loss: 0.4470  loss_cls: 0.2195  loss_bbox: 0.2275
2025/07/10 23:10:05 - mmengine - INFO - Epoch(train) [11][6900/7330]  lr: 1.0000e-03  eta: 3:31:50  time: 1.6222  data_time: 0.0422  memory: 5480  loss: 0.4507  loss_cls: 0.2192  loss_bbox: 0.2315
2025/07/10 23:11:28 - mmengine - INFO - Epoch(train) [11][6950/7330]  lr: 1.0000e-03  eta: 3:30:28  time: 1.6492  data_time: 0.0390  memory: 5482  loss: 0.4689  loss_cls: 0.2355  loss_bbox: 0.2334
2025/07/10 23:12:51 - mmengine - INFO - Epoch(train) [11][7000/7330]  lr: 1.0000e-03  eta: 3:29:06  time: 1.6628  data_time: 0.0442  memory: 5481  loss: 0.4363  loss_cls: 0.2105  loss_bbox: 0.2258
2025/07/10 23:14:12 - mmengine - INFO - Epoch(train) [11][7050/7330]  lr: 1.0000e-03  eta: 3:27:44  time: 1.6206  data_time: 0.0431  memory: 5482  loss: 0.4582  loss_cls: 0.2234  loss_bbox: 0.2348
2025/07/10 23:15:33 - mmengine - INFO - Epoch(train) [11][7100/7330]  lr: 1.0000e-03  eta: 3:26:22  time: 1.6213  data_time: 0.0282  memory: 5480  loss: 0.4495  loss_cls: 0.2225  loss_bbox: 0.2270
2025/07/10 23:16:56 - mmengine - INFO - Epoch(train) [11][7150/7330]  lr: 1.0000e-03  eta: 3:25:00  time: 1.6467  data_time: 0.0420  memory: 5483  loss: 0.4628  loss_cls: 0.2300  loss_bbox: 0.2327
2025/07/10 23:18:17 - mmengine - INFO - Epoch(train) [11][7200/7330]  lr: 1.0000e-03  eta: 3:23:38  time: 1.6314  data_time: 0.0433  memory: 5481  loss: 0.4460  loss_cls: 0.2174  loss_bbox: 0.2286
2025/07/10 23:19:39 - mmengine - INFO - Epoch(train) [11][7250/7330]  lr: 1.0000e-03  eta: 3:22:16  time: 1.6324  data_time: 0.0436  memory: 5480  loss: 0.4847  loss_cls: 0.2491  loss_bbox: 0.2357
2025/07/10 23:21:01 - mmengine - INFO - Epoch(train) [11][7300/7330]  lr: 1.0000e-03  eta: 3:20:54  time: 1.6368  data_time: 0.0408  memory: 5481  loss: 0.4881  loss_cls: 0.2407  loss_bbox: 0.2474
2025/07/10 23:21:49 - mmengine - INFO - Exp name: retinanet_r50_fpn_1x_coco_20250709_093937
2025/07/10 23:21:49 - mmengine - INFO - Saving checkpoint at 11 epochs
2025/07/10 23:22:01 - mmengine - INFO - Epoch(val) [11][  50/1250]    eta: 0:04:02  time: 0.2022  data_time: 0.0092  memory: 5479  
2025/07/10 23:22:10 - mmengine - INFO - Epoch(val) [11][ 100/1250]    eta: 0:03:46  time: 0.1914  data_time: 0.0078  memory: 824  
2025/07/10 23:22:20 - mmengine - INFO - Epoch(val) [11][ 150/1250]    eta: 0:03:34  time: 0.1921  data_time: 0.0077  memory: 832  
2025/07/10 23:22:30 - mmengine - INFO - Epoch(val) [11][ 200/1250]    eta: 0:03:24  time: 0.1939  data_time: 0.0067  memory: 834  
2025/07/10 23:22:39 - mmengine - INFO - Epoch(val) [11][ 250/1250]    eta: 0:03:14  time: 0.1932  data_time: 0.0084  memory: 817  
2025/07/10 23:22:49 - mmengine - INFO - Epoch(val) [11][ 300/1250]    eta: 0:03:04  time: 0.1931  data_time: 0.0081  memory: 816  
2025/07/10 23:22:59 - mmengine - INFO - Epoch(val) [11][ 350/1250]    eta: 0:02:54  time: 0.1931  data_time: 0.0072  memory: 816  
2025/07/10 23:23:08 - mmengine - INFO - Epoch(val) [11][ 400/1250]    eta: 0:02:44  time: 0.1926  data_time: 0.0077  memory: 800  
2025/07/10 23:23:18 - mmengine - INFO - Epoch(val) [11][ 450/1250]    eta: 0:02:35  time: 0.1935  data_time: 0.0072  memory: 832  
2025/07/10 23:23:28 - mmengine - INFO - Epoch(val) [11][ 500/1250]    eta: 0:02:25  time: 0.1921  data_time: 0.0074  memory: 832  
2025/07/10 23:23:37 - mmengine - INFO - Epoch(val) [11][ 550/1250]    eta: 0:02:15  time: 0.1903  data_time: 0.0078  memory: 800  
2025/07/10 23:23:47 - mmengine - INFO - Epoch(val) [11][ 600/1250]    eta: 0:02:05  time: 0.1938  data_time: 0.0075  memory: 816  
2025/07/10 23:23:56 - mmengine - INFO - Epoch(val) [11][ 650/1250]    eta: 0:01:55  time: 0.1887  data_time: 0.0066  memory: 816  
2025/07/10 23:24:06 - mmengine - INFO - Epoch(val) [11][ 700/1250]    eta: 0:01:46  time: 0.1959  data_time: 0.0080  memory: 824  
2025/07/10 23:24:16 - mmengine - INFO - Epoch(val) [11][ 750/1250]    eta: 0:01:36  time: 0.1934  data_time: 0.0074  memory: 824  
2025/07/10 23:24:25 - mmengine - INFO - Epoch(val) [11][ 800/1250]    eta: 0:01:26  time: 0.1923  data_time: 0.0082  memory: 832  
2025/07/10 23:24:35 - mmengine - INFO - Epoch(val) [11][ 850/1250]    eta: 0:01:17  time: 0.1901  data_time: 0.0067  memory: 832  
2025/07/10 23:24:45 - mmengine - INFO - Epoch(val) [11][ 900/1250]    eta: 0:01:07  time: 0.1914  data_time: 0.0073  memory: 832  
2025/07/10 23:24:54 - mmengine - INFO - Epoch(val) [11][ 950/1250]    eta: 0:00:57  time: 0.1908  data_time: 0.0079  memory: 818  
2025/07/10 23:25:04 - mmengine - INFO - Epoch(val) [11][1000/1250]    eta: 0:00:48  time: 0.1896  data_time: 0.0072  memory: 818  
2025/07/10 23:25:13 - mmengine - INFO - Epoch(val) [11][1050/1250]    eta: 0:00:38  time: 0.1943  data_time: 0.0070  memory: 824  
2025/07/10 23:25:23 - mmengine - INFO - Epoch(val) [11][1100/1250]    eta: 0:00:28  time: 0.1924  data_time: 0.0077  memory: 833  
2025/07/10 23:25:33 - mmengine - INFO - Epoch(val) [11][1150/1250]    eta: 0:00:19  time: 0.1929  data_time: 0.0075  memory: 824  
2025/07/10 23:25:42 - mmengine - INFO - Epoch(val) [11][1200/1250]    eta: 0:00:09  time: 0.1898  data_time: 0.0070  memory: 824  
2025/07/10 23:25:52 - mmengine - INFO - Epoch(val) [11][1250/1250]    eta: 0:00:00  time: 0.1880  data_time: 0.0068  memory: 833  
2025/07/10 23:25:59 - mmengine - INFO - Evaluating bbox...
2025/07/10 23:26:49 - mmengine - INFO - bbox_mAP_copypaste: 0.361 0.552 0.385 0.213 0.399 0.469
2025/07/10 23:26:50 - mmengine - INFO - Epoch(val) [11][1250/1250]    coco/bbox_mAP: 0.3610  coco/bbox_mAP_50: 0.5520  coco/bbox_mAP_75: 0.3850  coco/bbox_mAP_s: 0.2130  coco/bbox_mAP_m: 0.3990  coco/bbox_mAP_l: 0.4690  data_time: 0.0075  time: 0.1924
2025/07/10 23:28:12 - mmengine - INFO - Epoch(train) [12][  50/7330]  lr: 1.0000e-04  eta: 3:18:43  time: 1.6492  data_time: 0.0378  memory: 5481  loss: 0.4428  loss_cls: 0.2228  loss_bbox: 0.2200
2025/07/10 23:29:34 - mmengine - INFO - Epoch(train) [12][ 100/7330]  lr: 1.0000e-04  eta: 3:17:21  time: 1.6293  data_time: 0.0385  memory: 5481  loss: 0.4480  loss_cls: 0.2205  loss_bbox: 0.2275
2025/07/10 23:30:56 - mmengine - INFO - Epoch(train) [12][ 150/7330]  lr: 1.0000e-04  eta: 3:16:00  time: 1.6406  data_time: 0.0425  memory: 5481  loss: 0.4596  loss_cls: 0.2316  loss_bbox: 0.2281
2025/07/10 23:32:18 - mmengine - INFO - Epoch(train) [12][ 200/7330]  lr: 1.0000e-04  eta: 3:14:38  time: 1.6415  data_time: 0.0415  memory: 5481  loss: 0.4537  loss_cls: 0.2225  loss_bbox: 0.2312
2025/07/10 23:33:39 - mmengine - INFO - Epoch(train) [12][ 250/7330]  lr: 1.0000e-04  eta: 3:13:16  time: 1.6249  data_time: 0.0414  memory: 5481  loss: 0.4419  loss_cls: 0.2126  loss_bbox: 0.2293
2025/07/10 23:35:02 - mmengine - INFO - Epoch(train) [12][ 300/7330]  lr: 1.0000e-04  eta: 3:11:54  time: 1.6491  data_time: 0.0407  memory: 5481  loss: 0.4540  loss_cls: 0.2185  loss_bbox: 0.2355
2025/07/10 23:36:23 - mmengine - INFO - Epoch(train) [12][ 350/7330]  lr: 1.0000e-04  eta: 3:10:32  time: 1.6314  data_time: 0.0380  memory: 5485  loss: 0.4709  loss_cls: 0.2310  loss_bbox: 0.2398
2025/07/10 23:36:56 - mmengine - INFO - Exp name: retinanet_r50_fpn_1x_coco_20250709_093937
2025/07/10 23:37:46 - mmengine - INFO - Epoch(train) [12][ 400/7330]  lr: 1.0000e-04  eta: 3:09:10  time: 1.6477  data_time: 0.0388  memory: 5483  loss: 0.4255  loss_cls: 0.2074  loss_bbox: 0.2181
2025/07/10 23:39:08 - mmengine - INFO - Epoch(train) [12][ 450/7330]  lr: 1.0000e-04  eta: 3:07:48  time: 1.6447  data_time: 0.0410  memory: 5481  loss: 0.4412  loss_cls: 0.2186  loss_bbox: 0.2226
2025/07/10 23:40:31 - mmengine - INFO - Epoch(train) [12][ 500/7330]  lr: 1.0000e-04  eta: 3:06:26  time: 1.6508  data_time: 0.0404  memory: 5483  loss: 0.4496  loss_cls: 0.2228  loss_bbox: 0.2268
2025/07/10 23:41:53 - mmengine - INFO - Epoch(train) [12][ 550/7330]  lr: 1.0000e-04  eta: 3:05:05  time: 1.6455  data_time: 0.0423  memory: 5481  loss: 0.4428  loss_cls: 0.2178  loss_bbox: 0.2251
2025/07/10 23:43:15 - mmengine - INFO - Epoch(train) [12][ 600/7330]  lr: 1.0000e-04  eta: 3:03:43  time: 1.6368  data_time: 0.0431  memory: 5481  loss: 0.4171  loss_cls: 0.1997  loss_bbox: 0.2174
2025/07/10 23:44:38 - mmengine - INFO - Epoch(train) [12][ 650/7330]  lr: 1.0000e-04  eta: 3:02:21  time: 1.6649  data_time: 0.0441  memory: 5481  loss: 0.4397  loss_cls: 0.2080  loss_bbox: 0.2317
2025/07/10 23:46:00 - mmengine - INFO - Epoch(train) [12][ 700/7330]  lr: 1.0000e-04  eta: 3:00:59  time: 1.6395  data_time: 0.0424  memory: 5479  loss: 0.4754  loss_cls: 0.2333  loss_bbox: 0.2421
2025/07/10 23:47:23 - mmengine - INFO - Epoch(train) [12][ 750/7330]  lr: 1.0000e-04  eta: 2:59:37  time: 1.6477  data_time: 0.0423  memory: 5481  loss: 0.4738  loss_cls: 0.2350  loss_bbox: 0.2388
2025/07/10 23:48:44 - mmengine - INFO - Epoch(train) [12][ 800/7330]  lr: 1.0000e-04  eta: 2:58:15  time: 1.6211  data_time: 0.0443  memory: 5482  loss: 0.4301  loss_cls: 0.2064  loss_bbox: 0.2237
2025/07/10 23:50:05 - mmengine - INFO - Epoch(train) [12][ 850/7330]  lr: 1.0000e-04  eta: 2:56:53  time: 1.6221  data_time: 0.0409  memory: 5481  loss: 0.4242  loss_cls: 0.2034  loss_bbox: 0.2208
2025/07/10 23:51:26 - mmengine - INFO - Epoch(train) [12][ 900/7330]  lr: 1.0000e-04  eta: 2:55:31  time: 1.6303  data_time: 0.0398  memory: 5483  loss: 0.4093  loss_cls: 0.1951  loss_bbox: 0.2141
2025/07/10 23:52:47 - mmengine - INFO - Epoch(train) [12][ 950/7330]  lr: 1.0000e-04  eta: 2:54:09  time: 1.6160  data_time: 0.0431  memory: 5480  loss: 0.4457  loss_cls: 0.2185  loss_bbox: 0.2272
2025/07/10 23:54:07 - mmengine - INFO - Epoch(train) [12][1000/7330]  lr: 1.0000e-04  eta: 2:52:47  time: 1.6037  data_time: 0.0401  memory: 5481  loss: 0.4605  loss_cls: 0.2305  loss_bbox: 0.2300
2025/07/10 23:55:29 - mmengine - INFO - Epoch(train) [12][1050/7330]  lr: 1.0000e-04  eta: 2:51:25  time: 1.6323  data_time: 0.0367  memory: 5482  loss: 0.4346  loss_cls: 0.2149  loss_bbox: 0.2197
2025/07/10 23:56:51 - mmengine - INFO - Epoch(train) [12][1100/7330]  lr: 1.0000e-04  eta: 2:50:03  time: 1.6341  data_time: 0.0388  memory: 5482  loss: 0.4031  loss_cls: 0.1959  loss_bbox: 0.2072
2025/07/10 23:58:13 - mmengine - INFO - Epoch(train) [12][1150/7330]  lr: 1.0000e-04  eta: 2:48:42  time: 1.6395  data_time: 0.0424  memory: 5481  loss: 0.4325  loss_cls: 0.2111  loss_bbox: 0.2214
2025/07/10 23:59:36 - mmengine - INFO - Epoch(train) [12][1200/7330]  lr: 1.0000e-04  eta: 2:47:20  time: 1.6546  data_time: 0.0421  memory: 5481  loss: 0.4400  loss_cls: 0.2116  loss_bbox: 0.2284
2025/07/11 00:00:57 - mmengine - INFO - Epoch(train) [12][1250/7330]  lr: 1.0000e-04  eta: 2:45:58  time: 1.6358  data_time: 0.0385  memory: 5482  loss: 0.4722  loss_cls: 0.2271  loss_bbox: 0.2451
2025/07/11 00:02:20 - mmengine - INFO - Epoch(train) [12][1300/7330]  lr: 1.0000e-04  eta: 2:44:36  time: 1.6474  data_time: 0.0435  memory: 5483  loss: 0.4520  loss_cls: 0.2220  loss_bbox: 0.2300
2025/07/11 00:03:42 - mmengine - INFO - Epoch(train) [12][1350/7330]  lr: 1.0000e-04  eta: 2:43:14  time: 1.6516  data_time: 0.0412  memory: 5483  loss: 0.4249  loss_cls: 0.2080  loss_bbox: 0.2169
2025/07/11 00:04:16 - mmengine - INFO - Exp name: retinanet_r50_fpn_1x_coco_20250709_093937
2025/07/11 00:05:05 - mmengine - INFO - Epoch(train) [12][1400/7330]  lr: 1.0000e-04  eta: 2:41:52  time: 1.6585  data_time: 0.0427  memory: 5482  loss: 0.4235  loss_cls: 0.2050  loss_bbox: 0.2184
2025/07/11 00:06:27 - mmengine - INFO - Epoch(train) [12][1450/7330]  lr: 1.0000e-04  eta: 2:40:30  time: 1.6300  data_time: 0.0417  memory: 5480  loss: 0.4224  loss_cls: 0.1997  loss_bbox: 0.2227
2025/07/11 00:07:49 - mmengine - INFO - Epoch(train) [12][1500/7330]  lr: 1.0000e-04  eta: 2:39:09  time: 1.6468  data_time: 0.0384  memory: 5480  loss: 0.4547  loss_cls: 0.2166  loss_bbox: 0.2381
2025/07/11 00:09:11 - mmengine - INFO - Epoch(train) [12][1550/7330]  lr: 1.0000e-04  eta: 2:37:47  time: 1.6275  data_time: 0.0383  memory: 5482  loss: 0.4149  loss_cls: 0.2073  loss_bbox: 0.2075
2025/07/11 00:10:32 - mmengine - INFO - Epoch(train) [12][1600/7330]  lr: 1.0000e-04  eta: 2:36:25  time: 1.6286  data_time: 0.0409  memory: 5482  loss: 0.4455  loss_cls: 0.2185  loss_bbox: 0.2271
2025/07/11 00:11:54 - mmengine - INFO - Epoch(train) [12][1650/7330]  lr: 1.0000e-04  eta: 2:35:03  time: 1.6454  data_time: 0.0369  memory: 5481  loss: 0.4365  loss_cls: 0.2134  loss_bbox: 0.2231
2025/07/11 00:13:18 - mmengine - INFO - Epoch(train) [12][1700/7330]  lr: 1.0000e-04  eta: 2:33:41  time: 1.6660  data_time: 0.0350  memory: 5481  loss: 0.4177  loss_cls: 0.2070  loss_bbox: 0.2106
2025/07/11 00:14:42 - mmengine - INFO - Epoch(train) [12][1750/7330]  lr: 1.0000e-04  eta: 2:32:19  time: 1.6739  data_time: 0.0390  memory: 5483  loss: 0.4522  loss_cls: 0.2184  loss_bbox: 0.2338
2025/07/11 00:16:04 - mmengine - INFO - Epoch(train) [12][1800/7330]  lr: 1.0000e-04  eta: 2:30:57  time: 1.6448  data_time: 0.0409  memory: 5481  loss: 0.4266  loss_cls: 0.2151  loss_bbox: 0.2115
2025/07/11 00:17:26 - mmengine - INFO - Epoch(train) [12][1850/7330]  lr: 1.0000e-04  eta: 2:29:35  time: 1.6427  data_time: 0.0379  memory: 5484  loss: 0.4436  loss_cls: 0.2171  loss_bbox: 0.2265
2025/07/11 00:18:49 - mmengine - INFO - Epoch(train) [12][1900/7330]  lr: 1.0000e-04  eta: 2:28:14  time: 1.6512  data_time: 0.0396  memory: 5482  loss: 0.4541  loss_cls: 0.2228  loss_bbox: 0.2312
2025/07/11 00:20:11 - mmengine - INFO - Epoch(train) [12][1950/7330]  lr: 1.0000e-04  eta: 2:26:52  time: 1.6426  data_time: 0.0411  memory: 5481  loss: 0.4408  loss_cls: 0.2210  loss_bbox: 0.2198
2025/07/11 00:21:33 - mmengine - INFO - Epoch(train) [12][2000/7330]  lr: 1.0000e-04  eta: 2:25:30  time: 1.6491  data_time: 0.0402  memory: 5483  loss: 0.4417  loss_cls: 0.2093  loss_bbox: 0.2324
2025/07/11 00:22:55 - mmengine - INFO - Epoch(train) [12][2050/7330]  lr: 1.0000e-04  eta: 2:24:08  time: 1.6328  data_time: 0.0418  memory: 5481  loss: 0.4488  loss_cls: 0.2199  loss_bbox: 0.2289
2025/07/11 00:24:16 - mmengine - INFO - Epoch(train) [12][2100/7330]  lr: 1.0000e-04  eta: 2:22:46  time: 1.6183  data_time: 0.0422  memory: 5480  loss: 0.4228  loss_cls: 0.2088  loss_bbox: 0.2140
2025/07/11 00:25:37 - mmengine - INFO - Epoch(train) [12][2150/7330]  lr: 1.0000e-04  eta: 2:21:24  time: 1.6193  data_time: 0.0390  memory: 5482  loss: 0.4551  loss_cls: 0.2222  loss_bbox: 0.2329
2025/07/11 00:27:01 - mmengine - INFO - Epoch(train) [12][2200/7330]  lr: 1.0000e-04  eta: 2:20:02  time: 1.6724  data_time: 0.0411  memory: 5481  loss: 0.4558  loss_cls: 0.2238  loss_bbox: 0.2320
2025/07/11 00:28:23 - mmengine - INFO - Epoch(train) [12][2250/7330]  lr: 1.0000e-04  eta: 2:18:40  time: 1.6569  data_time: 0.0420  memory: 5482  loss: 0.4412  loss_cls: 0.2111  loss_bbox: 0.2301
2025/07/11 00:29:44 - mmengine - INFO - Epoch(train) [12][2300/7330]  lr: 1.0000e-04  eta: 2:17:18  time: 1.6057  data_time: 0.0375  memory: 5481  loss: 0.4336  loss_cls: 0.2099  loss_bbox: 0.2237
2025/07/11 00:31:07 - mmengine - INFO - Epoch(train) [12][2350/7330]  lr: 1.0000e-04  eta: 2:15:57  time: 1.6609  data_time: 0.0418  memory: 5482  loss: 0.4547  loss_cls: 0.2280  loss_bbox: 0.2267
2025/07/11 00:31:40 - mmengine - INFO - Exp name: retinanet_r50_fpn_1x_coco_20250709_093937
2025/07/11 00:32:30 - mmengine - INFO - Epoch(train) [12][2400/7330]  lr: 1.0000e-04  eta: 2:14:35  time: 1.6563  data_time: 0.0395  memory: 5481  loss: 0.4279  loss_cls: 0.2080  loss_bbox: 0.2199
2025/07/11 00:33:51 - mmengine - INFO - Epoch(train) [12][2450/7330]  lr: 1.0000e-04  eta: 2:13:13  time: 1.6252  data_time: 0.0427  memory: 5483  loss: 0.4700  loss_cls: 0.2313  loss_bbox: 0.2387
2025/07/11 00:35:13 - mmengine - INFO - Epoch(train) [12][2500/7330]  lr: 1.0000e-04  eta: 2:11:51  time: 1.6366  data_time: 0.0389  memory: 5481  loss: 0.4549  loss_cls: 0.2241  loss_bbox: 0.2308
2025/07/11 00:36:34 - mmengine - INFO - Epoch(train) [12][2550/7330]  lr: 1.0000e-04  eta: 2:10:29  time: 1.6248  data_time: 0.0414  memory: 5482  loss: 0.4451  loss_cls: 0.2235  loss_bbox: 0.2216
2025/07/11 00:37:54 - mmengine - INFO - Epoch(train) [12][2600/7330]  lr: 1.0000e-04  eta: 2:09:07  time: 1.6040  data_time: 0.0397  memory: 5481  loss: 0.4508  loss_cls: 0.2198  loss_bbox: 0.2310
2025/07/11 00:39:17 - mmengine - INFO - Epoch(train) [12][2650/7330]  lr: 1.0000e-04  eta: 2:07:45  time: 1.6512  data_time: 0.0418  memory: 5481  loss: 0.4419  loss_cls: 0.2164  loss_bbox: 0.2255
2025/07/11 00:40:39 - mmengine - INFO - Epoch(train) [12][2700/7330]  lr: 1.0000e-04  eta: 2:06:23  time: 1.6372  data_time: 0.0396  memory: 5483  loss: 0.4218  loss_cls: 0.2016  loss_bbox: 0.2202
2025/07/11 00:42:01 - mmengine - INFO - Epoch(train) [12][2750/7330]  lr: 1.0000e-04  eta: 2:05:01  time: 1.6490  data_time: 0.0443  memory: 5481  loss: 0.4397  loss_cls: 0.2187  loss_bbox: 0.2210
2025/07/11 00:43:23 - mmengine - INFO - Epoch(train) [12][2800/7330]  lr: 1.0000e-04  eta: 2:03:39  time: 1.6376  data_time: 0.0438  memory: 5483  loss: 0.4349  loss_cls: 0.2127  loss_bbox: 0.2222
2025/07/11 00:44:46 - mmengine - INFO - Epoch(train) [12][2850/7330]  lr: 1.0000e-04  eta: 2:02:18  time: 1.6450  data_time: 0.0426  memory: 5481  loss: 0.4206  loss_cls: 0.2070  loss_bbox: 0.2135
2025/07/11 00:46:06 - mmengine - INFO - Epoch(train) [12][2900/7330]  lr: 1.0000e-04  eta: 2:00:56  time: 1.6134  data_time: 0.0388  memory: 5482  loss: 0.4184  loss_cls: 0.1991  loss_bbox: 0.2194
2025/07/11 00:47:29 - mmengine - INFO - Epoch(train) [12][2950/7330]  lr: 1.0000e-04  eta: 1:59:34  time: 1.6554  data_time: 0.0408  memory: 5481  loss: 0.4388  loss_cls: 0.2175  loss_bbox: 0.2213
2025/07/11 00:48:52 - mmengine - INFO - Epoch(train) [12][3000/7330]  lr: 1.0000e-04  eta: 1:58:12  time: 1.6523  data_time: 0.0418  memory: 5482  loss: 0.4389  loss_cls: 0.2163  loss_bbox: 0.2226
2025/07/11 00:50:14 - mmengine - INFO - Epoch(train) [12][3050/7330]  lr: 1.0000e-04  eta: 1:56:50  time: 1.6421  data_time: 0.0413  memory: 5481  loss: 0.4528  loss_cls: 0.2214  loss_bbox: 0.2314
2025/07/11 00:51:36 - mmengine - INFO - Epoch(train) [12][3100/7330]  lr: 1.0000e-04  eta: 1:55:28  time: 1.6375  data_time: 0.0405  memory: 5483  loss: 0.4525  loss_cls: 0.2280  loss_bbox: 0.2244
2025/07/11 00:52:57 - mmengine - INFO - Epoch(train) [12][3150/7330]  lr: 1.0000e-04  eta: 1:54:06  time: 1.6150  data_time: 0.0385  memory: 5483  loss: 0.4371  loss_cls: 0.2111  loss_bbox: 0.2260
2025/07/11 00:54:19 - mmengine - INFO - Epoch(train) [12][3200/7330]  lr: 1.0000e-04  eta: 1:52:44  time: 1.6517  data_time: 0.0401  memory: 5481  loss: 0.4559  loss_cls: 0.2183  loss_bbox: 0.2376
2025/07/11 00:55:41 - mmengine - INFO - Epoch(train) [12][3250/7330]  lr: 1.0000e-04  eta: 1:51:22  time: 1.6282  data_time: 0.0413  memory: 5481  loss: 0.4343  loss_cls: 0.2091  loss_bbox: 0.2252
2025/07/11 00:57:04 - mmengine - INFO - Epoch(train) [12][3300/7330]  lr: 1.0000e-04  eta: 1:50:01  time: 1.6698  data_time: 0.0418  memory: 5481  loss: 0.4374  loss_cls: 0.2161  loss_bbox: 0.2213
2025/07/11 00:58:26 - mmengine - INFO - Epoch(train) [12][3350/7330]  lr: 1.0000e-04  eta: 1:48:39  time: 1.6330  data_time: 0.0421  memory: 5482  loss: 0.4496  loss_cls: 0.2170  loss_bbox: 0.2326
2025/07/11 00:58:59 - mmengine - INFO - Exp name: retinanet_r50_fpn_1x_coco_20250709_093937
2025/07/11 00:59:49 - mmengine - INFO - Epoch(train) [12][3400/7330]  lr: 1.0000e-04  eta: 1:47:17  time: 1.6536  data_time: 0.0400  memory: 5481  loss: 0.4252  loss_cls: 0.2023  loss_bbox: 0.2229
2025/07/11 01:01:11 - mmengine - INFO - Epoch(train) [12][3450/7330]  lr: 1.0000e-04  eta: 1:45:55  time: 1.6474  data_time: 0.0389  memory: 5481  loss: 0.4422  loss_cls: 0.2178  loss_bbox: 0.2244
2025/07/11 01:02:32 - mmengine - INFO - Epoch(train) [12][3500/7330]  lr: 1.0000e-04  eta: 1:44:33  time: 1.6212  data_time: 0.0375  memory: 5481  loss: 0.4151  loss_cls: 0.1997  loss_bbox: 0.2154
2025/07/11 01:03:55 - mmengine - INFO - Epoch(train) [12][3550/7330]  lr: 1.0000e-04  eta: 1:43:11  time: 1.6538  data_time: 0.0389  memory: 5482  loss: 0.4442  loss_cls: 0.2174  loss_bbox: 0.2268
2025/07/11 01:05:17 - mmengine - INFO - Epoch(train) [12][3600/7330]  lr: 1.0000e-04  eta: 1:41:49  time: 1.6495  data_time: 0.0354  memory: 5483  loss: 0.4543  loss_cls: 0.2159  loss_bbox: 0.2384
2025/07/11 01:06:39 - mmengine - INFO - Epoch(train) [12][3650/7330]  lr: 1.0000e-04  eta: 1:40:27  time: 1.6218  data_time: 0.0397  memory: 5481  loss: 0.4413  loss_cls: 0.2161  loss_bbox: 0.2252
2025/07/11 01:08:01 - mmengine - INFO - Epoch(train) [12][3700/7330]  lr: 1.0000e-04  eta: 1:39:05  time: 1.6399  data_time: 0.0418  memory: 5481  loss: 0.4555  loss_cls: 0.2204  loss_bbox: 0.2351
2025/07/11 01:09:23 - mmengine - INFO - Epoch(train) [12][3750/7330]  lr: 1.0000e-04  eta: 1:37:43  time: 1.6396  data_time: 0.0396  memory: 5482  loss: 0.4175  loss_cls: 0.2053  loss_bbox: 0.2122
2025/07/11 01:10:44 - mmengine - INFO - Epoch(train) [12][3800/7330]  lr: 1.0000e-04  eta: 1:36:22  time: 1.6324  data_time: 0.0424  memory: 5482  loss: 0.4415  loss_cls: 0.2116  loss_bbox: 0.2299
2025/07/11 01:12:06 - mmengine - INFO - Epoch(train) [12][3850/7330]  lr: 1.0000e-04  eta: 1:35:00  time: 1.6371  data_time: 0.0379  memory: 5482  loss: 0.4441  loss_cls: 0.2218  loss_bbox: 0.2222
2025/07/11 01:13:28 - mmengine - INFO - Epoch(train) [12][3900/7330]  lr: 1.0000e-04  eta: 1:33:38  time: 1.6434  data_time: 0.0428  memory: 5482  loss: 0.4577  loss_cls: 0.2300  loss_bbox: 0.2276
2025/07/11 01:14:49 - mmengine - INFO - Epoch(train) [12][3950/7330]  lr: 1.0000e-04  eta: 1:32:16  time: 1.6209  data_time: 0.0437  memory: 5482  loss: 0.4246  loss_cls: 0.1991  loss_bbox: 0.2254
2025/07/11 01:16:13 - mmengine - INFO - Epoch(train) [12][4000/7330]  lr: 1.0000e-04  eta: 1:30:54  time: 1.6709  data_time: 0.0418  memory: 5481  loss: 0.4478  loss_cls: 0.2132  loss_bbox: 0.2346
2025/07/11 01:17:35 - mmengine - INFO - Epoch(train) [12][4050/7330]  lr: 1.0000e-04  eta: 1:29:32  time: 1.6318  data_time: 0.0397  memory: 5483  loss: 0.4406  loss_cls: 0.2179  loss_bbox: 0.2228
2025/07/11 01:18:56 - mmengine - INFO - Epoch(train) [12][4100/7330]  lr: 1.0000e-04  eta: 1:28:10  time: 1.6173  data_time: 0.0393  memory: 5481  loss: 0.4375  loss_cls: 0.2129  loss_bbox: 0.2246
2025/07/11 01:20:19 - mmengine - INFO - Epoch(train) [12][4150/7330]  lr: 1.0000e-04  eta: 1:26:48  time: 1.6669  data_time: 0.0423  memory: 5481  loss: 0.4647  loss_cls: 0.2321  loss_bbox: 0.2326
2025/07/11 01:21:42 - mmengine - INFO - Epoch(train) [12][4200/7330]  lr: 1.0000e-04  eta: 1:25:26  time: 1.6540  data_time: 0.0402  memory: 5482  loss: 0.4504  loss_cls: 0.2185  loss_bbox: 0.2319
2025/07/11 01:23:03 - mmengine - INFO - Epoch(train) [12][4250/7330]  lr: 1.0000e-04  eta: 1:24:05  time: 1.6353  data_time: 0.0407  memory: 5482  loss: 0.4513  loss_cls: 0.2206  loss_bbox: 0.2306
2025/07/11 01:24:26 - mmengine - INFO - Epoch(train) [12][4300/7330]  lr: 1.0000e-04  eta: 1:22:43  time: 1.6467  data_time: 0.0416  memory: 5481  loss: 0.4482  loss_cls: 0.2213  loss_bbox: 0.2268
2025/07/11 01:25:47 - mmengine - INFO - Epoch(train) [12][4350/7330]  lr: 1.0000e-04  eta: 1:21:21  time: 1.6209  data_time: 0.0409  memory: 5481  loss: 0.4420  loss_cls: 0.2137  loss_bbox: 0.2283
2025/07/11 01:26:19 - mmengine - INFO - Exp name: retinanet_r50_fpn_1x_coco_20250709_093937
2025/07/11 01:27:08 - mmengine - INFO - Epoch(train) [12][4400/7330]  lr: 1.0000e-04  eta: 1:19:59  time: 1.6275  data_time: 0.0381  memory: 5483  loss: 0.4531  loss_cls: 0.2240  loss_bbox: 0.2292
2025/07/11 01:28:30 - mmengine - INFO - Epoch(train) [12][4450/7330]  lr: 1.0000e-04  eta: 1:18:37  time: 1.6318  data_time: 0.0421  memory: 5480  loss: 0.4291  loss_cls: 0.2119  loss_bbox: 0.2171
2025/07/11 01:29:53 - mmengine - INFO - Epoch(train) [12][4500/7330]  lr: 1.0000e-04  eta: 1:17:15  time: 1.6513  data_time: 0.0405  memory: 5484  loss: 0.4198  loss_cls: 0.2080  loss_bbox: 0.2119
2025/07/11 01:31:14 - mmengine - INFO - Epoch(train) [12][4550/7330]  lr: 1.0000e-04  eta: 1:15:53  time: 1.6262  data_time: 0.0410  memory: 5484  loss: 0.4541  loss_cls: 0.2207  loss_bbox: 0.2334
2025/07/11 01:32:35 - mmengine - INFO - Epoch(train) [12][4600/7330]  lr: 1.0000e-04  eta: 1:14:31  time: 1.6119  data_time: 0.0390  memory: 5481  loss: 0.4696  loss_cls: 0.2303  loss_bbox: 0.2393
2025/07/11 01:33:56 - mmengine - INFO - Epoch(train) [12][4650/7330]  lr: 1.0000e-04  eta: 1:13:09  time: 1.6180  data_time: 0.0421  memory: 5481  loss: 0.4157  loss_cls: 0.1999  loss_bbox: 0.2158
2025/07/11 01:35:17 - mmengine - INFO - Epoch(train) [12][4700/7330]  lr: 1.0000e-04  eta: 1:11:47  time: 1.6217  data_time: 0.0375  memory: 5480  loss: 0.4281  loss_cls: 0.2139  loss_bbox: 0.2141
2025/07/11 01:36:39 - mmengine - INFO - Epoch(train) [12][4750/7330]  lr: 1.0000e-04  eta: 1:10:25  time: 1.6417  data_time: 0.0413  memory: 5481  loss: 0.4346  loss_cls: 0.2062  loss_bbox: 0.2284
2025/07/11 01:38:01 - mmengine - INFO - Epoch(train) [12][4800/7330]  lr: 1.0000e-04  eta: 1:09:04  time: 1.6526  data_time: 0.0451  memory: 5482  loss: 0.4652  loss_cls: 0.2278  loss_bbox: 0.2373
2025/07/11 01:39:23 - mmengine - INFO - Epoch(train) [12][4850/7330]  lr: 1.0000e-04  eta: 1:07:42  time: 1.6322  data_time: 0.0432  memory: 5480  loss: 0.4424  loss_cls: 0.2143  loss_bbox: 0.2281
2025/07/11 01:40:44 - mmengine - INFO - Epoch(train) [12][4900/7330]  lr: 1.0000e-04  eta: 1:06:20  time: 1.6245  data_time: 0.0387  memory: 5482  loss: 0.4592  loss_cls: 0.2279  loss_bbox: 0.2314
2025/07/11 01:42:07 - mmengine - INFO - Epoch(train) [12][4950/7330]  lr: 1.0000e-04  eta: 1:04:58  time: 1.6586  data_time: 0.0410  memory: 5480  loss: 0.4680  loss_cls: 0.2313  loss_bbox: 0.2367
2025/07/11 01:43:30 - mmengine - INFO - Epoch(train) [12][5000/7330]  lr: 1.0000e-04  eta: 1:03:36  time: 1.6528  data_time: 0.0405  memory: 5482  loss: 0.4343  loss_cls: 0.2098  loss_bbox: 0.2245
2025/07/11 01:44:53 - mmengine - INFO - Epoch(train) [12][5050/7330]  lr: 1.0000e-04  eta: 1:02:14  time: 1.6586  data_time: 0.0402  memory: 5482  loss: 0.4345  loss_cls: 0.2089  loss_bbox: 0.2256
2025/07/11 01:46:14 - mmengine - INFO - Epoch(train) [12][5100/7330]  lr: 1.0000e-04  eta: 1:00:52  time: 1.6254  data_time: 0.0389  memory: 5484  loss: 0.4337  loss_cls: 0.2145  loss_bbox: 0.2192
2025/07/11 01:47:36 - mmengine - INFO - Epoch(train) [12][5150/7330]  lr: 1.0000e-04  eta: 0:59:30  time: 1.6389  data_time: 0.0404  memory: 5481  loss: 0.4515  loss_cls: 0.2166  loss_bbox: 0.2349
2025/07/11 01:48:59 - mmengine - INFO - Epoch(train) [12][5200/7330]  lr: 1.0000e-04  eta: 0:58:08  time: 1.6484  data_time: 0.0396  memory: 5482  loss: 0.4399  loss_cls: 0.2094  loss_bbox: 0.2305
2025/07/11 01:50:19 - mmengine - INFO - Epoch(train) [12][5250/7330]  lr: 1.0000e-04  eta: 0:56:46  time: 1.6072  data_time: 0.0436  memory: 5481  loss: 0.4564  loss_cls: 0.2206  loss_bbox: 0.2358
2025/07/11 01:51:40 - mmengine - INFO - Epoch(train) [12][5300/7330]  lr: 1.0000e-04  eta: 0:55:25  time: 1.6121  data_time: 0.0309  memory: 5481  loss: 0.4283  loss_cls: 0.2113  loss_bbox: 0.2170
2025/07/11 01:53:01 - mmengine - INFO - Epoch(train) [12][5350/7330]  lr: 1.0000e-04  eta: 0:54:03  time: 1.6331  data_time: 0.0422  memory: 5481  loss: 0.4293  loss_cls: 0.2084  loss_bbox: 0.2209
2025/07/11 01:53:34 - mmengine - INFO - Exp name: retinanet_r50_fpn_1x_coco_20250709_093937
2025/07/11 01:54:23 - mmengine - INFO - Epoch(train) [12][5400/7330]  lr: 1.0000e-04  eta: 0:52:41  time: 1.6365  data_time: 0.0433  memory: 5483  loss: 0.4725  loss_cls: 0.2352  loss_bbox: 0.2372
2025/07/11 01:55:45 - mmengine - INFO - Epoch(train) [12][5450/7330]  lr: 1.0000e-04  eta: 0:51:19  time: 1.6287  data_time: 0.0416  memory: 5480  loss: 0.4226  loss_cls: 0.2041  loss_bbox: 0.2184
2025/07/11 01:57:06 - mmengine - INFO - Epoch(train) [12][5500/7330]  lr: 1.0000e-04  eta: 0:49:57  time: 1.6226  data_time: 0.0404  memory: 5481  loss: 0.4453  loss_cls: 0.2157  loss_bbox: 0.2296
2025/07/11 01:58:30 - mmengine - INFO - Epoch(train) [12][5550/7330]  lr: 1.0000e-04  eta: 0:48:35  time: 1.6714  data_time: 0.0390  memory: 5485  loss: 0.4158  loss_cls: 0.2012  loss_bbox: 0.2145
2025/07/11 01:59:52 - mmengine - INFO - Epoch(train) [12][5600/7330]  lr: 1.0000e-04  eta: 0:47:13  time: 1.6433  data_time: 0.0416  memory: 5481  loss: 0.4702  loss_cls: 0.2336  loss_bbox: 0.2366
2025/07/11 02:01:15 - mmengine - INFO - Epoch(train) [12][5650/7330]  lr: 1.0000e-04  eta: 0:45:51  time: 1.6554  data_time: 0.0401  memory: 5482  loss: 0.4798  loss_cls: 0.2283  loss_bbox: 0.2515
2025/07/11 02:02:36 - mmengine - INFO - Epoch(train) [12][5700/7330]  lr: 1.0000e-04  eta: 0:44:29  time: 1.6317  data_time: 0.0407  memory: 5482  loss: 0.4496  loss_cls: 0.2187  loss_bbox: 0.2308
2025/07/11 02:03:58 - mmengine - INFO - Epoch(train) [12][5750/7330]  lr: 1.0000e-04  eta: 0:43:07  time: 1.6359  data_time: 0.0410  memory: 5482  loss: 0.4363  loss_cls: 0.2114  loss_bbox: 0.2249
2025/07/11 02:05:18 - mmengine - INFO - Epoch(train) [12][5800/7330]  lr: 1.0000e-04  eta: 0:41:46  time: 1.6018  data_time: 0.0424  memory: 5482  loss: 0.4344  loss_cls: 0.2098  loss_bbox: 0.2245
2025/07/11 02:06:40 - mmengine - INFO - Epoch(train) [12][5850/7330]  lr: 1.0000e-04  eta: 0:40:24  time: 1.6422  data_time: 0.0426  memory: 5482  loss: 0.4182  loss_cls: 0.2027  loss_bbox: 0.2155
2025/07/11 02:08:02 - mmengine - INFO - Epoch(train) [12][5900/7330]  lr: 1.0000e-04  eta: 0:39:02  time: 1.6386  data_time: 0.0448  memory: 5483  loss: 0.4604  loss_cls: 0.2213  loss_bbox: 0.2391
2025/07/11 02:09:25 - mmengine - INFO - Epoch(train) [12][5950/7330]  lr: 1.0000e-04  eta: 0:37:40  time: 1.6583  data_time: 0.0433  memory: 5482  loss: 0.4474  loss_cls: 0.2174  loss_bbox: 0.2300
2025/07/11 02:10:48 - mmengine - INFO - Epoch(train) [12][6000/7330]  lr: 1.0000e-04  eta: 0:36:18  time: 1.6461  data_time: 0.0424  memory: 5483  loss: 0.4519  loss_cls: 0.2236  loss_bbox: 0.2283
2025/07/11 02:12:08 - mmengine - INFO - Epoch(train) [12][6050/7330]  lr: 1.0000e-04  eta: 0:34:56  time: 1.6154  data_time: 0.0449  memory: 5481  loss: 0.4473  loss_cls: 0.2152  loss_bbox: 0.2321
2025/07/11 02:13:31 - mmengine - INFO - Epoch(train) [12][6100/7330]  lr: 1.0000e-04  eta: 0:33:34  time: 1.6555  data_time: 0.0411  memory: 5482  loss: 0.4510  loss_cls: 0.2184  loss_bbox: 0.2327
2025/07/11 02:14:54 - mmengine - INFO - Epoch(train) [12][6150/7330]  lr: 1.0000e-04  eta: 0:32:12  time: 1.6511  data_time: 0.0407  memory: 5481  loss: 0.4421  loss_cls: 0.2140  loss_bbox: 0.2280
2025/07/11 02:16:16 - mmengine - INFO - Epoch(train) [12][6200/7330]  lr: 1.0000e-04  eta: 0:30:50  time: 1.6453  data_time: 0.0410  memory: 5482  loss: 0.4380  loss_cls: 0.2151  loss_bbox: 0.2230
2025/07/11 02:17:39 - mmengine - INFO - Epoch(train) [12][6250/7330]  lr: 1.0000e-04  eta: 0:29:29  time: 1.6474  data_time: 0.0450  memory: 5481  loss: 0.4636  loss_cls: 0.2276  loss_bbox: 0.2361
2025/07/11 02:18:59 - mmengine - INFO - Epoch(train) [12][6300/7330]  lr: 1.0000e-04  eta: 0:28:07  time: 1.6116  data_time: 0.0462  memory: 5482  loss: 0.4605  loss_cls: 0.2343  loss_bbox: 0.2262
2025/07/11 02:20:21 - mmengine - INFO - Epoch(train) [12][6350/7330]  lr: 1.0000e-04  eta: 0:26:45  time: 1.6285  data_time: 0.0400  memory: 5482  loss: 0.4534  loss_cls: 0.2262  loss_bbox: 0.2272
2025/07/11 02:20:53 - mmengine - INFO - Exp name: retinanet_r50_fpn_1x_coco_20250709_093937
2025/07/11 02:21:42 - mmengine - INFO - Epoch(train) [12][6400/7330]  lr: 1.0000e-04  eta: 0:25:23  time: 1.6219  data_time: 0.0414  memory: 5483  loss: 0.4560  loss_cls: 0.2193  loss_bbox: 0.2367
2025/07/11 02:23:05 - mmengine - INFO - Epoch(train) [12][6450/7330]  lr: 1.0000e-04  eta: 0:24:01  time: 1.6533  data_time: 0.0438  memory: 5484  loss: 0.4480  loss_cls: 0.2223  loss_bbox: 0.2256
2025/07/11 02:24:27 - mmengine - INFO - Epoch(train) [12][6500/7330]  lr: 1.0000e-04  eta: 0:22:39  time: 1.6501  data_time: 0.0444  memory: 5481  loss: 0.4242  loss_cls: 0.2046  loss_bbox: 0.2196
2025/07/11 02:25:51 - mmengine - INFO - Epoch(train) [12][6550/7330]  lr: 1.0000e-04  eta: 0:21:17  time: 1.6722  data_time: 0.0420  memory: 5483  loss: 0.4418  loss_cls: 0.2130  loss_bbox: 0.2288
2025/07/11 02:27:13 - mmengine - INFO - Epoch(train) [12][6600/7330]  lr: 1.0000e-04  eta: 0:19:55  time: 1.6538  data_time: 0.0437  memory: 5481  loss: 0.4271  loss_cls: 0.2070  loss_bbox: 0.2201
2025/07/11 02:28:36 - mmengine - INFO - Epoch(train) [12][6650/7330]  lr: 1.0000e-04  eta: 0:18:33  time: 1.6496  data_time: 0.0419  memory: 5481  loss: 0.4461  loss_cls: 0.2158  loss_bbox: 0.2303
2025/07/11 02:29:58 - mmengine - INFO - Epoch(train) [12][6700/7330]  lr: 1.0000e-04  eta: 0:17:11  time: 1.6456  data_time: 0.0397  memory: 5482  loss: 0.4292  loss_cls: 0.2078  loss_bbox: 0.2214
2025/07/11 02:31:19 - mmengine - INFO - Epoch(train) [12][6750/7330]  lr: 1.0000e-04  eta: 0:15:50  time: 1.6219  data_time: 0.0417  memory: 5480  loss: 0.4389  loss_cls: 0.2148  loss_bbox: 0.2241
2025/07/11 02:32:41 - mmengine - INFO - Epoch(train) [12][6800/7330]  lr: 1.0000e-04  eta: 0:14:28  time: 1.6342  data_time: 0.0417  memory: 5481  loss: 0.4545  loss_cls: 0.2206  loss_bbox: 0.2338
2025/07/11 02:34:04 - mmengine - INFO - Epoch(train) [12][6850/7330]  lr: 1.0000e-04  eta: 0:13:06  time: 1.6491  data_time: 0.0447  memory: 5481  loss: 0.4267  loss_cls: 0.2062  loss_bbox: 0.2205
2025/07/11 02:35:26 - mmengine - INFO - Epoch(train) [12][6900/7330]  lr: 1.0000e-04  eta: 0:11:44  time: 1.6365  data_time: 0.0426  memory: 5481  loss: 0.4517  loss_cls: 0.2197  loss_bbox: 0.2320
2025/07/11 02:36:48 - mmengine - INFO - Epoch(train) [12][6950/7330]  lr: 1.0000e-04  eta: 0:10:22  time: 1.6584  data_time: 0.0442  memory: 5481  loss: 0.4273  loss_cls: 0.2080  loss_bbox: 0.2193
2025/07/11 02:38:10 - mmengine - INFO - Epoch(train) [12][7000/7330]  lr: 1.0000e-04  eta: 0:09:00  time: 1.6283  data_time: 0.0422  memory: 5481  loss: 0.4371  loss_cls: 0.2119  loss_bbox: 0.2252
2025/07/11 02:39:33 - mmengine - INFO - Epoch(train) [12][7050/7330]  lr: 1.0000e-04  eta: 0:07:38  time: 1.6521  data_time: 0.0431  memory: 5482  loss: 0.4101  loss_cls: 0.1940  loss_bbox: 0.2161
2025/07/11 02:40:55 - mmengine - INFO - Epoch(train) [12][7100/7330]  lr: 1.0000e-04  eta: 0:06:16  time: 1.6450  data_time: 0.0411  memory: 5482  loss: 0.4573  loss_cls: 0.2329  loss_bbox: 0.2244
2025/07/11 02:42:17 - mmengine - INFO - Epoch(train) [12][7150/7330]  lr: 1.0000e-04  eta: 0:04:54  time: 1.6403  data_time: 0.0417  memory: 5481  loss: 0.4370  loss_cls: 0.2186  loss_bbox: 0.2184
2025/07/11 02:43:39 - mmengine - INFO - Epoch(train) [12][7200/7330]  lr: 1.0000e-04  eta: 0:03:32  time: 1.6377  data_time: 0.0425  memory: 5481  loss: 0.4564  loss_cls: 0.2238  loss_bbox: 0.2326
2025/07/11 02:45:01 - mmengine - INFO - Epoch(train) [12][7250/7330]  lr: 1.0000e-04  eta: 0:02:11  time: 1.6367  data_time: 0.0429  memory: 5482  loss: 0.4346  loss_cls: 0.2125  loss_bbox: 0.2221
2025/07/11 02:46:23 - mmengine - INFO - Epoch(train) [12][7300/7330]  lr: 1.0000e-04  eta: 0:00:49  time: 1.6455  data_time: 0.0420  memory: 5482  loss: 0.4185  loss_cls: 0.2023  loss_bbox: 0.2162
2025/07/11 02:47:11 - mmengine - INFO - Exp name: retinanet_r50_fpn_1x_coco_20250709_093937
2025/07/11 02:47:11 - mmengine - INFO - Saving checkpoint at 12 epochs
2025/07/11 02:47:23 - mmengine - INFO - Epoch(val) [12][  50/1250]    eta: 0:04:03  time: 0.2028  data_time: 0.0100  memory: 8051  
2025/07/11 02:47:33 - mmengine - INFO - Epoch(val) [12][ 100/1250]    eta: 0:03:46  time: 0.1907  data_time: 0.0085  memory: 825  
2025/07/11 02:47:42 - mmengine - INFO - Epoch(val) [12][ 150/1250]    eta: 0:03:34  time: 0.1917  data_time: 0.0074  memory: 833  
2025/07/11 02:47:52 - mmengine - INFO - Epoch(val) [12][ 200/1250]    eta: 0:03:24  time: 0.1958  data_time: 0.0088  memory: 835  
2025/07/11 02:48:02 - mmengine - INFO - Epoch(val) [12][ 250/1250]    eta: 0:03:15  time: 0.1955  data_time: 0.0104  memory: 818  
2025/07/11 02:48:12 - mmengine - INFO - Epoch(val) [12][ 300/1250]    eta: 0:03:05  time: 0.1923  data_time: 0.0087  memory: 818  
2025/07/11 02:48:21 - mmengine - INFO - Epoch(val) [12][ 350/1250]    eta: 0:02:54  time: 0.1919  data_time: 0.0071  memory: 818  
2025/07/11 02:48:31 - mmengine - INFO - Epoch(val) [12][ 400/1250]    eta: 0:02:45  time: 0.1941  data_time: 0.0092  memory: 801  
2025/07/11 02:48:41 - mmengine - INFO - Epoch(val) [12][ 450/1250]    eta: 0:02:35  time: 0.1936  data_time: 0.0082  memory: 833  
2025/07/11 02:48:50 - mmengine - INFO - Epoch(val) [12][ 500/1250]    eta: 0:02:25  time: 0.1924  data_time: 0.0083  memory: 833  
2025/07/11 02:49:00 - mmengine - INFO - Epoch(val) [12][ 550/1250]    eta: 0:02:15  time: 0.1912  data_time: 0.0086  memory: 800  
2025/07/11 02:49:10 - mmengine - INFO - Epoch(val) [12][ 600/1250]    eta: 0:02:06  time: 0.1947  data_time: 0.0084  memory: 817  
2025/07/11 02:49:19 - mmengine - INFO - Epoch(val) [12][ 650/1250]    eta: 0:01:56  time: 0.1898  data_time: 0.0073  memory: 817  
2025/07/11 02:49:29 - mmengine - INFO - Epoch(val) [12][ 700/1250]    eta: 0:01:46  time: 0.1944  data_time: 0.0074  memory: 825  
2025/07/11 02:49:39 - mmengine - INFO - Epoch(val) [12][ 750/1250]    eta: 0:01:36  time: 0.1942  data_time: 0.0084  memory: 825  
2025/07/11 02:49:48 - mmengine - INFO - Epoch(val) [12][ 800/1250]    eta: 0:01:27  time: 0.1911  data_time: 0.0076  memory: 833  
2025/07/11 02:49:58 - mmengine - INFO - Epoch(val) [12][ 850/1250]    eta: 0:01:17  time: 0.1905  data_time: 0.0071  memory: 833  
2025/07/11 02:50:07 - mmengine - INFO - Epoch(val) [12][ 900/1250]    eta: 0:01:07  time: 0.1923  data_time: 0.0083  memory: 833  
2025/07/11 02:50:17 - mmengine - INFO - Epoch(val) [12][ 950/1250]    eta: 0:00:57  time: 0.1889  data_time: 0.0071  memory: 819  
2025/07/11 02:50:26 - mmengine - INFO - Epoch(val) [12][1000/1250]    eta: 0:00:48  time: 0.1895  data_time: 0.0078  memory: 819  
2025/07/11 02:50:36 - mmengine - INFO - Epoch(val) [12][1050/1250]    eta: 0:00:38  time: 0.1949  data_time: 0.0081  memory: 825  
2025/07/11 02:50:46 - mmengine - INFO - Epoch(val) [12][1100/1250]    eta: 0:00:28  time: 0.1923  data_time: 0.0083  memory: 833  
2025/07/11 02:50:55 - mmengine - INFO - Epoch(val) [12][1150/1250]    eta: 0:00:19  time: 0.1933  data_time: 0.0079  memory: 825  
2025/07/11 02:51:05 - mmengine - INFO - Epoch(val) [12][1200/1250]    eta: 0:00:09  time: 0.1910  data_time: 0.0077  memory: 825  
2025/07/11 02:51:14 - mmengine - INFO - Epoch(val) [12][1250/1250]    eta: 0:00:00  time: 0.1894  data_time: 0.0078  memory: 833  
2025/07/11 02:51:21 - mmengine - INFO - Evaluating bbox...
2025/07/11 02:52:12 - mmengine - INFO - bbox_mAP_copypaste: 0.364 0.556 0.387 0.210 0.402 0.476
2025/07/11 02:52:13 - mmengine - INFO - Epoch(val) [12][1250/1250]    coco/bbox_mAP: 0.3640  coco/bbox_mAP_50: 0.5560  coco/bbox_mAP_75: 0.3870  coco/bbox_mAP_s: 0.2100  coco/bbox_mAP_m: 0.4020  coco/bbox_mAP_l: 0.4760  data_time: 0.0082  time: 0.1927
