--------------+------------------------------------------------
 Host IP      | 100.10.14.73
 PyTorch      | 2.4.0a0+git4451b0e
 Torch-SDAA   | 20250616.14.30.dev0+git35328dc
--------------+------------------------------------------------
 SDAA Driver  | 2.1.0 (N/A)
 SDAA Runtime | 2.1.0 (/opt/tecoai/lib64/libsdaart.so)
 SDPTI        | 1.4.0b0 (/opt/tecoai/lib64/libsdpti.so)
 TecoDNN      | 2.2.0b0 (/opt/tecoai/lib64/libtecodnn.so)
 TecoBLAS     | 2.2.0b0 (/opt/tecoai/lib64/libtecoblas.so)
 CustomDNN    | 1.20.0a0 (/opt/tecoai/lib64/libtecodnn_ext.so)
 TecoRAND     | 2.0.1 (/opt/tecoai/lib64/libtecorand.so)
 TCCL         | 1.23.0 (/opt/tecoai/lib64/libtccl.so)
--------------+------------------------------------------------
W0822 00:46:29.995000 140166235686720 torch/distributed/run.py:779] 
W0822 00:46:29.995000 140166235686720 torch/distributed/run.py:779] *****************************************
W0822 00:46:29.995000 140166235686720 torch/distributed/run.py:779] Setting OMP_NUM_THREADS environment variable for each process to be 1 in default, to avoid your system being overloaded, please further tune the variable for optimal performance in your application as needed. 
W0822 00:46:29.995000 140166235686720 torch/distributed/run.py:779] *****************************************
--------------+------------------------------------------------
 Host IP      | 100.10.14.73
 PyTorch      | 2.4.0a0+git4451b0e
 Torch-SDAA   | 20250616.14.30.dev0+git35328dc
--------------+------------------------------------------------
 SDAA Driver  | 2.1.0 (N/A)
 SDAA Runtime | 2.1.0 (/opt/tecoai/lib64/libsdaart.so)
 SDPTI        | 1.4.0b0 (/opt/tecoai/lib64/libsdpti.so)
 TecoDNN      | 2.2.0b0 (/opt/tecoai/lib64/libtecodnn.so)
 TecoBLAS     | 2.2.0b0 (/opt/tecoai/lib64/libtecoblas.so)
 CustomDNN    | 1.20.0a0 (/opt/tecoai/lib64/libtecodnn_ext.so)
 TecoRAND     | 2.0.1 (/opt/tecoai/lib64/libtecorand.so)
 TCCL         | 1.23.0 (/opt/tecoai/lib64/libtccl.so)
--------------+--------------------------------------------------------------+------------------------------------------------
 Host IP      | 100.10.14.73
 PyTorch      | 2.4.0a0+git4451b0e
 Torch-SDAA   | 20250616.14.30.dev0+git35328dc
--------------+------------------------------------------------
 SDAA Driver  | 2.1.0 (N/A)
 SDAA Runtime | 2.1.0 (/opt/tecoai/lib64/libsdaart.so)
 SDPTI        | 1.4.0b0 (/opt/tecoai/lib64/libsdpti.so)
 TecoDNN      | 2.2.0b0 (/opt/tecoai/lib64/libtecodnn.so)
 TecoBLAS     | 2.2.0b0 (/opt/tecoai/lib64/libtecoblas.so)
 CustomDNN    | 1.20.0a0 (/opt/tecoai/lib64/libtecodnn_ext.so)
 TecoRAND     | 2.0.1 (/opt/tecoai/lib64/libtecorand.so)
 TCCL         | 1.23.0 (/opt/tecoai/lib64/libtccl.so)
--------------+------------------------------------------------

--------------+------------------------------------------------
 Host IP      | 100.10.14.73
 PyTorch      | 2.4.0a0+git4451b0e
 Torch-SDAA   | 20250616.14.30.dev0+git35328dc
--------------+------------------------------------------------
 SDAA Driver  | 2.1.0 (N/A)
 SDAA Runtime | 2.1.0 (/opt/tecoai/lib64/libsdaart.so)
 SDPTI        | 1.4.0b0 (/opt/tecoai/lib64/libsdpti.so)
 TecoDNN      | 2.2.0b0 (/opt/tecoai/lib64/libtecodnn.so)
 TecoBLAS     | 2.2.0b0 (/opt/tecoai/lib64/libtecoblas.so)
 CustomDNN    | 1.20.0a0 (/opt/tecoai/lib64/libtecodnn_ext.so)
 TecoRAND     | 2.0.1 (/opt/tecoai/lib64/libtecorand.so)
 TCCL         | 1.23.0 (/opt/tecoai/lib64/libtccl.so)
--------------+------------------------------------------------
--------------+------------------------------------------------
 Host IP      | 100.10.14.73
 PyTorch      | 2.4.0a0+git4451b0e
 Torch-SDAA   | 20250616.14.30.dev0+git35328dc
--------------+------------------------------------------------
 SDAA Driver  | 2.1.0 (N/A)
 SDAA Runtime | 2.1.0 (/opt/tecoai/lib64/libsdaart.so)
 SDPTI        | 1.4.0b0 (/opt/tecoai/lib64/libsdpti.so)
 TecoDNN      | 2.2.0b0 (/opt/tecoai/lib64/libtecodnn.so)
 TecoBLAS     | 2.2.0b0 (/opt/tecoai/lib64/libtecoblas.so)
 CustomDNN    | 1.20.0a0 (/opt/tecoai/lib64/libtecodnn_ext.so)
 TecoRAND     | 2.0.1 (/opt/tecoai/lib64/libtecorand.so)
 TCCL         | 1.23.0 (/opt/tecoai/lib64/libtccl.so)
--------------+------------------------------------------------
/data/bigc-data/lcs/envs/mmseg/lib/python3.10/site-packages/mmengine/optim/optimizer/zero_optimizer.py:11: DeprecationWarning: `TorchScript` support for functional optimizers is deprecated and will be removed in a future PyTorch release. Consider using the `torch.compile` optimizer instead.
  from torch.distributed.optim import \
/data/bigc-data/lcs/envs/mmseg/lib/python3.10/site-packages/mmengine/optim/optimizer/zero_optimizer.py:11: DeprecationWarning: `TorchScript` support for functional optimizers is deprecated and will be removed in a future PyTorch release. Consider using the `torch.compile` optimizer instead.
  from torch.distributed.optim import \
/data/bigc-data/lcs/envs/mmseg/lib/python3.10/site-packages/mmengine/optim/optimizer/zero_optimizer.py:11: DeprecationWarning: `TorchScript` support for functional optimizers is deprecated and will be removed in a future PyTorch release. Consider using the `torch.compile` optimizer instead.
  from torch.distributed.optim import \
/data/bigc-data/lcs/envs/mmseg/lib/python3.10/site-packages/mmengine/optim/optimizer/zero_optimizer.py:11: DeprecationWarning: `TorchScript` support for functional optimizers is deprecated and will be removed in a future PyTorch release. Consider using the `torch.compile` optimizer instead.
  from torch.distributed.optim import \
/data/bigc-data/lcs/envs/mmseg/lib/python3.10/site-packages/mmengine/utils/dl_utils/setup_env.py:56: UserWarning: Setting MKL_NUM_THREADS environment variable for each process to be 1 in default, to avoid your system being overloaded, please further tune the variable for optimal performance in your application as needed.
  warnings.warn(
/data/bigc-data/lcs/envs/mmseg/lib/python3.10/site-packages/mmengine/utils/dl_utils/setup_env.py:56: UserWarning: Setting MKL_NUM_THREADS environment variable for each process to be 1 in default, to avoid your system being overloaded, please further tune the variable for optimal performance in your application as needed.
  warnings.warn(
/data/bigc-data/lcs/envs/mmseg/lib/python3.10/site-packages/mmengine/utils/dl_utils/setup_env.py:56: UserWarning: Setting MKL_NUM_THREADS environment variable for each process to be 1 in default, to avoid your system being overloaded, please further tune the variable for optimal performance in your application as needed.
  warnings.warn(
/data/bigc-data/lcs/envs/mmseg/lib/python3.10/site-packages/mmengine/utils/dl_utils/setup_env.py:56: UserWarning: Setting MKL_NUM_THREADS environment variable for each process to be 1 in default, to avoid your system being overloaded, please further tune the variable for optimal performance in your application as needed.
  warnings.warn(
08/22 00:47:03 - mmengine - INFO - 
------------------------------------------------------------
System environment:
    sys.platform: linux
    Python: 3.10.16 (main, Dec 11 2024, 16:24:50) [GCC 11.2.0]
    CUDA available: False
    MUSA available: False
    numpy_random_seed: 1748385237
    GCC: gcc (Ubuntu 11.4.0-1ubuntu1~22.04) 11.4.0
    PyTorch: 2.4.0a0+git4451b0e
    PyTorch compiling details: PyTorch built with:
  - GCC 11.5
  - C++ Version: 201703
  - Intel(R) oneAPI Math Kernel Library Version 2025.0-Product Build 20241009 for Intel(R) 64 architecture applications
  - Intel(R) MKL-DNN v3.4.2 (Git Hash 1137e04ec0b5251ca2b4400a4fd3c667ce843d67)
  - OpenMP 201511 (a.k.a. OpenMP 4.5)
  - LAPACK is enabled (usually provided by MKL)
  - NNPACK is enabled
  - CPU capability usage: AVX512
  - Build settings: BLAS_INFO=mkl, BUILD_TYPE=Release, CXX_COMPILER=/usr/bin/g++, CXX_FLAGS= -D_GLIBCXX_USE_CXX11_ABI=1 -fvisibility-inlines-hidden -DUSE_PTHREADPOOL -DNDEBUG -DUSE_KINETO -DLIBKINETO_NOCUPTI -DLIBKINETO_NOROCTRACER -DUSE_FBGEMM -DUSE_PYTORCH_QNNPACK -DUSE_XNNPACK -DSYMBOLICATE_MOBILE_DEBUG_HANDLE -O2 -fPIC -Wall -Wextra -Werror=return-type -Werror=non-virtual-dtor -Werror=range-loop-construct -Werror=bool-operation -Wnarrowing -Wno-missing-field-initializers -Wno-type-limits -Wno-array-bounds -Wno-unknown-pragmas -Wno-unused-parameter -Wno-unused-function -Wno-unused-result -Wno-strict-overflow -Wno-strict-aliasing -Wno-stringop-overflow -Wsuggest-override -Wno-psabi -Wno-error=pedantic -Wno-error=old-style-cast -Wno-missing-braces -fdiagnostics-color=always -faligned-new -Wno-unused-but-set-variable -Wno-maybe-uninitialized -fno-math-errno -fno-trapping-math -Werror=format -Wno-stringop-overflow, FORCE_FALLBACK_CUDA_MPI=1, LAPACK_INFO=mkl, PERF_WITH_AVX=1, PERF_WITH_AVX2=1, PERF_WITH_AVX512=1, TORCH_VERSION=2.4.0, USE_CUDA=OFF, USE_CUDNN=OFF, USE_CUSPARSELT=OFF, USE_EXCEPTION_PTR=1, USE_GFLAGS=OFF, USE_GLOG=OFF, USE_GLOO=ON, USE_MKL=ON, USE_MKLDNN=1, USE_MPI=ON, USE_NCCL=OFF, USE_NNPACK=ON, USE_OPENMP=ON, USE_ROCM=OFF, USE_ROCM_KERNEL_ASSERT=OFF, 

    TorchVision: 0.15.1a0+42759b1
    OpenCV: 4.11.0
    MMEngine: 0.10.4

Runtime environment:
    cudnn_benchmark: True
    mp_cfg: {'mp_start_method': 'fork', 'opencv_num_threads': 0}
    dist_cfg: {'backend': 'tccl'}
    seed: 1748385237
    Distributed launcher: pytorch
    Distributed training: True
    GPU number: 4
------------------------------------------------------------

08/22 00:47:04 - mmengine - INFO - Config:
crop_size = (
    640,
    640,
)
data_preprocessor = dict(
    bgr_to_rgb=True,
    mean=[
        122.7709,
        116.746,
        104.0937,
    ],
    pad_val=0,
    seg_pad_val=255,
    size_divisor=640,
    std=[
        68.5005,
        66.6322,
        70.3232,
    ],
    test_cfg=dict(size_divisor=32),
    type='SegDataPreProcessor')
data_root = '/data/teco-data/COCO_Stuff164k'
dataset_type = 'COCOStuffDataset'
default_hooks = dict(
    checkpoint=dict(
        by_epoch=False,
        interval=10000,
        save_best='mIoU',
        type='CheckpointHook'),
    logger=dict(interval=50, log_metric_by_epoch=False, type='LoggerHook'),
    param_scheduler=dict(type='ParamSchedulerHook'),
    sampler_seed=dict(type='DistSamplerSeedHook'),
    timer=dict(type='IterTimerHook'),
    visualization=dict(type='SegVisualizationHook'))
default_scope = 'mmseg'
env_cfg = dict(
    cudnn_benchmark=True,
    dist_cfg=dict(backend='nccl'),
    mp_cfg=dict(mp_start_method='fork', opencv_num_threads=0))
img_ratios = [
    0.5,
    0.75,
    1.0,
    1.25,
    1.5,
    1.75,
]
launcher = 'pytorch'
load_from = None
log_level = 'INFO'
log_processor = dict(by_epoch=False)
model = dict(
    asymetric_input=True,
    data_preprocessor=dict(
        bgr_to_rgb=True,
        mean=[
            122.7709,
            116.746,
            104.0937,
        ],
        pad_val=0,
        seg_pad_val=255,
        size_divisor=640,
        std=[
            68.5005,
            66.6322,
            70.3232,
        ],
        test_cfg=dict(size_divisor=32),
        type='SegDataPreProcessor'),
    decode_head=dict(
        align_corners=False,
        deep_supervision_idxs=[
            7,
        ],
        loss_decode=[
            dict(
                class_weight=[
                    1.0,
                    1.0,
                    1.0,
                    1.0,
                    1.0,
                    1.0,
                    1.0,
                    1.0,
                    1.0,
                    1.0,
                    1.0,
                    1.0,
                    1.0,
                    1.0,
                    1.0,
                    1.0,
                    1.0,
                    1.0,
                    1.0,
                    1.0,
                    1.0,
                    1.0,
                    1.0,
                    1.0,
                    1.0,
                    1.0,
                    1.0,
                    1.0,
                    1.0,
                    1.0,
                    1.0,
                    1.0,
                    1.0,
                    1.0,
                    1.0,
                    1.0,
                    1.0,
                    1.0,
                    1.0,
                    1.0,
                    1.0,
                    1.0,
                    1.0,
                    1.0,
                    1.0,
                    1.0,
                    1.0,
                    1.0,
                    1.0,
                    1.0,
                    1.0,
                    1.0,
                    1.0,
                    1.0,
                    1.0,
                    1.0,
                    1.0,
                    1.0,
                    1.0,
                    1.0,
                    1.0,
                    1.0,
                    1.0,
                    1.0,
                    1.0,
                    1.0,
                    1.0,
                    1.0,
                    1.0,
                    1.0,
                    1.0,
                    1.0,
                    1.0,
                    1.0,
                    1.0,
                    1.0,
                    1.0,
                    1.0,
                    1.0,
                    1.0,
                    1.0,
                    1.0,
                    1.0,
                    1.0,
                    1.0,
                    1.0,
                    1.0,
                    1.0,
                    1.0,
                    1.0,
                    1.0,
                    1.0,
                    1.0,
                    1.0,
                    1.0,
                    1.0,
                    1.0,
                    1.0,
                    1.0,
                    1.0,
                    1.0,
                    1.0,
                    1.0,
                    1.0,
                    1.0,
                    1.0,
                    1.0,
                    1.0,
                    1.0,
                    1.0,
                    1.0,
                    1.0,
                    1.0,
                    1.0,
                    1.0,
                    1.0,
                    1.0,
                    1.0,
                    1.0,
                    1.0,
                    1.0,
                    1.0,
                    1.0,
                    1.0,
                    1.0,
                    1.0,
                    1.0,
                    1.0,
                    1.0,
                    1.0,
                    1.0,
                    1.0,
                    1.0,
                    1.0,
                    1.0,
                    1.0,
                    1.0,
                    1.0,
                    1.0,
                    1.0,
                    1.0,
                    1.0,
                    1.0,
                    1.0,
                    1.0,
                    1.0,
                    1.0,
                    1.0,
                    1.0,
                    1.0,
                    1.0,
                    1.0,
                    1.0,
                    1.0,
                    1.0,
                    1.0,
                    1.0,
                    1.0,
                    1.0,
                    1.0,
                    1.0,
                    1.0,
                    1.0,
                    1.0,
                    1.0,
                    1.0,
                    1.0,
                    1.0,
                    1.0,
                    1.0,
                    1.0,
                    0.1,
                ],
                loss_name='loss_cls_ce',
                loss_weight=2.0,
                type='CrossEntropyLoss'),
            dict(
                loss_name='loss_mask_ce',
                loss_weight=5.0,
                type='CrossEntropyLoss',
                use_sigmoid=True),
            dict(
                eps=1,
                ignore_index=None,
                loss_name='loss_mask_dice',
                loss_weight=5.0,
                naive_dice=True,
                type='DiceLoss'),
        ],
        maskgen_cfg=dict(
            act_cfg=dict(type='QuickGELU'),
            cross_attn=False,
            embed_dims=768,
            final_norm=True,
            frozen_exclude=[],
            mlp_ratio=4,
            norm_cfg=dict(eps=1e-05, type='LN'),
            num_heads=12,
            num_layers=3,
            out_dims=512,
            qkv_bias=True,
            sos_token_format='cls_token',
            sos_token_num=100),
        num_classes=171,
        san_cfg=dict(
            cfg_decoder=dict(
                embed_channels=256,
                mlp_channels=256,
                num_heads=12,
                num_layers=1,
                num_mlp=3,
                rescale=True),
            cfg_encoder=dict(mlp_ratio=4, num_encode_layer=8, num_heads=6),
            clip_channels=768,
            embed_dims=240,
            fusion_index=[
                0,
                1,
                2,
                3,
            ],
            in_channels=3,
            norm_cfg=dict(eps=1e-06, type='LN'),
            num_queries=100,
            patch_bias=True,
            patch_size=16),
        train_cfg=dict(
            assigner=dict(
                match_costs=[
                    dict(type='ClassificationCost', weight=2.0),
                    dict(
                        type='CrossEntropyLossCost',
                        use_sigmoid=True,
                        weight=5.0),
                    dict(eps=1.0, pred_act=True, type='DiceCost', weight=5.0),
                ],
                type='HungarianAssigner'),
            importance_sample_ratio=0.75,
            num_points=12544,
            oversample_ratio=3.0),
        type='SideAdapterCLIPHead'),
    encoder_resolution=0.5,
    image_encoder=dict(
        act_cfg=dict(type='QuickGELU'),
        attn_drop_rate=0.0,
        drop_path_rate=0.0,
        drop_rate=0.0,
        embed_dims=768,
        frozen_exclude=[
            'pos_embed',
        ],
        img_size=(
            224,
            224,
        ),
        in_channels=3,
        interpolate_mode='bicubic',
        mlp_ratio=4,
        norm_cfg=dict(eps=1e-05, type='LN'),
        norm_eval=False,
        num_heads=12,
        num_layers=9,
        out_indices=(
            2,
            5,
            8,
        ),
        out_origin=True,
        output_cls_token=True,
        patch_bias=False,
        patch_pad=0,
        patch_size=16,
        pre_norm=True,
        qkv_bias=True,
        type='VisionTransformer',
        with_cls_token=True),
    pretrained=
    '/data/teco-data/COCO_Stuff164k/clip_vit-base-patch16-224_3rdparty-d08f8887.pth',
    test_cfg=dict(mode='whole'),
    text_encoder=dict(
        cache_feature=True,
        cat_bg=True,
        dataset_name='coco-stuff164k',
        embed_dims=512,
        mlp_ratio=4,
        norm_cfg=dict(eps=1e-05, type='LN'),
        num_heads=8,
        num_layers=12,
        output_dims=512,
        templates='vild',
        type='CLIPTextEncoder'),
    train_cfg=dict(),
    type='MultimodalEncoderDecoder')
norm_cfg = dict(requires_grad=True, type='SyncBN')
num_classes = 171
optim_wrapper = dict(
    clip_grad=dict(max_norm=0.01, norm_type=2),
    loss_scale='dynamic',
    optimizer=dict(
        betas=(
            0.9,
            0.999,
        ), lr=1e-05, type='AdamW', weight_decay=0.0001),
    paramwise_cfg=dict(
        custom_keys=dict(
            cls_token=dict(decay_mult=0.0),
            img_encoder=dict(decay_mult=1.0, lr_mult=0.1),
            norm=dict(decay_mult=0.0),
            pos_embed=dict(decay_mult=0.0))),
    type='AmpOptimWrapper')
optimizer = dict(lr=0.01, momentum=0.9, type='SGD', weight_decay=0.0005)
param_scheduler = [
    dict(
        begin=0,
        by_epoch=False,
        end=60000,
        eta_min=0.0,
        power=1.0,
        type='PolyLR'),
]
pretrained = '/data/teco-data/COCO_Stuff164k/clip_vit-base-patch16-224_3rdparty-d08f8887.pth'
resume = False
test_cfg = dict(type='TestLoop')
test_dataloader = dict(
    batch_size=1,
    dataset=dict(
        data_prefix=dict(
            img_path='images/val2017', seg_map_path='annotations/val2017'),
        data_root='/data/teco-data/COCO_Stuff164k',
        pipeline=[
            dict(type='LoadImageFromFile'),
            dict(max_size=2560, scale=(
                640,
                640,
            ), type='ResizeShortestEdge'),
            dict(type='LoadAnnotations'),
            dict(type='PackSegInputs'),
        ],
        type='COCOStuffDataset'),
    num_workers=4,
    persistent_workers=True,
    sampler=dict(shuffle=False, type='DefaultSampler'))
test_evaluator = dict(
    iou_metrics=[
        'mIoU',
    ], type='IoUMetric')
test_pipeline = [
    dict(type='LoadImageFromFile'),
    dict(max_size=2560, scale=(
        640,
        640,
    ), type='ResizeShortestEdge'),
    dict(type='LoadAnnotations'),
    dict(type='PackSegInputs'),
]
train_cfg = dict(
    max_iters=100,
    type='IterBasedTrainLoop',
    val_begin=55000,
    val_interval=500)
train_dataloader = dict(
    batch_size=8,
    dataset=dict(
        data_prefix=dict(
            img_path='images/train2017', seg_map_path='annotations/train2017'),
        data_root='/data/teco-data/COCO_Stuff164k',
        pipeline=[
            dict(type='LoadImageFromFile'),
            dict(type='LoadAnnotations'),
            dict(
                max_size=2560,
                resize_type='ResizeShortestEdge',
                scales=[
                    320,
                    384,
                    448,
                    512,
                    576,
                    640,
                    704,
                    768,
                    832,
                    896,
                    960,
                ],
                type='RandomChoiceResize'),
            dict(cat_max_ratio=1.0, crop_size=(
                640,
                640,
            ), type='RandomCrop'),
            dict(type='PhotoMetricDistortion'),
            dict(prob=0.5, type='RandomFlip'),
            dict(type='PackSegInputs'),
        ],
        type='COCOStuffDataset'),
    num_workers=4,
    persistent_workers=True,
    sampler=dict(shuffle=True, type='InfiniteSampler'))
train_pipeline = [
    dict(type='LoadImageFromFile'),
    dict(type='LoadAnnotations'),
    dict(
        max_size=2560,
        resize_type='ResizeShortestEdge',
        scales=[
            320,
            384,
            448,
            512,
            576,
            640,
            704,
            768,
            832,
            896,
            960,
        ],
        type='RandomChoiceResize'),
    dict(cat_max_ratio=1.0, crop_size=(
        640,
        640,
    ), type='RandomCrop'),
    dict(type='PhotoMetricDistortion'),
    dict(prob=0.5, type='RandomFlip'),
    dict(type='PackSegInputs'),
]
tta_model = dict(type='SegTTAModel')
tta_pipeline = [
    dict(backend_args=None, type='LoadImageFromFile'),
    dict(
        transforms=[
            [
                dict(keep_ratio=True, scale_factor=0.5, type='Resize'),
                dict(keep_ratio=True, scale_factor=0.75, type='Resize'),
                dict(keep_ratio=True, scale_factor=1.0, type='Resize'),
                dict(keep_ratio=True, scale_factor=1.25, type='Resize'),
                dict(keep_ratio=True, scale_factor=1.5, type='Resize'),
                dict(keep_ratio=True, scale_factor=1.75, type='Resize'),
            ],
            [
                dict(direction='horizontal', prob=0.0, type='RandomFlip'),
                dict(direction='horizontal', prob=1.0, type='RandomFlip'),
            ],
            [
                dict(type='LoadAnnotations'),
            ],
            [
                dict(type='PackSegInputs'),
            ],
        ],
        type='TestTimeAug'),
]
val_cfg = dict(type='ValLoop')
val_dataloader = dict(
    batch_size=1,
    dataset=dict(
        data_prefix=dict(
            img_path='images/val2017', seg_map_path='annotations/val2017'),
        data_root='/data/teco-data/COCO_Stuff164k',
        pipeline=[
            dict(type='LoadImageFromFile'),
            dict(max_size=2560, scale=(
                640,
                640,
            ), type='ResizeShortestEdge'),
            dict(type='LoadAnnotations'),
            dict(type='PackSegInputs'),
        ],
        type='COCOStuffDataset'),
    num_workers=4,
    persistent_workers=True,
    sampler=dict(shuffle=False, type='DefaultSampler'))
val_evaluator = dict(
    iou_metrics=[
        'mIoU',
    ], type='IoUMetric')
vis_backends = [
    dict(type='LocalVisBackend'),
]
visualizer = dict(
    name='visualizer',
    type='SegLocalVisualizer',
    vis_backends=[
        dict(type='LocalVisBackend'),
    ])
work_dir = './work_dirs/san-vit-b16_coco-stuff164k-640x640'

/data/bigc-data/lcs/envs/mmseg/lib/python3.10/site-packages/albumentations/__init__.py:28: UserWarning: A new version of Albumentations is available: '2.0.8' (you have '2.0.6'). Upgrade using: pip install -U albumentations. To disable automatic update checks, set the environment variable NO_ALBUMENTATIONS_UPDATE to 1.
  check_for_updates()
/data/bigc-data/lcs/envs/mmseg/lib/python3.10/site-packages/albumentations/__init__.py:28: UserWarning: A new version of Albumentations is available: '2.0.8' (you have '2.0.6'). Upgrade using: pip install -U albumentations. To disable automatic update checks, set the environment variable NO_ALBUMENTATIONS_UPDATE to 1.
  check_for_updates()
/data/bigc-data/lcs/SAN/mmseg/models/losses/cross_entropy_loss.py:250: UserWarning: Default ``avg_non_ignore`` is False, if you would like to ignore the certain label and average loss over non-ignore labels, which is the same with PyTorch official cross_entropy, set ``avg_non_ignore=True``.
  warnings.warn(
/data/bigc-data/lcs/SAN/mmseg/models/losses/cross_entropy_loss.py:250: UserWarning: Default ``avg_non_ignore`` is False, if you would like to ignore the certain label and average loss over non-ignore labels, which is the same with PyTorch official cross_entropy, set ``avg_non_ignore=True``.
  warnings.warn(
/data/bigc-data/lcs/envs/mmseg/lib/python3.10/site-packages/albumentations/__init__.py:28: UserWarning: A new version of Albumentations is available: '2.0.8' (you have '2.0.6'). Upgrade using: pip install -U albumentations. To disable automatic update checks, set the environment variable NO_ALBUMENTATIONS_UPDATE to 1.
  check_for_updates()
/data/bigc-data/lcs/envs/mmseg/lib/python3.10/site-packages/albumentations/__init__.py:28: UserWarning: A new version of Albumentations is available: '2.0.8' (you have '2.0.6'). Upgrade using: pip install -U albumentations. To disable automatic update checks, set the environment variable NO_ALBUMENTATIONS_UPDATE to 1.
  check_for_updates()
/data/bigc-data/lcs/SAN/mmseg/models/losses/cross_entropy_loss.py:250: UserWarning: Default ``avg_non_ignore`` is False, if you would like to ignore the certain label and average loss over non-ignore labels, which is the same with PyTorch official cross_entropy, set ``avg_non_ignore=True``.
  warnings.warn(
/data/bigc-data/lcs/SAN/mmseg/models/losses/cross_entropy_loss.py:250: UserWarning: Default ``avg_non_ignore`` is False, if you would like to ignore the certain label and average loss over non-ignore labels, which is the same with PyTorch official cross_entropy, set ``avg_non_ignore=True``.
  warnings.warn(
/data/bigc-data/lcs/SAN/mmseg/engine/hooks/visualization_hook.py:60: UserWarning: The draw is False, it means that the hook for visualization will not take effect. The results will NOT be visualized or stored.
  warnings.warn('The draw is False, it means that the '
/data/bigc-data/lcs/SAN/mmseg/engine/hooks/visualization_hook.py:60: UserWarning: The draw is False, it means that the hook for visualization will not take effect. The results will NOT be visualized or stored.
  warnings.warn('The draw is False, it means that the '
/data/bigc-data/lcs/SAN/mmseg/engine/hooks/visualization_hook.py:60: UserWarning: The draw is False, it means that the hook for visualization will not take effect. The results will NOT be visualized or stored.
  warnings.warn('The draw is False, it means that the '
/data/bigc-data/lcs/SAN/mmseg/engine/hooks/visualization_hook.py:60: UserWarning: The draw is False, it means that the hook for visualization will not take effect. The results will NOT be visualized or stored.
  warnings.warn('The draw is False, it means that the '
08/22 00:47:41 - mmengine - INFO - Hooks will be executed in the following order:
before_run:
(VERY_HIGH   ) RuntimeInfoHook                    
(BELOW_NORMAL) LoggerHook                         
 -------------------- 
before_train:
(VERY_HIGH   ) RuntimeInfoHook                    
(NORMAL      ) IterTimerHook                      
(VERY_LOW    ) CheckpointHook                     
 -------------------- 
before_train_epoch:
(VERY_HIGH   ) RuntimeInfoHook                    
(NORMAL      ) IterTimerHook                      
(NORMAL      ) DistSamplerSeedHook                
 -------------------- 
before_train_iter:
(VERY_HIGH   ) RuntimeInfoHook                    
(NORMAL      ) IterTimerHook                      
 -------------------- 
after_train_iter:
(VERY_HIGH   ) RuntimeInfoHook                    
(NORMAL      ) IterTimerHook                      
(BELOW_NORMAL) LoggerHook                         
(LOW         ) ParamSchedulerHook                 
(VERY_LOW    ) CheckpointHook                     
 -------------------- 
after_train_epoch:
(NORMAL      ) IterTimerHook                      
(LOW         ) ParamSchedulerHook                 
(VERY_LOW    ) CheckpointHook                     
 -------------------- 
before_val:
(VERY_HIGH   ) RuntimeInfoHook                    
 -------------------- 
before_val_epoch:
(NORMAL      ) IterTimerHook                      
 -------------------- 
before_val_iter:
(NORMAL      ) IterTimerHook                      
 -------------------- 
after_val_iter:
(NORMAL      ) IterTimerHook                      
(NORMAL      ) SegVisualizationHook               
(BELOW_NORMAL) LoggerHook                         
 -------------------- 
after_val_epoch:
(VERY_HIGH   ) RuntimeInfoHook                    
(NORMAL      ) IterTimerHook                      
(BELOW_NORMAL) LoggerHook                         
(LOW         ) ParamSchedulerHook                 
(VERY_LOW    ) CheckpointHook                     
 -------------------- 
after_val:
(VERY_HIGH   ) RuntimeInfoHook                    
 -------------------- 
after_train:
(VERY_HIGH   ) RuntimeInfoHook                    
(VERY_LOW    ) CheckpointHook                     
 -------------------- 
before_test:
(VERY_HIGH   ) RuntimeInfoHook                    
 -------------------- 
before_test_epoch:
(NORMAL      ) IterTimerHook                      
 -------------------- 
before_test_iter:
(NORMAL      ) IterTimerHook                      
 -------------------- 
after_test_iter:
(NORMAL      ) IterTimerHook                      
(NORMAL      ) SegVisualizationHook               
(BELOW_NORMAL) LoggerHook                         
 -------------------- 
after_test_epoch:
(VERY_HIGH   ) RuntimeInfoHook                    
(NORMAL      ) IterTimerHook                      
(BELOW_NORMAL) LoggerHook                         
 -------------------- 
after_test:
(VERY_HIGH   ) RuntimeInfoHook                    
 -------------------- 
after_run:
(BELOW_NORMAL) LoggerHook                         
 -------------------- 
08/22 00:47:46 - mmengine - WARNING - image_encoder.cls_token is skipped since its requires_grad=False
08/22 00:47:46 - mmengine - INFO - paramwise_options -- image_encoder.pos_embed:lr=1e-05
08/22 00:47:46 - mmengine - INFO - paramwise_options -- image_encoder.pos_embed:weight_decay=0.0
08/22 00:47:46 - mmengine - INFO - paramwise_options -- image_encoder.pos_embed:decay_mult=0.0
08/22 00:47:46 - mmengine - WARNING - image_encoder.patch_embed.projection.weight is skipped since its requires_grad=False
08/22 00:47:46 - mmengine - WARNING - image_encoder.ln_pre.weight is skipped since its requires_grad=False
08/22 00:47:46 - mmengine - WARNING - image_encoder.ln_pre.bias is skipped since its requires_grad=False
08/22 00:47:46 - mmengine - WARNING - image_encoder.layers.0.ln1.weight is skipped since its requires_grad=False
08/22 00:47:46 - mmengine - WARNING - image_encoder.layers.0.ln1.bias is skipped since its requires_grad=False
08/22 00:47:46 - mmengine - WARNING - image_encoder.layers.0.attn.attn.in_proj_weight is skipped since its requires_grad=False
08/22 00:47:46 - mmengine - WARNING - image_encoder.layers.0.attn.attn.in_proj_bias is skipped since its requires_grad=False
08/22 00:47:46 - mmengine - WARNING - image_encoder.layers.0.attn.attn.out_proj.weight is skipped since its requires_grad=False
08/22 00:47:46 - mmengine - WARNING - image_encoder.layers.0.attn.attn.out_proj.bias is skipped since its requires_grad=False
08/22 00:47:46 - mmengine - WARNING - image_encoder.layers.0.ln2.weight is skipped since its requires_grad=False
08/22 00:47:46 - mmengine - WARNING - image_encoder.layers.0.ln2.bias is skipped since its requires_grad=False
08/22 00:47:46 - mmengine - WARNING - image_encoder.layers.0.ffn.layers.0.0.weight is skipped since its requires_grad=False
08/22 00:47:46 - mmengine - WARNING - image_encoder.layers.0.ffn.layers.0.0.bias is skipped since its requires_grad=False
08/22 00:47:46 - mmengine - WARNING - image_encoder.layers.0.ffn.layers.1.weight is skipped since its requires_grad=False
08/22 00:47:46 - mmengine - WARNING - image_encoder.layers.0.ffn.layers.1.bias is skipped since its requires_grad=False
08/22 00:47:46 - mmengine - WARNING - image_encoder.layers.1.ln1.weight is skipped since its requires_grad=False
08/22 00:47:46 - mmengine - WARNING - image_encoder.layers.1.ln1.bias is skipped since its requires_grad=False
08/22 00:47:46 - mmengine - WARNING - image_encoder.layers.1.attn.attn.in_proj_weight is skipped since its requires_grad=False
08/22 00:47:46 - mmengine - WARNING - image_encoder.layers.1.attn.attn.in_proj_bias is skipped since its requires_grad=False
08/22 00:47:46 - mmengine - WARNING - image_encoder.layers.1.attn.attn.out_proj.weight is skipped since its requires_grad=False
08/22 00:47:46 - mmengine - WARNING - image_encoder.layers.1.attn.attn.out_proj.bias is skipped since its requires_grad=False
08/22 00:47:46 - mmengine - WARNING - image_encoder.layers.1.ln2.weight is skipped since its requires_grad=False
08/22 00:47:46 - mmengine - WARNING - image_encoder.layers.1.ln2.bias is skipped since its requires_grad=False
08/22 00:47:46 - mmengine - WARNING - image_encoder.layers.1.ffn.layers.0.0.weight is skipped since its requires_grad=False
08/22 00:47:46 - mmengine - WARNING - image_encoder.layers.1.ffn.layers.0.0.bias is skipped since its requires_grad=False
08/22 00:47:46 - mmengine - WARNING - image_encoder.layers.1.ffn.layers.1.weight is skipped since its requires_grad=False
08/22 00:47:46 - mmengine - WARNING - image_encoder.layers.1.ffn.layers.1.bias is skipped since its requires_grad=False
08/22 00:47:46 - mmengine - WARNING - image_encoder.layers.2.ln1.weight is skipped since its requires_grad=False
08/22 00:47:46 - mmengine - WARNING - image_encoder.layers.2.ln1.bias is skipped since its requires_grad=False
08/22 00:47:46 - mmengine - WARNING - image_encoder.layers.2.attn.attn.in_proj_weight is skipped since its requires_grad=False
08/22 00:47:46 - mmengine - WARNING - image_encoder.layers.2.attn.attn.in_proj_bias is skipped since its requires_grad=False
08/22 00:47:46 - mmengine - WARNING - image_encoder.layers.2.attn.attn.out_proj.weight is skipped since its requires_grad=False
08/22 00:47:46 - mmengine - WARNING - image_encoder.layers.2.attn.attn.out_proj.bias is skipped since its requires_grad=False
08/22 00:47:46 - mmengine - WARNING - image_encoder.layers.2.ln2.weight is skipped since its requires_grad=False
08/22 00:47:46 - mmengine - WARNING - image_encoder.layers.2.ln2.bias is skipped since its requires_grad=False
08/22 00:47:46 - mmengine - WARNING - image_encoder.layers.2.ffn.layers.0.0.weight is skipped since its requires_grad=False
08/22 00:47:46 - mmengine - WARNING - image_encoder.layers.2.ffn.layers.0.0.bias is skipped since its requires_grad=False
08/22 00:47:46 - mmengine - WARNING - image_encoder.layers.2.ffn.layers.1.weight is skipped since its requires_grad=False
08/22 00:47:46 - mmengine - WARNING - image_encoder.layers.2.ffn.layers.1.bias is skipped since its requires_grad=False
08/22 00:47:46 - mmengine - WARNING - image_encoder.layers.3.ln1.weight is skipped since its requires_grad=False
08/22 00:47:46 - mmengine - WARNING - image_encoder.layers.3.ln1.bias is skipped since its requires_grad=False
08/22 00:47:46 - mmengine - WARNING - image_encoder.layers.3.attn.attn.in_proj_weight is skipped since its requires_grad=False
08/22 00:47:46 - mmengine - WARNING - image_encoder.layers.3.attn.attn.in_proj_bias is skipped since its requires_grad=False
08/22 00:47:46 - mmengine - WARNING - image_encoder.layers.3.attn.attn.out_proj.weight is skipped since its requires_grad=False
08/22 00:47:46 - mmengine - WARNING - image_encoder.layers.3.attn.attn.out_proj.bias is skipped since its requires_grad=False
08/22 00:47:46 - mmengine - WARNING - image_encoder.layers.3.ln2.weight is skipped since its requires_grad=False
08/22 00:47:46 - mmengine - WARNING - image_encoder.layers.3.ln2.bias is skipped since its requires_grad=False
08/22 00:47:46 - mmengine - WARNING - image_encoder.layers.3.ffn.layers.0.0.weight is skipped since its requires_grad=False
08/22 00:47:46 - mmengine - WARNING - image_encoder.layers.3.ffn.layers.0.0.bias is skipped since its requires_grad=False
08/22 00:47:46 - mmengine - WARNING - image_encoder.layers.3.ffn.layers.1.weight is skipped since its requires_grad=False
08/22 00:47:46 - mmengine - WARNING - image_encoder.layers.3.ffn.layers.1.bias is skipped since its requires_grad=False
08/22 00:47:46 - mmengine - WARNING - image_encoder.layers.4.ln1.weight is skipped since its requires_grad=False
08/22 00:47:46 - mmengine - WARNING - image_encoder.layers.4.ln1.bias is skipped since its requires_grad=False
08/22 00:47:46 - mmengine - WARNING - image_encoder.layers.4.attn.attn.in_proj_weight is skipped since its requires_grad=False
08/22 00:47:46 - mmengine - WARNING - image_encoder.layers.4.attn.attn.in_proj_bias is skipped since its requires_grad=False
08/22 00:47:46 - mmengine - WARNING - image_encoder.layers.4.attn.attn.out_proj.weight is skipped since its requires_grad=False
08/22 00:47:46 - mmengine - WARNING - image_encoder.layers.4.attn.attn.out_proj.bias is skipped since its requires_grad=False
08/22 00:47:46 - mmengine - WARNING - image_encoder.layers.4.ln2.weight is skipped since its requires_grad=False
08/22 00:47:46 - mmengine - WARNING - image_encoder.layers.4.ln2.bias is skipped since its requires_grad=False
08/22 00:47:46 - mmengine - WARNING - image_encoder.layers.4.ffn.layers.0.0.weight is skipped since its requires_grad=False
08/22 00:47:46 - mmengine - WARNING - image_encoder.layers.4.ffn.layers.0.0.bias is skipped since its requires_grad=False
08/22 00:47:46 - mmengine - WARNING - image_encoder.layers.4.ffn.layers.1.weight is skipped since its requires_grad=False
08/22 00:47:46 - mmengine - WARNING - image_encoder.layers.4.ffn.layers.1.bias is skipped since its requires_grad=False
08/22 00:47:46 - mmengine - WARNING - image_encoder.layers.5.ln1.weight is skipped since its requires_grad=False
08/22 00:47:46 - mmengine - WARNING - image_encoder.layers.5.ln1.bias is skipped since its requires_grad=False
08/22 00:47:46 - mmengine - WARNING - image_encoder.layers.5.attn.attn.in_proj_weight is skipped since its requires_grad=False
08/22 00:47:46 - mmengine - WARNING - image_encoder.layers.5.attn.attn.in_proj_bias is skipped since its requires_grad=False
08/22 00:47:46 - mmengine - WARNING - image_encoder.layers.5.attn.attn.out_proj.weight is skipped since its requires_grad=False
08/22 00:47:46 - mmengine - WARNING - image_encoder.layers.5.attn.attn.out_proj.bias is skipped since its requires_grad=False
08/22 00:47:46 - mmengine - WARNING - image_encoder.layers.5.ln2.weight is skipped since its requires_grad=False
08/22 00:47:46 - mmengine - WARNING - image_encoder.layers.5.ln2.bias is skipped since its requires_grad=False
08/22 00:47:46 - mmengine - WARNING - image_encoder.layers.5.ffn.layers.0.0.weight is skipped since its requires_grad=False
08/22 00:47:46 - mmengine - WARNING - image_encoder.layers.5.ffn.layers.0.0.bias is skipped since its requires_grad=False
08/22 00:47:46 - mmengine - WARNING - image_encoder.layers.5.ffn.layers.1.weight is skipped since its requires_grad=False
08/22 00:47:46 - mmengine - WARNING - image_encoder.layers.5.ffn.layers.1.bias is skipped since its requires_grad=False
08/22 00:47:46 - mmengine - WARNING - image_encoder.layers.6.ln1.weight is skipped since its requires_grad=False
08/22 00:47:46 - mmengine - WARNING - image_encoder.layers.6.ln1.bias is skipped since its requires_grad=False
08/22 00:47:46 - mmengine - WARNING - image_encoder.layers.6.attn.attn.in_proj_weight is skipped since its requires_grad=False
08/22 00:47:46 - mmengine - WARNING - image_encoder.layers.6.attn.attn.in_proj_bias is skipped since its requires_grad=False
08/22 00:47:46 - mmengine - WARNING - image_encoder.layers.6.attn.attn.out_proj.weight is skipped since its requires_grad=False
08/22 00:47:46 - mmengine - WARNING - image_encoder.layers.6.attn.attn.out_proj.bias is skipped since its requires_grad=False
08/22 00:47:46 - mmengine - WARNING - image_encoder.layers.6.ln2.weight is skipped since its requires_grad=False
08/22 00:47:46 - mmengine - WARNING - image_encoder.layers.6.ln2.bias is skipped since its requires_grad=False
08/22 00:47:46 - mmengine - WARNING - image_encoder.layers.6.ffn.layers.0.0.weight is skipped since its requires_grad=False
08/22 00:47:46 - mmengine - WARNING - image_encoder.layers.6.ffn.layers.0.0.bias is skipped since its requires_grad=False
08/22 00:47:46 - mmengine - WARNING - image_encoder.layers.6.ffn.layers.1.weight is skipped since its requires_grad=False
08/22 00:47:46 - mmengine - WARNING - image_encoder.layers.6.ffn.layers.1.bias is skipped since its requires_grad=False
08/22 00:47:46 - mmengine - WARNING - image_encoder.layers.7.ln1.weight is skipped since its requires_grad=False
08/22 00:47:46 - mmengine - WARNING - image_encoder.layers.7.ln1.bias is skipped since its requires_grad=False
08/22 00:47:46 - mmengine - WARNING - image_encoder.layers.7.attn.attn.in_proj_weight is skipped since its requires_grad=False
08/22 00:47:46 - mmengine - WARNING - image_encoder.layers.7.attn.attn.in_proj_bias is skipped since its requires_grad=False
08/22 00:47:46 - mmengine - WARNING - image_encoder.layers.7.attn.attn.out_proj.weight is skipped since its requires_grad=False
08/22 00:47:46 - mmengine - WARNING - image_encoder.layers.7.attn.attn.out_proj.bias is skipped since its requires_grad=False
08/22 00:47:46 - mmengine - WARNING - image_encoder.layers.7.ln2.weight is skipped since its requires_grad=False
08/22 00:47:46 - mmengine - WARNING - image_encoder.layers.7.ln2.bias is skipped since its requires_grad=False
08/22 00:47:46 - mmengine - WARNING - image_encoder.layers.7.ffn.layers.0.0.weight is skipped since its requires_grad=False
08/22 00:47:46 - mmengine - WARNING - image_encoder.layers.7.ffn.layers.0.0.bias is skipped since its requires_grad=False
08/22 00:47:46 - mmengine - WARNING - image_encoder.layers.7.ffn.layers.1.weight is skipped since its requires_grad=False
08/22 00:47:46 - mmengine - WARNING - image_encoder.layers.7.ffn.layers.1.bias is skipped since its requires_grad=False
08/22 00:47:46 - mmengine - WARNING - image_encoder.layers.8.ln1.weight is skipped since its requires_grad=False
08/22 00:47:46 - mmengine - WARNING - image_encoder.layers.8.ln1.bias is skipped since its requires_grad=False
08/22 00:47:46 - mmengine - WARNING - image_encoder.layers.8.attn.attn.in_proj_weight is skipped since its requires_grad=False
08/22 00:47:46 - mmengine - WARNING - image_encoder.layers.8.attn.attn.in_proj_bias is skipped since its requires_grad=False
08/22 00:47:46 - mmengine - WARNING - image_encoder.layers.8.attn.attn.out_proj.weight is skipped since its requires_grad=False
08/22 00:47:46 - mmengine - WARNING - image_encoder.layers.8.attn.attn.out_proj.bias is skipped since its requires_grad=False
08/22 00:47:46 - mmengine - WARNING - image_encoder.layers.8.ln2.weight is skipped since its requires_grad=False
08/22 00:47:46 - mmengine - WARNING - image_encoder.layers.8.ln2.bias is skipped since its requires_grad=False
08/22 00:47:46 - mmengine - WARNING - image_encoder.layers.8.ffn.layers.0.0.weight is skipped since its requires_grad=False
08/22 00:47:46 - mmengine - WARNING - image_encoder.layers.8.ffn.layers.0.0.bias is skipped since its requires_grad=False
08/22 00:47:46 - mmengine - WARNING - image_encoder.layers.8.ffn.layers.1.weight is skipped since its requires_grad=False
08/22 00:47:46 - mmengine - WARNING - image_encoder.layers.8.ffn.layers.1.bias is skipped since its requires_grad=False
08/22 00:47:46 - mmengine - WARNING - text_encoder.positional_embedding is skipped since its requires_grad=False
08/22 00:47:46 - mmengine - WARNING - text_encoder.text_projection is skipped since its requires_grad=False
08/22 00:47:46 - mmengine - WARNING - text_encoder.logit_scale is skipped since its requires_grad=False
08/22 00:47:46 - mmengine - WARNING - text_encoder.token_embedding.weight is skipped since its requires_grad=False
08/22 00:47:46 - mmengine - WARNING - text_encoder.transformer.0.attentions.0.attn.in_proj_weight is skipped since its requires_grad=False
08/22 00:47:46 - mmengine - WARNING - text_encoder.transformer.0.attentions.0.attn.in_proj_bias is skipped since its requires_grad=False
08/22 00:47:46 - mmengine - WARNING - text_encoder.transformer.0.attentions.0.attn.out_proj.weight is skipped since its requires_grad=False
08/22 00:47:46 - mmengine - WARNING - text_encoder.transformer.0.attentions.0.attn.out_proj.bias is skipped since its requires_grad=False
08/22 00:47:46 - mmengine - WARNING - text_encoder.transformer.0.ffns.0.layers.0.0.weight is skipped since its requires_grad=False
08/22 00:47:46 - mmengine - WARNING - text_encoder.transformer.0.ffns.0.layers.0.0.bias is skipped since its requires_grad=False
08/22 00:47:46 - mmengine - WARNING - text_encoder.transformer.0.ffns.0.layers.1.weight is skipped since its requires_grad=False
08/22 00:47:46 - mmengine - WARNING - text_encoder.transformer.0.ffns.0.layers.1.bias is skipped since its requires_grad=False
08/22 00:47:46 - mmengine - WARNING - text_encoder.transformer.0.norms.0.weight is skipped since its requires_grad=False
08/22 00:47:46 - mmengine - WARNING - text_encoder.transformer.0.norms.0.bias is skipped since its requires_grad=False
08/22 00:47:46 - mmengine - WARNING - text_encoder.transformer.0.norms.1.weight is skipped since its requires_grad=False
08/22 00:47:46 - mmengine - WARNING - text_encoder.transformer.0.norms.1.bias is skipped since its requires_grad=False
08/22 00:47:46 - mmengine - WARNING - text_encoder.transformer.1.attentions.0.attn.in_proj_weight is skipped since its requires_grad=False
08/22 00:47:46 - mmengine - WARNING - text_encoder.transformer.1.attentions.0.attn.in_proj_bias is skipped since its requires_grad=False
08/22 00:47:46 - mmengine - WARNING - text_encoder.transformer.1.attentions.0.attn.out_proj.weight is skipped since its requires_grad=False
08/22 00:47:46 - mmengine - WARNING - text_encoder.transformer.1.attentions.0.attn.out_proj.bias is skipped since its requires_grad=False
08/22 00:47:46 - mmengine - WARNING - text_encoder.transformer.1.ffns.0.layers.0.0.weight is skipped since its requires_grad=False
08/22 00:47:46 - mmengine - WARNING - text_encoder.transformer.1.ffns.0.layers.0.0.bias is skipped since its requires_grad=False
08/22 00:47:46 - mmengine - WARNING - text_encoder.transformer.1.ffns.0.layers.1.weight is skipped since its requires_grad=False
08/22 00:47:46 - mmengine - WARNING - text_encoder.transformer.1.ffns.0.layers.1.bias is skipped since its requires_grad=False
08/22 00:47:46 - mmengine - WARNING - text_encoder.transformer.1.norms.0.weight is skipped since its requires_grad=False
08/22 00:47:46 - mmengine - WARNING - text_encoder.transformer.1.norms.0.bias is skipped since its requires_grad=False
08/22 00:47:46 - mmengine - WARNING - text_encoder.transformer.1.norms.1.weight is skipped since its requires_grad=False
08/22 00:47:46 - mmengine - WARNING - text_encoder.transformer.1.norms.1.bias is skipped since its requires_grad=False
08/22 00:47:46 - mmengine - WARNING - text_encoder.transformer.2.attentions.0.attn.in_proj_weight is skipped since its requires_grad=False
08/22 00:47:46 - mmengine - WARNING - text_encoder.transformer.2.attentions.0.attn.in_proj_bias is skipped since its requires_grad=False
08/22 00:47:46 - mmengine - WARNING - text_encoder.transformer.2.attentions.0.attn.out_proj.weight is skipped since its requires_grad=False
08/22 00:47:46 - mmengine - WARNING - text_encoder.transformer.2.attentions.0.attn.out_proj.bias is skipped since its requires_grad=False
08/22 00:47:46 - mmengine - WARNING - text_encoder.transformer.2.ffns.0.layers.0.0.weight is skipped since its requires_grad=False
08/22 00:47:46 - mmengine - WARNING - text_encoder.transformer.2.ffns.0.layers.0.0.bias is skipped since its requires_grad=False
08/22 00:47:46 - mmengine - WARNING - text_encoder.transformer.2.ffns.0.layers.1.weight is skipped since its requires_grad=False
08/22 00:47:46 - mmengine - WARNING - text_encoder.transformer.2.ffns.0.layers.1.bias is skipped since its requires_grad=False
08/22 00:47:46 - mmengine - WARNING - text_encoder.transformer.2.norms.0.weight is skipped since its requires_grad=False
08/22 00:47:46 - mmengine - WARNING - text_encoder.transformer.2.norms.0.bias is skipped since its requires_grad=False
08/22 00:47:46 - mmengine - WARNING - text_encoder.transformer.2.norms.1.weight is skipped since its requires_grad=False
08/22 00:47:46 - mmengine - WARNING - text_encoder.transformer.2.norms.1.bias is skipped since its requires_grad=False
08/22 00:47:46 - mmengine - WARNING - text_encoder.transformer.3.attentions.0.attn.in_proj_weight is skipped since its requires_grad=False
08/22 00:47:46 - mmengine - WARNING - text_encoder.transformer.3.attentions.0.attn.in_proj_bias is skipped since its requires_grad=False
08/22 00:47:46 - mmengine - WARNING - text_encoder.transformer.3.attentions.0.attn.out_proj.weight is skipped since its requires_grad=False
08/22 00:47:46 - mmengine - WARNING - text_encoder.transformer.3.attentions.0.attn.out_proj.bias is skipped since its requires_grad=False
08/22 00:47:46 - mmengine - WARNING - text_encoder.transformer.3.ffns.0.layers.0.0.weight is skipped since its requires_grad=False
08/22 00:47:46 - mmengine - WARNING - text_encoder.transformer.3.ffns.0.layers.0.0.bias is skipped since its requires_grad=False
08/22 00:47:46 - mmengine - WARNING - text_encoder.transformer.3.ffns.0.layers.1.weight is skipped since its requires_grad=False
08/22 00:47:46 - mmengine - WARNING - text_encoder.transformer.3.ffns.0.layers.1.bias is skipped since its requires_grad=False
08/22 00:47:46 - mmengine - WARNING - text_encoder.transformer.3.norms.0.weight is skipped since its requires_grad=False
08/22 00:47:46 - mmengine - WARNING - text_encoder.transformer.3.norms.0.bias is skipped since its requires_grad=False
08/22 00:47:46 - mmengine - WARNING - text_encoder.transformer.3.norms.1.weight is skipped since its requires_grad=False
08/22 00:47:46 - mmengine - WARNING - text_encoder.transformer.3.norms.1.bias is skipped since its requires_grad=False
08/22 00:47:46 - mmengine - WARNING - text_encoder.transformer.4.attentions.0.attn.in_proj_weight is skipped since its requires_grad=False
08/22 00:47:46 - mmengine - WARNING - text_encoder.transformer.4.attentions.0.attn.in_proj_bias is skipped since its requires_grad=False
08/22 00:47:46 - mmengine - WARNING - text_encoder.transformer.4.attentions.0.attn.out_proj.weight is skipped since its requires_grad=False
08/22 00:47:46 - mmengine - WARNING - text_encoder.transformer.4.attentions.0.attn.out_proj.bias is skipped since its requires_grad=False
08/22 00:47:46 - mmengine - WARNING - text_encoder.transformer.4.ffns.0.layers.0.0.weight is skipped since its requires_grad=False
08/22 00:47:46 - mmengine - WARNING - text_encoder.transformer.4.ffns.0.layers.0.0.bias is skipped since its requires_grad=False
08/22 00:47:46 - mmengine - WARNING - text_encoder.transformer.4.ffns.0.layers.1.weight is skipped since its requires_grad=False
08/22 00:47:46 - mmengine - WARNING - text_encoder.transformer.4.ffns.0.layers.1.bias is skipped since its requires_grad=False
08/22 00:47:46 - mmengine - WARNING - text_encoder.transformer.4.norms.0.weight is skipped since its requires_grad=False
08/22 00:47:46 - mmengine - WARNING - text_encoder.transformer.4.norms.0.bias is skipped since its requires_grad=False
08/22 00:47:46 - mmengine - WARNING - text_encoder.transformer.4.norms.1.weight is skipped since its requires_grad=False
08/22 00:47:46 - mmengine - WARNING - text_encoder.transformer.4.norms.1.bias is skipped since its requires_grad=False
08/22 00:47:46 - mmengine - WARNING - text_encoder.transformer.5.attentions.0.attn.in_proj_weight is skipped since its requires_grad=False
08/22 00:47:46 - mmengine - WARNING - text_encoder.transformer.5.attentions.0.attn.in_proj_bias is skipped since its requires_grad=False
08/22 00:47:46 - mmengine - WARNING - text_encoder.transformer.5.attentions.0.attn.out_proj.weight is skipped since its requires_grad=False
08/22 00:47:46 - mmengine - WARNING - text_encoder.transformer.5.attentions.0.attn.out_proj.bias is skipped since its requires_grad=False
08/22 00:47:46 - mmengine - WARNING - text_encoder.transformer.5.ffns.0.layers.0.0.weight is skipped since its requires_grad=False
08/22 00:47:46 - mmengine - WARNING - text_encoder.transformer.5.ffns.0.layers.0.0.bias is skipped since its requires_grad=False
08/22 00:47:46 - mmengine - WARNING - text_encoder.transformer.5.ffns.0.layers.1.weight is skipped since its requires_grad=False
08/22 00:47:46 - mmengine - WARNING - text_encoder.transformer.5.ffns.0.layers.1.bias is skipped since its requires_grad=False
08/22 00:47:46 - mmengine - WARNING - text_encoder.transformer.5.norms.0.weight is skipped since its requires_grad=False
08/22 00:47:46 - mmengine - WARNING - text_encoder.transformer.5.norms.0.bias is skipped since its requires_grad=False
08/22 00:47:46 - mmengine - WARNING - text_encoder.transformer.5.norms.1.weight is skipped since its requires_grad=False
08/22 00:47:46 - mmengine - WARNING - text_encoder.transformer.5.norms.1.bias is skipped since its requires_grad=False
08/22 00:47:46 - mmengine - WARNING - text_encoder.transformer.6.attentions.0.attn.in_proj_weight is skipped since its requires_grad=False
08/22 00:47:46 - mmengine - WARNING - text_encoder.transformer.6.attentions.0.attn.in_proj_bias is skipped since its requires_grad=False
08/22 00:47:46 - mmengine - WARNING - text_encoder.transformer.6.attentions.0.attn.out_proj.weight is skipped since its requires_grad=False
08/22 00:47:46 - mmengine - WARNING - text_encoder.transformer.6.attentions.0.attn.out_proj.bias is skipped since its requires_grad=False
08/22 00:47:46 - mmengine - WARNING - text_encoder.transformer.6.ffns.0.layers.0.0.weight is skipped since its requires_grad=False
08/22 00:47:46 - mmengine - WARNING - text_encoder.transformer.6.ffns.0.layers.0.0.bias is skipped since its requires_grad=False
08/22 00:47:46 - mmengine - WARNING - text_encoder.transformer.6.ffns.0.layers.1.weight is skipped since its requires_grad=False
08/22 00:47:46 - mmengine - WARNING - text_encoder.transformer.6.ffns.0.layers.1.bias is skipped since its requires_grad=False
08/22 00:47:46 - mmengine - WARNING - text_encoder.transformer.6.norms.0.weight is skipped since its requires_grad=False
08/22 00:47:46 - mmengine - WARNING - text_encoder.transformer.6.norms.0.bias is skipped since its requires_grad=False
08/22 00:47:46 - mmengine - WARNING - text_encoder.transformer.6.norms.1.weight is skipped since its requires_grad=False
08/22 00:47:46 - mmengine - WARNING - text_encoder.transformer.6.norms.1.bias is skipped since its requires_grad=False
08/22 00:47:46 - mmengine - WARNING - text_encoder.transformer.7.attentions.0.attn.in_proj_weight is skipped since its requires_grad=False
08/22 00:47:46 - mmengine - WARNING - text_encoder.transformer.7.attentions.0.attn.in_proj_bias is skipped since its requires_grad=False
08/22 00:47:46 - mmengine - WARNING - text_encoder.transformer.7.attentions.0.attn.out_proj.weight is skipped since its requires_grad=False
08/22 00:47:46 - mmengine - WARNING - text_encoder.transformer.7.attentions.0.attn.out_proj.bias is skipped since its requires_grad=False
08/22 00:47:46 - mmengine - WARNING - text_encoder.transformer.7.ffns.0.layers.0.0.weight is skipped since its requires_grad=False
08/22 00:47:46 - mmengine - WARNING - text_encoder.transformer.7.ffns.0.layers.0.0.bias is skipped since its requires_grad=False
08/22 00:47:46 - mmengine - WARNING - text_encoder.transformer.7.ffns.0.layers.1.weight is skipped since its requires_grad=False
08/22 00:47:46 - mmengine - WARNING - text_encoder.transformer.7.ffns.0.layers.1.bias is skipped since its requires_grad=False
08/22 00:47:46 - mmengine - WARNING - text_encoder.transformer.7.norms.0.weight is skipped since its requires_grad=False
08/22 00:47:46 - mmengine - WARNING - text_encoder.transformer.7.norms.0.bias is skipped since its requires_grad=False
08/22 00:47:46 - mmengine - WARNING - text_encoder.transformer.7.norms.1.weight is skipped since its requires_grad=False
08/22 00:47:46 - mmengine - WARNING - text_encoder.transformer.7.norms.1.bias is skipped since its requires_grad=False
08/22 00:47:46 - mmengine - WARNING - text_encoder.transformer.8.attentions.0.attn.in_proj_weight is skipped since its requires_grad=False
08/22 00:47:46 - mmengine - WARNING - text_encoder.transformer.8.attentions.0.attn.in_proj_bias is skipped since its requires_grad=False
08/22 00:47:46 - mmengine - WARNING - text_encoder.transformer.8.attentions.0.attn.out_proj.weight is skipped since its requires_grad=False
08/22 00:47:46 - mmengine - WARNING - text_encoder.transformer.8.attentions.0.attn.out_proj.bias is skipped since its requires_grad=False
08/22 00:47:46 - mmengine - WARNING - text_encoder.transformer.8.ffns.0.layers.0.0.weight is skipped since its requires_grad=False
08/22 00:47:46 - mmengine - WARNING - text_encoder.transformer.8.ffns.0.layers.0.0.bias is skipped since its requires_grad=False
08/22 00:47:46 - mmengine - WARNING - text_encoder.transformer.8.ffns.0.layers.1.weight is skipped since its requires_grad=False
08/22 00:47:46 - mmengine - WARNING - text_encoder.transformer.8.ffns.0.layers.1.bias is skipped since its requires_grad=False
08/22 00:47:46 - mmengine - WARNING - text_encoder.transformer.8.norms.0.weight is skipped since its requires_grad=False
08/22 00:47:46 - mmengine - WARNING - text_encoder.transformer.8.norms.0.bias is skipped since its requires_grad=False
08/22 00:47:46 - mmengine - WARNING - text_encoder.transformer.8.norms.1.weight is skipped since its requires_grad=False
08/22 00:47:46 - mmengine - WARNING - text_encoder.transformer.8.norms.1.bias is skipped since its requires_grad=False
08/22 00:47:46 - mmengine - WARNING - text_encoder.transformer.9.attentions.0.attn.in_proj_weight is skipped since its requires_grad=False
08/22 00:47:46 - mmengine - WARNING - text_encoder.transformer.9.attentions.0.attn.in_proj_bias is skipped since its requires_grad=False
08/22 00:47:46 - mmengine - WARNING - text_encoder.transformer.9.attentions.0.attn.out_proj.weight is skipped since its requires_grad=False
08/22 00:47:46 - mmengine - WARNING - text_encoder.transformer.9.attentions.0.attn.out_proj.bias is skipped since its requires_grad=False
08/22 00:47:46 - mmengine - WARNING - text_encoder.transformer.9.ffns.0.layers.0.0.weight is skipped since its requires_grad=False
08/22 00:47:46 - mmengine - WARNING - text_encoder.transformer.9.ffns.0.layers.0.0.bias is skipped since its requires_grad=False
08/22 00:47:46 - mmengine - WARNING - text_encoder.transformer.9.ffns.0.layers.1.weight is skipped since its requires_grad=False
08/22 00:47:46 - mmengine - WARNING - text_encoder.transformer.9.ffns.0.layers.1.bias is skipped since its requires_grad=False
08/22 00:47:46 - mmengine - WARNING - text_encoder.transformer.9.norms.0.weight is skipped since its requires_grad=False
08/22 00:47:46 - mmengine - WARNING - text_encoder.transformer.9.norms.0.bias is skipped since its requires_grad=False
08/22 00:47:46 - mmengine - WARNING - text_encoder.transformer.9.norms.1.weight is skipped since its requires_grad=False
08/22 00:47:46 - mmengine - WARNING - text_encoder.transformer.9.norms.1.bias is skipped since its requires_grad=False
08/22 00:47:46 - mmengine - WARNING - text_encoder.transformer.10.attentions.0.attn.in_proj_weight is skipped since its requires_grad=False
08/22 00:47:46 - mmengine - WARNING - text_encoder.transformer.10.attentions.0.attn.in_proj_bias is skipped since its requires_grad=False
08/22 00:47:46 - mmengine - WARNING - text_encoder.transformer.10.attentions.0.attn.out_proj.weight is skipped since its requires_grad=False
08/22 00:47:46 - mmengine - WARNING - text_encoder.transformer.10.attentions.0.attn.out_proj.bias is skipped since its requires_grad=False
08/22 00:47:46 - mmengine - WARNING - text_encoder.transformer.10.ffns.0.layers.0.0.weight is skipped since its requires_grad=False
08/22 00:47:46 - mmengine - WARNING - text_encoder.transformer.10.ffns.0.layers.0.0.bias is skipped since its requires_grad=False
08/22 00:47:46 - mmengine - WARNING - text_encoder.transformer.10.ffns.0.layers.1.weight is skipped since its requires_grad=False
08/22 00:47:46 - mmengine - WARNING - text_encoder.transformer.10.ffns.0.layers.1.bias is skipped since its requires_grad=False
08/22 00:47:46 - mmengine - WARNING - text_encoder.transformer.10.norms.0.weight is skipped since its requires_grad=False
08/22 00:47:46 - mmengine - WARNING - text_encoder.transformer.10.norms.0.bias is skipped since its requires_grad=False
08/22 00:47:46 - mmengine - WARNING - text_encoder.transformer.10.norms.1.weight is skipped since its requires_grad=False
08/22 00:47:46 - mmengine - WARNING - text_encoder.transformer.10.norms.1.bias is skipped since its requires_grad=False
08/22 00:47:46 - mmengine - WARNING - text_encoder.transformer.11.attentions.0.attn.in_proj_weight is skipped since its requires_grad=False
08/22 00:47:46 - mmengine - WARNING - text_encoder.transformer.11.attentions.0.attn.in_proj_bias is skipped since its requires_grad=False
08/22 00:47:46 - mmengine - WARNING - text_encoder.transformer.11.attentions.0.attn.out_proj.weight is skipped since its requires_grad=False
08/22 00:47:46 - mmengine - WARNING - text_encoder.transformer.11.attentions.0.attn.out_proj.bias is skipped since its requires_grad=False
08/22 00:47:46 - mmengine - WARNING - text_encoder.transformer.11.ffns.0.layers.0.0.weight is skipped since its requires_grad=False
08/22 00:47:46 - mmengine - WARNING - text_encoder.transformer.11.ffns.0.layers.0.0.bias is skipped since its requires_grad=False
08/22 00:47:46 - mmengine - WARNING - text_encoder.transformer.11.ffns.0.layers.1.weight is skipped since its requires_grad=False
08/22 00:47:46 - mmengine - WARNING - text_encoder.transformer.11.ffns.0.layers.1.bias is skipped since its requires_grad=False
08/22 00:47:46 - mmengine - WARNING - text_encoder.transformer.11.norms.0.weight is skipped since its requires_grad=False
08/22 00:47:46 - mmengine - WARNING - text_encoder.transformer.11.norms.0.bias is skipped since its requires_grad=False
08/22 00:47:46 - mmengine - WARNING - text_encoder.transformer.11.norms.1.weight is skipped since its requires_grad=False
08/22 00:47:46 - mmengine - WARNING - text_encoder.transformer.11.norms.1.bias is skipped since its requires_grad=False
08/22 00:47:46 - mmengine - WARNING - text_encoder.ln_final.weight is skipped since its requires_grad=False
08/22 00:47:46 - mmengine - WARNING - text_encoder.ln_final.bias is skipped since its requires_grad=False
08/22 00:47:46 - mmengine - INFO - paramwise_options -- decode_head.side_adapter_network.pos_embed:lr=1e-05
08/22 00:47:46 - mmengine - INFO - paramwise_options -- decode_head.side_adapter_network.pos_embed:weight_decay=0.0
08/22 00:47:46 - mmengine - INFO - paramwise_options -- decode_head.side_adapter_network.pos_embed:decay_mult=0.0
08/22 00:47:46 - mmengine - INFO - paramwise_options -- decode_head.side_adapter_network.query_pos_embed:lr=1e-05
08/22 00:47:46 - mmengine - INFO - paramwise_options -- decode_head.side_adapter_network.query_pos_embed:weight_decay=0.0
08/22 00:47:46 - mmengine - INFO - paramwise_options -- decode_head.side_adapter_network.query_pos_embed:decay_mult=0.0
08/22 00:47:46 - mmengine - WARNING - decode_head.rec_with_attnbias.layers.0.attentions.0.attn.in_proj_weight is skipped since its requires_grad=False
08/22 00:47:46 - mmengine - WARNING - decode_head.rec_with_attnbias.layers.0.attentions.0.attn.in_proj_bias is skipped since its requires_grad=False
08/22 00:47:46 - mmengine - WARNING - decode_head.rec_with_attnbias.layers.0.attentions.0.attn.out_proj.weight is skipped since its requires_grad=False
08/22 00:47:46 - mmengine - WARNING - decode_head.rec_with_attnbias.layers.0.attentions.0.attn.out_proj.bias is skipped since its requires_grad=False
08/22 00:47:46 - mmengine - WARNING - decode_head.rec_with_attnbias.layers.0.ffns.0.layers.0.0.weight is skipped since its requires_grad=False
08/22 00:47:46 - mmengine - WARNING - decode_head.rec_with_attnbias.layers.0.ffns.0.layers.0.0.bias is skipped since its requires_grad=False
08/22 00:47:46 - mmengine - WARNING - decode_head.rec_with_attnbias.layers.0.ffns.0.layers.1.weight is skipped since its requires_grad=False
08/22 00:47:46 - mmengine - WARNING - decode_head.rec_with_attnbias.layers.0.ffns.0.layers.1.bias is skipped since its requires_grad=False
08/22 00:47:46 - mmengine - WARNING - decode_head.rec_with_attnbias.layers.0.norms.0.weight is skipped since its requires_grad=False
08/22 00:47:46 - mmengine - WARNING - decode_head.rec_with_attnbias.layers.0.norms.0.bias is skipped since its requires_grad=False
08/22 00:47:46 - mmengine - WARNING - decode_head.rec_with_attnbias.layers.0.norms.1.weight is skipped since its requires_grad=False
08/22 00:47:46 - mmengine - WARNING - decode_head.rec_with_attnbias.layers.0.norms.1.bias is skipped since its requires_grad=False
08/22 00:47:46 - mmengine - WARNING - decode_head.rec_with_attnbias.layers.1.attentions.0.attn.in_proj_weight is skipped since its requires_grad=False
08/22 00:47:46 - mmengine - WARNING - decode_head.rec_with_attnbias.layers.1.attentions.0.attn.in_proj_bias is skipped since its requires_grad=False
08/22 00:47:46 - mmengine - WARNING - decode_head.rec_with_attnbias.layers.1.attentions.0.attn.out_proj.weight is skipped since its requires_grad=False
08/22 00:47:46 - mmengine - WARNING - decode_head.rec_with_attnbias.layers.1.attentions.0.attn.out_proj.bias is skipped since its requires_grad=False
08/22 00:47:46 - mmengine - WARNING - decode_head.rec_with_attnbias.layers.1.ffns.0.layers.0.0.weight is skipped since its requires_grad=False
08/22 00:47:46 - mmengine - WARNING - decode_head.rec_with_attnbias.layers.1.ffns.0.layers.0.0.bias is skipped since its requires_grad=False
08/22 00:47:46 - mmengine - WARNING - decode_head.rec_with_attnbias.layers.1.ffns.0.layers.1.weight is skipped since its requires_grad=False
08/22 00:47:46 - mmengine - WARNING - decode_head.rec_with_attnbias.layers.1.ffns.0.layers.1.bias is skipped since its requires_grad=False
08/22 00:47:46 - mmengine - WARNING - decode_head.rec_with_attnbias.layers.1.norms.0.weight is skipped since its requires_grad=False
08/22 00:47:46 - mmengine - WARNING - decode_head.rec_with_attnbias.layers.1.norms.0.bias is skipped since its requires_grad=False
08/22 00:47:46 - mmengine - WARNING - decode_head.rec_with_attnbias.layers.1.norms.1.weight is skipped since its requires_grad=False
08/22 00:47:46 - mmengine - WARNING - decode_head.rec_with_attnbias.layers.1.norms.1.bias is skipped since its requires_grad=False
08/22 00:47:46 - mmengine - WARNING - decode_head.rec_with_attnbias.layers.2.attentions.0.attn.in_proj_weight is skipped since its requires_grad=False
08/22 00:47:46 - mmengine - WARNING - decode_head.rec_with_attnbias.layers.2.attentions.0.attn.in_proj_bias is skipped since its requires_grad=False
08/22 00:47:46 - mmengine - WARNING - decode_head.rec_with_attnbias.layers.2.attentions.0.attn.out_proj.weight is skipped since its requires_grad=False
08/22 00:47:46 - mmengine - WARNING - decode_head.rec_with_attnbias.layers.2.attentions.0.attn.out_proj.bias is skipped since its requires_grad=False
08/22 00:47:46 - mmengine - WARNING - decode_head.rec_with_attnbias.layers.2.ffns.0.layers.0.0.weight is skipped since its requires_grad=False
08/22 00:47:46 - mmengine - WARNING - decode_head.rec_with_attnbias.layers.2.ffns.0.layers.0.0.bias is skipped since its requires_grad=False
08/22 00:47:46 - mmengine - WARNING - decode_head.rec_with_attnbias.layers.2.ffns.0.layers.1.weight is skipped since its requires_grad=False
08/22 00:47:46 - mmengine - WARNING - decode_head.rec_with_attnbias.layers.2.ffns.0.layers.1.bias is skipped since its requires_grad=False
08/22 00:47:46 - mmengine - WARNING - decode_head.rec_with_attnbias.layers.2.norms.0.weight is skipped since its requires_grad=False
08/22 00:47:46 - mmengine - WARNING - decode_head.rec_with_attnbias.layers.2.norms.0.bias is skipped since its requires_grad=False
08/22 00:47:46 - mmengine - WARNING - decode_head.rec_with_attnbias.layers.2.norms.1.weight is skipped since its requires_grad=False
08/22 00:47:46 - mmengine - WARNING - decode_head.rec_with_attnbias.layers.2.norms.1.bias is skipped since its requires_grad=False
08/22 00:47:46 - mmengine - WARNING - decode_head.rec_with_attnbias.ln_post.weight is skipped since its requires_grad=False
08/22 00:47:46 - mmengine - WARNING - decode_head.rec_with_attnbias.ln_post.bias is skipped since its requires_grad=False
08/22 00:47:46 - mmengine - WARNING - decode_head.rec_with_attnbias.proj.weight is skipped since its requires_grad=False
Loads checkpoint by local backend from path: /data/teco-data/COCO_Stuff164k/clip_vit-base-patch16-224_3rdparty-d08f8887.pth
/data/bigc-data/lcs/envs/mmseg/lib/python3.10/site-packages/mmengine/runner/checkpoint.py:347: FutureWarning: You are using `torch.load` with `weights_only=False` (the current default value), which uses the default pickle module implicitly. It is possible to construct malicious pickle data which will execute arbitrary code during unpickling (See https://github.com/pytorch/pytorch/blob/main/SECURITY.md#untrusted-models for more details). In a future release, the default value for `weights_only` will be flipped to `True`. This limits the functions that could be executed during unpickling. Arbitrary objects will no longer be allowed to be loaded via this mode unless they are explicitly allowlisted by the user via `torch.serialization.add_safe_globals`. We recommend you start setting `weights_only=True` for any use case where you don't have full control of the loaded file. Please open an issue on GitHub for any issues related to this experimental feature.
  checkpoint = torch.load(filename, map_location=map_location)
08/22 00:47:47 - mmengine - WARNING - The prefix is not set in metric class IoUMetric.
Loads checkpoint by local backend from path: /data/teco-data/COCO_Stuff164k/clip_vit-base-patch16-224_3rdparty-d08f8887.pth
/data/bigc-data/lcs/envs/mmseg/lib/python3.10/site-packages/mmengine/runner/checkpoint.py:347: FutureWarning: You are using `torch.load` with `weights_only=False` (the current default value), which uses the default pickle module implicitly. It is possible to construct malicious pickle data which will execute arbitrary code during unpickling (See https://github.com/pytorch/pytorch/blob/main/SECURITY.md#untrusted-models for more details). In a future release, the default value for `weights_only` will be flipped to `True`. This limits the functions that could be executed during unpickling. Arbitrary objects will no longer be allowed to be loaded via this mode unless they are explicitly allowlisted by the user via `torch.serialization.add_safe_globals`. We recommend you start setting `weights_only=True` for any use case where you don't have full control of the loaded file. Please open an issue on GitHub for any issues related to this experimental feature.
  checkpoint = torch.load(filename, map_location=map_location)
Loads checkpoint by local backend from path: /data/teco-data/COCO_Stuff164k/clip_vit-base-patch16-224_3rdparty-d08f8887.pth
/data/bigc-data/lcs/envs/mmseg/lib/python3.10/site-packages/mmengine/runner/checkpoint.py:347: FutureWarning: You are using `torch.load` with `weights_only=False` (the current default value), which uses the default pickle module implicitly. It is possible to construct malicious pickle data which will execute arbitrary code during unpickling (See https://github.com/pytorch/pytorch/blob/main/SECURITY.md#untrusted-models for more details). In a future release, the default value for `weights_only` will be flipped to `True`. This limits the functions that could be executed during unpickling. Arbitrary objects will no longer be allowed to be loaded via this mode unless they are explicitly allowlisted by the user via `torch.serialization.add_safe_globals`. We recommend you start setting `weights_only=True` for any use case where you don't have full control of the loaded file. Please open an issue on GitHub for any issues related to this experimental feature.
  checkpoint = torch.load(filename, map_location=map_location)
Loads checkpoint by local backend from path: /data/teco-data/COCO_Stuff164k/clip_vit-base-patch16-224_3rdparty-d08f8887.pth
Loads checkpoint by local backend from path: /data/teco-data/COCO_Stuff164k/clip_vit-base-patch16-224_3rdparty-d08f8887.pth
Loads checkpoint by local backend from path: /data/teco-data/COCO_Stuff164k/clip_vit-base-patch16-224_3rdparty-d08f8887.pth
Loads checkpoint by local backend from path: /data/teco-data/COCO_Stuff164k/clip_vit-base-patch16-224_3rdparty-d08f8887.pth
/data/bigc-data/lcs/envs/mmseg/lib/python3.10/site-packages/mmengine/runner/checkpoint.py:347: FutureWarning: You are using `torch.load` with `weights_only=False` (the current default value), which uses the default pickle module implicitly. It is possible to construct malicious pickle data which will execute arbitrary code during unpickling (See https://github.com/pytorch/pytorch/blob/main/SECURITY.md#untrusted-models for more details). In a future release, the default value for `weights_only` will be flipped to `True`. This limits the functions that could be executed during unpickling. Arbitrary objects will no longer be allowed to be loaded via this mode unless they are explicitly allowlisted by the user via `torch.serialization.add_safe_globals`. We recommend you start setting `weights_only=True` for any use case where you don't have full control of the loaded file. Please open an issue on GitHub for any issues related to this experimental feature.
  checkpoint = torch.load(filename, map_location=map_location)
Loads checkpoint by local backend from path: /data/teco-data/COCO_Stuff164k/clip_vit-base-patch16-224_3rdparty-d08f8887.pth
Loads checkpoint by local backend from path: /data/teco-data/COCO_Stuff164k/clip_vit-base-patch16-224_3rdparty-d08f8887.pth
Loads checkpoint by local backend from path: /data/teco-data/COCO_Stuff164k/clip_vit-base-patch16-224_3rdparty-d08f8887.pth
Loads checkpoint by local backend from path: /data/teco-data/COCO_Stuff164k/clip_vit-base-patch16-224_3rdparty-d08f8887.pth
The model and loaded state dict do not match exactly

missing keys in source state_dict: bg_embed

Loads checkpoint by local backend from path: /data/teco-data/COCO_Stuff164k/clip_vit-base-patch16-224_3rdparty-d08f8887.pth
08/22 00:47:49 - mmengine - WARNING - "FileClient" will be deprecated in future. Please use io functions in https://mmengine.readthedocs.io/en/latest/api/fileio.html#file-io
08/22 00:47:49 - mmengine - WARNING - "HardDiskBackend" is the alias of "LocalBackend" and the former will be deprecated in future.
08/22 00:47:49 - mmengine - INFO - Checkpoints will be saved to /data/bigc-data/lcs/SAN/run_scripts/work_dirs/san-vit-b16_coco-stuff164k-640x640.
/data/bigc-data/lcs/envs/mmseg/lib/python3.10/site-packages/mmcv/cnn/bricks/transformer.py:819: UserWarning: Use same attn_mask in all attentions in BaseTransformerLayer 
  warnings.warn(f'Use same attn_mask in all attentions in '
/data/bigc-data/lcs/envs/mmseg/lib/python3.10/site-packages/mmcv/cnn/bricks/transformer.py:819: UserWarning: Use same attn_mask in all attentions in BaseTransformerLayer 
  warnings.warn(f'Use same attn_mask in all attentions in '
/data/bigc-data/lcs/envs/mmseg/lib/python3.10/site-packages/mmcv/cnn/bricks/transformer.py:819: UserWarning: Use same attn_mask in all attentions in BaseTransformerLayer 
  warnings.warn(f'Use same attn_mask in all attentions in '
/data/bigc-data/lcs/envs/mmseg/lib/python3.10/site-packages/mmcv/cnn/bricks/transformer.py:819: UserWarning: Use same attn_mask in all attentions in BaseTransformerLayer 
  warnings.warn(f'Use same attn_mask in all attentions in '
/data/bigc-data/lcs/SAN/mmseg/models/assigners/hungarian_assigner.py:68: FutureWarning: `torch.cuda.amp.autocast(args...)` is deprecated. Please use `torch.amp.autocast('cuda', args...)` instead.
  with autocast(enabled=False):
/data/bigc-data/lcs/SAN/mmseg/models/assigners/hungarian_assigner.py:68: FutureWarning: `torch.cuda.amp.autocast(args...)` is deprecated. Please use `torch.amp.autocast('cuda', args...)` instead.
  with autocast(enabled=False):
/data/bigc-data/lcs/SAN/mmseg/models/assigners/hungarian_assigner.py:68: FutureWarning: `torch.cuda.amp.autocast(args...)` is deprecated. Please use `torch.amp.autocast('cuda', args...)` instead.
  with autocast(enabled=False):
/data/bigc-data/lcs/SAN/mmseg/models/assigners/hungarian_assigner.py:68: FutureWarning: `torch.cuda.amp.autocast(args...)` is deprecated. Please use `torch.amp.autocast('cuda', args...)` instead.
  with autocast(enabled=False):
/data/bigc-data/lcs/envs/mmseg/lib/python3.10/site-packages/torch/autograd/graph.py:768: UserWarning: Grad strides do not match bucket view strides. This may indicate grad was not created according to the gradient layout contract, or that the param's strides changed since DDP was constructed.  This is not an error, but may impair performance.
grad.sizes() = [1, 1600, 240], strides() = [408000, 240, 1]
bucket_view.sizes() = [1, 1600, 240], strides() = [384000, 240, 1] (Triggered internally at /root/pytorch/torch/csrc/distributed/c10d/reducer.cpp:327.)
  return Variable._execution_engine.run_backward(  # Calls into the C++ engine to run the backward pass
/data/bigc-data/lcs/envs/mmseg/lib/python3.10/site-packages/torch/autograd/graph.py:768: UserWarning: Grad strides do not match bucket view strides. This may indicate grad was not created according to the gradient layout contract, or that the param's strides changed since DDP was constructed.  This is not an error, but may impair performance.
grad.sizes() = [1, 1600, 240], strides() = [408000, 240, 1]
bucket_view.sizes() = [1, 1600, 240], strides() = [384000, 240, 1] (Triggered internally at /root/pytorch/torch/csrc/distributed/c10d/reducer.cpp:327.)
  return Variable._execution_engine.run_backward(  # Calls into the C++ engine to run the backward pass
/data/bigc-data/lcs/envs/mmseg/lib/python3.10/site-packages/torch/autograd/graph.py:768: UserWarning: Grad strides do not match bucket view strides. This may indicate grad was not created according to the gradient layout contract, or that the param's strides changed since DDP was constructed.  This is not an error, but may impair performance.
grad.sizes() = [1, 1600, 240], strides() = [408000, 240, 1]
bucket_view.sizes() = [1, 1600, 240], strides() = [384000, 240, 1] (Triggered internally at /root/pytorch/torch/csrc/distributed/c10d/reducer.cpp:327.)
  return Variable._execution_engine.run_backward(  # Calls into the C++ engine to run the backward pass
/data/bigc-data/lcs/envs/mmseg/lib/python3.10/site-packages/torch/autograd/graph.py:768: UserWarning: Grad strides do not match bucket view strides. This may indicate grad was not created according to the gradient layout contract, or that the param's strides changed since DDP was constructed.  This is not an error, but may impair performance.
grad.sizes() = [1, 1600, 240], strides() = [408000, 240, 1]
bucket_view.sizes() = [1, 1600, 240], strides() = [384000, 240, 1] (Triggered internally at /root/pytorch/torch/csrc/distributed/c10d/reducer.cpp:327.)
  return Variable._execution_engine.run_backward(  # Calls into the C++ engine to run the backward pass
TCAPPDLL 2025-08-22 00:48:03.831883 - Epoch: 0 Iteration: 0  rank : 2  train.loss : 93.02310180664062  train.ips : 0.5664412764498834 imgs/s train.total_time : 14.12326455116272 
TCAPPDLL 2025-08-22 00:48:03.831950 - Epoch: 0 Iteration: 0  rank : 0  train.loss : 94.66901397705078  train.ips : 0.5663844346044045 imgs/s train.total_time : 14.124681949615479 
TCAPPDLL 2025-08-22 00:48:03.832216 - Epoch: 0 Iteration: 0  rank : 3  train.loss : 93.58164978027344  train.ips : 0.5665173447653308 imgs/s train.total_time : 14.121368169784546 
TCAPPDLL 2025-08-22 00:48:03.832341 - Epoch: 0 Iteration: 0  rank : 1  train.loss : 91.5485610961914  train.ips : 0.5663807156617882 imgs/s train.total_time : 14.124774694442749 
TCAPPDLL 2025-08-22 00:48:09.289798 - Epoch: 0 Iteration: 1  rank : 3  train.loss : 95.50458526611328  train.ips : 1.465945537115285 imgs/s train.total_time : 5.457228660583496 
TCAPPDLL 2025-08-22 00:48:09.290249 - Epoch: 0 Iteration: 1  rank : 2  train.loss : 97.10072326660156  train.ips : 1.4657419020484304 imgs/s train.total_time : 5.457986831665039 
TCAPPDLL 2025-08-22 00:48:09.292330 - Epoch: 0 Iteration: 1  rank : 1  train.loss : 96.25252532958984  train.ips : 1.4653086934299608 imgs/s train.total_time : 5.459600448608398 
TCAPPDLL 2025-08-22 00:48:09.296749 - Epoch: 0 Iteration: 1  rank : 0  train.loss : 94.43577575683594  train.ips : 1.4640136048455896 imgs/s train.total_time : 5.464430093765259 
TCAPPDLL 2025-08-22 00:48:14.713863 - Epoch: 0 Iteration: 2  rank : 3  train.loss : 99.6412124633789  train.ips : 1.4749939996993255 imgs/s train.total_time : 5.423750877380371 
TCAPPDLL 2025-08-22 00:48:14.714169 - Epoch: 0 Iteration: 2  rank : 0  train.loss : 96.73991394042969  train.ips : 1.4767855114392188 imgs/s train.total_time : 5.417171239852905 
TCAPPDLL 2025-08-22 00:48:14.716185 - Epoch: 0 Iteration: 2  rank : 1  train.loss : 94.0573501586914  train.ips : 1.4750496329303997 imgs/s train.total_time : 5.423546314239502 
TCAPPDLL 2025-08-22 00:48:14.717141 - Epoch: 0 Iteration: 2  rank : 2  train.loss : 92.37804412841797  train.ips : 1.4742174531936274 imgs/s train.total_time : 5.426607847213745 
TCAPPDLL 2025-08-22 00:48:20.539138 - Epoch: 0 Iteration: 3  rank : 0  train.loss : 94.89065551757812  train.ips : 1.3734558133099966 imgs/s train.total_time : 5.824723243713379 
TCAPPDLL 2025-08-22 00:48:20.571643 - Epoch: 0 Iteration: 3  rank : 1  train.loss : 95.27824401855469  train.ips : 1.3663217706201112 imgs/s train.total_time : 5.855136156082153 
TCAPPDLL 2025-08-22 00:48:20.587177 - Epoch: 0 Iteration: 3  rank : 3  train.loss : 85.85814666748047  train.ips : 1.36215535881314 imgs/s train.total_time : 5.873045206069946 
TCAPPDLL 2025-08-22 00:48:20.587564 - Epoch: 0 Iteration: 3  rank : 2  train.loss : 95.21016693115234  train.ips : 1.3628306514432664 imgs/s train.total_time : 5.870135068893433 
TCAPPDLL 2025-08-22 00:48:26.065543 - Epoch: 0 Iteration: 4  rank : 0  train.loss : 100.69129943847656  train.ips : 1.4476474909413182 imgs/s train.total_time : 5.526207208633423 
TCAPPDLL 2025-08-22 00:48:26.079669 - Epoch: 0 Iteration: 4  rank : 3  train.loss : 96.13382720947266  train.ips : 1.4565980690187827 imgs/s train.total_time : 5.492249488830566 
TCAPPDLL 2025-08-22 00:48:26.080156 - Epoch: 0 Iteration: 4  rank : 2  train.loss : 104.77472686767578  train.ips : 1.4565823246874416 imgs/s train.total_time : 5.492308855056763 
TCAPPDLL 2025-08-22 00:48:26.080386 - Epoch: 0 Iteration: 4  rank : 1  train.loss : 96.68238830566406  train.ips : 1.4523113978012097 imgs/s train.total_time : 5.508460521697998 
TCAPPDLL 2025-08-22 00:48:31.539316 - Epoch: 0 Iteration: 5  rank : 1  train.loss : 90.76519012451172  train.ips : 1.4655432522962204 imgs/s train.total_time : 5.458726644515991 
TCAPPDLL 2025-08-22 00:48:31.581726 - Epoch: 0 Iteration: 5  rank : 3  train.loss : 94.94799041748047  train.ips : 1.4540701284045177 imgs/s train.total_time : 5.501797914505005 
TCAPPDLL 2025-08-22 00:48:31.585889 - Epoch: 0 Iteration: 5  rank : 2  train.loss : 102.94023132324219  train.ips : 1.4531367063825114 imgs/s train.total_time : 5.505331993103027 
TCAPPDLL 2025-08-22 00:48:31.602305 - Epoch: 0 Iteration: 5  rank : 0  train.loss : 92.75877380371094  train.ips : 1.4450183704111386 imgs/s train.total_time : 5.536261796951294 
TCAPPDLL 2025-08-22 00:48:37.375532 - Epoch: 0 Iteration: 6  rank : 1  train.loss : 82.09083557128906  train.ips : 1.3707969430731137 imgs/s train.total_time : 5.836021184921265 
TCAPPDLL 2025-08-22 00:48:37.419761 - Epoch: 0 Iteration: 6  rank : 0  train.loss : 86.50525665283203  train.ips : 1.3752753722518056 imgs/s train.total_time : 5.817016839981079 
TCAPPDLL 2025-08-22 00:48:37.421614 - Epoch: 0 Iteration: 6  rank : 2  train.loss : 89.30062866210938  train.ips : 1.3709953275868092 imgs/s train.total_time : 5.835176706314087 
TCAPPDLL 2025-08-22 00:48:37.431890 - Epoch: 0 Iteration: 6  rank : 3  train.loss : 95.67161560058594  train.ips : 1.3675660897536326 imgs/s train.total_time : 5.849808692932129 
TCAPPDLL 2025-08-22 00:48:42.678279 - Epoch: 0 Iteration: 7  rank : 0  train.loss : 96.42145538330078  train.ips : 1.5214205170940418 imgs/s train.total_time : 5.258243799209595 
TCAPPDLL 2025-08-22 00:48:42.678445 - Epoch: 0 Iteration: 7  rank : 2  train.loss : 96.30142974853516  train.ips : 1.5219050773254712 imgs/s train.total_time : 5.2565696239471436 
TCAPPDLL 2025-08-22 00:48:42.678639 - Epoch: 0 Iteration: 7  rank : 3  train.loss : 100.81485748291016  train.ips : 1.5248120729897248 imgs/s train.total_time : 5.246548175811768 
TCAPPDLL 2025-08-22 00:48:42.693418 - Epoch: 0 Iteration: 7  rank : 1  train.loss : 101.24020385742188  train.ips : 1.504419877043034 imgs/s train.total_time : 5.317664384841919 
TCAPPDLL 2025-08-22 00:48:48.635689 - Epoch: 0 Iteration: 8  rank : 1  train.loss : 86.79987335205078  train.ips : 1.346340974096491 imgs/s train.total_time : 5.942031145095825 
TCAPPDLL 2025-08-22 00:48:48.680525 - Epoch: 0 Iteration: 8  rank : 2  train.loss : 97.71351623535156  train.ips : 1.3329179786527716 imgs/s train.total_time : 6.0018696784973145 
TCAPPDLL 2025-08-22 00:48:48.681032 - Epoch: 0 Iteration: 8  rank : 3  train.loss : 91.65148162841797  train.ips : 1.332847930936534 imgs/s train.total_time : 6.002185106277466 
TCAPPDLL 2025-08-22 00:48:48.688102 - Epoch: 0 Iteration: 8  rank : 0  train.loss : 98.80548858642578  train.ips : 1.3311972984429825 imgs/s train.total_time : 6.0096275806427 
TCAPPDLL 2025-08-22 00:48:54.426446 - Epoch: 0 Iteration: 9  rank : 1  train.loss : 92.57330322265625  train.ips : 1.381574478892001 imgs/s train.total_time : 5.790494918823242 
TCAPPDLL 2025-08-22 00:48:54.426647 - Epoch: 0 Iteration: 9  rank : 2  train.loss : 89.9366683959961  train.ips : 1.3923064956855196 imgs/s train.total_time : 5.745861291885376 
TCAPPDLL 2025-08-22 00:48:54.427247 - Epoch: 0 Iteration: 9  rank : 3  train.loss : 96.73839569091797  train.ips : 1.392289684143438 imgs/s train.total_time : 5.7459306716918945 
TCAPPDLL 2025-08-22 00:48:54.427565 - Epoch: 0 Iteration: 9  rank : 0  train.loss : 88.3854751586914  train.ips : 1.393921253893169 imgs/s train.total_time : 5.7392051219940186 
TCAPPDLL 2025-08-22 00:48:59.964071 - Epoch: 0 Iteration: 10  rank : 1  train.loss : 94.22764587402344  train.ips : 1.4447253907498292 imgs/s train.total_time : 5.537384510040283 
TCAPPDLL 2025-08-22 00:48:59.965958 - Epoch: 0 Iteration: 10  rank : 0  train.loss : 83.94439697265625  train.ips : 1.4445304064483586 imgs/s train.total_time : 5.538131952285767 
TCAPPDLL 2025-08-22 00:48:59.966736 - Epoch: 0 Iteration: 10  rank : 2  train.loss : 90.26164245605469  train.ips : 1.4440900041156508 imgs/s train.total_time : 5.539820909500122 
TCAPPDLL 2025-08-22 00:48:59.966947 - Epoch: 0 Iteration: 10  rank : 3  train.loss : 93.50568389892578  train.ips : 1.4441773918003165 imgs/s train.total_time : 5.539485692977905 
TCAPPDLL 2025-08-22 00:49:05.471112 - Epoch: 0 Iteration: 11  rank : 1  train.loss : 94.13409423828125  train.ips : 1.452778404008775 imgs/s train.total_time : 5.506689786911011 
TCAPPDLL 2025-08-22 00:49:05.483288 - Epoch: 0 Iteration: 11  rank : 2  train.loss : 91.82788848876953  train.ips : 1.4502396858249216 imgs/s train.total_time : 5.516329526901245 
TCAPPDLL 2025-08-22 00:49:05.484439 - Epoch: 0 Iteration: 11  rank : 0  train.loss : 90.2165756225586  train.ips : 1.4497513842756928 imgs/s train.total_time : 5.518187522888184 
TCAPPDLL 2025-08-22 00:49:05.488514 - Epoch: 0 Iteration: 11  rank : 3  train.loss : 98.47430419921875  train.ips : 1.4489094564155 imgs/s train.total_time : 5.5213940143585205 
TCAPPDLL 2025-08-22 00:49:10.916994 - Epoch: 0 Iteration: 12  rank : 1  train.loss : 85.09608459472656  train.ips : 1.4690506011673097 imgs/s train.total_time : 5.4456939697265625 
TCAPPDLL 2025-08-22 00:49:10.918987 - Epoch: 0 Iteration: 12  rank : 0  train.loss : 96.64236450195312  train.ips : 1.4721370048158187 imgs/s train.total_time : 5.434276819229126 
TCAPPDLL 2025-08-22 00:49:10.919680 - Epoch: 0 Iteration: 12  rank : 3  train.loss : 87.95240783691406  train.ips : 1.4730239984715938 imgs/s train.total_time : 5.431004524230957 
TCAPPDLL 2025-08-22 00:49:10.926275 - Epoch: 0 Iteration: 12  rank : 2  train.loss : 92.27386474609375  train.ips : 1.4698445048590234 imgs/s train.total_time : 5.4427525997161865 
TCAPPDLL 2025-08-22 00:49:16.248901 - Epoch: 0 Iteration: 13  rank : 3  train.loss : 99.79290771484375  train.ips : 1.5012298839955358 imgs/s train.total_time : 5.328963994979858 
TCAPPDLL 2025-08-22 00:49:16.249747 - Epoch: 0 Iteration: 13  rank : 0  train.loss : 92.01400756835938  train.ips : 1.5008331095426781 imgs/s train.total_time : 5.3303728103637695 
TCAPPDLL 2025-08-22 00:49:16.250409 - Epoch: 0 Iteration: 13  rank : 1  train.loss : 89.20503234863281  train.ips : 1.500042469511808 imgs/s train.total_time : 5.333182334899902 
TCAPPDLL 2025-08-22 00:49:16.251039 - Epoch: 0 Iteration: 13  rank : 2  train.loss : 85.90151977539062  train.ips : 1.5025126260438229 imgs/s train.total_time : 5.324414491653442 
TCAPPDLL 2025-08-22 00:49:21.717225 - Epoch: 0 Iteration: 14  rank : 2  train.loss : 94.92970275878906  train.ips : 1.4636343412683388 imgs/s train.total_time : 5.465846061706543 
TCAPPDLL 2025-08-22 00:49:21.717692 - Epoch: 0 Iteration: 14  rank : 0  train.loss : 89.66525268554688  train.ips : 1.463174239639075 imgs/s train.total_time : 5.467564821243286 
TCAPPDLL 2025-08-22 00:49:21.718278 - Epoch: 0 Iteration: 14  rank : 3  train.loss : 93.33392333984375  train.ips : 1.46277857564849 imgs/s train.total_time : 5.469043731689453 
TCAPPDLL 2025-08-22 00:49:21.722664 - Epoch: 0 Iteration: 14  rank : 1  train.loss : 95.50016021728516  train.ips : 1.4620069994524842 imgs/s train.total_time : 5.471930027008057 
TCAPPDLL 2025-08-22 00:49:27.171887 - Epoch: 0 Iteration: 15  rank : 2  train.loss : 93.5538101196289  train.ips : 1.4666868493420253 imgs/s train.total_time : 5.45447039604187 
TCAPPDLL 2025-08-22 00:49:27.172284 - Epoch: 0 Iteration: 15  rank : 0  train.loss : 92.2593994140625  train.ips : 1.4667093522520698 imgs/s train.total_time : 5.4543867111206055 
TCAPPDLL 2025-08-22 00:49:27.176351 - Epoch: 0 Iteration: 15  rank : 3  train.loss : 89.10078430175781  train.ips : 1.4657703307162342 imgs/s train.total_time : 5.457880973815918 
TCAPPDLL 2025-08-22 00:49:27.176759 - Epoch: 0 Iteration: 15  rank : 1  train.loss : 88.4549560546875  train.ips : 1.4668507966067983 imgs/s train.total_time : 5.453860759735107 
TCAPPDLL 2025-08-22 00:49:32.821853 - Epoch: 0 Iteration: 16  rank : 3  train.loss : 96.95433807373047  train.ips : 1.417095131749212 imgs/s train.total_time : 5.645351409912109 
TCAPPDLL 2025-08-22 00:49:32.822125 - Epoch: 0 Iteration: 16  rank : 0  train.loss : 91.03492736816406  train.ips : 1.4160179727394095 imgs/s train.total_time : 5.649645805358887 
TCAPPDLL 2025-08-22 00:49:32.822163 - Epoch: 0 Iteration: 16  rank : 2  train.loss : 88.40303802490234  train.ips : 1.4159018149674685 imgs/s train.total_time : 5.65010929107666 
TCAPPDLL 2025-08-22 00:49:32.824889 - Epoch: 0 Iteration: 16  rank : 1  train.loss : 82.49186706542969  train.ips : 1.4164565444840527 imgs/s train.total_time : 5.6478965282440186 
TCAPPDLL 2025-08-22 00:49:38.239073 - Epoch: 0 Iteration: 17  rank : 0  train.loss : 85.74468994140625  train.ips : 1.476902578062808 imgs/s train.total_time : 5.416741847991943 
TCAPPDLL 2025-08-22 00:49:38.241847 - Epoch: 0 Iteration: 17  rank : 1  train.loss : 92.7651138305664  train.ips : 1.4769079735850175 imgs/s train.total_time : 5.416722059249878 
TCAPPDLL 2025-08-22 00:49:38.241954 - Epoch: 0 Iteration: 17  rank : 3  train.loss : 82.29203796386719  train.ips : 1.476040516205466 imgs/s train.total_time : 5.419905424118042 
TCAPPDLL 2025-08-22 00:49:38.247793 - Epoch: 0 Iteration: 17  rank : 2  train.loss : 92.93144226074219  train.ips : 1.4745409850452076 imgs/s train.total_time : 5.425417184829712 
TCAPPDLL 2025-08-22 00:49:43.894335 - Epoch: 0 Iteration: 18  rank : 3  train.loss : 90.63833618164062  train.ips : 1.415373788385994 imgs/s train.total_time : 5.652217149734497 
TCAPPDLL 2025-08-22 00:49:43.897445 - Epoch: 0 Iteration: 18  rank : 0  train.loss : 86.276123046875  train.ips : 1.4139020421296427 imgs/s train.total_time : 5.658100605010986 
TCAPPDLL 2025-08-22 00:49:43.898831 - Epoch: 0 Iteration: 18  rank : 1  train.loss : 88.90835571289062  train.ips : 1.4142448201010518 imgs/s train.total_time : 5.656729221343994 
TCAPPDLL 2025-08-22 00:49:43.905390 - Epoch: 0 Iteration: 18  rank : 2  train.loss : 85.277587890625  train.ips : 1.414084077539898 imgs/s train.total_time : 5.657372236251831 
TCAPPDLL 2025-08-22 00:49:49.436831 - Epoch: 0 Iteration: 19  rank : 0  train.loss : 92.44075775146484  train.ips : 1.4442595682471007 imgs/s train.total_time : 5.539170503616333 
TCAPPDLL 2025-08-22 00:49:49.438743 - Epoch: 0 Iteration: 19  rank : 3  train.loss : 85.62078857421875  train.ips : 1.4429473555472578 imgs/s train.total_time : 5.544207811355591 
TCAPPDLL 2025-08-22 00:49:49.439272 - Epoch: 0 Iteration: 19  rank : 2  train.loss : 88.2558822631836  train.ips : 1.4456948112658823 imgs/s train.total_time : 5.5336713790893555 
TCAPPDLL 2025-08-22 00:49:49.453184 - Epoch: 0 Iteration: 19  rank : 1  train.loss : 89.07453155517578  train.ips : 1.4403906630541032 imgs/s train.total_time : 5.554048776626587 
TCAPPDLL 2025-08-22 00:49:54.765789 - Epoch: 0 Iteration: 20  rank : 3  train.loss : 91.92599487304688  train.ips : 1.501818549319428 imgs/s train.total_time : 5.32687520980835 TCAPPDLL 2025-08-22 00:49:54.765819 - Epoch: 0 Iteration: 20  rank : 0  train.loss : 85.26995849609375  train.ips : 1.5012865064205414 imgs/s train.total_time : 5.328763008117676 

TCAPPDLL 2025-08-22 00:49:54.765959 - Epoch: 0 Iteration: 20  rank : 2  train.loss : 91.20972442626953  train.ips : 1.5019175006094159 imgs/s train.total_time : 5.326524257659912 
TCAPPDLL 2025-08-22 00:49:54.768051 - Epoch: 0 Iteration: 20  rank : 1  train.loss : 95.63711547851562  train.ips : 1.5052786806761564 imgs/s train.total_time : 5.314630508422852 
TCAPPDLL 2025-08-22 00:50:00.080314 - Epoch: 0 Iteration: 21  rank : 2  train.loss : 88.66512298583984  train.ips : 1.5054629871699898 imgs/s train.total_time : 5.313979864120483 
TCAPPDLL 2025-08-22 00:50:00.081021 - Epoch: 0 Iteration: 21  rank : 3  train.loss : 93.77420043945312  train.ips : 1.5051630140893808 imgs/s train.total_time : 5.3150389194488525 
TCAPPDLL 2025-08-22 00:50:00.083164 - Epoch: 0 Iteration: 21  rank : 1  train.loss : 96.67784881591797  train.ips : 1.5052042009702105 imgs/s train.total_time : 5.314893484115601 
TCAPPDLL 2025-08-22 00:50:00.083673 - Epoch: 0 Iteration: 21  rank : 0  train.loss : 94.69183349609375  train.ips : 1.5044256778492828 imgs/s train.total_time : 5.317643880844116 
TCAPPDLL 2025-08-22 00:50:05.872520 - Epoch: 0 Iteration: 22  rank : 0  train.loss : 80.98990631103516  train.ips : 1.3820167316025767 imgs/s train.total_time : 5.788641929626465 
TCAPPDLL 2025-08-22 00:50:05.873845 - Epoch: 0 Iteration: 22  rank : 3  train.loss : 88.9980239868164  train.ips : 1.3810594055338965 imgs/s train.total_time : 5.792654514312744 
TCAPPDLL 2025-08-22 00:50:05.874844 - Epoch: 0 Iteration: 22  rank : 2  train.loss : 81.14453887939453  train.ips : 1.3806702562917947 imgs/s train.total_time : 5.794287204742432 
TCAPPDLL 2025-08-22 00:50:05.876748 - Epoch: 0 Iteration: 22  rank : 1  train.loss : 80.28694152832031  train.ips : 1.3808991276751026 imgs/s train.total_time : 5.7933268547058105 
TCAPPDLL 2025-08-22 00:50:11.354354 - Epoch: 0 Iteration: 23  rank : 1  train.loss : 88.73664093017578  train.ips : 1.4605702261930749 imgs/s train.total_time : 5.477312803268433 
TCAPPDLL 2025-08-22 00:50:11.396373 - Epoch: 0 Iteration: 23  rank : 2  train.loss : 84.04378509521484  train.ips : 1.4489499997776123 imgs/s train.total_time : 5.521239519119263 
TCAPPDLL 2025-08-22 00:50:11.397029 - Epoch: 0 Iteration: 23  rank : 0  train.loss : 92.43743133544922  train.ips : 1.448161188269277 imgs/s train.total_time : 5.52424693107605 
TCAPPDLL 2025-08-22 00:50:11.398102 - Epoch: 0 Iteration: 23  rank : 3  train.loss : 94.84910583496094  train.ips : 1.4482425685727813 imgs/s train.total_time : 5.52393651008606 
TCAPPDLL 2025-08-22 00:50:16.798265 - Epoch: 0 Iteration: 24  rank : 1  train.loss : 89.53520965576172  train.ips : 1.4696079236048474 imgs/s train.total_time : 5.443628787994385 
TCAPPDLL 2025-08-22 00:50:16.799042 - Epoch: 0 Iteration: 24  rank : 2  train.loss : 88.61239624023438  train.ips : 1.4808374492676053 imgs/s train.total_time : 5.402348518371582 
TCAPPDLL 2025-08-22 00:50:16.802092 - Epoch: 0 Iteration: 24  rank : 3  train.loss : 83.46858215332031  train.ips : 1.480469081255325 imgs/s train.total_time : 5.403692722320557 
TCAPPDLL 2025-08-22 00:50:16.802261 - Epoch: 0 Iteration: 24  rank : 0  train.loss : 97.1764907836914  train.ips : 1.4801245963554044 imgs/s train.total_time : 5.404950380325317 
TCAPPDLL 2025-08-22 00:50:22.675801 - Epoch: 0 Iteration: 25  rank : 3  train.loss : 83.15875244140625  train.ips : 1.362040018553771 imgs/s train.total_time : 5.873542547225952 
TCAPPDLL 2025-08-22 00:50:22.675978 - Epoch: 0 Iteration: 25  rank : 0  train.loss : 89.20257568359375  train.ips : 1.3620447180387782 imgs/s train.total_time : 5.8735222816467285 
TCAPPDLL 2025-08-22 00:50:22.676432 - Epoch: 0 Iteration: 25  rank : 2  train.loss : 83.9925308227539  train.ips : 1.3611953018312535 imgs/s train.total_time : 5.877187490463257 
TCAPPDLL 2025-08-22 00:50:22.679436 - Epoch: 0 Iteration: 25  rank : 1  train.loss : 83.8057861328125  train.ips : 1.3603275317115127 imgs/s train.total_time : 5.880936622619629 
TCAPPDLL 2025-08-22 00:50:28.510086 - Epoch: 0 Iteration: 26  rank : 2  train.loss : 93.7913818359375  train.ips : 1.371393445973009 imgs/s train.total_time : 5.83348274230957 
TCAPPDLL 2025-08-22 00:50:28.510378 - Epoch: 0 Iteration: 26  rank : 0  train.loss : 87.57112121582031  train.ips : 1.371223243785961 imgs/s train.total_time : 5.834206819534302 
TCAPPDLL 2025-08-22 00:50:28.510555 - Epoch: 0 Iteration: 26  rank : 3  train.loss : 83.2207260131836  train.ips : 1.3711389709545312 imgs/s train.total_time : 5.8345654010772705 
TCAPPDLL 2025-08-22 00:50:28.510640 - Epoch: 0 Iteration: 26  rank : 1  train.loss : 87.78475189208984  train.ips : 1.3719938902612012 imgs/s train.total_time : 5.830929756164551 
TCAPPDLL 2025-08-22 00:50:33.839038 - Epoch: 0 Iteration: 27  rank : 0  train.loss : 91.43260192871094  train.ips : 1.5013620768088454 imgs/s train.total_time : 5.3284947872161865 
TCAPPDLL 2025-08-22 00:50:33.839167 - Epoch: 0 Iteration: 27  rank : 3  train.loss : 96.45511627197266  train.ips : 1.5013758482324273 imgs/s train.total_time : 5.328445911407471 
TCAPPDLL 2025-08-22 00:50:33.845704 - Epoch: 0 Iteration: 27  rank : 1  train.loss : 90.58296203613281  train.ips : 1.4995779614305862 imgs/s train.total_time : 5.334834337234497 
TCAPPDLL 2025-08-22 00:50:33.846791 - Epoch: 0 Iteration: 27  rank : 2  train.loss : 93.2964096069336  train.ips : 1.49910824892972 imgs/s train.total_time : 5.336505889892578 
TCAPPDLL 2025-08-22 00:50:39.298613 - Epoch: 0 Iteration: 28  rank : 1  train.loss : 88.89002990722656  train.ips : 1.4671602611681294 imgs/s train.total_time : 5.452710390090942 
TCAPPDLL 2025-08-22 00:50:39.298833 - Epoch: 0 Iteration: 28  rank : 0  train.loss : 83.17188262939453  train.ips : 1.4653093973142222 imgs/s train.total_time : 5.459597826004028 
TCAPPDLL 2025-08-22 00:50:39.298975 - Epoch: 0 Iteration: 28  rank : 3  train.loss : 87.79019165039062  train.ips : 1.465298775132723 imgs/s train.total_time : 5.459637403488159 
TCAPPDLL 2025-08-22 00:50:39.306009 - Epoch: 0 Iteration: 28  rank : 2  train.loss : 91.01834106445312  train.ips : 1.46547162867906 imgs/s train.total_time : 5.458993434906006 
TCAPPDLL 2025-08-22 00:50:44.752948 - Epoch: 0 Iteration: 29  rank : 0  train.loss : 93.17754364013672  train.ips : 1.4668458590596718 imgs/s train.total_time : 5.453879117965698 
TCAPPDLL 2025-08-22 00:50:44.755660 - Epoch: 0 Iteration: 29  rank : 3  train.loss : 93.42723846435547  train.ips : 1.4661409647069361 imgs/s train.total_time : 5.456501245498657 
TCAPPDLL 2025-08-22 00:50:44.756046 - Epoch: 0 Iteration: 29  rank : 2  train.loss : 90.50630950927734  train.ips : 1.4679365170471854 imgs/s train.total_time : 5.449826955795288 
TCAPPDLL 2025-08-22 00:50:44.758593 - Epoch: 0 Iteration: 29  rank : 1  train.loss : 84.09132385253906  train.ips : 1.4652591032864237 imgs/s train.total_time : 5.459785223007202 
TCAPPDLL 2025-08-22 00:50:50.286379 - Epoch: 0 Iteration: 30  rank : 3  train.loss : 85.75731658935547  train.ips : 1.4465088733214415 imgs/s train.total_time : 5.530557155609131 
TCAPPDLL 2025-08-22 00:50:50.286660 - Epoch: 0 Iteration: 30  rank : 0  train.loss : 83.11388397216797  train.ips : 1.4457430859629563 imgs/s train.total_time : 5.533486604690552 
TCAPPDLL 2025-08-22 00:50:50.286731 - Epoch: 0 Iteration: 30  rank : 2  train.loss : 84.6959228515625  train.ips : 1.4465283292851696 imgs/s train.total_time : 5.530482769012451 
TCAPPDLL 2025-08-22 00:50:50.290567 - Epoch: 0 Iteration: 30  rank : 1  train.loss : 80.9511947631836  train.ips : 1.4462023239190311 imgs/s train.total_time : 5.531729459762573 
TCAPPDLL 2025-08-22 00:50:55.681350 - Epoch: 0 Iteration: 31  rank : 3  train.loss : 81.42312622070312  train.ips : 1.4829165606554517 imgs/s train.total_time : 5.3947741985321045 
TCAPPDLL 2025-08-22 00:50:55.683011 - Epoch: 0 Iteration: 31  rank : 0  train.loss : 88.36512756347656  train.ips : 1.4825305198576517 imgs/s train.total_time : 5.396178960800171 
TCAPPDLL 2025-08-22 00:50:55.685273 - Epoch: 0 Iteration: 31  rank : 1  train.loss : 85.58230590820312  train.ips : 1.4830171005307262 imgs/s train.total_time : 5.394408464431763 
TCAPPDLL 2025-08-22 00:50:55.687181 - Epoch: 0 Iteration: 31  rank : 2  train.loss : 87.61356353759766  train.ips : 1.4814006786700342 imgs/s train.total_time : 5.400294542312622 
TCAPPDLL 2025-08-22 00:51:01.516905 - Epoch: 0 Iteration: 32  rank : 0  train.loss : 89.79183959960938  train.ips : 1.3713402567537352 imgs/s train.total_time : 5.833709001541138 
TCAPPDLL 2025-08-22 00:51:01.517038 - Epoch: 0 Iteration: 32  rank : 2  train.loss : 77.3764877319336  train.ips : 1.3722882483105499 imgs/s train.total_time : 5.829679012298584 
TCAPPDLL 2025-08-22 00:51:01.519153 - Epoch: 0 Iteration: 32  rank : 1  train.loss : 77.53404235839844  train.ips : 1.3713563980406949 imgs/s train.total_time : 5.8336403369903564 
TCAPPDLL 2025-08-22 00:51:01.519408 - Epoch: 0 Iteration: 32  rank : 3  train.loss : 86.64440155029297  train.ips : 1.3703779591302307 imgs/s train.total_time : 5.837805509567261 
TCAPPDLL 2025-08-22 00:51:07.173470 - Epoch: 0 Iteration: 33  rank : 0  train.loss : 88.05325317382812  train.ips : 1.4143355482007645 imgs/s train.total_time : 5.656366348266602 
TCAPPDLL 2025-08-22 00:51:07.173645 - Epoch: 0 Iteration: 33  rank : 3  train.loss : 88.57648468017578  train.ips : 1.414917271374299 imgs/s train.total_time : 5.654040813446045 
TCAPPDLL 2025-08-22 00:51:07.175121 - Epoch: 0 Iteration: 33  rank : 1  train.loss : 80.24009704589844  train.ips : 1.414485674522749 imgs/s train.total_time : 5.655766010284424 
TCAPPDLL 2025-08-22 00:51:07.180516 - Epoch: 0 Iteration: 33  rank : 2  train.loss : 89.52391052246094  train.ips : 1.4126021059599598 imgs/s train.total_time : 5.663307428359985 
TCAPPDLL 2025-08-22 00:51:13.082095 - Epoch: 0 Iteration: 34  rank : 3  train.loss : 81.7132568359375  train.ips : 1.3540327028947736 imgs/s train.total_time : 5.908276796340942 
TCAPPDLL 2025-08-22 00:51:13.082335 - Epoch: 0 Iteration: 34  rank : 0  train.loss : 89.63359069824219  train.ips : 1.3539516770481475 imgs/s train.total_time : 5.90863037109375 
TCAPPDLL 2025-08-22 00:51:13.088616 - Epoch: 0 Iteration: 34  rank : 1  train.loss : 77.69944763183594  train.ips : 1.3528955135322283 imgs/s train.total_time : 5.913243055343628 
TCAPPDLL 2025-08-22 00:51:13.089225 - Epoch: 0 Iteration: 34  rank : 2  train.loss : 92.71886444091797  train.ips : 1.3539839113885956 imgs/s train.total_time : 5.90848970413208 
TCAPPDLL 2025-08-22 00:51:18.637845 - Epoch: 0 Iteration: 35  rank : 3  train.loss : 86.46822357177734  train.ips : 1.4400011055001163 imgs/s train.total_time : 5.555551290512085 
TCAPPDLL 2025-08-22 00:51:18.638404 - Epoch: 0 Iteration: 35  rank : 0  train.loss : 86.30973052978516  train.ips : 1.439917497402912 imgs/s train.total_time : 5.555873870849609 
TCAPPDLL 2025-08-22 00:51:18.642527 - Epoch: 0 Iteration: 35  rank : 1  train.loss : 89.51663970947266  train.ips : 1.4405032054153706 imgs/s train.total_time : 5.553614854812622 
TCAPPDLL 2025-08-22 00:51:18.648303 - Epoch: 0 Iteration: 35  rank : 2  train.loss : 84.88322448730469  train.ips : 1.439145276915882 imgs/s train.total_time : 5.558855056762695 
TCAPPDLL 2025-08-22 00:51:24.358965 - Epoch: 0 Iteration: 36  rank : 3  train.loss : 93.14730072021484  train.ips : 1.3983758811313287 imgs/s train.total_time : 5.720922470092773 
TCAPPDLL 2025-08-22 00:51:24.359250 - Epoch: 0 Iteration: 36  rank : 2  train.loss : 83.85025024414062  train.ips : 1.4008696268246421 imgs/s train.total_time : 5.71073842048645 
TCAPPDLL 2025-08-22 00:51:24.359318 - Epoch: 0 Iteration: 36  rank : 0  train.loss : 91.12541961669922  train.ips : 1.398425476705288 imgs/s train.total_time : 5.720719575881958 
TCAPPDLL 2025-08-22 00:51:24.360746 - Epoch: 0 Iteration: 36  rank : 1  train.loss : 83.72605895996094  train.ips : 1.3990938738456706 imgs/s train.total_time : 5.717986583709717 
TCAPPDLL 2025-08-22 00:51:30.218925 - Epoch: 0 Iteration: 37  rank : 3  train.loss : 80.98365783691406  train.ips : 1.365243894748106 imgs/s train.total_time : 5.8597588539123535 
TCAPPDLL 2025-08-22 00:51:30.222652 - Epoch: 0 Iteration: 37  rank : 1  train.loss : 76.08055114746094  train.ips : 1.3647961003631628 imgs/s train.total_time : 5.8616814613342285 
TCAPPDLL 2025-08-22 00:51:30.231320 - Epoch: 0 Iteration: 37  rank : 0  train.loss : 86.6561279296875  train.ips : 1.362431237270513 imgs/s train.total_time : 5.871855974197388 
TCAPPDLL 2025-08-22 00:51:30.239897 - Epoch: 0 Iteration: 37  rank : 2  train.loss : 86.61504364013672  train.ips : 1.3604400999902897 imgs/s train.total_time : 5.880450010299683 
TCAPPDLL 2025-08-22 00:51:36.014890 - Epoch: 0 Iteration: 38  rank : 3  train.loss : 84.5161361694336  train.ips : 1.3803190283705922 imgs/s train.total_time : 5.795761585235596 TCAPPDLL 2025-08-22 00:51:36.014923 - Epoch: 0 Iteration: 38  rank : 0  train.loss : 87.09130096435547  train.ips : 1.383260276194201 imgs/s train.total_time : 5.783437967300415 

TCAPPDLL 2025-08-22 00:51:36.014964 - Epoch: 0 Iteration: 38  rank : 2  train.loss : 93.46916198730469  train.ips : 1.3853118457665816 imgs/s train.total_time : 5.7748730182647705 
TCAPPDLL 2025-08-22 00:51:36.019485 - Epoch: 0 Iteration: 38  rank : 1  train.loss : 84.47966003417969  train.ips : 1.3801225345804593 imgs/s train.total_time : 5.796586751937866 
TCAPPDLL 2025-08-22 00:51:41.535180 - Epoch: 0 Iteration: 39  rank : 3  train.loss : 82.31546783447266  train.ips : 1.4492511427811883 imgs/s train.total_time : 5.520092248916626 
TCAPPDLL 2025-08-22 00:51:41.535402 - Epoch: 0 Iteration: 39  rank : 0  train.loss : 81.36270904541016  train.ips : 1.449193620555083 imgs/s train.total_time : 5.52031135559082 
TCAPPDLL 2025-08-22 00:51:41.536079 - Epoch: 0 Iteration: 39  rank : 2  train.loss : 80.03634643554688  train.ips : 1.4490227707926304 imgs/s train.total_time : 5.520962238311768 
TCAPPDLL 2025-08-22 00:51:41.537546 - Epoch: 0 Iteration: 39  rank : 1  train.loss : 85.92274475097656  train.ips : 1.4498621365388382 imgs/s train.total_time : 5.517765998840332 
TCAPPDLL 2025-08-22 00:51:46.923587 - Epoch: 0 Iteration: 40  rank : 3  train.loss : 83.82537841796875  train.ips : 1.484722913846029 imgs/s train.total_time : 5.388210773468018 
TCAPPDLL 2025-08-22 00:51:46.938740 - Epoch: 0 Iteration: 40  rank : 1  train.loss : 79.84088897705078  train.ips : 1.4812201894148727 imgs/s train.total_time : 5.400952577590942 
TCAPPDLL 2025-08-22 00:51:46.941613 - Epoch: 0 Iteration: 40  rank : 0  train.loss : 76.50428771972656  train.ips : 1.4798404435530215 imgs/s train.total_time : 5.4059882164001465 
TCAPPDLL 2025-08-22 00:51:46.947175 - Epoch: 0 Iteration: 40  rank : 2  train.loss : 85.92820739746094  train.ips : 1.4784879555498764 imgs/s train.total_time : 5.410933494567871 
TCAPPDLL 2025-08-22 00:51:52.911577 - Epoch: 0 Iteration: 41  rank : 3  train.loss : 81.39948272705078  train.ips : 1.3360499943996837 imgs/s train.total_time : 5.987799882888794 
TCAPPDLL 2025-08-22 00:51:52.912011 - Epoch: 0 Iteration: 41  rank : 0  train.loss : 81.10516357421875  train.ips : 1.3399915929129678 imgs/s train.total_time : 5.970186710357666 
TCAPPDLL 2025-08-22 00:51:52.912316 - Epoch: 0 Iteration: 41  rank : 2  train.loss : 78.75525665283203  train.ips : 1.3411643254083057 imgs/s train.total_time : 5.964966297149658 
TCAPPDLL 2025-08-22 00:51:52.914627 - Epoch: 0 Iteration: 41  rank : 1  train.loss : 80.58444213867188  train.ips : 1.3387657834799052 imgs/s train.total_time : 5.975653171539307 
TCAPPDLL 2025-08-22 00:51:58.204216 - Epoch: 0 Iteration: 42  rank : 3  train.loss : 80.01758575439453  train.ips : 1.511606410040462 imgs/s train.total_time : 5.2923829555511475 
TCAPPDLL 2025-08-22 00:51:58.204335 - Epoch: 0 Iteration: 42  rank : 0  train.loss : 88.30852508544922  train.ips : 1.511686087652787 imgs/s train.total_time : 5.292104005813599 
TCAPPDLL 2025-08-22 00:51:58.206614 - Epoch: 0 Iteration: 42  rank : 1  train.loss : 79.65897369384766  train.ips : 1.5117938360389367 imgs/s train.total_time : 5.29172682762146 
TCAPPDLL 2025-08-22 00:51:58.206738 - Epoch: 0 Iteration: 42  rank : 2  train.loss : 78.65144348144531  train.ips : 1.5111240972057218 imgs/s train.total_time : 5.294072151184082 
TCAPPDLL 2025-08-22 00:52:03.495397 - Epoch: 0 Iteration: 43  rank : 3  train.loss : 83.16436767578125  train.ips : 1.5120287289870975 imgs/s train.total_time : 5.290904760360718 
TCAPPDLL 2025-08-22 00:52:03.495849 - Epoch: 0 Iteration: 43  rank : 0  train.loss : 84.27283477783203  train.ips : 1.5119242171373506 imgs/s train.total_time : 5.29127049446106 
TCAPPDLL 2025-08-22 00:52:03.495996 - Epoch: 0 Iteration: 43  rank : 2  train.loss : 88.54019927978516  train.ips : 1.5125915290014527 imgs/s train.total_time : 5.288936138153076 
TCAPPDLL 2025-08-22 00:52:03.496356 - Epoch: 0 Iteration: 43  rank : 1  train.loss : 88.83964538574219  train.ips : 1.5124390129238083 imgs/s train.total_time : 5.289469480514526 
TCAPPDLL 2025-08-22 00:52:09.298391 - Epoch: 0 Iteration: 44  rank : 0  train.loss : 78.9593505859375  train.ips : 1.3787468866727302 imgs/s train.total_time : 5.802370309829712 TCAPPDLL 2025-08-22 00:52:09.298428 - Epoch: 0 Iteration: 44  rank : 3  train.loss : 85.54891204833984  train.ips : 1.3786356301108322 imgs/s train.total_time : 5.802838563919067 

TCAPPDLL 2025-08-22 00:52:09.298506 - Epoch: 0 Iteration: 44  rank : 2  train.loss : 88.57247161865234  train.ips : 1.3787513622359793 imgs/s train.total_time : 5.802351474761963 
TCAPPDLL 2025-08-22 00:52:09.299186 - Epoch: 0 Iteration: 44  rank : 1  train.loss : 75.57235717773438  train.ips : 1.3786885936990378 imgs/s train.total_time : 5.802615642547607 
TCAPPDLL 2025-08-22 00:52:14.397776 - Epoch: 0 Iteration: 45  rank : 0  train.loss : 79.60555267333984  train.ips : 1.5688794139945665 imgs/s train.total_time : 5.0991809368133545 
TCAPPDLL 2025-08-22 00:52:14.397915 - Epoch: 0 Iteration: 45  rank : 2  train.loss : 86.82246398925781  train.ips : 1.5688590949453782 imgs/s train.total_time : 5.099246978759766 
TCAPPDLL 2025-08-22 00:52:14.398375 - Epoch: 0 Iteration: 45  rank : 1  train.loss : 86.88407135009766  train.ips : 1.5689350189932958 imgs/s train.total_time : 5.0990002155303955 
TCAPPDLL 2025-08-22 00:52:14.398690 - Epoch: 0 Iteration: 45  rank : 3  train.loss : 89.76084899902344  train.ips : 1.568616554016229 imgs/s train.total_time : 5.1000354290008545 
TCAPPDLL 2025-08-22 00:52:19.943860 - Epoch: 0 Iteration: 46  rank : 0  train.loss : 83.20509338378906  train.ips : 1.4425114525869778 imgs/s train.total_time : 5.5458831787109375 
TCAPPDLL 2025-08-22 00:52:19.943942 - Epoch: 0 Iteration: 46  rank : 3  train.loss : 89.0077133178711  train.ips : 1.442729340125147 imgs/s train.total_time : 5.545045614242554 
TCAPPDLL 2025-08-22 00:52:19.944335 - Epoch: 0 Iteration: 46  rank : 2  train.loss : 78.79666137695312  train.ips : 1.4424143454457494 imgs/s train.total_time : 5.5462565422058105 
TCAPPDLL 2025-08-22 00:52:19.954517 - Epoch: 0 Iteration: 46  rank : 1  train.loss : 79.38275146484375  train.ips : 1.4399227496583156 imgs/s train.total_time : 5.555853605270386 
TCAPPDLL 2025-08-22 00:52:25.851586 - Epoch: 0 Iteration: 47  rank : 1  train.loss : 81.15855407714844  train.ips : 1.3566709210506047 imgs/s train.total_time : 5.896787405014038 
TCAPPDLL 2025-08-22 00:52:25.898160 - Epoch: 0 Iteration: 47  rank : 3  train.loss : 79.37288665771484  train.ips : 1.343631250248519 imgs/s train.total_time : 5.954014539718628 
TCAPPDLL 2025-08-22 00:52:25.899479 - Epoch: 0 Iteration: 47  rank : 0  train.loss : 81.17190551757812  train.ips : 1.3433395373677306 imgs/s train.total_time : 5.955307483673096 
TCAPPDLL 2025-08-22 00:52:25.900058 - Epoch: 0 Iteration: 47  rank : 2  train.loss : 72.21483612060547  train.ips : 1.3432908681296796 imgs/s train.total_time : 5.955523252487183 
TCAPPDLL 2025-08-22 00:52:31.348061 - Epoch: 0 Iteration: 48  rank : 3  train.loss : 85.61983489990234  train.ips : 1.4679898208899602 imgs/s train.total_time : 5.449629068374634 
TCAPPDLL 2025-08-22 00:52:31.350294 - Epoch: 0 Iteration: 48  rank : 2  train.loss : 83.7297592163086  train.ips : 1.4678974086174101 imgs/s train.total_time : 5.449972152709961 
TCAPPDLL 2025-08-22 00:52:31.351505 - Epoch: 0 Iteration: 48  rank : 0  train.loss : 81.75601196289062  train.ips : 1.4674271789781976 imgs/s train.total_time : 5.45171856880188 
TCAPPDLL 2025-08-22 00:52:31.354015 - Epoch: 0 Iteration: 48  rank : 1  train.loss : 82.22257995605469  train.ips : 1.453972277905929 imgs/s train.total_time : 5.50216817855835 
TCAPPDLL 2025-08-22 00:52:36.750903 - Epoch: 0 Iteration: 49  rank : 1  train.loss : 78.4876937866211  train.ips : 1.4824015567975943 imgs/s train.total_time : 5.396648406982422 
TCAPPDLL 2025-08-22 00:52:36.798474 - Epoch: 0 Iteration: 49  rank : 3  train.loss : 80.44683837890625  train.ips : 1.4678478357375444 imgs/s train.total_time : 5.450156211853027 
TCAPPDLL 2025-08-22 00:52:36.800296 - Epoch: 0 Iteration: 49  rank : 0  train.loss : 83.54085540771484  train.ips : 1.468282996986326 imgs/s train.total_time : 5.448540925979614 
TCAPPDLL 2025-08-22 00:52:36.800837 - Epoch: 0 Iteration: 49  rank : 2  train.loss : 75.14720153808594  train.ips : 1.4678035954119764 imgs/s train.total_time : 5.450320482254028 
08/22 00:52:36 - mmengine - INFO - Iter(train) [ 50/100]  base_lr: 9.9918e-06 lr: 9.9918e-06  eta: 0:04:47  time: 5.5262  data_time: 0.0542  memory: 13018  grad_norm: inf  loss: 81.8430  decode.loss_cls_ce: 34.8028  decode.loss_mask_ce: 1.6762  decode.loss_mask_dice: 4.0279  decode.d7.loss_cls_ce: 35.6225  decode.d7.loss_mask_ce: 1.7036  decode.d7.loss_mask_dice: 4.0099
TCAPPDLL 2025-08-22 00:52:42.744273 - Epoch: 0 Iteration: 50  rank : 0  train.loss : 74.31924438476562  train.ips : 1.345958562146151 imgs/s train.total_time : 5.943719387054443 
TCAPPDLL 2025-08-22 00:52:42.746661 - Epoch: 0 Iteration: 50  rank : 2  train.loss : 76.79808044433594  train.ips : 1.3455516004816237 imgs/s train.total_time : 5.945517063140869 
TCAPPDLL 2025-08-22 00:52:42.748347 - Epoch: 0 Iteration: 50  rank : 3  train.loss : 73.59632873535156  train.ips : 1.3446275679244775 imgs/s train.total_time : 5.949602842330933 
TCAPPDLL 2025-08-22 00:52:42.749924 - Epoch: 0 Iteration: 50  rank : 1  train.loss : 68.18053436279297  train.ips : 1.333611175354019 imgs/s train.total_time : 5.9987499713897705 
TCAPPDLL 2025-08-22 00:52:48.521430 - Epoch: 0 Iteration: 51  rank : 0  train.loss : 68.25132751464844  train.ips : 1.384812328030471 imgs/s train.total_time : 5.776956081390381 
TCAPPDLL 2025-08-22 00:52:48.521828 - Epoch: 0 Iteration: 51  rank : 2  train.loss : 82.14743041992188  train.ips : 1.3852950311385988 imgs/s train.total_time : 5.774943113327026 
TCAPPDLL 2025-08-22 00:52:48.522377 - Epoch: 0 Iteration: 51  rank : 1  train.loss : 72.15973663330078  train.ips : 1.3859594049728348 imgs/s train.total_time : 5.772174835205078 
TCAPPDLL 2025-08-22 00:52:48.523973 - Epoch: 0 Iteration: 51  rank : 3  train.loss : 82.67619323730469  train.ips : 1.3851712217024812 imgs/s train.total_time : 5.775459289550781 
TCAPPDLL 2025-08-22 00:52:53.769619 - Epoch: 0 Iteration: 52  rank : 3  train.loss : 76.25379943847656  train.ips : 1.525123257316625 imgs/s train.total_time : 5.245477676391602 
TCAPPDLL 2025-08-22 00:52:53.769814 - Epoch: 0 Iteration: 52  rank : 0  train.loss : 83.3169174194336  train.ips : 1.5243354241606097 imgs/s train.total_time : 5.248188734054565 
TCAPPDLL 2025-08-22 00:52:53.771684 - Epoch: 0 Iteration: 52  rank : 1  train.loss : 80.78726959228516  train.ips : 1.5240748168751437 imgs/s train.total_time : 5.249086141586304 
TCAPPDLL 2025-08-22 00:52:53.777344 - Epoch: 0 Iteration: 52  rank : 2  train.loss : 72.73930358886719  train.ips : 1.5222647981682247 imgs/s train.total_time : 5.255327463150024 
TCAPPDLL 2025-08-22 00:52:59.661911 - Epoch: 0 Iteration: 53  rank : 2  train.loss : 71.2032470703125  train.ips : 1.3595294988050484 imgs/s train.total_time : 5.88438868522644 
TCAPPDLL 2025-08-22 00:52:59.662049 - Epoch: 0 Iteration: 53  rank : 1  train.loss : 70.09077453613281  train.ips : 1.3581982607158212 imgs/s train.total_time : 5.890156269073486 
TCAPPDLL 2025-08-22 00:52:59.663577 - Epoch: 0 Iteration: 53  rank : 3  train.loss : 67.1432876586914  train.ips : 1.357366262775104 imgs/s train.total_time : 5.893766641616821 
TCAPPDLL 2025-08-22 00:52:59.665691 - Epoch: 0 Iteration: 53  rank : 0  train.loss : 81.53844451904297  train.ips : 1.3569209863929113 imgs/s train.total_time : 5.895700693130493 
TCAPPDLL 2025-08-22 00:53:05.467252 - Epoch: 0 Iteration: 54  rank : 2  train.loss : 79.88851928710938  train.ips : 1.3780891250027054 imgs/s train.total_time : 5.805139780044556 
TCAPPDLL 2025-08-22 00:53:05.467336 - Epoch: 0 Iteration: 54  rank : 0  train.loss : 73.40178680419922  train.ips : 1.3789586296367164 imgs/s train.total_time : 5.801479339599609 
TCAPPDLL 2025-08-22 00:53:05.467674 - Epoch: 0 Iteration: 54  rank : 3  train.loss : 81.28030395507812  train.ips : 1.37837676187096 imgs/s train.total_time : 5.803928375244141 
TCAPPDLL 2025-08-22 00:53:05.471817 - Epoch: 0 Iteration: 54  rank : 1  train.loss : 77.05315399169922  train.ips : 1.3770571460277374 imgs/s train.total_time : 5.809490203857422 
TCAPPDLL 2025-08-22 00:53:10.852058 - Epoch: 0 Iteration: 55  rank : 2  train.loss : 68.40355682373047  train.ips : 1.4857159201970858 imgs/s train.total_time : 5.3846094608306885 
TCAPPDLL 2025-08-22 00:53:10.852855 - Epoch: 0 Iteration: 55  rank : 3  train.loss : 75.04906463623047  train.ips : 1.4856029115210754 imgs/s train.total_time : 5.385019063949585 
TCAPPDLL 2025-08-22 00:53:10.853379 - Epoch: 0 Iteration: 55  rank : 0  train.loss : 73.05809020996094  train.ips : 1.485380562225728 imgs/s train.total_time : 5.385825157165527 
TCAPPDLL 2025-08-22 00:53:10.853622 - Epoch: 0 Iteration: 55  rank : 1  train.loss : 69.02534484863281  train.ips : 1.4865558670929662 imgs/s train.total_time : 5.381567001342773 
TCAPPDLL 2025-08-22 00:53:16.683077 - Epoch: 0 Iteration: 56  rank : 2  train.loss : 66.30327606201172  train.ips : 1.3720256429820488 imgs/s train.total_time : 5.830794811248779 
TCAPPDLL 2025-08-22 00:53:16.683639 - Epoch: 0 Iteration: 56  rank : 1  train.loss : 72.71448516845703  train.ips : 1.37226551887626 imgs/s train.total_time : 5.82977557182312 
TCAPPDLL 2025-08-22 00:53:16.683847 - Epoch: 0 Iteration: 56  rank : 3  train.loss : 75.02279663085938  train.ips : 1.3720198645506632 imgs/s train.total_time : 5.830819368362427 
TCAPPDLL 2025-08-22 00:53:16.684313 - Epoch: 0 Iteration: 56  rank : 0  train.loss : 79.23245239257812  train.ips : 1.3720442689368417 imgs/s train.total_time : 5.830715656280518 
TCAPPDLL 2025-08-22 00:53:22.146265 - Epoch: 0 Iteration: 57  rank : 2  train.loss : 72.92870330810547  train.ips : 1.464399903375465 imgs/s train.total_time : 5.462988615036011 
TCAPPDLL 2025-08-22 00:53:22.146415 - Epoch: 0 Iteration: 57  rank : 3  train.loss : 73.50289916992188  train.ips : 1.4645618055544039 imgs/s train.total_time : 5.4623847007751465 
TCAPPDLL 2025-08-22 00:53:22.146980 - Epoch: 0 Iteration: 57  rank : 0  train.loss : 72.50875091552734  train.ips : 1.4645387292704029 imgs/s train.total_time : 5.462470769882202 
TCAPPDLL 2025-08-22 00:53:22.148295 - Epoch: 0 Iteration: 57  rank : 1  train.loss : 82.66517639160156  train.ips : 1.4640150101274205 imgs/s train.total_time : 5.4644248485565186 
TCAPPDLL 2025-08-22 00:53:27.890066 - Epoch: 0 Iteration: 58  rank : 0  train.loss : 72.68348693847656  train.ips : 1.3930256701758388 imgs/s train.total_time : 5.742894887924194 
TCAPPDLL 2025-08-22 00:53:27.890201 - Epoch: 0 Iteration: 58  rank : 2  train.loss : 69.35380554199219  train.ips : 1.3928309769856677 imgs/s train.total_time : 5.743697643280029 
TCAPPDLL 2025-08-22 00:53:27.890314 - Epoch: 0 Iteration: 58  rank : 3  train.loss : 73.61194610595703  train.ips : 1.392822940628376 imgs/s train.total_time : 5.743730783462524 
TCAPPDLL 2025-08-22 00:53:27.897593 - Epoch: 0 Iteration: 58  rank : 1  train.loss : 71.72702026367188  train.ips : 1.3915296605700835 imgs/s train.total_time : 5.749068975448608 
TCAPPDLL 2025-08-22 00:53:33.487926 - Epoch: 0 Iteration: 59  rank : 0  train.loss : 69.97712707519531  train.ips : 1.4291714613543665 imgs/s train.total_time : 5.597648859024048 
TCAPPDLL 2025-08-22 00:53:33.488156 - Epoch: 0 Iteration: 59  rank : 1  train.loss : 71.24143981933594  train.ips : 1.4310453691496368 imgs/s train.total_time : 5.590318918228149 
TCAPPDLL 2025-08-22 00:53:33.488368 - Epoch: 0 Iteration: 59  rank : 3  train.loss : 75.76960754394531  train.ips : 1.429109130971519 imgs/s train.total_time : 5.597892999649048 
TCAPPDLL 2025-08-22 00:53:33.488536 - Epoch: 0 Iteration: 59  rank : 2  train.loss : 66.79238891601562  train.ips : 1.4290494839385193 imgs/s train.total_time : 5.598126649856567 
TCAPPDLL 2025-08-22 00:53:38.813696 - Epoch: 0 Iteration: 60  rank : 0  train.loss : 76.35740661621094  train.ips : 1.5021898856565903 imgs/s train.total_time : 5.325558423995972 
TCAPPDLL 2025-08-22 00:53:38.813767 - Epoch: 0 Iteration: 60  rank : 3  train.loss : 72.418701171875  train.ips : 1.5022861954910594 imgs/s train.total_time : 5.325217008590698 
TCAPPDLL 2025-08-22 00:53:38.814034 - Epoch: 0 Iteration: 60  rank : 2  train.loss : 65.82897186279297  train.ips : 1.5022592920596853 imgs/s train.total_time : 5.325312376022339 
TCAPPDLL 2025-08-22 00:53:38.817091 - Epoch: 0 Iteration: 60  rank : 1  train.loss : 75.10090637207031  train.ips : 1.5013082699123692 imgs/s train.total_time : 5.328685760498047 
TCAPPDLL 2025-08-22 00:53:44.461906 - Epoch: 0 Iteration: 61  rank : 2  train.loss : 66.08589172363281  train.ips : 1.4165046801802923 imgs/s train.total_time : 5.647704601287842 
TCAPPDLL 2025-08-22 00:53:44.462075 - Epoch: 0 Iteration: 61  rank : 0  train.loss : 71.28048706054688  train.ips : 1.4163867086942374 imgs/s train.total_time : 5.648175001144409 
TCAPPDLL 2025-08-22 00:53:44.462222 - Epoch: 0 Iteration: 61  rank : 3  train.loss : 60.562007904052734  train.ips : 1.41637206079355 imgs/s train.total_time : 5.648233413696289 
TCAPPDLL 2025-08-22 00:53:44.465897 - Epoch: 0 Iteration: 61  rank : 1  train.loss : 65.89104461669922  train.ips : 1.4162811907920707 imgs/s train.total_time : 5.648595809936523 
TCAPPDLL 2025-08-22 00:53:50.047541 - Epoch: 0 Iteration: 62  rank : 3  train.loss : 70.13408660888672  train.ips : 1.432374718130521 imgs/s train.total_time : 5.58513069152832 
TCAPPDLL 2025-08-22 00:53:50.047662 - Epoch: 0 Iteration: 62  rank : 0  train.loss : 78.68415832519531  train.ips : 1.4323020200047596 imgs/s train.total_time : 5.585414171218872 
TCAPPDLL 2025-08-22 00:53:50.047786 - Epoch: 0 Iteration: 62  rank : 2  train.loss : 75.30593872070312  train.ips : 1.4322345255761806 imgs/s train.total_time : 5.5856773853302 
TCAPPDLL 2025-08-22 00:53:50.051086 - Epoch: 0 Iteration: 62  rank : 1  train.loss : 69.96588897705078  train.ips : 1.4324274885076218 imgs/s train.total_time : 5.584924936294556 
TCAPPDLL 2025-08-22 00:53:55.395423 - Epoch: 0 Iteration: 63  rank : 0  train.loss : 63.878360748291016  train.ips : 1.4960012776080551 imgs/s train.total_time : 5.347589015960693 
TCAPPDLL 2025-08-22 00:53:55.395462 - Epoch: 0 Iteration: 63  rank : 3  train.loss : 72.8054428100586  train.ips : 1.495967662476519 imgs/s train.total_time : 5.3477091789245605 
TCAPPDLL 2025-08-22 00:53:55.398433 - Epoch: 0 Iteration: 63  rank : 2  train.loss : 77.21674346923828  train.ips : 1.4951905338555544 imgs/s train.total_time : 5.350488662719727 
TCAPPDLL 2025-08-22 00:53:55.401965 - Epoch: 0 Iteration: 63  rank : 1  train.loss : 81.54749298095703  train.ips : 1.49515115897676 imgs/s train.total_time : 5.350629568099976 
TCAPPDLL 2025-08-22 00:54:00.603534 - Epoch: 0 Iteration: 64  rank : 3  train.loss : 71.78011322021484  train.ips : 1.5361311674501503 imgs/s train.total_time : 5.207888603210449 
TCAPPDLL 2025-08-22 00:54:00.603595 - Epoch: 0 Iteration: 64  rank : 0  train.loss : 68.06768035888672  train.ips : 1.5361090155491839 imgs/s train.total_time : 5.207963705062866 
TCAPPDLL 2025-08-22 00:54:00.603857 - Epoch: 0 Iteration: 64  rank : 2  train.loss : 73.70537567138672  train.ips : 1.5369063939228076 imgs/s train.total_time : 5.205261707305908 
TCAPPDLL 2025-08-22 00:54:00.605790 - Epoch: 0 Iteration: 64  rank : 1  train.loss : 67.46757507324219  train.ips : 1.537404321821857 imgs/s train.total_time : 5.203575849533081 
TCAPPDLL 2025-08-22 00:54:06.446803 - Epoch: 0 Iteration: 65  rank : 3  train.loss : 74.9539794921875  train.ips : 1.3691455032754776 imgs/s train.total_time : 5.843060493469238 
TCAPPDLL 2025-08-22 00:54:06.446909 - Epoch: 0 Iteration: 65  rank : 2  train.loss : 69.19921875  train.ips : 1.3691842196633852 imgs/s train.total_time : 5.842895269393921 
TCAPPDLL 2025-08-22 00:54:06.447432 - Epoch: 0 Iteration: 65  rank : 0  train.loss : 71.05097198486328  train.ips : 1.3690130014168942 imgs/s train.total_time : 5.843626022338867 
TCAPPDLL 2025-08-22 00:54:06.450679 - Epoch: 0 Iteration: 65  rank : 1  train.loss : 72.41796875  train.ips : 1.3687726419346007 imgs/s train.total_time : 5.84465217590332 
TCAPPDLL 2025-08-22 00:54:12.004231 - Epoch: 0 Iteration: 66  rank : 0  train.loss : 73.48921966552734  train.ips : 1.4397356694103274 imgs/s train.total_time : 5.556575536727905 
TCAPPDLL 2025-08-22 00:54:12.006068 - Epoch: 0 Iteration: 66  rank : 3  train.loss : 69.61321258544922  train.ips : 1.4390912697811922 imgs/s train.total_time : 5.559063673019409 
TCAPPDLL 2025-08-22 00:54:12.008267 - Epoch: 0 Iteration: 66  rank : 1  train.loss : 64.89407348632812  train.ips : 1.439543511759667 imgs/s train.total_time : 5.55731725692749 
TCAPPDLL 2025-08-22 00:54:12.008885 - Epoch: 0 Iteration: 66  rank : 2  train.loss : 70.98590850830078  train.ips : 1.4383835647267487 imgs/s train.total_time : 5.561798810958862 
TCAPPDLL 2025-08-22 00:54:17.654976 - Epoch: 0 Iteration: 67  rank : 3  train.loss : 69.57398223876953  train.ips : 1.4162455633684279 imgs/s train.total_time : 5.648737907409668 TCAPPDLL 2025-08-22 00:54:17.654973 - Epoch: 0 Iteration: 67  rank : 2  train.loss : 66.63664245605469  train.ips : 1.4169542640551531 imgs/s train.total_time : 5.6459126472473145 

TCAPPDLL 2025-08-22 00:54:17.655650 - Epoch: 0 Iteration: 67  rank : 0  train.loss : 72.88516235351562  train.ips : 1.4156319890234033 imgs/s train.total_time : 5.651186227798462 
TCAPPDLL 2025-08-22 00:54:17.657274 - Epoch: 0 Iteration: 67  rank : 1  train.loss : 68.6320571899414  train.ips : 1.4162481935196316 imgs/s train.total_time : 5.6487274169921875 
TCAPPDLL 2025-08-22 00:54:23.474642 - Epoch: 0 Iteration: 68  rank : 3  train.loss : 67.6612319946289  train.ips : 1.3746950311072266 imgs/s train.total_time : 5.819472551345825 
TCAPPDLL 2025-08-22 00:54:23.477095 - Epoch: 0 Iteration: 68  rank : 0  train.loss : 61.55464172363281  train.ips : 1.374271015828528 imgs/s train.total_time : 5.821268081665039 
TCAPPDLL 2025-08-22 00:54:23.477521 - Epoch: 0 Iteration: 68  rank : 1  train.loss : 65.88585662841797  train.ips : 1.3745674780882737 imgs/s train.total_time : 5.82001256942749 
TCAPPDLL 2025-08-22 00:54:23.477745 - Epoch: 0 Iteration: 68  rank : 2  train.loss : 64.59330749511719  train.ips : 1.3739706306400596 imgs/s train.total_time : 5.822540760040283 
TCAPPDLL 2025-08-22 00:54:29.026184 - Epoch: 0 Iteration: 69  rank : 0  train.loss : 63.44160079956055  train.ips : 1.4417241826460647 imgs/s train.total_time : 5.5489115715026855 
TCAPPDLL 2025-08-22 00:54:29.026650 - Epoch: 0 Iteration: 69  rank : 2  train.loss : 65.16485595703125  train.ips : 1.441779316847572 imgs/s train.total_time : 5.548699378967285 
TCAPPDLL 2025-08-22 00:54:29.029935 - Epoch: 0 Iteration: 69  rank : 1  train.loss : 64.9465103149414  train.ips : 1.4408736681730503 imgs/s train.total_time : 5.552186965942383 
TCAPPDLL 2025-08-22 00:54:29.033147 - Epoch: 0 Iteration: 69  rank : 3  train.loss : 66.26299285888672  train.ips : 1.439296148034297 imgs/s train.total_time : 5.558272361755371 
TCAPPDLL 2025-08-22 00:54:34.893265 - Epoch: 0 Iteration: 70  rank : 1  train.loss : 60.49958801269531  train.ips : 1.3644689919731836 imgs/s train.total_time : 5.863086700439453 
TCAPPDLL 2025-08-22 00:54:34.923229 - Epoch: 0 Iteration: 70  rank : 3  train.loss : 67.4386978149414  train.ips : 1.358279575707648 imgs/s train.total_time : 5.889803647994995 
TCAPPDLL 2025-08-22 00:54:34.923431 - Epoch: 0 Iteration: 70  rank : 0  train.loss : 60.15890121459961  train.ips : 1.3566178804252595 imgs/s train.total_time : 5.897017955780029 
TCAPPDLL 2025-08-22 00:54:34.924916 - Epoch: 0 Iteration: 70  rank : 2  train.loss : 65.00627136230469  train.ips : 1.356380427755987 imgs/s train.total_time : 5.898050308227539 
TCAPPDLL 2025-08-22 00:54:40.475892 - Epoch: 0 Iteration: 71  rank : 1  train.loss : 66.43638610839844  train.ips : 1.43307945907734 imgs/s train.total_time : 5.58238410949707 
TCAPPDLL 2025-08-22 00:54:40.476275 - Epoch: 0 Iteration: 71  rank : 2  train.loss : 67.39317321777344  train.ips : 1.4411413190649838 imgs/s train.total_time : 5.5511558055877686 
TCAPPDLL 2025-08-22 00:54:40.476480 - Epoch: 0 Iteration: 71  rank : 0  train.loss : 57.50633239746094  train.ips : 1.4407079910475797 imgs/s train.total_time : 5.552825450897217 
TCAPPDLL 2025-08-22 00:54:40.476652 - Epoch: 0 Iteration: 71  rank : 3  train.loss : 61.93415832519531  train.ips : 1.4406157653646066 imgs/s train.total_time : 5.553180932998657 
TCAPPDLL 2025-08-22 00:54:46.377246 - Epoch: 0 Iteration: 72  rank : 1  train.loss : 64.54031372070312  train.ips : 1.3556685682305742 imgs/s train.total_time : 5.901147365570068 
TCAPPDLL 2025-08-22 00:54:46.378431 - Epoch: 0 Iteration: 72  rank : 2  train.loss : 64.60450744628906  train.ips : 1.3554829719492483 imgs/s train.total_time : 5.9019553661346436 
TCAPPDLL 2025-08-22 00:54:46.379089 - Epoch: 0 Iteration: 72  rank : 3  train.loss : 63.52932357788086  train.ips : 1.3554110253030902 imgs/s train.total_time : 5.902268648147583 
TCAPPDLL 2025-08-22 00:54:46.379287 - Epoch: 0 Iteration: 72  rank : 0  train.loss : 64.59053802490234  train.ips : 1.3553249074360632 imgs/s train.total_time : 5.90264368057251 
TCAPPDLL 2025-08-22 00:54:52.432035 - Epoch: 0 Iteration: 73  rank : 0  train.loss : 60.583370208740234  train.ips : 1.321747452584585 imgs/s train.total_time : 6.052593469619751 
TCAPPDLL 2025-08-22 00:54:52.432080 - Epoch: 0 Iteration: 73  rank : 3  train.loss : 65.19538879394531  train.ips : 1.3216989817132534 imgs/s train.total_time : 6.0528154373168945 TCAPPDLL 2025-08-22 00:54:52.432080 - Epoch: 0 Iteration: 73  rank : 2  train.loss : 66.82243347167969  train.ips : 1.3215614500045096 imgs/s train.total_time : 6.053445339202881 

TCAPPDLL 2025-08-22 00:54:52.432666 - Epoch: 0 Iteration: 73  rank : 1  train.loss : 62.222572326660156  train.ips : 1.321173267394955 imgs/s train.total_time : 6.0552239418029785 
TCAPPDLL 2025-08-22 00:54:57.845248 - Epoch: 0 Iteration: 74  rank : 2  train.loss : 64.40775299072266  train.ips : 1.4779241392548317 imgs/s train.total_time : 5.412997722625732 
TCAPPDLL 2025-08-22 00:54:57.845415 - Epoch: 0 Iteration: 74  rank : 3  train.loss : 75.36094665527344  train.ips : 1.477877401795135 imgs/s train.total_time : 5.413168907165527 
TCAPPDLL 2025-08-22 00:54:57.845605 - Epoch: 0 Iteration: 74  rank : 0  train.loss : 62.569549560546875  train.ips : 1.477820643841266 imgs/s train.total_time : 5.413376808166504 
TCAPPDLL 2025-08-22 00:54:57.846810 - Epoch: 0 Iteration: 74  rank : 1  train.loss : 68.85298156738281  train.ips : 1.477672651059631 imgs/s train.total_time : 5.413918972015381 
TCAPPDLL 2025-08-22 00:55:03.226240 - Epoch: 0 Iteration: 75  rank : 0  train.loss : 64.7344741821289  train.ips : 1.4868586808072253 imgs/s train.total_time : 5.3804709911346436 
TCAPPDLL 2025-08-22 00:55:03.226320 - Epoch: 0 Iteration: 75  rank : 3  train.loss : 62.600433349609375  train.ips : 1.4867873961718088 imgs/s train.total_time : 5.3807289600372314 
TCAPPDLL 2025-08-22 00:55:03.227383 - Epoch: 0 Iteration: 75  rank : 2  train.loss : 63.012088775634766  train.ips : 1.486453529854189 imgs/s train.total_time : 5.381937503814697 
TCAPPDLL 2025-08-22 00:55:03.227553 - Epoch: 0 Iteration: 75  rank : 1  train.loss : 65.07704162597656  train.ips : 1.4868467556370415 imgs/s train.total_time : 5.380514144897461 
TCAPPDLL 2025-08-22 00:55:08.829156 - Epoch: 0 Iteration: 76  rank : 0  train.loss : 56.39511489868164  train.ips : 1.4278792189906768 imgs/s train.total_time : 5.602714776992798 
TCAPPDLL 2025-08-22 00:55:08.831671 - Epoch: 0 Iteration: 76  rank : 3  train.loss : 60.91424560546875  train.ips : 1.4272503041704572 imgs/s train.total_time : 5.6051836013793945 
TCAPPDLL 2025-08-22 00:55:08.831750 - Epoch: 0 Iteration: 76  rank : 1  train.loss : 67.03988647460938  train.ips : 1.4275679416631961 imgs/s train.total_time : 5.603936433792114 
TCAPPDLL 2025-08-22 00:55:08.842112 - Epoch: 0 Iteration: 76  rank : 2  train.loss : 64.83419036865234  train.ips : 1.4248642619182221 imgs/s train.total_time : 5.614569902420044 
TCAPPDLL 2025-08-22 00:55:14.286160 - Epoch: 0 Iteration: 77  rank : 2  train.loss : 58.03261947631836  train.ips : 1.4695409221848377 imgs/s train.total_time : 5.4438769817352295 
TCAPPDLL 2025-08-22 00:55:14.286378 - Epoch: 0 Iteration: 77  rank : 3  train.loss : 68.8736572265625  train.ips : 1.4666676807410577 imgs/s train.total_time : 5.4545416831970215 
TCAPPDLL 2025-08-22 00:55:14.287765 - Epoch: 0 Iteration: 77  rank : 0  train.loss : 58.747005462646484  train.ips : 1.4656462515205981 imgs/s train.total_time : 5.458343029022217 
TCAPPDLL 2025-08-22 00:55:14.290579 - Epoch: 0 Iteration: 77  rank : 1  train.loss : 63.61891555786133  train.ips : 1.4655857561259835 imgs/s train.total_time : 5.458568334579468 
TCAPPDLL 2025-08-22 00:55:20.261303 - Epoch: 0 Iteration: 78  rank : 2  train.loss : 60.446510314941406  train.ips : 1.3389232145762224 imgs/s train.total_time : 5.974950551986694 
TCAPPDLL 2025-08-22 00:55:20.263106 - Epoch: 0 Iteration: 78  rank : 3  train.loss : 56.61480712890625  train.ips : 1.3385777907774876 imgs/s train.total_time : 5.976492404937744 
TCAPPDLL 2025-08-22 00:55:20.264630 - Epoch: 0 Iteration: 78  rank : 0  train.loss : 68.87171173095703  train.ips : 1.3385408393309728 imgs/s train.total_time : 5.976657390594482 
TCAPPDLL 2025-08-22 00:55:20.265555 - Epoch: 0 Iteration: 78  rank : 1  train.loss : 57.973114013671875  train.ips : 1.3389691634431566 imgs/s train.total_time : 5.974745512008667 
TCAPPDLL 2025-08-22 00:55:25.590806 - Epoch: 0 Iteration: 79  rank : 2  train.loss : 61.3691291809082  train.ips : 1.501131493381578 imgs/s train.total_time : 5.329313278198242 
TCAPPDLL 2025-08-22 00:55:25.593485 - Epoch: 0 Iteration: 79  rank : 3  train.loss : 71.05654907226562  train.ips : 1.5008926559772793 imgs/s train.total_time : 5.3301613330841064 
TCAPPDLL 2025-08-22 00:55:25.593609 - Epoch: 0 Iteration: 79  rank : 0  train.loss : 51.90180206298828  train.ips : 1.5012726022977667 imgs/s train.total_time : 5.32881236076355 
TCAPPDLL 2025-08-22 00:55:25.594341 - Epoch: 0 Iteration: 79  rank : 1  train.loss : 69.5103530883789  train.ips : 1.5013505896195074 imgs/s train.total_time : 5.328535556793213 
TCAPPDLL 2025-08-22 00:55:31.406594 - Epoch: 0 Iteration: 80  rank : 1  train.loss : 60.06940460205078  train.ips : 1.376459151391082 imgs/s train.total_time : 5.812014102935791 
TCAPPDLL 2025-08-22 00:55:31.406914 - Epoch: 0 Iteration: 80  rank : 3  train.loss : 58.71674728393555  train.ips : 1.3761653719843505 imgs/s train.total_time : 5.8132548332214355 
TCAPPDLL 2025-08-22 00:55:31.407143 - Epoch: 0 Iteration: 80  rank : 2  train.loss : 64.56074523925781  train.ips : 1.3754810883418553 imgs/s train.total_time : 5.8161468505859375 
TCAPPDLL 2025-08-22 00:55:31.408278 - Epoch: 0 Iteration: 80  rank : 0  train.loss : 58.64142990112305  train.ips : 1.3758743131173088 imgs/s train.total_time : 5.814484596252441 
TCAPPDLL 2025-08-22 00:55:36.935533 - Epoch: 0 Iteration: 81  rank : 3  train.loss : 58.08719253540039  train.ips : 1.4470712494225957 imgs/s train.total_time : 5.52840781211853 
TCAPPDLL 2025-08-22 00:55:36.935652 - Epoch: 0 Iteration: 81  rank : 0  train.loss : 63.98902893066406  train.ips : 1.4473885937291533 imgs/s train.total_time : 5.527195692062378 
TCAPPDLL 2025-08-22 00:55:36.936610 - Epoch: 0 Iteration: 81  rank : 2  train.loss : 60.16761016845703  train.ips : 1.4468503640773507 imgs/s train.total_time : 5.52925181388855 
TCAPPDLL 2025-08-22 00:55:36.944545 - Epoch: 0 Iteration: 81  rank : 1  train.loss : 58.84768295288086  train.ips : 1.4446507493927025 imgs/s train.total_time : 5.537670612335205 
TCAPPDLL 2025-08-22 00:55:42.551035 - Epoch: 0 Iteration: 82  rank : 1  train.loss : 62.80249786376953  train.ips : 1.4269787454605318 imgs/s train.total_time : 5.606250286102295 
TCAPPDLL 2025-08-22 00:55:42.565235 - Epoch: 0 Iteration: 82  rank : 2  train.loss : 63.16102600097656  train.ips : 1.4213607169997704 imgs/s train.total_time : 5.628409385681152 
TCAPPDLL 2025-08-22 00:55:42.565315 - Epoch: 0 Iteration: 82  rank : 3  train.loss : 61.637840270996094  train.ips : 1.4210629273239896 imgs/s train.total_time : 5.629588842391968 
TCAPPDLL 2025-08-22 00:55:42.565385 - Epoch: 0 Iteration: 82  rank : 0  train.loss : 67.76377868652344  train.ips : 1.421068765137889 imgs/s train.total_time : 5.629565715789795 
TCAPPDLL 2025-08-22 00:55:47.865464 - Epoch: 0 Iteration: 83  rank : 3  train.loss : 66.715087890625  train.ips : 1.50943961167676 imgs/s train.total_time : 5.299980163574219 
TCAPPDLL 2025-08-22 00:55:47.865520 - Epoch: 0 Iteration: 83  rank : 1  train.loss : 59.59074783325195  train.ips : 1.505381060096924 imgs/s train.total_time : 5.314269065856934 
TCAPPDLL 2025-08-22 00:55:47.865527 - Epoch: 0 Iteration: 83  rank : 2  train.loss : 61.91158676147461  train.ips : 1.509414827909177 imgs/s train.total_time : 5.300067186355591 
TCAPPDLL 2025-08-22 00:55:47.865636 - Epoch: 0 Iteration: 83  rank : 0  train.loss : 67.51225280761719  train.ips : 1.5094064084034806 imgs/s train.total_time : 5.300096750259399 
TCAPPDLL 2025-08-22 00:55:53.452562 - Epoch: 0 Iteration: 84  rank : 1  train.loss : 63.08059310913086  train.ips : 1.4319321014995234 imgs/s train.total_time : 5.586857080459595 
TCAPPDLL 2025-08-22 00:55:53.497132 - Epoch: 0 Iteration: 84  rank : 3  train.loss : 61.34559631347656  train.ips : 1.420594734400596 imgs/s train.total_time : 5.631444215774536 
TCAPPDLL 2025-08-22 00:55:53.498284 - Epoch: 0 Iteration: 84  rank : 2  train.loss : 61.365055084228516  train.ips : 1.4203189687010243 imgs/s train.total_time : 5.632537603378296 
TCAPPDLL 2025-08-22 00:55:53.498954 - Epoch: 0 Iteration: 84  rank : 0  train.loss : 53.41719436645508  train.ips : 1.420172049635208 imgs/s train.total_time : 5.63312029838562 
TCAPPDLL 2025-08-22 00:55:58.895162 - Epoch: 0 Iteration: 85  rank : 3  train.loss : 53.983089447021484  train.ips : 1.4820966932628499 imgs/s train.total_time : 5.397758483886719 
TCAPPDLL 2025-08-22 00:55:58.895213 - Epoch: 0 Iteration: 85  rank : 0  train.loss : 62.30570602416992  train.ips : 1.4825717875355378 imgs/s train.total_time : 5.396028757095337 
TCAPPDLL 2025-08-22 00:55:58.895490 - Epoch: 0 Iteration: 85  rank : 2  train.loss : 60.15387725830078  train.ips : 1.482316750763226 imgs/s train.total_time : 5.396957159042358 
TCAPPDLL 2025-08-22 00:55:58.896660 - Epoch: 0 Iteration: 85  rank : 1  train.loss : 65.01286315917969  train.ips : 1.4695427886162133 imgs/s train.total_time : 5.4438700675964355 
TCAPPDLL 2025-08-22 00:56:04.453141 - Epoch: 0 Iteration: 86  rank : 1  train.loss : 56.61417770385742  train.ips : 1.4398245697145207 imgs/s train.total_time : 5.556232452392578 
TCAPPDLL 2025-08-22 00:56:04.491564 - Epoch: 0 Iteration: 86  rank : 0  train.loss : 59.71842575073242  train.ips : 1.4295562161462534 imgs/s train.total_time : 5.596142292022705 
TCAPPDLL 2025-08-22 00:56:04.492103 - Epoch: 0 Iteration: 86  rank : 2  train.loss : 59.399208068847656  train.ips : 1.429485569896616 imgs/s train.total_time : 5.596418857574463 
TCAPPDLL 2025-08-22 00:56:04.501462 - Epoch: 0 Iteration: 86  rank : 3  train.loss : 61.327301025390625  train.ips : 1.427025899672023 imgs/s train.total_time : 5.606065034866333 
TCAPPDLL 2025-08-22 00:56:09.887817 - Epoch: 0 Iteration: 87  rank : 2  train.loss : 54.63565444946289  train.ips : 1.4827313775088269 imgs/s train.total_time : 5.3954479694366455 
TCAPPDLL 2025-08-22 00:56:09.888292 - Epoch: 0 Iteration: 87  rank : 3  train.loss : 54.14992904663086  train.ips : 1.485166167700517 imgs/s train.total_time : 5.3866026401519775 
TCAPPDLL 2025-08-22 00:56:09.889631 - Epoch: 0 Iteration: 87  rank : 0  train.loss : 56.489078521728516  train.ips : 1.4820836660219534 imgs/s train.total_time : 5.39780592918396 
TCAPPDLL 2025-08-22 00:56:09.893074 - Epoch: 0 Iteration: 87  rank : 1  train.loss : 60.132869720458984  train.ips : 1.4706690463083412 imgs/s train.total_time : 5.439701080322266 
TCAPPDLL 2025-08-22 00:56:15.638412 - Epoch: 0 Iteration: 88  rank : 1  train.loss : 55.35531997680664  train.ips : 1.3924820879077555 imgs/s train.total_time : 5.745136737823486 
TCAPPDLL 2025-08-22 00:56:15.678184 - Epoch: 0 Iteration: 88  rank : 0  train.loss : 59.33198165893555  train.ips : 1.3820824791194097 imgs/s train.total_time : 5.7883665561676025 
TCAPPDLL 2025-08-22 00:56:15.679711 - Epoch: 0 Iteration: 88  rank : 2  train.loss : 61.46714782714844  train.ips : 1.3812967078023282 imgs/s train.total_time : 5.791659355163574 
TCAPPDLL 2025-08-22 00:56:15.679808 - Epoch: 0 Iteration: 88  rank : 3  train.loss : 64.90058135986328  train.ips : 1.3813799591577223 imgs/s train.total_time : 5.7913103103637695 
TCAPPDLL 2025-08-22 00:56:21.477512 - Epoch: 0 Iteration: 89  rank : 0  train.loss : 53.693260192871094  train.ips : 1.3795269229997569 imgs/s train.total_time : 5.799089431762695 
TCAPPDLL 2025-08-22 00:56:21.479314 - Epoch: 0 Iteration: 89  rank : 3  train.loss : 48.11476135253906  train.ips : 1.3794779782788256 imgs/s train.total_time : 5.79929518699646 
TCAPPDLL 2025-08-22 00:56:21.480468 - Epoch: 0 Iteration: 89  rank : 1  train.loss : 60.22084045410156  train.ips : 1.3694289154167942 imgs/s train.total_time : 5.841851234436035 
TCAPPDLL 2025-08-22 00:56:21.483095 - Epoch: 0 Iteration: 89  rank : 2  train.loss : 62.14896011352539  train.ips : 1.3785612047370392 imgs/s train.total_time : 5.803151845932007 
TCAPPDLL 2025-08-22 00:56:26.996435 - Epoch: 0 Iteration: 90  rank : 1  train.loss : 59.93745040893555  train.ips : 1.450392077159139 imgs/s train.total_time : 5.515749931335449 
TCAPPDLL 2025-08-22 00:56:27.044418 - Epoch: 0 Iteration: 90  rank : 0  train.loss : 57.57775115966797  train.ips : 1.4371238568183249 imgs/s train.total_time : 5.566673994064331 
TCAPPDLL 2025-08-22 00:56:27.045728 - Epoch: 0 Iteration: 90  rank : 3  train.loss : 51.44483947753906  train.ips : 1.437239521359227 imgs/s train.total_time : 5.566226005554199 
TCAPPDLL 2025-08-22 00:56:27.051075 - Epoch: 0 Iteration: 90  rank : 2  train.loss : 53.13808059692383  train.ips : 1.4368626798073205 imgs/s train.total_time : 5.567685842514038 
TCAPPDLL 2025-08-22 00:56:32.321333 - Epoch: 0 Iteration: 91  rank : 3  train.loss : 56.393470764160156  train.ips : 1.5164699651384521 imgs/s train.total_time : 5.275409460067749 
TCAPPDLL 2025-08-22 00:56:32.321747 - Epoch: 0 Iteration: 91  rank : 0  train.loss : 65.92354583740234  train.ips : 1.5160000234937672 imgs/s train.total_time : 5.277044773101807 
TCAPPDLL 2025-08-22 00:56:32.323665 - Epoch: 0 Iteration: 91  rank : 1  train.loss : 64.99968719482422  train.ips : 1.5017716998942543 imgs/s train.total_time : 5.327041387557983 
TCAPPDLL 2025-08-22 00:56:32.331928 - Epoch: 0 Iteration: 91  rank : 2  train.loss : 59.47489547729492  train.ips : 1.5149820741017794 imgs/s train.total_time : 5.280590534210205 
TCAPPDLL 2025-08-22 00:56:38.064144 - Epoch: 0 Iteration: 92  rank : 2  train.loss : 63.26163864135742  train.ips : 1.3956617166526246 imgs/s train.total_time : 5.732048034667969 TCAPPDLL 2025-08-22 00:56:38.064157 - Epoch: 0 Iteration: 92  rank : 0  train.loss : 58.30821990966797  train.ips : 1.3931932875305242 imgs/s train.total_time : 5.742203950881958 

TCAPPDLL 2025-08-22 00:56:38.064292 - Epoch: 0 Iteration: 92  rank : 3  train.loss : 58.740936279296875  train.ips : 1.3930538349380743 imgs/s train.total_time : 5.742778778076172 
TCAPPDLL 2025-08-22 00:56:38.064880 - Epoch: 0 Iteration: 92  rank : 1  train.loss : 49.211910247802734  train.ips : 1.3934763852108187 imgs/s train.total_time : 5.741037368774414 
TCAPPDLL 2025-08-22 00:56:43.603352 - Epoch: 0 Iteration: 93  rank : 0  train.loss : 62.77459716796875  train.ips : 1.4443083066544635 imgs/s train.total_time : 5.538983583450317 
TCAPPDLL 2025-08-22 00:56:43.603865 - Epoch: 0 Iteration: 93  rank : 2  train.loss : 51.3097038269043  train.ips : 1.4441746568902716 imgs/s train.total_time : 5.539496183395386 
TCAPPDLL 2025-08-22 00:56:43.604060 - Epoch: 0 Iteration: 93  rank : 3  train.loss : 59.00396728515625  train.ips : 1.4441606717167308 imgs/s train.total_time : 5.539549827575684 
TCAPPDLL 2025-08-22 00:56:43.614098 - Epoch: 0 Iteration: 93  rank : 1  train.loss : 58.62650680541992  train.ips : 1.4417003337643255 imgs/s train.total_time : 5.54900336265564 
TCAPPDLL 2025-08-22 00:56:49.426304 - Epoch: 0 Iteration: 94  rank : 0  train.loss : 64.52780151367188  train.ips : 1.373917410094613 imgs/s train.total_time : 5.822766304016113 
TCAPPDLL 2025-08-22 00:56:49.432813 - Epoch: 0 Iteration: 94  rank : 2  train.loss : 51.56734848022461  train.ips : 1.3725008751349517 imgs/s train.total_time : 5.828775882720947 
TCAPPDLL 2025-08-22 00:56:49.437920 - Epoch: 0 Iteration: 94  rank : 1  train.loss : 53.94633483886719  train.ips : 1.373712836303839 imgs/s train.total_time : 5.823633432388306 
TCAPPDLL 2025-08-22 00:56:49.447054 - Epoch: 0 Iteration: 94  rank : 3  train.loss : 56.099605560302734  train.ips : 1.369212043181733 imgs/s train.total_time : 5.842776536941528 
TCAPPDLL 2025-08-22 00:56:54.899271 - Epoch: 0 Iteration: 95  rank : 0  train.loss : 56.71599197387695  train.ips : 1.4617803213026188 imgs/s train.total_time : 5.472778558731079 
TCAPPDLL 2025-08-22 00:56:54.899318 - Epoch: 0 Iteration: 95  rank : 2  train.loss : 60.78846740722656  train.ips : 1.4635050061834187 imgs/s train.total_time : 5.466329097747803 
TCAPPDLL 2025-08-22 00:56:54.899764 - Epoch: 0 Iteration: 95  rank : 3  train.loss : 53.52328872680664  train.ips : 1.4672032437743376 imgs/s train.total_time : 5.452550649642944 
TCAPPDLL 2025-08-22 00:56:54.902077 - Epoch: 0 Iteration: 95  rank : 1  train.loss : 49.52981948852539  train.ips : 1.4641463520103042 imgs/s train.total_time : 5.463934659957886 
TCAPPDLL 2025-08-22 00:57:00.684654 - Epoch: 0 Iteration: 96  rank : 2  train.loss : 52.16627502441406  train.ips : 1.3828494260634707 imgs/s train.total_time : 5.78515625 
TCAPPDLL 2025-08-22 00:57:00.684751 - Epoch: 0 Iteration: 96  rank : 3  train.loss : 57.7743034362793  train.ips : 1.382931553765048 imgs/s train.total_time : 5.784812688827515 
TCAPPDLL 2025-08-22 00:57:00.685003 - Epoch: 0 Iteration: 96  rank : 0  train.loss : 55.37213134765625  train.ips : 1.3827606980737577 imgs/s train.total_time : 5.785527467727661 
TCAPPDLL 2025-08-22 00:57:00.690157 - Epoch: 0 Iteration: 96  rank : 1  train.loss : 62.36671829223633  train.ips : 1.3822081852907904 imgs/s train.total_time : 5.787840127944946 
TCAPPDLL 2025-08-22 00:57:06.354271 - Epoch: 0 Iteration: 97  rank : 0  train.loss : 54.692771911621094  train.ips : 1.4111551653926664 imgs/s train.total_time : 5.669114351272583 
TCAPPDLL 2025-08-22 00:57:06.354489 - Epoch: 0 Iteration: 97  rank : 2  train.loss : 51.96895980834961  train.ips : 1.4110275806209542 imgs/s train.total_time : 5.669626951217651 
TCAPPDLL 2025-08-22 00:57:06.354639 - Epoch: 0 Iteration: 97  rank : 3  train.loss : 49.36568069458008  train.ips : 1.4110084745623728 imgs/s train.total_time : 5.669703722000122 
TCAPPDLL 2025-08-22 00:57:06.357189 - Epoch: 0 Iteration: 97  rank : 1  train.loss : 59.53653335571289  train.ips : 1.4117269097121934 imgs/s train.total_time : 5.666818380355835 
TCAPPDLL 2025-08-22 00:57:11.830308 - Epoch: 0 Iteration: 98  rank : 0  train.loss : 52.35960388183594  train.ips : 1.46096437820752 imgs/s train.total_time : 5.475835084915161 
TCAPPDLL 2025-08-22 00:57:11.830682 - Epoch: 0 Iteration: 98  rank : 3  train.loss : 55.61667251586914  train.ips : 1.4609515925926346 imgs/s train.total_time : 5.4758830070495605 
TCAPPDLL 2025-08-22 00:57:11.830752 - Epoch: 0 Iteration: 98  rank : 2  train.loss : 62.04867935180664  train.ips : 1.460895236778315 imgs/s train.total_time : 5.4760942459106445 
TCAPPDLL 2025-08-22 00:57:11.836613 - Epoch: 0 Iteration: 98  rank : 1  train.loss : 60.306819915771484  train.ips : 1.4600587436111285 imgs/s train.total_time : 5.479231595993042 
TCAPPDLL 2025-08-22 00:57:17.421719 - Epoch: 0 Iteration: 99  rank : 3  train.loss : 57.790348052978516  train.ips : 1.430906535040085 imgs/s train.total_time : 5.5908613204956055 
TCAPPDLL 2025-08-22 00:57:17.424526 - Epoch: 0 Iteration: 99  rank : 0  train.loss : 56.277183532714844  train.ips : 1.430099085317776 imgs/s train.total_time : 5.59401798248291 
TCAPPDLL 2025-08-22 00:57:17.424739 - Epoch: 0 Iteration: 99  rank : 2  train.loss : 57.237823486328125  train.ips : 1.4301479698630266 imgs/s train.total_time : 5.593826770782471 
08/22 00:57:17 - mmengine - INFO - Iter(train) [100/100]  base_lr: 9.9835e-06 lr: 9.9835e-06  eta: 0:00:00  time: 5.5945  data_time: 0.0441  memory: 12978  grad_norm: 195.0107  loss: 58.4530  decode.loss_cls_ce: 23.3389  decode.loss_mask_ce: 1.6089  decode.loss_mask_dice: 4.1811  decode.d7.loss_cls_ce: 23.5316  decode.d7.loss_mask_ce: 1.5862  decode.d7.loss_mask_dice: 4.2064
TCAPPDLL 2025-08-22 00:57:17.426186 - Epoch: 0 Iteration: 99  rank : 1  train.loss : 57.640968322753906  train.ips : 1.4312942394923607 imgs/s train.total_time : 5.589346885681152 
08/22 00:57:17 - mmengine - INFO - Saving checkpoint at 100 iterations
Executing command: torchrun --nproc_per_node=4 --master_port=29500 ../tools/train.py ../configs/san/san-vit-b16_coco-stuff164k-640x640.py --launcher pytorch  --cfg-options train_cfg.max_iters=100 
