--------------+------------------------------------------------
 Host IP      | 100.10.19.121
 PyTorch      | 2.4.0a0+git4451b0e
 Torch-SDAA   | 20250616.14.30.dev0+git35328dc
--------------+------------------------------------------------
 SDAA Driver  | 2.1.0 (N/A)
 SDAA Runtime | 2.1.0 (/opt/tecoai/lib64/libsdaart.so)
 SDPTI        | 1.4.0b0 (/opt/tecoai/lib64/libsdpti.so)
 TecoDNN      | 2.2.0b0 (/opt/tecoai/lib64/libtecodnn.so)
 TecoBLAS     | 2.2.0b0 (/opt/tecoai/lib64/libtecoblas.so)
 CustomDNN    | 1.20.0a0 (/opt/tecoai/lib64/libtecodnn_ext.so)
 TecoRAND     | 2.0.1 (/opt/tecoai/lib64/libtecorand.so)
 TCCL         | 1.23.0 (/opt/tecoai/lib64/libtccl.so)
--------------+------------------------------------------------
W1126 09:15:39.554000 139745319618368 torch/distributed/run.py:779] 
W1126 09:15:39.554000 139745319618368 torch/distributed/run.py:779] *****************************************
W1126 09:15:39.554000 139745319618368 torch/distributed/run.py:779] Setting OMP_NUM_THREADS environment variable for each process to be 1 in default, to avoid your system being overloaded, please further tune the variable for optimal performance in your application as needed. 
W1126 09:15:39.554000 139745319618368 torch/distributed/run.py:779] *****************************************
--------------+------------------------------------------------
 Host IP      | 100.10.19.121
 PyTorch      | 2.4.0a0+git4451b0e
 Torch-SDAA   | 20250616.14.30.dev0+git35328dc
--------------+------------------------------------------------
 SDAA Driver  | 2.1.0 (N/A)
 SDAA Runtime | 2.1.0 (/opt/tecoai/lib64/libsdaart.so)
 SDPTI        | 1.4.0b0 (/opt/tecoai/lib64/libsdpti.so)
 TecoDNN      | 2.2.0b0 (/opt/tecoai/lib64/libtecodnn.so)
 TecoBLAS     | 2.2.0b0 (/opt/tecoai/lib64/libtecoblas.so)
 CustomDNN    | 1.20.0a0 (/opt/tecoai/lib64/libtecodnn_ext.so)
 TecoRAND     | 2.0.1 (/opt/tecoai/lib64/libtecorand.so)
 TCCL         | 1.23.0 (/opt/tecoai/lib64/libtccl.so)
--------------+------------------------------------------------
--------------+------------------------------------------------
 Host IP      | 100.10.19.121
 PyTorch      | 2.4.0a0+git4451b0e
 Torch-SDAA   | 20250616.14.30.dev0+git35328dc
--------------+------------------------------------------------
 SDAA Driver  | 2.1.0 (N/A)
 SDAA Runtime | 2.1.0 (/opt/tecoai/lib64/libsdaart.so)
 SDPTI        | 1.4.0b0 (/opt/tecoai/lib64/libsdpti.so)
 TecoDNN      | 2.2.0b0 (/opt/tecoai/lib64/libtecodnn.so)
 TecoBLAS     | 2.2.0b0 (/opt/tecoai/lib64/libtecoblas.so)
 CustomDNN    | 1.20.0a0 (/opt/tecoai/lib64/libtecodnn_ext.so)
 TecoRAND     | 2.0.1 (/opt/tecoai/lib64/libtecorand.so)
 TCCL         | 1.23.0 (/opt/tecoai/lib64/libtccl.so)
--------------+------------------------------------------------
--------------+------------------------------------------------
 Host IP      | 100.10.19.121
 PyTorch      | 2.4.0a0+git4451b0e
 Torch-SDAA   | 20250616.14.30.dev0+git35328dc
--------------+------------------------------------------------
 SDAA Driver  | 2.1.0 (N/A)
 SDAA Runtime | 2.1.0 (/opt/tecoai/lib64/libsdaart.so)
 SDPTI        | 1.4.0b0 (/opt/tecoai/lib64/libsdpti.so)
 TecoDNN      | 2.2.0b0 (/opt/tecoai/lib64/libtecodnn.so)
 TecoBLAS     | 2.2.0b0 (/opt/tecoai/lib64/libtecoblas.so)
 CustomDNN    | 1.20.0a0 (/opt/tecoai/lib64/libtecodnn_ext.so)
 TecoRAND     | 2.0.1 (/opt/tecoai/lib64/libtecorand.so)
 TCCL         | 1.23.0 (/opt/tecoai/lib64/libtccl.so)
--------------+--------------------------------------------------------------+------------------------------------------------
 Host IP      | 100.10.19.121
 PyTorch      | 2.4.0a0+git4451b0e
 Torch-SDAA   | 20250616.14.30.dev0+git35328dc
--------------+------------------------------------------------
 SDAA Driver  | 2.1.0 (N/A)
 SDAA Runtime | 2.1.0 (/opt/tecoai/lib64/libsdaart.so)
 SDPTI        | 1.4.0b0 (/opt/tecoai/lib64/libsdpti.so)
 TecoDNN      | 2.2.0b0 (/opt/tecoai/lib64/libtecodnn.so)
 TecoBLAS     | 2.2.0b0 (/opt/tecoai/lib64/libtecoblas.so)
 CustomDNN    | 1.20.0a0 (/opt/tecoai/lib64/libtecodnn_ext.so)
 TecoRAND     | 2.0.1 (/opt/tecoai/lib64/libtecorand.so)
 TCCL         | 1.23.0 (/opt/tecoai/lib64/libtccl.so)
--------------+------------------------------------------------

Training in distributed mode with multiple processes, 1 device per process.Process 0, total 4, device cuda:0.
Training in distributed mode with multiple processes, 1 device per process.Process 3, total 4, device cuda:3.
Training in distributed mode with multiple processes, 1 device per process.Process 2, total 4, device cuda:2.
Training in distributed mode with multiple processes, 1 device per process.Process 1, total 4, device cuda:1.
Model cspresnet50 created, param count:21616168
Data processing configuration for current model + dataset:
	input_size: (3, 256, 256)
	interpolation: bilinear
	mean: (0.485, 0.456, 0.406)
	std: (0.229, 0.224, 0.225)
	crop_pct: 0.887
	crop_mode: center
Created SGD (sgd) optimizer: lr: 0.4, momentum: 0.9, dampening: 0, weight_decay: 2e-05, nesterov: True, maximize: False, foreach: None, differentiable: False
Using native Torch AMP. Training in mixed precision.
Using native Torch DistributedDataParallel.
Scheduled epochs: 1 (epochs + cooldown_epochs). Warmup within epochs when warmup_prefix=False. LR stepped per epoch.
TCAPPDLL 2025-11-26 09:17:09.322914 - Epoch: 0 Iteration: 0  rank : 1  train.loss : 6.920397758483887  train.ips : 29.73501404804916 imgs/s
TCAPPDLL 2025-11-26 09:17:09.322967 - Epoch: 0 Iteration: 0  rank : 2  train.loss : 6.920397758483887  train.ips : 29.810405322431244 imgs/sTCAPPDLL 2025-11-26 09:17:09.322969 - Epoch: 0 Iteration: 0  rank : 3  train.loss : 6.920397758483887  train.ips : 30.08854053760806 imgs/s

TCAPPDLL 2025-11-26 09:17:09.323219 - Epoch: 0 Iteration: 0  rank : 0  train.loss : 6.920397758483887  train.ips : 30.10386660231002 imgs/s
Train: 0 [   0/20018 (  0%)]  Loss: 6.92 (6.92)  Time: 2.126s,   30.10/s  (2.126s,   30.10/s)  LR: 1.000e-05  Data: 1.953 (1.953)
TCAPPDLL 2025-11-26 09:17:09.510520 - Epoch: 0 Iteration: 1  rank : 1  train.loss : 6.963698863983154  train.ips : 54.70232811824494 imgs/sTCAPPDLL 2025-11-26 09:17:09.510518 - Epoch: 0 Iteration: 1  rank : 2  train.loss : 6.963698863983154  train.ips : 54.657480101726044 imgs/sTCAPPDLL 2025-11-26 09:17:09.510526 - Epoch: 0 Iteration: 1  rank : 0  train.loss : 6.963698863983154  train.ips : 55.25718544437202 imgs/s


TCAPPDLL 2025-11-26 09:17:09.510824 - Epoch: 0 Iteration: 1  rank : 3  train.loss : 6.963698863983154  train.ips : 55.21911234041748 imgs/s
Train: 0 [   1/20018 (  0%)]  Loss: 6.96 (6.94)  Time: 0.190s,  336.01/s  (1.158s,   55.26/s)  LR: 1.000e-05  Data: 0.007 (0.980)
TCAPPDLL 2025-11-26 09:17:09.701210 - Epoch: 0 Iteration: 2  rank : 1  train.loss : 6.937049388885498  train.ips : 75.8817990845258 imgs/sTCAPPDLL 2025-11-26 09:17:09.701193 - Epoch: 0 Iteration: 2  rank : 3  train.loss : 6.937049388885498  train.ips : 76.59585415496171 imgs/s

TCAPPDLL 2025-11-26 09:17:09.701558 - Epoch: 0 Iteration: 2  rank : 2  train.loss : 6.937049388885498  train.ips : 75.79543094486591 imgs/sTCAPPDLL 2025-11-26 09:17:09.701558 - Epoch: 0 Iteration: 2  rank : 0  train.loss : 6.937049388885498  train.ips : 76.5854011291526 imgs/s

Train: 0 [   2/20018 (  0%)]  Loss: 6.94 (6.94)  Time: 0.191s,  335.84/s  (0.836s,   76.59/s)  LR: 1.000e-05  Data: 0.008 (0.656)
TCAPPDLL 2025-11-26 09:17:10.027218 - Epoch: 0 Iteration: 3  rank : 2  train.loss : 6.930637359619141  train.ips : 89.59494382781887 imgs/s
TCAPPDLL 2025-11-26 09:17:10.027561 - Epoch: 0 Iteration: 3  rank : 1  train.loss : 6.930637359619141  train.ips : 89.63890910098773 imgs/sTCAPPDLL 2025-11-26 09:17:10.027608 - Epoch: 0 Iteration: 3  rank : 3  train.loss : 6.930637359619141  train.ips : 90.32814194585671 imgs/s

TCAPPDLL 2025-11-26 09:17:10.027767 - Epoch: 0 Iteration: 3  rank : 0  train.loss : 6.930637359619141  train.ips : 90.36273743068946 imgs/s
Train: 0 [   3/20018 (  0%)]  Loss: 6.93 (6.94)  Time: 0.326s,  196.31/s  (0.708s,   90.36/s)  LR: 1.000e-05  Data: 0.024 (0.498)
TCAPPDLL 2025-11-26 09:17:10.208037 - Epoch: 0 Iteration: 4  rank : 2  train.loss : 6.903323173522949  train.ips : 105.28181167477551 imgs/sTCAPPDLL 2025-11-26 09:17:10.208050 - Epoch: 0 Iteration: 4  rank : 0  train.loss : 6.903323173522949  train.ips : 106.1754782387609 imgs/sTCAPPDLL 2025-11-26 09:17:10.208065 - Epoch: 0 Iteration: 4  rank : 1  train.loss : 6.903323173522949  train.ips : 105.32669878471242 imgs/s


TCAPPDLL 2025-11-26 09:17:10.208316 - Epoch: 0 Iteration: 4  rank : 3  train.loss : 6.903323173522949  train.ips : 106.12461179099029 imgs/s
Train: 0 [   4/20018 (  0%)]  Loss: 6.90 (6.93)  Time: 0.181s,  353.88/s  (0.603s,  106.18/s)  LR: 1.000e-05  Data: 0.014 (0.401)
TCAPPDLL 2025-11-26 09:17:10.404016 - Epoch: 0 Iteration: 5  rank : 1  train.loss : 6.924929618835449  train.ips : 118.71278036238141 imgs/sTCAPPDLL 2025-11-26 09:17:10.404020 - Epoch: 0 Iteration: 5  rank : 2  train.loss : 6.924929618835449  train.ips : 118.6795662313103 imgs/sTCAPPDLL 2025-11-26 09:17:10.404024 - Epoch: 0 Iteration: 5  rank : 0  train.loss : 6.924929618835449  train.ips : 119.63825172948926 imgs/s


TCAPPDLL 2025-11-26 09:17:10.404285 - Epoch: 0 Iteration: 5  rank : 3  train.loss : 6.924929618835449  train.ips : 119.57691932764536 imgs/s
Train: 0 [   5/20018 (  0%)]  Loss: 6.92 (6.93)  Time: 0.196s,  326.87/s  (0.535s,  119.64/s)  LR: 1.000e-05  Data: 0.014 (0.337)
TCAPPDLL 2025-11-26 09:17:10.593024 - Epoch: 0 Iteration: 6  rank : 1  train.loss : 6.924532413482666  train.ips : 130.8224645442966 imgs/sTCAPPDLL 2025-11-26 09:17:10.593041 - Epoch: 0 Iteration: 6  rank : 2  train.loss : 6.924532413482666  train.ips : 130.82728289494204 imgs/s

TCAPPDLL 2025-11-26 09:17:10.593215 - Epoch: 0 Iteration: 6  rank : 0  train.loss : 6.924532413482666  train.ips : 131.78611416761177 imgs/s
Train: 0 [   6/20018 (  0%)]  Loss: 6.92 (6.93)  Time: 0.190s,  337.25/s  (0.486s,  131.79/s)  LR: 1.000e-05  Data: 0.014 (0.291)
TCAPPDLL 2025-11-26 09:17:10.593790 - Epoch: 0 Iteration: 6  rank : 3  train.loss : 6.924532413482666  train.ips : 131.84569215248465 imgs/s
TCAPPDLL 2025-11-26 09:17:10.803574 - Epoch: 0 Iteration: 7  rank : 1  train.loss : 6.926455497741699  train.ips : 141.0391573655642 imgs/s
TCAPPDLL 2025-11-26 09:17:10.803808 - Epoch: 0 Iteration: 7  rank : 0  train.loss : 6.926455497741699  train.ips : 142.01985502291183 imgs/s
TCAPPDLL 2025-11-26 09:17:10.803739 - Epoch: 0 Iteration: 7  rank : 2  train.loss : 6.926455497741699  train.ips : 140.98216691667258 imgs/sTCAPPDLL 2025-11-26 09:17:10.803923 - Epoch: 0 Iteration: 7  rank : 3  train.loss : 6.926455497741699  train.ips : 141.78669150599146 imgs/s

Train: 0 [   7/20018 (  0%)]  Loss: 6.93 (6.93)  Time: 0.206s,  311.16/s  (0.451s,  142.02/s)  LR: 1.000e-05  Data: 0.020 (0.257)
TCAPPDLL 2025-11-26 09:17:11.036377 - Epoch: 0 Iteration: 8  rank : 1  train.loss : 6.918770790100098  train.ips : 149.0172706067223 imgs/sTCAPPDLL 2025-11-26 09:17:11.036377 - Epoch: 0 Iteration: 8  rank : 0  train.loss : 6.918770790100098  train.ips : 149.98425634061672 imgs/sTCAPPDLL 2025-11-26 09:17:11.036374 - Epoch: 0 Iteration: 8  rank : 3  train.loss : 6.918770790100098  train.ips : 149.92793499810628 imgs/s


TCAPPDLL 2025-11-26 09:17:11.036631 - Epoch: 0 Iteration: 8  rank : 2  train.loss : 6.918770790100098  train.ips : 148.88465292937897 imgs/s
Train: 0 [   8/20018 (  0%)]  Loss: 6.92 (6.93)  Time: 0.235s,  272.02/s  (0.427s,  149.98/s)  LR: 1.000e-05  Data: 0.014 (0.230)
TCAPPDLL 2025-11-26 09:17:11.272010 - Epoch: 0 Iteration: 9  rank : 2  train.loss : 6.8961896896362305  train.ips : 157.30060006588874 imgs/s
TCAPPDLL 2025-11-26 09:17:11.272146 - Epoch: 0 Iteration: 9  rank : 1  train.loss : 6.8961896896362305  train.ips : 155.9356228947623 imgs/s
TCAPPDLL 2025-11-26 09:17:11.272265 - Epoch: 0 Iteration: 9  rank : 3  train.loss : 6.8961896896362305  train.ips : 158.13650727072647 imgs/sTCAPPDLL 2025-11-26 09:17:11.272336 - Epoch: 0 Iteration: 9  rank : 0  train.loss : 6.8961896896362305  train.ips : 158.20493413968688 imgs/s

Train: 0 [   9/20018 (  0%)]  Loss: 6.90 (6.92)  Time: 0.205s,  312.22/s  (0.405s,  158.20/s)  LR: 1.000e-05  Data: 0.007 (0.208)
TCAPPDLL 2025-11-26 09:17:11.431021 - Epoch: 0 Iteration: 10  rank : 2  train.loss : 6.8849945068359375  train.ips : 165.24635999842633 imgs/s
TCAPPDLL 2025-11-26 09:17:11.431046 - Epoch: 0 Iteration: 10  rank : 0  train.loss : 6.8849945068359375  train.ips : 166.14458498936443 imgs/sTCAPPDLL 2025-11-26 09:17:11.431044 - Epoch: 0 Iteration: 10  rank : 1  train.loss : 6.8849945068359375  train.ips : 165.17875038227922 imgs/s

TCAPPDLL 2025-11-26 09:17:11.431317 - Epoch: 0 Iteration: 10  rank : 3  train.loss : 6.8849945068359375  train.ips : 166.09059651688932 imgs/s
Train: 0 [  10/20018 (  0%)]  Loss: 6.88 (6.92)  Time: 0.192s,  333.53/s  (0.385s,  166.14/s)  LR: 1.000e-05  Data: 0.014 (0.190)
TCAPPDLL 2025-11-26 09:17:11.636102 - Epoch: 0 Iteration: 11  rank : 2  train.loss : 6.912055969238281  train.ips : 172.06110567348475 imgs/s
TCAPPDLL 2025-11-26 09:17:11.636131 - Epoch: 0 Iteration: 11  rank : 1  train.loss : 6.912055969238281  train.ips : 171.99378324170584 imgs/sTCAPPDLL 2025-11-26 09:17:11.636132 - Epoch: 0 Iteration: 11  rank : 0  train.loss : 6.912055969238281  train.ips : 172.95683850371503 imgs/s

Train: 0 [  11/20018 (  0%)]  Loss: 6.91 (6.92)  Time: 0.203s,  315.05/s  (0.370s,  172.96/s)  LR: 1.000e-05  Data: 0.029 (0.177)
TCAPPDLL 2025-11-26 09:17:11.636466 - Epoch: 0 Iteration: 11  rank : 3  train.loss : 6.912055969238281  train.ips : 172.8365128786919 imgs/s
TCAPPDLL 2025-11-26 09:17:11.844598 - Epoch: 0 Iteration: 12  rank : 2  train.loss : 6.931065082550049  train.ips : 178.06673742743268 imgs/s
TCAPPDLL 2025-11-26 09:17:11.844626 - Epoch: 0 Iteration: 12  rank : 1  train.loss : 6.931065082550049  train.ips : 177.99610206767917 imgs/s
TCAPPDLL 2025-11-26 09:17:11.844939 - Epoch: 0 Iteration: 12  rank : 3  train.loss : 6.931065082550049  train.ips : 178.8419431973548 imgs/sTCAPPDLL 2025-11-26 09:17:11.844988 - Epoch: 0 Iteration: 12  rank : 0  train.loss : 6.931065082550049  train.ips : 178.9536760836044 imgs/s

Train: 0 [  12/20018 (  0%)]  Loss: 6.93 (6.92)  Time: 0.209s,  306.46/s  (0.358s,  178.95/s)  LR: 1.000e-05  Data: 0.009 (0.164)
TCAPPDLL 2025-11-26 09:17:12.033959 - Epoch: 0 Iteration: 13  rank : 2  train.loss : 6.925365924835205  train.ips : 184.29031482628065 imgs/s
TCAPPDLL 2025-11-26 09:17:12.033999 - Epoch: 0 Iteration: 13  rank : 0  train.loss : 6.925365924835205  train.ips : 185.1219731387911 imgs/sTCAPPDLL 2025-11-26 09:17:12.034000 - Epoch: 0 Iteration: 13  rank : 1  train.loss : 6.925365924835205  train.ips : 184.21446013092026 imgs/s

TCAPPDLL 2025-11-26 09:17:12.034260 - Epoch: 0 Iteration: 13  rank : 3  train.loss : 6.925365924835205  train.ips : 185.06449558784172 imgs/s
Train: 0 [  13/20018 (  0%)]  Loss: 6.93 (6.92)  Time: 0.191s,  335.42/s  (0.346s,  185.12/s)  LR: 1.000e-05  Data: 0.009 (0.153)
TCAPPDLL 2025-11-26 09:17:12.227694 - Epoch: 0 Iteration: 14  rank : 2  train.loss : 6.904282093048096  train.ips : 189.86653287543788 imgs/s
TCAPPDLL 2025-11-26 09:17:12.227720 - Epoch: 0 Iteration: 14  rank : 0  train.loss : 6.904282093048096  train.ips : 190.73415180603658 imgs/sTCAPPDLL 2025-11-26 09:17:12.227723 - Epoch: 0 Iteration: 14  rank : 1  train.loss : 6.904282093048096  train.ips : 189.7951063369759 imgs/s

Train: 0 [  14/20018 (  0%)]  Loss: 6.90 (6.92)  Time: 0.193s,  331.38/s  (0.336s,  190.73/s)  LR: 1.000e-05  Data: 0.015 (0.143)
TCAPPDLL 2025-11-26 09:17:12.228281 - Epoch: 0 Iteration: 14  rank : 3  train.loss : 6.904282093048096  train.ips : 190.65254692079986 imgs/s
TCAPPDLL 2025-11-26 09:17:12.434855 - Epoch: 0 Iteration: 15  rank : 2  train.loss : 6.918248653411865  train.ips : 194.66273307470564 imgs/s
TCAPPDLL 2025-11-26 09:17:12.434883 - Epoch: 0 Iteration: 15  rank : 1  train.loss : 6.918248653411865  train.ips : 194.57936699112363 imgs/s
TCAPPDLL 2025-11-26 09:17:12.434968 - Epoch: 0 Iteration: 15  rank : 0  train.loss : 6.918248653411865  train.ips : 195.47053305925684 imgs/s
Train: 0 [  15/20018 (  0%)]  Loss: 6.92 (6.92)  Time: 0.205s,  311.50/s  (0.327s,  195.47/s)  LR: 1.000e-05  Data: 0.030 (0.136)
TCAPPDLL 2025-11-26 09:17:12.435443 - Epoch: 0 Iteration: 15  rank : 3  train.loss : 6.918248653411865  train.ips : 195.35369845573885 imgs/s
TCAPPDLL 2025-11-26 09:17:12.631213 - Epoch: 0 Iteration: 16  rank : 2  train.loss : 6.9168009757995605  train.ips : 199.24536864169525 imgs/s
TCAPPDLL 2025-11-26 09:17:12.631240 - Epoch: 0 Iteration: 16  rank : 1  train.loss : 6.9168009757995605  train.ips : 199.1806228980235 imgs/sTCAPPDLL 2025-11-26 09:17:12.631249 - Epoch: 0 Iteration: 16  rank : 0  train.loss : 6.9168009757995605  train.ips : 200.09742880615474 imgs/s

TCAPPDLL 2025-11-26 09:17:12.631515 - Epoch: 0 Iteration: 16  rank : 3  train.loss : 6.9168009757995605  train.ips : 200.0456760017752 imgs/s
Train: 0 [  16/20018 (  0%)]  Loss: 6.92 (6.92)  Time: 0.199s,  322.08/s  (0.320s,  200.10/s)  LR: 1.000e-05  Data: 0.007 (0.129)
TCAPPDLL 2025-11-26 09:17:12.804311 - Epoch: 0 Iteration: 17  rank : 2  train.loss : 6.896770477294922  train.ips : 204.4978682541853 imgs/s
TCAPPDLL 2025-11-26 09:17:12.804349 - Epoch: 0 Iteration: 17  rank : 0  train.loss : 6.896770477294922  train.ips : 205.34668981484137 imgs/s
TCAPPDLL 2025-11-26 09:17:12.804508 - Epoch: 0 Iteration: 17  rank : 1  train.loss : 6.896770477294922  train.ips : 204.41986487783706 imgs/s
Train: 0 [  17/20018 (  0%)]  Loss: 6.90 (6.92)  Time: 0.173s,  370.64/s  (0.312s,  205.35/s)  LR: 1.000e-05  Data: 0.008 (0.122)
TCAPPDLL 2025-11-26 09:17:12.804864 - Epoch: 0 Iteration: 17  rank : 3  train.loss : 6.896770477294922  train.ips : 205.28807882544436 imgs/s
TCAPPDLL 2025-11-26 09:17:12.992280 - Epoch: 0 Iteration: 18  rank : 2  train.loss : 6.919875621795654  train.ips : 208.88100724389133 imgs/s
TCAPPDLL 2025-11-26 09:17:12.992306 - Epoch: 0 Iteration: 18  rank : 1  train.loss : 6.919875621795654  train.ips : 208.81219885830072 imgs/s
TCAPPDLL 2025-11-26 09:17:12.992376 - Epoch: 0 Iteration: 18  rank : 0  train.loss : 6.919875621795654  train.ips : 209.70994000561663 imgs/s
TCAPPDLL 2025-11-26 09:17:12.992571 - Epoch: 0 Iteration: 18  rank : 3  train.loss : 6.919875621795654  train.ips : 209.6588455644139 imgs/s
Train: 0 [  18/20018 (  0%)]  Loss: 6.92 (6.92)  Time: 0.188s,  339.59/s  (0.305s,  209.71/s)  LR: 1.000e-05  Data: 0.013 (0.116)
TCAPPDLL 2025-11-26 09:17:13.200409 - Epoch: 0 Iteration: 19  rank : 0  train.loss : 6.922037124633789  train.ips : 213.17649512262363 imgs/sTCAPPDLL 2025-11-26 09:17:13.200417 - Epoch: 0 Iteration: 19  rank : 1  train.loss : 6.922037124633789  train.ips : 212.28927378504167 imgs/sTCAPPDLL 2025-11-26 09:17:13.200402 - Epoch: 0 Iteration: 19  rank : 2  train.loss : 6.922037124633789  train.ips : 212.25625561260222 imgs/s


Train: 0 [  19/20018 (  0%)]  Loss: 6.92 (6.92)  Time: 0.206s,  310.79/s  (0.300s,  213.18/s)  LR: 1.000e-05  Data: 0.028 (0.112)
TCAPPDLL 2025-11-26 09:17:13.200793 - Epoch: 0 Iteration: 19  rank : 3  train.loss : 6.922037124633789  train.ips : 213.0691666972589 imgs/s
TCAPPDLL 2025-11-26 09:17:13.413981 - Epoch: 0 Iteration: 20  rank : 0  train.loss : 6.92157506942749  train.ips : 216.111977866898 imgs/sTCAPPDLL 2025-11-26 09:17:13.413988 - Epoch: 0 Iteration: 20  rank : 1  train.loss : 6.92157506942749  train.ips : 215.25270393534626 imgs/s

TCAPPDLL 2025-11-26 09:17:13.414047 - Epoch: 0 Iteration: 20  rank : 2  train.loss : 6.92157506942749  train.ips : 215.22142559290893 imgs/s
TCAPPDLL 2025-11-26 09:17:13.414298 - Epoch: 0 Iteration: 20  rank : 3  train.loss : 6.92157506942749  train.ips : 216.03181599114097 imgs/sTrain: 0 [  20/20018 (  0%)]  Loss: 6.92 (6.92)  Time: 0.215s,  298.25/s  (0.296s,  216.11/s)  LR: 1.000e-05  Data: 0.008 (0.107)

TCAPPDLL 2025-11-26 09:17:13.606879 - Epoch: 0 Iteration: 21  rank : 1  train.loss : 6.898166656494141  train.ips : 218.7573518032096 imgs/s
TCAPPDLL 2025-11-26 09:17:13.606932 - Epoch: 0 Iteration: 21  rank : 0  train.loss : 6.898166656494141  train.ips : 219.5534476859611 imgs/s
TCAPPDLL 2025-11-26 09:17:13.606992 - Epoch: 0 Iteration: 21  rank : 2  train.loss : 6.898166656494141  train.ips : 218.70802184080443 imgs/s
TCAPPDLL 2025-11-26 09:17:13.607214 - Epoch: 0 Iteration: 21  rank : 3  train.loss : 6.898166656494141  train.ips : 219.51161518698714 imgs/s
Train: 0 [  21/20018 (  0%)]  Loss: 6.90 (6.92)  Time: 0.194s,  329.86/s  (0.292s,  219.55/s)  LR: 1.000e-05  Data: 0.007 (0.102)
TCAPPDLL 2025-11-26 09:17:13.798016 - Epoch: 0 Iteration: 22  rank : 2  train.loss : 6.9136810302734375  train.ips : 222.14169632716218 imgs/s
TCAPPDLL 2025-11-26 09:17:13.798043 - Epoch: 0 Iteration: 22  rank : 3  train.loss : 6.9136810302734375  train.ips : 222.85155748447642 imgs/s
TCAPPDLL 2025-11-26 09:17:13.798248 - Epoch: 0 Iteration: 22  rank : 0  train.loss : 6.9136810302734375  train.ips : 222.87824210949285 imgs/s
TCAPPDLL 2025-11-26 09:17:13.798318 - Epoch: 0 Iteration: 22  rank : 1  train.loss : 6.9136810302734375  train.ips : 222.03121253300117 imgs/s
Train: 0 [  22/20018 (  0%)]  Loss: 6.91 (6.92)  Time: 0.191s,  334.23/s  (0.287s,  222.88/s)  LR: 1.000e-05  Data: 0.011 (0.098)
TCAPPDLL 2025-11-26 09:17:13.982060 - Epoch: 0 Iteration: 23  rank : 2  train.loss : 6.928800582885742  train.ips : 225.5804444898235 imgs/s
TCAPPDLL 2025-11-26 09:17:13.982120 - Epoch: 0 Iteration: 23  rank : 3  train.loss : 6.928800582885742  train.ips : 226.23942729541795 imgs/sTCAPPDLL 2025-11-26 09:17:13.982192 - Epoch: 0 Iteration: 23  rank : 1  train.loss : 6.928800582885742  train.ips : 225.44042555358075 imgs/s

TCAPPDLL 2025-11-26 09:17:13.982575 - Epoch: 0 Iteration: 23  rank : 0  train.loss : 6.928800582885742  train.ips : 226.26014935074699 imgs/s
Train: 0 [  23/20018 (  0%)]  Loss: 6.93 (6.92)  Time: 0.184s,  347.56/s  (0.283s,  226.26/s)  LR: 1.000e-05  Data: 0.026 (0.095)
TCAPPDLL 2025-11-26 09:17:14.191534 - Epoch: 0 Iteration: 24  rank : 2  train.loss : 6.926469802856445  train.ips : 227.96665183097585 imgs/s
TCAPPDLL 2025-11-26 09:17:14.191586 - Epoch: 0 Iteration: 24  rank : 1  train.loss : 6.926469802856445  train.ips : 227.8385149960071 imgs/s
TCAPPDLL 2025-11-26 09:17:14.191827 - Epoch: 0 Iteration: 24  rank : 0  train.loss : 6.926469802856445  train.ips : 228.63714588962836 imgs/s
Train: 0 [  24/20018 (  0%)]  Loss: 6.93 (6.92)  Time: 0.209s,  305.72/s  (0.280s,  228.64/s)  LR: 1.000e-05  Data: 0.007 (0.092)
TCAPPDLL 2025-11-26 09:17:14.192208 - Epoch: 0 Iteration: 24  rank : 3  train.loss : 6.926469802856445  train.ips : 228.706696775624 imgs/s
TCAPPDLL 2025-11-26 09:17:14.382322 - Epoch: 0 Iteration: 25  rank : 2  train.loss : 6.9160614013671875  train.ips : 230.80511442398972 imgs/s
TCAPPDLL 2025-11-26 09:17:14.382326 - Epoch: 0 Iteration: 25  rank : 0  train.loss : 6.9160614013671875  train.ips : 231.52007819106467 imgs/sTCAPPDLL 2025-11-26 09:17:14.382330 - Epoch: 0 Iteration: 25  rank : 3  train.loss : 6.9160614013671875  train.ips : 231.46928580044366 imgs/s

TCAPPDLL 2025-11-26 09:17:14.382590 - Epoch: 0 Iteration: 25  rank : 1  train.loss : 6.9160614013671875  train.ips : 230.65780599053392 imgs/s
Train: 0 [  25/20018 (  0%)]  Loss: 6.92 (6.92)  Time: 0.189s,  338.10/s  (0.276s,  231.52/s)  LR: 1.000e-05  Data: 0.009 (0.089)
TCAPPDLL 2025-11-26 09:17:14.600185 - Epoch: 0 Iteration: 26  rank : 2  train.loss : 6.934042453765869  train.ips : 232.73752753374254 imgs/s
TCAPPDLL 2025-11-26 09:17:14.600210 - Epoch: 0 Iteration: 26  rank : 3  train.loss : 6.934042453765869  train.ips : 233.39707459430923 imgs/sTCAPPDLL 2025-11-26 09:17:14.600207 - Epoch: 0 Iteration: 26  rank : 1  train.loss : 6.934042453765869  train.ips : 232.67532653646944 imgs/s

TCAPPDLL 2025-11-26 09:17:14.600596 - Epoch: 0 Iteration: 26  rank : 0  train.loss : 6.934042453765869  train.ips : 233.31369174881422 imgs/s
Train: 0 [  26/20018 (  0%)]  Loss: 6.93 (6.92)  Time: 0.219s,  292.16/s  (0.274s,  233.31/s)  LR: 1.000e-05  Data: 0.019 (0.086)
TCAPPDLL 2025-11-26 09:17:14.800469 - Epoch: 0 Iteration: 27  rank : 1  train.loss : 6.901951313018799  train.ips : 234.80909170231382 imgs/sTCAPPDLL 2025-11-26 09:17:14.800472 - Epoch: 0 Iteration: 27  rank : 0  train.loss : 6.901951313018799  train.ips : 235.6100013441588 imgs/s

TCAPPDLL 2025-11-26 09:17:14.800526 - Epoch: 0 Iteration: 27  rank : 2  train.loss : 6.901951313018799  train.ips : 234.7793278667637 imgs/s
TCAPPDLL 2025-11-26 09:17:14.800753 - Epoch: 0 Iteration: 27  rank : 3  train.loss : 6.901951313018799  train.ips : 235.54781570103418 imgs/s
Train: 0 [  27/20018 (  0%)]  Loss: 6.90 (6.92)  Time: 0.199s,  320.88/s  (0.272s,  235.61/s)  LR: 1.000e-05  Data: 0.027 (0.084)
TCAPPDLL 2025-11-26 09:17:15.013052 - Epoch: 0 Iteration: 28  rank : 2  train.loss : 6.927635669708252  train.ips : 236.58990061473153 imgs/sTCAPPDLL 2025-11-26 09:17:15.013060 - Epoch: 0 Iteration: 28  rank : 0  train.loss : 6.927635669708252  train.ips : 237.4048493712466 imgs/s

TCAPPDLL 2025-11-26 09:17:15.013138 - Epoch: 0 Iteration: 28  rank : 3  train.loss : 6.927635669708252  train.ips : 237.3500259298612 imgs/s
TCAPPDLL 2025-11-26 09:17:15.013393 - Epoch: 0 Iteration: 28  rank : 1  train.loss : 6.927635669708252  train.ips : 236.61754383575934 imgs/s
Train: 0 [  28/20018 (  0%)]  Loss: 6.93 (6.92)  Time: 0.212s,  301.77/s  (0.270s,  237.40/s)  LR: 1.000e-05  Data: 0.007 (0.081)
TCAPPDLL 2025-11-26 09:17:15.226757 - Epoch: 0 Iteration: 29  rank : 1  train.loss : 6.901284217834473  train.ips : 238.27094947396918 imgs/sTCAPPDLL 2025-11-26 09:17:15.226760 - Epoch: 0 Iteration: 29  rank : 0  train.loss : 6.901284217834473  train.ips : 239.04612179305082 imgs/s

TCAPPDLL 2025-11-26 09:17:15.226917 - Epoch: 0 Iteration: 29  rank : 2  train.loss : 6.901284217834473  train.ips : 238.24302821446113 imgs/s
Train: 0 [  29/20018 (  0%)]  Loss: 6.90 (6.92)  Time: 0.214s,  298.99/s  (0.268s,  239.05/s)  LR: 1.000e-05  Data: 0.009 (0.079)
TCAPPDLL 2025-11-26 09:17:15.227105 - Epoch: 0 Iteration: 29  rank : 3  train.loss : 6.901284217834473  train.ips : 238.9808013844574 imgs/s
TCAPPDLL 2025-11-26 09:17:15.426822 - Epoch: 0 Iteration: 30  rank : 0  train.loss : 6.907325744628906  train.ips : 241.0729107516791 imgs/sTCAPPDLL 2025-11-26 09:17:15.426810 - Epoch: 0 Iteration: 30  rank : 2  train.loss : 6.907325744628906  train.ips : 240.28988338915408 imgs/s

TCAPPDLL 2025-11-26 09:17:15.426847 - Epoch: 0 Iteration: 30  rank : 1  train.loss : 6.907325744628906  train.ips : 240.31443452562306 imgs/s
TCAPPDLL 2025-11-26 09:17:15.427112 - Epoch: 0 Iteration: 30  rank : 3  train.loss : 6.907325744628906  train.ips : 240.94518786676173 imgs/s
Train: 0 [  30/20018 (  0%)]  Loss: 6.91 (6.92)  Time: 0.198s,  323.31/s  (0.265s,  241.07/s)  LR: 1.000e-05  Data: 0.013 (0.077)
TCAPPDLL 2025-11-26 09:17:15.626197 - Epoch: 0 Iteration: 31  rank : 2  train.loss : 6.9276909828186035  train.ips : 242.12333783458797 imgs/sTCAPPDLL 2025-11-26 09:17:15.626282 - Epoch: 0 Iteration: 31  rank : 3  train.loss : 6.9276909828186035  train.ips : 242.84190037927445 imgs/s
TCAPPDLL 2025-11-26 09:17:15.626309 - Epoch: 0 Iteration: 31  rank : 0  train.loss : 6.9276909828186035  train.ips : 242.89420437573708 imgs/s

TCAPPDLL 2025-11-26 09:17:15.626533 - Epoch: 0 Iteration: 31  rank : 1  train.loss : 6.9276909828186035  train.ips : 242.13967043891574 imgs/s
Train: 0 [  31/20018 (  0%)]  Loss: 6.93 (6.92)  Time: 0.202s,  317.18/s  (0.263s,  242.89/s)  LR: 1.000e-05  Data: 0.017 (0.075)
TCAPPDLL 2025-11-26 09:17:15.831443 - Epoch: 0 Iteration: 32  rank : 2  train.loss : 6.91915225982666  train.ips : 243.77768315971116 imgs/sTCAPPDLL 2025-11-26 09:17:15.831453 - Epoch: 0 Iteration: 32  rank : 0  train.loss : 6.91915225982666  train.ips : 244.5330809375931 imgs/sTCAPPDLL 2025-11-26 09:17:15.831451 - Epoch: 0 Iteration: 32  rank : 1  train.loss : 6.91915225982666  train.ips : 243.79636142663077 imgs/s


TCAPPDLL 2025-11-26 09:17:15.831730 - Epoch: 0 Iteration: 32  rank : 3  train.loss : 6.91915225982666  train.ips : 244.4716148933128 imgs/s
Train: 0 [  32/20018 (  0%)]  Loss: 6.92 (6.92)  Time: 0.205s,  311.87/s  (0.262s,  244.53/s)  LR: 1.000e-05  Data: 0.009 (0.073)
TCAPPDLL 2025-11-26 09:17:16.037799 - Epoch: 0 Iteration: 33  rank : 1  train.loss : 6.925753593444824  train.ips : 245.3441284541383 imgs/sTCAPPDLL 2025-11-26 09:17:16.037813 - Epoch: 0 Iteration: 33  rank : 0  train.loss : 6.925753593444824  train.ips : 246.06771274229774 imgs/s

TCAPPDLL 2025-11-26 09:17:16.037822 - Epoch: 0 Iteration: 33  rank : 3  train.loss : 6.925753593444824  train.ips : 246.0205126231133 imgs/s
TCAPPDLL 2025-11-26 09:17:16.038076 - Epoch: 0 Iteration: 33  rank : 2  train.loss : 6.925753593444824  train.ips : 245.3154291990661 imgs/s
Train: 0 [  33/20018 (  0%)]  Loss: 6.93 (6.92)  Time: 0.206s,  310.34/s  (0.260s,  246.07/s)  LR: 1.000e-05  Data: 0.015 (0.071)
TCAPPDLL 2025-11-26 09:17:16.250469 - Epoch: 0 Iteration: 34  rank : 0  train.loss : 6.907563209533691  train.ips : 247.4249102432866 imgs/s
TCAPPDLL 2025-11-26 09:17:16.250487 - Epoch: 0 Iteration: 34  rank : 2  train.loss : 6.907563209533691  train.ips : 246.62253159686472 imgs/s
Train: 0 [  34/20018 (  0%)]  Loss: 6.91 (6.92)  Time: 0.210s,  304.53/s  (0.259s,  247.42/s)  LR: 1.000e-05  Data: 0.014 (0.070)
TCAPPDLL 2025-11-26 09:17:16.250708 - Epoch: 0 Iteration: 34  rank : 1  train.loss : 6.907563209533691  train.ips : 246.6365416411166 imgs/s
TCAPPDLL 2025-11-26 09:17:16.250832 - Epoch: 0 Iteration: 34  rank : 3  train.loss : 6.907563209533691  train.ips : 247.29570746460385 imgs/s
TCAPPDLL 2025-11-26 09:17:16.474696 - Epoch: 0 Iteration: 35  rank : 0  train.loss : 6.901963233947754  train.ips : 248.28802745565568 imgs/sTCAPPDLL 2025-11-26 09:17:16.474690 - Epoch: 0 Iteration: 35  rank : 2  train.loss : 6.901963233947754  train.ips : 247.5716508363496 imgs/sTCAPPDLL 2025-11-26 09:17:16.474708 - Epoch: 0 Iteration: 35  rank : 3  train.loss : 6.901963233947754  train.ips : 248.23966945205834 imgs/s


Train: 0 [  35/20018 (  0%)]  Loss: 6.90 (6.92)  Time: 0.226s,  282.82/s  (0.258s,  248.29/s)  LR: 1.000e-05  Data: 0.010 (0.068)
TCAPPDLL 2025-11-26 09:17:16.475053 - Epoch: 0 Iteration: 35  rank : 1  train.loss : 6.901963233947754  train.ips : 247.58080338049294 imgs/s
TCAPPDLL 2025-11-26 09:17:16.675047 - Epoch: 0 Iteration: 36  rank : 0  train.loss : 6.936081886291504  train.ips : 249.78164149756844 imgs/sTCAPPDLL 2025-11-26 09:17:16.675066 - Epoch: 0 Iteration: 36  rank : 1  train.loss : 6.936081886291504  train.ips : 249.11381172545336 imgs/sTCAPPDLL 2025-11-26 09:17:16.675098 - Epoch: 0 Iteration: 36  rank : 2  train.loss : 6.936081886291504  train.ips : 249.0982921961283 imgs/s


TCAPPDLL 2025-11-26 09:17:16.675404 - Epoch: 0 Iteration: 36  rank : 3  train.loss : 6.936081886291504  train.ips : 249.72277669591773 imgs/s
Train: 0 [  36/20018 (  0%)]  Loss: 6.94 (6.92)  Time: 0.201s,  318.83/s  (0.256s,  249.78/s)  LR: 1.000e-05  Data: 0.015 (0.067)
TCAPPDLL 2025-11-26 09:17:16.872026 - Epoch: 0 Iteration: 37  rank : 0  train.loss : 6.928293228149414  train.ips : 251.34913224273868 imgs/sTCAPPDLL 2025-11-26 09:17:16.872043 - Epoch: 0 Iteration: 37  rank : 1  train.loss : 6.928293228149414  train.ips : 250.69836831399672 imgs/s
TCAPPDLL 2025-11-26 09:17:16.872071 - Epoch: 0 Iteration: 37  rank : 2  train.loss : 6.928293228149414  train.ips : 250.67946655814302 imgs/s

Train: 0 [  37/20018 (  0%)]  Loss: 6.93 (6.92)  Time: 0.196s,  327.36/s  (0.255s,  251.35/s)  LR: 1.000e-05  Data: 0.011 (0.065)
TCAPPDLL 2025-11-26 09:17:16.872721 - Epoch: 0 Iteration: 37  rank : 3  train.loss : 6.928293228149414  train.ips : 251.25623415785128 imgs/s
TCAPPDLL 2025-11-26 09:17:17.079788 - Epoch: 0 Iteration: 38  rank : 2  train.loss : 6.8873610496521  train.ips : 251.88551824068946 imgs/s
TCAPPDLL 2025-11-26 09:17:17.079836 - Epoch: 0 Iteration: 38  rank : 0  train.loss : 6.8873610496521  train.ips : 252.47517927841227 imgs/s
TCAPPDLL 2025-11-26 09:17:17.080024 - Epoch: 0 Iteration: 38  rank : 3  train.loss : 6.8873610496521  train.ips : 252.44956013805003 imgs/sTCAPPDLL 2025-11-26 09:17:17.080085 - Epoch: 0 Iteration: 38  rank : 1  train.loss : 6.8873610496521  train.ips : 251.82568592063103 imgs/s

Train: 0 [  38/20018 (  0%)]  Loss: 6.89 (6.92)  Time: 0.210s,  304.28/s  (0.253s,  252.48/s)  LR: 1.000e-05  Data: 0.014 (0.064)
TCAPPDLL 2025-11-26 09:17:17.271762 - Epoch: 0 Iteration: 39  rank : 2  train.loss : 6.921932697296143  train.ips : 253.437876811 imgs/s
TCAPPDLL 2025-11-26 09:17:17.271784 - Epoch: 0 Iteration: 39  rank : 0  train.loss : 6.921932697296143  train.ips : 254.02237864888923 imgs/s
TCAPPDLL 2025-11-26 09:17:17.271811 - Epoch: 0 Iteration: 39  rank : 1  train.loss : 6.921932697296143  train.ips : 253.38758452973894 imgs/s
Train: 0 [  39/20018 (  0%)]  Loss: 6.92 (6.92)  Time: 0.192s,  333.80/s  (0.252s,  254.02/s)  LR: 1.000e-05  Data: 0.014 (0.063)
TCAPPDLL 2025-11-26 09:17:17.272315 - Epoch: 0 Iteration: 39  rank : 3  train.loss : 6.921932697296143  train.ips : 253.98717941015104 imgs/s
TCAPPDLL 2025-11-26 09:17:17.472936 - Epoch: 0 Iteration: 40  rank : 1  train.loss : 6.928133010864258  train.ips : 254.6478288010847 imgs/sTCAPPDLL 2025-11-26 09:17:17.472943 - Epoch: 0 Iteration: 40  rank : 2  train.loss : 6.928133010864258  train.ips : 254.62718521660162 imgs/s

TCAPPDLL 2025-11-26 09:17:17.473011 - Epoch: 0 Iteration: 40  rank : 0  train.loss : 6.928133010864258  train.ips : 255.26966170196988 imgs/s
TCAPPDLL 2025-11-26 09:17:17.473223 - Epoch: 0 Iteration: 40  rank : 3  train.loss : 6.928133010864258  train.ips : 255.23996089577201 imgs/s
Train: 0 [  40/20018 (  0%)]  Loss: 6.93 (6.92)  Time: 0.201s,  317.66/s  (0.251s,  255.27/s)  LR: 1.000e-05  Data: 0.015 (0.061)
TCAPPDLL 2025-11-26 09:17:17.688608 - Epoch: 0 Iteration: 41  rank : 0  train.loss : 6.897162437438965  train.ips : 256.1571485846488 imgs/s
TCAPPDLL 2025-11-26 09:17:17.688643 - Epoch: 0 Iteration: 41  rank : 1  train.loss : 6.897162437438965  train.ips : 255.53939862473285 imgs/s
Train: 0 [  41/20018 (  0%)]  Loss: 6.90 (6.92)  Time: 0.214s,  298.74/s  (0.250s,  256.16/s)  LR: 1.000e-05  Data: 0.016 (0.060)
TCAPPDLL 2025-11-26 09:17:17.688950 - Epoch: 0 Iteration: 41  rank : 3  train.loss : 6.897162437438965  train.ips : 256.0998633919223 imgs/s
TCAPPDLL 2025-11-26 09:17:17.689110 - Epoch: 0 Iteration: 41  rank : 2  train.loss : 6.897162437438965  train.ips : 255.52024600388734 imgs/s
TCAPPDLL 2025-11-26 09:17:17.931401 - Epoch: 0 Iteration: 42  rank : 2  train.loss : 6.875167369842529  train.ips : 255.78506433093557 imgs/s
TCAPPDLL 2025-11-26 09:17:17.931438 - Epoch: 0 Iteration: 42  rank : 1  train.loss : 6.875167369842529  train.ips : 255.7372283480414 imgs/s
TCAPPDLL 2025-11-26 09:17:17.931425 - Epoch: 0 Iteration: 42  rank : 0  train.loss : 6.875167369842529  train.ips : 256.3740809859357 imgs/s
TCAPPDLL 2025-11-26 09:17:17.931843 - Epoch: 0 Iteration: 42  rank : 3  train.loss : 6.875167369842529  train.ips : 256.27573271341976 imgs/s
Train: 0 [  42/20018 (  0%)]  Loss: 6.88 (6.92)  Time: 0.241s,  265.83/s  (0.250s,  256.37/s)  LR: 1.000e-05  Data: 0.014 (0.059)
TCAPPDLL 2025-11-26 09:17:18.141651 - Epoch: 0 Iteration: 43  rank : 0  train.loss : 6.923476219177246  train.ips : 257.247779310489 imgs/sTCAPPDLL 2025-11-26 09:17:18.141660 - Epoch: 0 Iteration: 43  rank : 2  train.loss : 6.923476219177246  train.ips : 256.6372747129101 imgs/sTCAPPDLL 2025-11-26 09:17:18.141653 - Epoch: 0 Iteration: 43  rank : 1  train.loss : 6.923476219177246  train.ips : 256.65275548342555 imgs/s


Train: 0 [  43/20018 (  0%)]  Loss: 6.92 (6.92)  Time: 0.212s,  301.42/s  (0.249s,  257.25/s)  LR: 1.000e-05  Data: 0.014 (0.058)
TCAPPDLL 2025-11-26 09:17:18.142022 - Epoch: 0 Iteration: 43  rank : 3  train.loss : 6.923476219177246  train.ips : 257.19208761475636 imgs/s
TCAPPDLL 2025-11-26 09:17:18.328911 - Epoch: 0 Iteration: 44  rank : 3  train.loss : 6.898938179016113  train.ips : 258.62587429124125 imgs/sTCAPPDLL 2025-11-26 09:17:18.328938 - Epoch: 0 Iteration: 44  rank : 2  train.loss : 6.898938179016113  train.ips : 258.0576228213295 imgs/s
TCAPPDLL 2025-11-26 09:17:18.329024 - Epoch: 0 Iteration: 44  rank : 1  train.loss : 6.898938179016113  train.ips : 258.07639013560555 imgs/s

TCAPPDLL 2025-11-26 09:17:18.329268 - Epoch: 0 Iteration: 44  rank : 0  train.loss : 6.898938179016113  train.ips : 258.63454032637173 imgs/s
Train: 0 [  44/20018 (  0%)]  Loss: 6.90 (6.92)  Time: 0.189s,  339.06/s  (0.247s,  258.63/s)  LR: 1.000e-05  Data: 0.014 (0.057)
TCAPPDLL 2025-11-26 09:17:18.521324 - Epoch: 0 Iteration: 45  rank : 1  train.loss : 6.927528381347656  train.ips : 259.3178733954852 imgs/s
TCAPPDLL 2025-11-26 09:17:18.521531 - Epoch: 0 Iteration: 45  rank : 0  train.loss : 6.927528381347656  train.ips : 259.89077829094924 imgs/s
TCAPPDLL 2025-11-26 09:17:18.521595 - Epoch: 0 Iteration: 45  rank : 2  train.loss : 6.927528381347656  train.ips : 259.29636944205413 imgs/sTCAPPDLL 2025-11-26 09:17:18.521587 - Epoch: 0 Iteration: 45  rank : 3  train.loss : 6.927528381347656  train.ips : 259.86374856768043 imgs/s

Train: 0 [  45/20018 (  0%)]  Loss: 6.93 (6.92)  Time: 0.192s,  332.59/s  (0.246s,  259.89/s)  LR: 1.000e-05  Data: 0.014 (0.056)
TCAPPDLL 2025-11-26 09:17:18.729485 - Epoch: 0 Iteration: 46  rank : 2  train.loss : 6.91219425201416  train.ips : 260.16935524515105 imgs/sTCAPPDLL 2025-11-26 09:17:18.729490 - Epoch: 0 Iteration: 46  rank : 0  train.loss : 6.91219425201416  train.ips : 260.75653661736084 imgs/s

TCAPPDLL 2025-11-26 09:17:18.729599 - Epoch: 0 Iteration: 46  rank : 3  train.loss : 6.91219425201416  train.ips : 260.7287900444963 imgs/s
Train: 0 [  46/20018 (  0%)]  Loss: 6.91 (6.92)  Time: 0.208s,  307.95/s  (0.245s,  260.76/s)  LR: 1.000e-05  Data: 0.014 (0.055)
TCAPPDLL 2025-11-26 09:17:18.729853 - Epoch: 0 Iteration: 46  rank : 1  train.loss : 6.91219425201416  train.ips : 260.18160961827965 imgs/s
TCAPPDLL 2025-11-26 09:17:18.915843 - Epoch: 0 Iteration: 47  rank : 2  train.loss : 6.915453910827637  train.ips : 261.5430607591383 imgs/sTCAPPDLL 2025-11-26 09:17:18.915865 - Epoch: 0 Iteration: 47  rank : 0  train.loss : 6.915453910827637  train.ips : 262.1107242244637 imgs/s

TCAPPDLL 2025-11-26 09:17:18.915875 - Epoch: 0 Iteration: 47  rank : 3  train.loss : 6.915453910827637  train.ips : 262.09412682356407 imgs/s
TCAPPDLL 2025-11-26 09:17:18.916112 - Epoch: 0 Iteration: 47  rank : 1  train.loss : 6.915453910827637  train.ips : 261.4988927867889 imgs/s
Train: 0 [  47/20018 (  0%)]  Loss: 6.92 (6.92)  Time: 0.185s,  346.75/s  (0.244s,  262.11/s)  LR: 1.000e-05  Data: 0.012 (0.054)
TCAPPDLL 2025-11-26 09:17:19.123403 - Epoch: 0 Iteration: 48  rank : 1  train.loss : 6.93421745300293  train.ips : 262.36264948483057 imgs/sTCAPPDLL 2025-11-26 09:17:19.123419 - Epoch: 0 Iteration: 48  rank : 0  train.loss : 6.93421745300293  train.ips : 262.914020125709 imgs/sTCAPPDLL 2025-11-26 09:17:19.123410 - Epoch: 0 Iteration: 48  rank : 2  train.loss : 6.93421745300293  train.ips : 262.34307351171793 imgs/s


Train: 0 [  48/20018 (  0%)]  Loss: 6.93 (6.92)  Time: 0.208s,  308.26/s  (0.243s,  262.91/s)  LR: 1.000e-05  Data: 0.016 (0.054)
TCAPPDLL 2025-11-26 09:17:19.123752 - Epoch: 0 Iteration: 48  rank : 3  train.loss : 6.93421745300293  train.ips : 262.8524327774592 imgs/s
TCAPPDLL 2025-11-26 09:17:19.321677 - Epoch: 0 Iteration: 49  rank : 1  train.loss : 6.918113708496094  train.ips : 263.31913880117924 imgs/sTCAPPDLL 2025-11-26 09:17:19.321678 - Epoch: 0 Iteration: 49  rank : 2  train.loss : 6.918113708496094  train.ips : 263.2927586478285 imgs/s

TCAPPDLL 2025-11-26 09:17:19.321812 - Epoch: 0 Iteration: 49  rank : 0  train.loss : 6.918113708496094  train.ips : 263.8479371929843 imgs/s
TCAPPDLL 2025-11-26 09:17:19.321942 - Epoch: 0 Iteration: 49  rank : 3  train.loss : 6.918113708496094  train.ips : 263.8249669603857 imgs/s
Train: 0 [  49/20018 (  0%)]  Loss: 6.92 (6.92)  Time: 0.200s,  319.45/s  (0.243s,  263.85/s)  LR: 1.000e-05  Data: 0.014 (0.053)
TCAPPDLL 2025-11-26 09:17:19.508909 - Epoch: 0 Iteration: 50  rank : 1  train.loss : 6.925149440765381  train.ips : 264.49679787929733 imgs/s
TCAPPDLL 2025-11-26 09:17:19.509055 - Epoch: 0 Iteration: 50  rank : 2  train.loss : 6.925149440765381  train.ips : 264.47699255171483 imgs/s
TCAPPDLL 2025-11-26 09:17:19.509234 - Epoch: 0 Iteration: 50  rank : 0  train.loss : 6.925149440765381  train.ips : 265.03748831452197 imgs/s
TCAPPDLL 2025-11-26 09:17:19.509303 - Epoch: 0 Iteration: 50  rank : 3  train.loss : 6.925149440765381  train.ips : 265.01178434695026 imgs/s
Train: 0 [  50/20018 (  0%)]  Loss: 6.93 (6.92)  Time: 0.187s,  342.17/s  (0.241s,  265.04/s)  LR: 1.000e-05  Data: 0.014 (0.052)
TCAPPDLL 2025-11-26 09:17:19.706876 - Epoch: 0 Iteration: 51  rank : 0  train.loss : 6.914371490478516  train.ips : 265.97112610521884 imgs/sTCAPPDLL 2025-11-26 09:17:19.706851 - Epoch: 0 Iteration: 51  rank : 3  train.loss : 6.914371490478516  train.ips : 265.943184786648 imgs/sTCAPPDLL 2025-11-26 09:17:19.706877 - Epoch: 0 Iteration: 51  rank : 1  train.loss : 6.914371490478516  train.ips : 265.459562415474 imgs/s


TCAPPDLL 2025-11-26 09:17:19.707226 - Epoch: 0 Iteration: 51  rank : 2  train.loss : 6.914371490478516  train.ips : 265.4015488179433 imgs/s
Train: 0 [  51/20018 (  0%)]  Loss: 6.91 (6.92)  Time: 0.197s,  324.22/s  (0.241s,  265.97/s)  LR: 1.000e-05  Data: 0.015 (0.051)
TCAPPDLL 2025-11-26 09:17:19.900604 - Epoch: 0 Iteration: 52  rank : 1  train.loss : 6.909765243530273  train.ips : 266.43524617369224 imgs/s
TCAPPDLL 2025-11-26 09:17:19.900684 - Epoch: 0 Iteration: 52  rank : 2  train.loss : 6.909765243530273  train.ips : 266.4160075823742 imgs/s
TCAPPDLL 2025-11-26 09:17:19.900657 - Epoch: 0 Iteration: 52  rank : 0  train.loss : 6.909765243530273  train.ips : 266.9531607982769 imgs/s
TCAPPDLL 2025-11-26 09:17:19.901154 - Epoch: 0 Iteration: 52  rank : 3  train.loss : 6.909765243530273  train.ips : 266.9142161956724 imgs/s
Train: 0 [  52/20018 (  0%)]  Loss: 6.91 (6.92)  Time: 0.194s,  330.39/s  (0.240s,  266.95/s)  LR: 1.000e-05  Data: 0.013 (0.051)
TCAPPDLL 2025-11-26 09:17:20.114609 - Epoch: 0 Iteration: 53  rank : 2  train.loss : 6.93300724029541  train.ips : 267.0064670557031 imgs/s
TCAPPDLL 2025-11-26 09:17:20.114649 - Epoch: 0 Iteration: 53  rank : 0  train.loss : 6.93300724029541  train.ips : 267.48459285317244 imgs/sTCAPPDLL 2025-11-26 09:17:20.114647 - Epoch: 0 Iteration: 53  rank : 1  train.loss : 6.93300724029541  train.ips : 266.9656568012469 imgs/s

Train: 0 [  53/20018 (  0%)]  Loss: 6.93 (6.92)  Time: 0.214s,  299.04/s  (0.239s,  267.48/s)  LR: 1.000e-05  Data: 0.015 (0.050)
TCAPPDLL 2025-11-26 09:17:20.114995 - Epoch: 0 Iteration: 53  rank : 3  train.loss : 6.93300724029541  train.ips : 267.44938004132024 imgs/s
TCAPPDLL 2025-11-26 09:17:20.307880 - Epoch: 0 Iteration: 54  rank : 2  train.loss : 6.921640872955322  train.ips : 267.9599002570166 imgs/s
TCAPPDLL 2025-11-26 09:17:20.307946 - Epoch: 0 Iteration: 54  rank : 0  train.loss : 6.921640872955322  train.ips : 268.4331133110111 imgs/sTCAPPDLL 2025-11-26 09:17:20.307938 - Epoch: 0 Iteration: 54  rank : 1  train.loss : 6.921640872955322  train.ips : 267.92190815775064 imgs/s

TCAPPDLL 2025-11-26 09:17:20.308205 - Epoch: 0 Iteration: 54  rank : 3  train.loss : 6.921640872955322  train.ips : 268.39217654156823 imgs/s
Train: 0 [  54/20018 (  0%)]  Loss: 6.92 (6.92)  Time: 0.193s,  332.01/s  (0.238s,  268.43/s)  LR: 1.000e-05  Data: 0.015 (0.049)
TCAPPDLL 2025-11-26 09:17:20.496777 - Epoch: 0 Iteration: 55  rank : 2  train.loss : 6.901294708251953  train.ips : 268.95293585678144 imgs/s
TCAPPDLL 2025-11-26 09:17:20.496805 - Epoch: 0 Iteration: 55  rank : 3  train.loss : 6.901294708251953  train.ips : 269.3932258875233 imgs/sTCAPPDLL 2025-11-26 09:17:20.496828 - Epoch: 0 Iteration: 55  rank : 1  train.loss : 6.901294708251953  train.ips : 268.9086535973472 imgs/s

TCAPPDLL 2025-11-26 09:17:20.497139 - Epoch: 0 Iteration: 55  rank : 0  train.loss : 6.901294708251953  train.ips : 269.4073478180993 imgs/s
Train: 0 [  55/20018 (  0%)]  Loss: 6.90 (6.92)  Time: 0.190s,  336.60/s  (0.238s,  269.41/s)  LR: 1.000e-05  Data: 0.015 (0.049)
TCAPPDLL 2025-11-26 09:17:20.704634 - Epoch: 0 Iteration: 56  rank : 0  train.loss : 6.924287796020508  train.ips : 270.00995986826126 imgs/s
TCAPPDLL 2025-11-26 09:17:20.704697 - Epoch: 0 Iteration: 56  rank : 2  train.loss : 6.924287796020508  train.ips : 269.48505300336865 imgs/s
TCAPPDLL 2025-11-26 09:17:20.704919 - Epoch: 0 Iteration: 56  rank : 3  train.loss : 6.924287796020508  train.ips : 269.97926374076604 imgs/sTrain: 0 [  56/20018 (  0%)]  Loss: 6.92 (6.92)  Time: 0.207s,  308.67/s  (0.237s,  270.01/s)  LR: 1.000e-05  Data: 0.015 (0.048)
TCAPPDLL 2025-11-26 09:17:20.704862 - Epoch: 0 Iteration: 56  rank : 1  train.loss : 6.924287796020508  train.ips : 269.50273885516697 imgs/s

TCAPPDLL 2025-11-26 09:17:20.903849 - Epoch: 0 Iteration: 57  rank : 1  train.loss : 6.918827533721924  train.ips : 270.28485214026784 imgs/sTCAPPDLL 2025-11-26 09:17:20.903857 - Epoch: 0 Iteration: 57  rank : 0  train.loss : 6.918827533721924  train.ips : 270.75570636207345 imgs/sTCAPPDLL 2025-11-26 09:17:20.903853 - Epoch: 0 Iteration: 57  rank : 2  train.loss : 6.918827533721924  train.ips : 270.243895533266 imgs/s


Train: 0 [  57/20018 (  0%)]  Loss: 6.92 (6.92)  Time: 0.199s,  321.34/s  (0.236s,  270.76/s)  LR: 1.000e-05  Data: 0.014 (0.048)
TCAPPDLL 2025-11-26 09:17:20.904187 - Epoch: 0 Iteration: 57  rank : 3  train.loss : 6.918827533721924  train.ips : 270.72644116679595 imgs/s
TCAPPDLL 2025-11-26 09:17:21.093926 - Epoch: 0 Iteration: 58  rank : 2  train.loss : 6.899555206298828  train.ips : 271.23084382485195 imgs/s
TCAPPDLL 2025-11-26 09:17:21.093956 - Epoch: 0 Iteration: 58  rank : 0  train.loss : 6.899555206298828  train.ips : 271.6865074009767 imgs/sTCAPPDLL 2025-11-26 09:17:21.093956 - Epoch: 0 Iteration: 58  rank : 1  train.loss : 6.899555206298828  train.ips : 271.19458046865145 imgs/s

TCAPPDLL 2025-11-26 09:17:21.094216 - Epoch: 0 Iteration: 58  rank : 3  train.loss : 6.899555206298828  train.ips : 271.62239697999684 imgs/s
Train: 0 [  58/20018 (  0%)]  Loss: 6.90 (6.92)  Time: 0.189s,  339.35/s  (0.236s,  271.69/s)  LR: 1.000e-05  Data: 0.013 (0.047)
TCAPPDLL 2025-11-26 09:17:21.301017 - Epoch: 0 Iteration: 59  rank : 2  train.loss : 6.899988651275635  train.ips : 271.76676851906046 imgs/sTCAPPDLL 2025-11-26 09:17:21.301034 - Epoch: 0 Iteration: 59  rank : 1  train.loss : 6.899988651275635  train.ips : 271.7857177751567 imgs/sTCAPPDLL 2025-11-26 09:17:21.301041 - Epoch: 0 Iteration: 59  rank : 0  train.loss : 6.899988651275635  train.ips : 272.26723157247113 imgs/s


TCAPPDLL 2025-11-26 09:17:21.301319 - Epoch: 0 Iteration: 59  rank : 3  train.loss : 6.899988651275635  train.ips : 272.1752666425385 imgs/s
Train: 0 [  59/20018 (  0%)]  Loss: 6.90 (6.92)  Time: 0.205s,  311.56/s  (0.235s,  272.27/s)  LR: 1.000e-05  Data: 0.014 (0.046)
TCAPPDLL 2025-11-26 09:17:21.512322 - Epoch: 0 Iteration: 60  rank : 2  train.loss : 6.909508228302002  train.ips : 272.20761542372355 imgs/s
TCAPPDLL 2025-11-26 09:17:21.512348 - Epoch: 0 Iteration: 60  rank : 0  train.loss : 6.909508228302002  train.ips : 272.6498630386977 imgs/s
TCAPPDLL 2025-11-26 09:17:21.512362 - Epoch: 0 Iteration: 60  rank : 3  train.loss : 6.909508228302002  train.ips : 272.6355496645095 imgs/s
TCAPPDLL 2025-11-26 09:17:21.512684 - Epoch: 0 Iteration: 60  rank : 1  train.loss : 6.909508228302002  train.ips : 272.1684696501615 imgs/sTrain: 0 [  60/20018 (  0%)]  Loss: 6.91 (6.92)  Time: 0.215s,  297.76/s  (0.235s,  272.65/s)  LR: 1.000e-05  Data: 0.015 (0.046)

TCAPPDLL 2025-11-26 09:17:21.721016 - Epoch: 0 Iteration: 61  rank : 2  train.loss : 6.905058860778809  train.ips : 272.7492314495187 imgs/s
TCAPPDLL 2025-11-26 09:17:21.721043 - Epoch: 0 Iteration: 61  rank : 0  train.loss : 6.905058860778809  train.ips : 273.1916566474769 imgs/sTCAPPDLL 2025-11-26 09:17:21.721078 - Epoch: 0 Iteration: 61  rank : 1  train.loss : 6.905058860778809  train.ips : 272.7129364146856 imgs/s

Train: 0 [  61/20018 (  0%)]  Loss: 6.91 (6.92)  Time: 0.206s,  310.87/s  (0.234s,  273.19/s)  LR: 1.000e-05  Data: 0.013 (0.045)
TCAPPDLL 2025-11-26 09:17:21.721546 - Epoch: 0 Iteration: 61  rank : 3  train.loss : 6.905058860778809  train.ips : 273.1214850169555 imgs/s
TCAPPDLL 2025-11-26 09:17:21.915057 - Epoch: 0 Iteration: 62  rank : 2  train.loss : 6.9198713302612305  train.ips : 273.47368337304215 imgs/s
TCAPPDLL 2025-11-26 09:17:21.915114 - Epoch: 0 Iteration: 62  rank : 0  train.loss : 6.9198713302612305  train.ips : 273.9039882546452 imgs/s
TCAPPDLL 2025-11-26 09:17:21.915179 - Epoch: 0 Iteration: 62  rank : 1  train.loss : 6.9198713302612305  train.ips : 273.43629772706066 imgs/s
TCAPPDLL 2025-11-26 09:17:21.915377 - Epoch: 0 Iteration: 62  rank : 3  train.loss : 6.9198713302612305  train.ips : 273.86368195783075 imgs/s
Train: 0 [  62/20018 (  0%)]  Loss: 6.92 (6.92)  Time: 0.196s,  326.72/s  (0.234s,  273.90/s)  LR: 1.000e-05  Data: 0.013 (0.045)
TCAPPDLL 2025-11-26 09:17:22.123248 - Epoch: 0 Iteration: 63  rank : 2  train.loss : 6.906754970550537  train.ips : 273.93858250214345 imgs/s
TCAPPDLL 2025-11-26 09:17:22.123287 - Epoch: 0 Iteration: 63  rank : 0  train.loss : 6.906754970550537  train.ips : 274.3667945298063 imgs/sTCAPPDLL 2025-11-26 09:17:22.123287 - Epoch: 0 Iteration: 63  rank : 1  train.loss : 6.906754970550537  train.ips : 273.908328434275 imgs/s

TCAPPDLL 2025-11-26 09:17:22.123568 - Epoch: 0 Iteration: 63  rank : 3  train.loss : 6.906754970550537  train.ips : 274.33313401181425 imgs/s
Train: 0 [  63/20018 (  0%)]  Loss: 6.91 (6.92)  Time: 0.208s,  307.05/s  (0.233s,  274.37/s)  LR: 1.000e-05  Data: 0.021 (0.045)
TCAPPDLL 2025-11-26 09:17:22.319435 - Epoch: 0 Iteration: 64  rank : 2  train.loss : 6.90783166885376  train.ips : 274.6222517104766 imgs/s
TCAPPDLL 2025-11-26 09:17:22.319469 - Epoch: 0 Iteration: 64  rank : 0  train.loss : 6.90783166885376  train.ips : 275.0478301055055 imgs/sTCAPPDLL 2025-11-26 09:17:22.319483 - Epoch: 0 Iteration: 64  rank : 1  train.loss : 6.90783166885376  train.ips : 274.5903565984848 imgs/s

TCAPPDLL 2025-11-26 09:17:22.319747 - Epoch: 0 Iteration: 64  rank : 3  train.loss : 6.90783166885376  train.ips : 275.0032529189822 imgs/s
Train: 0 [  64/20018 (  0%)]  Loss: 6.91 (6.92)  Time: 0.196s,  326.99/s  (0.233s,  275.05/s)  LR: 1.000e-05  Data: 0.008 (0.044)
TCAPPDLL 2025-11-26 09:17:22.492750 - Epoch: 0 Iteration: 65  rank : 2  train.loss : 6.920963764190674  train.ips : 275.6700317150444 imgs/s
TCAPPDLL 2025-11-26 09:17:22.492783 - Epoch: 0 Iteration: 65  rank : 1  train.loss : 6.920963764190674  train.ips : 275.6463134421347 imgs/sTCAPPDLL 2025-11-26 09:17:22.492783 - Epoch: 0 Iteration: 65  rank : 0  train.loss : 6.920963764190674  train.ips : 276.0936152013574 imgs/s

TCAPPDLL 2025-11-26 09:17:22.493059 - Epoch: 0 Iteration: 65  rank : 3  train.loss : 6.920963764190674  train.ips : 276.06944972709675 imgs/sTrain: 0 [  65/20018 (  0%)]  Loss: 6.92 (6.92)  Time: 0.175s,  366.73/s  (0.232s,  276.09/s)  LR: 1.000e-05  Data: 0.015 (0.043)

TCAPPDLL 2025-11-26 09:17:22.697730 - Epoch: 0 Iteration: 66  rank : 2  train.loss : 6.902655124664307  train.ips : 276.1615875157816 imgs/s
TCAPPDLL 2025-11-26 09:17:22.697770 - Epoch: 0 Iteration: 66  rank : 1  train.loss : 6.902655124664307  train.ips : 276.1266040020203 imgs/sTCAPPDLL 2025-11-26 09:17:22.697776 - Epoch: 0 Iteration: 66  rank : 3  train.loss : 6.902655124664307  train.ips : 276.5604426904466 imgs/s

TCAPPDLL 2025-11-26 09:17:22.698046 - Epoch: 0 Iteration: 66  rank : 0  train.loss : 6.902655124664307  train.ips : 276.5665794825369 imgs/s
Train: 0 [  66/20018 (  0%)]  Loss: 6.90 (6.92)  Time: 0.205s,  311.82/s  (0.231s,  276.57/s)  LR: 1.000e-05  Data: 0.015 (0.043)
TCAPPDLL 2025-11-26 09:17:22.885894 - Epoch: 0 Iteration: 67  rank : 0  train.loss : 6.926700592041016  train.ips : 277.3334341361219 imgs/s
TCAPPDLL 2025-11-26 09:17:22.886005 - Epoch: 0 Iteration: 67  rank : 2  train.loss : 6.926700592041016  train.ips : 276.8708265410384 imgs/s
TCAPPDLL 2025-11-26 09:17:22.886110 - Epoch: 0 Iteration: 67  rank : 1  train.loss : 6.926700592041016  train.ips : 276.8846144406519 imgs/sTCAPPDLL 2025-11-26 09:17:22.886069 - Epoch: 0 Iteration: 67  rank : 3  train.loss : 6.926700592041016  train.ips : 277.3182448574479 imgs/s

Train: 0 [  67/20018 (  0%)]  Loss: 6.93 (6.92)  Time: 0.188s,  340.61/s  (0.231s,  277.33/s)  LR: 1.000e-05  Data: 0.015 (0.043)
TCAPPDLL 2025-11-26 09:17:23.086997 - Epoch: 0 Iteration: 68  rank : 1  train.loss : 6.951422691345215  train.ips : 277.41404187515667 imgs/sTCAPPDLL 2025-11-26 09:17:23.086997 - Epoch: 0 Iteration: 68  rank : 2  train.loss : 6.951422691345215  train.ips : 277.3990016985816 imgs/sTCAPPDLL 2025-11-26 09:17:23.087011 - Epoch: 0 Iteration: 68  rank : 3  train.loss : 6.951422691345215  train.ips : 277.84475312606065 imgs/s


TCAPPDLL 2025-11-26 09:17:23.087269 - Epoch: 0 Iteration: 68  rank : 0  train.loss : 6.951422691345215  train.ips : 277.85253061185546 imgs/s
Train: 0 [  68/20018 (  0%)]  Loss: 6.95 (6.92)  Time: 0.201s,  318.37/s  (0.230s,  277.85/s)  LR: 1.000e-05  Data: 0.015 (0.042)
TCAPPDLL 2025-11-26 09:17:23.274631 - Epoch: 0 Iteration: 69  rank : 2  train.loss : 6.9398512840271  train.ips : 278.1489744870363 imgs/s
TCAPPDLL 2025-11-26 09:17:23.274686 - Epoch: 0 Iteration: 69  rank : 3  train.loss : 6.9398512840271  train.ips : 278.58088635433734 imgs/s
TCAPPDLL 2025-11-26 09:17:23.274862 - Epoch: 0 Iteration: 69  rank : 0  train.loss : 6.9398512840271  train.ips : 278.5848967774544 imgs/s
TCAPPDLL 2025-11-26 09:17:23.274986 - Epoch: 0 Iteration: 69  rank : 1  train.loss : 6.9398512840271  train.ips : 278.1597541077546 imgs/s
Train: 0 [  69/20018 (  0%)]  Loss: 6.94 (6.92)  Time: 0.188s,  340.51/s  (0.230s,  278.58/s)  LR: 1.000e-05  Data: 0.015 (0.042)
TCAPPDLL 2025-11-26 09:17:23.474806 - Epoch: 0 Iteration: 70  rank : 2  train.loss : 6.921541213989258  train.ips : 278.7440917045858 imgs/s
TCAPPDLL 2025-11-26 09:17:23.474841 - Epoch: 0 Iteration: 70  rank : 1  train.loss : 6.921541213989258  train.ips : 278.6863892305485 imgs/s
TCAPPDLL 2025-11-26 09:17:23.474857 - Epoch: 0 Iteration: 70  rank : 3  train.loss : 6.921541213989258  train.ips : 279.1262672298132 imgs/s
TCAPPDLL 2025-11-26 09:17:23.475198 - Epoch: 0 Iteration: 70  rank : 0  train.loss : 6.921541213989258  train.ips : 279.0925213804191 imgs/s
Train: 0 [  70/20018 (  0%)]  Loss: 6.92 (6.92)  Time: 0.200s,  319.90/s  (0.229s,  279.09/s)  LR: 1.000e-05  Data: 0.015 (0.041)
TCAPPDLL 2025-11-26 09:17:23.664295 - Epoch: 0 Iteration: 71  rank : 2  train.loss : 6.901280403137207  train.ips : 279.3843299952813 imgs/s
TCAPPDLL 2025-11-26 09:17:23.664333 - Epoch: 0 Iteration: 71  rank : 0  train.loss : 6.901280403137207  train.ips : 279.7821411980418 imgs/sTCAPPDLL 2025-11-26 09:17:23.664345 - Epoch: 0 Iteration: 71  rank : 1  train.loss : 6.901280403137207  train.ips : 279.3501796613656 imgs/s

Train: 0 [  71/20018 (  0%)]  Loss: 6.90 (6.92)  Time: 0.189s,  339.31/s  (0.229s,  279.78/s)  LR: 1.000e-05  Data: 0.015 (0.041)
TCAPPDLL 2025-11-26 09:17:23.664677 - Epoch: 0 Iteration: 71  rank : 3  train.loss : 6.901280403137207  train.ips : 279.7501043887267 imgs/s
TCAPPDLL 2025-11-26 09:17:23.837152 - Epoch: 0 Iteration: 72  rank : 1  train.loss : 6.901151657104492  train.ips : 280.2944692566312 imgs/sTCAPPDLL 2025-11-26 09:17:23.837164 - Epoch: 0 Iteration: 72  rank : 0  train.loss : 6.901151657104492  train.ips : 280.72175908377704 imgs/s

TCAPPDLL 2025-11-26 09:17:23.837261 - Epoch: 0 Iteration: 72  rank : 2  train.loss : 6.901151657104492  train.ips : 280.2750095657252 imgs/s
TCAPPDLL 2025-11-26 09:17:23.837414 - Epoch: 0 Iteration: 72  rank : 3  train.loss : 6.901151657104492  train.ips : 280.68801058776467 imgs/s
Train: 0 [  72/20018 (  0%)]  Loss: 6.90 (6.92)  Time: 0.173s,  370.25/s  (0.228s,  280.72/s)  LR: 1.000e-05  Data: 0.014 (0.041)
TCAPPDLL 2025-11-26 09:17:24.031569 - Epoch: 0 Iteration: 73  rank : 3  train.loss : 6.925242900848389  train.ips : 281.25300290196765 imgs/s
TCAPPDLL 2025-11-26 09:17:24.031664 - Epoch: 0 Iteration: 73  rank : 0  train.loss : 6.925242900848389  train.ips : 281.26765416781325 imgs/s
TCAPPDLL 2025-11-26 09:17:24.031740 - Epoch: 0 Iteration: 73  rank : 2  train.loss : 6.925242900848389  train.ips : 280.83075633300575 imgs/s
Train: 0 [  73/20018 (  0%)]  Loss: 6.93 (6.92)  Time: 0.195s,  327.80/s  (0.228s,  281.27/s)  LR: 1.000e-05  Data: 0.015 (0.040)
TCAPPDLL 2025-11-26 09:17:24.033883 - Epoch: 0 Iteration: 73  rank : 1  train.loss : 6.925242900848389  train.ips : 280.8526221964133 imgs/s
TCAPPDLL 2025-11-26 09:17:24.222177 - Epoch: 0 Iteration: 74  rank : 1  train.loss : 6.92383337020874  train.ips : 281.4640910162322 imgs/sTCAPPDLL 2025-11-26 09:17:24.222182 - Epoch: 0 Iteration: 74  rank : 3  train.loss : 6.92383337020874  train.ips : 281.86701691402936 imgs/s

TCAPPDLL 2025-11-26 09:17:24.222315 - Epoch: 0 Iteration: 74  rank : 2  train.loss : 6.92383337020874  train.ips : 281.4510746348246 imgs/s
TCAPPDLL 2025-11-26 09:17:24.222437 - Epoch: 0 Iteration: 74  rank : 0  train.loss : 6.92383337020874  train.ips : 281.87466500302776 imgs/s
Train: 0 [  74/20018 (  0%)]  Loss: 6.92 (6.92)  Time: 0.191s,  335.45/s  (0.227s,  281.87/s)  LR: 1.000e-05  Data: 0.015 (0.040)
TCAPPDLL 2025-11-26 09:17:24.417830 - Epoch: 0 Iteration: 75  rank : 2  train.loss : 6.926412582397461  train.ips : 281.9653792182487 imgs/sTCAPPDLL 2025-11-26 09:17:24.417841 - Epoch: 0 Iteration: 75  rank : 1  train.loss : 6.926412582397461  train.ips : 281.9790001326198 imgs/s

TCAPPDLL 2025-11-26 09:17:24.417939 - Epoch: 0 Iteration: 75  rank : 0  train.loss : 6.926412582397461  train.ips : 282.3907263764214 imgs/s
TCAPPDLL 2025-11-26 09:17:24.418115 - Epoch: 0 Iteration: 75  rank : 3  train.loss : 6.926412582397461  train.ips : 282.37306345379534 imgs/s
Train: 0 [  75/20018 (  0%)]  Loss: 6.93 (6.92)  Time: 0.196s,  327.34/s  (0.227s,  282.39/s)  LR: 1.000e-05  Data: 0.013 (0.040)
TCAPPDLL 2025-11-26 09:17:24.618043 - Epoch: 0 Iteration: 76  rank : 2  train.loss : 6.924997806549072  train.ips : 282.4010922271069 imgs/sTCAPPDLL 2025-11-26 09:17:24.618045 - Epoch: 0 Iteration: 76  rank : 0  train.loss : 6.924997806549072  train.ips : 282.82213307139966 imgs/sTCAPPDLL 2025-11-26 09:17:24.618060 - Epoch: 0 Iteration: 76  rank : 1  train.loss : 6.924997806549072  train.ips : 282.414188089939 imgs/s


TCAPPDLL 2025-11-26 09:17:24.618342 - Epoch: 0 Iteration: 76  rank : 3  train.loss : 6.924997806549072  train.ips : 282.80182546092476 imgs/sTrain: 0 [  76/20018 (  0%)]  Loss: 6.92 (6.92)  Time: 0.200s,  319.97/s  (0.226s,  282.82/s)  LR: 1.000e-05  Data: 0.015 (0.039)

TCAPPDLL 2025-11-26 09:17:24.809482 - Epoch: 0 Iteration: 77  rank : 2  train.loss : 6.908764362335205  train.ips : 282.979380813661 imgs/sTCAPPDLL 2025-11-26 09:17:24.809509 - Epoch: 0 Iteration: 77  rank : 1  train.loss : 6.908764362335205  train.ips : 282.97646274731324 imgs/s

TCAPPDLL 2025-11-26 09:17:24.809790 - Epoch: 0 Iteration: 77  rank : 0  train.loss : 6.908764362335205  train.ips : 283.3805732241623 imgs/s
TCAPPDLL 2025-11-26 09:17:24.809798 - Epoch: 0 Iteration: 77  rank : 3  train.loss : 6.908764362335205  train.ips : 283.3621953907216 imgs/s
Train: 0 [  77/20018 (  0%)]  Loss: 6.91 (6.92)  Time: 0.192s,  334.19/s  (0.226s,  283.38/s)  LR: 1.000e-05  Data: 0.015 (0.039)
TCAPPDLL 2025-11-26 09:17:24.998081 - Epoch: 0 Iteration: 78  rank : 0  train.loss : 6.915635585784912  train.ips : 284.00076501711357 imgs/sTCAPPDLL 2025-11-26 09:17:24.998086 - Epoch: 0 Iteration: 78  rank : 2  train.loss : 6.915635585784912  train.ips : 283.566090308917 imgs/s
TCAPPDLL 2025-11-26 09:17:24.998100 - Epoch: 0 Iteration: 78  rank : 3  train.loss : 6.915635585784912  train.ips : 283.9612493823029 imgs/s

Train: 0 [  78/20018 (  0%)]  Loss: 6.92 (6.92)  Time: 0.187s,  342.46/s  (0.225s,  284.00/s)  LR: 1.000e-05  Data: 0.015 (0.039)
TCAPPDLL 2025-11-26 09:17:24.998413 - Epoch: 0 Iteration: 78  rank : 1  train.loss : 6.915635585784912  train.ips : 283.5692792206659 imgs/s
TCAPPDLL 2025-11-26 09:17:25.167816 - Epoch: 0 Iteration: 79  rank : 0  train.loss : 6.916693687438965  train.ips : 284.88341732273375 imgs/s
TCAPPDLL 2025-11-26 09:17:25.167827 - Epoch: 0 Iteration: 79  rank : 3  train.loss : 6.916693687438965  train.ips : 284.8423617974129 imgs/sTCAPPDLL 2025-11-26 09:17:25.167832 - Epoch: 0 Iteration: 79  rank : 1  train.loss : 6.916693687438965  train.ips : 284.4583701840533 imgs/s

Train: 0 [  79/20018 (  0%)]  Loss: 6.92 (6.92)  Time: 0.169s,  377.59/s  (0.225s,  284.88/s)  LR: 1.000e-05  Data: 0.009 (0.038)
TCAPPDLL 2025-11-26 09:17:25.168157 - Epoch: 0 Iteration: 79  rank : 2  train.loss : 6.916693687438965  train.ips : 284.43652516502937 imgs/s
TCAPPDLL 2025-11-26 09:17:25.401433 - Epoch: 0 Iteration: 80  rank : 1  train.loss : 6.925783157348633  train.ips : 284.3366905514084 imgs/sTCAPPDLL 2025-11-26 09:17:25.401431 - Epoch: 0 Iteration: 80  rank : 2  train.loss : 6.925783157348633  train.ips : 284.32155428044194 imgs/sTCAPPDLL 2025-11-26 09:17:25.401446 - Epoch: 0 Iteration: 80  rank : 3  train.loss : 6.925783157348633  train.ips : 284.73996893789405 imgs/s


TCAPPDLL 2025-11-26 09:17:25.401648 - Epoch: 0 Iteration: 80  rank : 0  train.loss : 6.925783157348633  train.ips : 284.726284808836 imgs/s
Train: 0 [  80/20018 (  0%)]  Loss: 6.93 (6.92)  Time: 0.235s,  272.69/s  (0.225s,  284.73/s)  LR: 1.000e-05  Data: 0.009 (0.038)
TCAPPDLL 2025-11-26 09:17:25.589881 - Epoch: 0 Iteration: 81  rank : 0  train.loss : 6.9153242111206055  train.ips : 285.2987963566968 imgs/s
TCAPPDLL 2025-11-26 09:17:25.589905 - Epoch: 0 Iteration: 81  rank : 2  train.loss : 6.9153242111206055  train.ips : 284.8706882128333 imgs/sTCAPPDLL 2025-11-26 09:17:25.589913 - Epoch: 0 Iteration: 81  rank : 3  train.loss : 6.9153242111206055  train.ips : 285.26166025452255 imgs/s

Train: 0 [  81/20018 (  0%)]  Loss: 6.92 (6.92)  Time: 0.188s,  340.81/s  (0.224s,  285.30/s)  LR: 1.000e-05  Data: 0.010 (0.038)
TCAPPDLL 2025-11-26 09:17:25.590161 - Epoch: 0 Iteration: 81  rank : 1  train.loss : 6.9153242111206055  train.ips : 284.8846505586147 imgs/s
TCAPPDLL 2025-11-26 09:17:25.803683 - Epoch: 0 Iteration: 82  rank : 0  train.loss : 6.902440071105957  train.ips : 285.46004914211926 imgs/s
TCAPPDLL 2025-11-26 09:17:25.803701 - Epoch: 0 Iteration: 82  rank : 2  train.loss : 6.902440071105957  train.ips : 285.0387867496501 imgs/s
TCAPPDLL 2025-11-26 09:17:25.803866 - Epoch: 0 Iteration: 82  rank : 3  train.loss : 6.902440071105957  train.ips : 285.427063187907 imgs/s
Train: 0 [  82/20018 (  0%)]  Loss: 6.90 (6.92)  Time: 0.214s,  299.33/s  (0.224s,  285.46/s)  LR: 1.000e-05  Data: 0.009 (0.037)
TCAPPDLL 2025-11-26 09:17:25.803981 - Epoch: 0 Iteration: 82  rank : 1  train.loss : 6.902440071105957  train.ips : 285.0473492595994 imgs/s
TCAPPDLL 2025-11-26 09:17:25.998764 - Epoch: 0 Iteration: 83  rank : 0  train.loss : 6.9187092781066895  train.ips : 285.8990080935822 imgs/sTCAPPDLL 2025-11-26 09:17:25.998813 - Epoch: 0 Iteration: 83  rank : 2  train.loss : 6.9187092781066895  train.ips : 285.4805587572682 imgs/s

TCAPPDLL 2025-11-26 09:17:25.998961 - Epoch: 0 Iteration: 83  rank : 3  train.loss : 6.9187092781066895  train.ips : 285.86005931887814 imgs/s
TCAPPDLL 2025-11-26 09:17:25.999116 - Epoch: 0 Iteration: 83  rank : 1  train.loss : 6.9187092781066895  train.ips : 285.4909287925791 imgs/s
Train: 0 [  83/20018 (  0%)]  Loss: 6.92 (6.92)  Time: 0.195s,  327.73/s  (0.224s,  285.90/s)  LR: 1.000e-05  Data: 0.009 (0.037)
TCAPPDLL 2025-11-26 09:17:26.179794 - Epoch: 0 Iteration: 84  rank : 3  train.loss : 6.924051284790039  train.ips : 286.5094351918861 imgs/sTCAPPDLL 2025-11-26 09:17:26.179823 - Epoch: 0 Iteration: 84  rank : 0  train.loss : 6.924051284790039  train.ips : 286.523391160576 imgs/s

TCAPPDLL 2025-11-26 09:17:26.179981 - Epoch: 0 Iteration: 84  rank : 1  train.loss : 6.924051284790039  train.ips : 286.1414477950938 imgs/s
TCAPPDLL 2025-11-26 09:17:26.180062 - Epoch: 0 Iteration: 84  rank : 2  train.loss : 6.924051284790039  train.ips : 286.13046766471217 imgs/s
Train: 0 [  84/20018 (  0%)]  Loss: 6.92 (6.92)  Time: 0.182s,  350.90/s  (0.223s,  286.52/s)  LR: 1.000e-05  Data: 0.008 (0.037)
TCAPPDLL 2025-11-26 09:17:26.377111 - Epoch: 0 Iteration: 85  rank : 3  train.loss : 6.944949150085449  train.ips : 286.89756804081196 imgs/s
TCAPPDLL 2025-11-26 09:17:26.377229 - Epoch: 0 Iteration: 85  rank : 0  train.loss : 6.944949150085449  train.ips : 286.9108749496595 imgs/s
TCAPPDLL 2025-11-26 09:17:26.377345 - Epoch: 0 Iteration: 85  rank : 1  train.loss : 6.944949150085449  train.ips : 286.5349349354319 imgs/sTCAPPDLL 2025-11-26 09:17:26.377382 - Epoch: 0 Iteration: 85  rank : 2  train.loss : 6.944949150085449  train.ips : 286.5225945819551 imgs/s

Train: 0 [  85/20018 (  0%)]  Loss: 6.94 (6.92)  Time: 0.197s,  324.18/s  (0.223s,  286.91/s)  LR: 1.000e-05  Data: 0.015 (0.036)
TCAPPDLL 2025-11-26 09:17:26.585662 - Epoch: 0 Iteration: 86  rank : 3  train.loss : 6.920910835266113  train.ips : 287.12680366168763 imgs/sTCAPPDLL 2025-11-26 09:17:26.585664 - Epoch: 0 Iteration: 86  rank : 0  train.loss : 6.920910835266113  train.ips : 287.12800743453005 imgs/s

TCAPPDLL 2025-11-26 09:17:26.585745 - Epoch: 0 Iteration: 86  rank : 1  train.loss : 6.920910835266113  train.ips : 286.7531411865789 imgs/s
TCAPPDLL 2025-11-26 09:17:26.585927 - Epoch: 0 Iteration: 86  rank : 2  train.loss : 6.920910835266113  train.ips : 286.7365444890877 imgs/s
Train: 0 [  86/20018 (  0%)]  Loss: 6.92 (6.92)  Time: 0.208s,  307.12/s  (0.223s,  287.13/s)  LR: 1.000e-05  Data: 0.015 (0.036)
TCAPPDLL 2025-11-26 09:17:26.776771 - Epoch: 0 Iteration: 87  rank : 2  train.loss : 6.916934490203857  train.ips : 287.2109515789227 imgs/sTCAPPDLL 2025-11-26 09:17:26.776785 - Epoch: 0 Iteration: 87  rank : 3  train.loss : 6.916934490203857  train.ips : 287.5876636571622 imgs/sTCAPPDLL 2025-11-26 09:17:26.776783 - Epoch: 0 Iteration: 87  rank : 0  train.loss : 6.916934490203857  train.ips : 287.5981116424133 imgs/s


TCAPPDLL 2025-11-26 09:17:26.777060 - Epoch: 0 Iteration: 87  rank : 1  train.loss : 6.916934490203857  train.ips : 287.2237609597263 imgs/s
Train: 0 [  87/20018 (  0%)]  Loss: 6.92 (6.92)  Time: 0.191s,  335.37/s  (0.223s,  287.60/s)  LR: 1.000e-05  Data: 0.021 (0.036)
TCAPPDLL 2025-11-26 09:17:26.969606 - Epoch: 0 Iteration: 88  rank : 2  train.loss : 6.931882858276367  train.ips : 287.65662999929214 imgs/s
TCAPPDLL 2025-11-26 09:17:26.969796 - Epoch: 0 Iteration: 88  rank : 1  train.loss : 6.931882858276367  train.ips : 287.66630396251713 imgs/s
TCAPPDLL 2025-11-26 09:17:26.969956 - Epoch: 0 Iteration: 88  rank : 0  train.loss : 6.931882858276367  train.ips : 288.02320200059484 imgs/s
TCAPPDLL 2025-11-26 09:17:26.970537 - Epoch: 0 Iteration: 88  rank : 3  train.loss : 6.931882858276367  train.ips : 288.0189102244396 imgs/s
Train: 0 [  88/20018 (  0%)]  Loss: 6.93 (6.92)  Time: 0.193s,  331.09/s  (0.222s,  288.02/s)  LR: 1.000e-05  Data: 0.008 (0.036)
TCAPPDLL 2025-11-26 09:17:27.175778 - Epoch: 0 Iteration: 89  rank : 0  train.loss : 6.934707164764404  train.ips : 288.2892581257573 imgs/sTCAPPDLL 2025-11-26 09:17:27.175781 - Epoch: 0 Iteration: 89  rank : 3  train.loss : 6.934707164764404  train.ips : 288.2773764152525 imgs/sTCAPPDLL 2025-11-26 09:17:27.175800 - Epoch: 0 Iteration: 89  rank : 2  train.loss : 6.934707164764404  train.ips : 287.9023234829149 imgs/s


TCAPPDLL 2025-11-26 09:17:27.176161 - Epoch: 0 Iteration: 89  rank : 1  train.loss : 6.934707164764404  train.ips : 287.89837114135935 imgs/sTrain: 0 [  89/20018 (  0%)]  Loss: 6.93 (6.92)  Time: 0.204s,  314.11/s  (0.222s,  288.29/s)  LR: 1.000e-05  Data: 0.015 (0.035)

TCAPPDLL 2025-11-26 09:17:27.384205 - Epoch: 0 Iteration: 90  rank : 0  train.loss : 6.92326021194458  train.ips : 288.4543222679904 imgs/s
TCAPPDLL 2025-11-26 09:17:27.384268 - Epoch: 0 Iteration: 90  rank : 1  train.loss : 6.92326021194458  train.ips : 288.0981856648534 imgs/s
TCAPPDLL 2025-11-26 09:17:27.384444 - Epoch: 0 Iteration: 90  rank : 3  train.loss : 6.92326021194458  train.ips : 288.4360047743572 imgs/sTCAPPDLL 2025-11-26 09:17:27.384482 - Epoch: 0 Iteration: 90  rank : 2  train.loss : 6.92326021194458  train.ips : 288.07424664714387 imgs/s

Train: 0 [  90/20018 (  0%)]  Loss: 6.92 (6.92)  Time: 0.210s,  304.13/s  (0.222s,  288.45/s)  LR: 1.000e-05  Data: 0.014 (0.035)
TCAPPDLL 2025-11-26 09:17:27.584567 - Epoch: 0 Iteration: 91  rank : 3  train.loss : 6.944037437438965  train.ips : 288.74423804344514 imgs/sTCAPPDLL 2025-11-26 09:17:27.584566 - Epoch: 0 Iteration: 91  rank : 2  train.loss : 6.944037437438965  train.ips : 288.38722525335294 imgs/sTCAPPDLL 2025-11-26 09:17:27.584577 - Epoch: 0 Iteration: 91  rank : 1  train.loss : 6.944037437438965  train.ips : 288.39937954116795 imgs/s


TCAPPDLL 2025-11-26 09:17:27.585083 - Epoch: 0 Iteration: 91  rank : 0  train.loss : 6.944037437438965  train.ips : 288.7561590957792 imgs/s
Train: 0 [  91/20018 (  0%)]  Loss: 6.94 (6.92)  Time: 0.201s,  319.15/s  (0.222s,  288.76/s)  LR: 1.000e-05  Data: 0.015 (0.035)
TCAPPDLL 2025-11-26 09:17:27.778014 - Epoch: 0 Iteration: 92  rank : 3  train.loss : 6.910811424255371  train.ips : 289.1376093405755 imgs/s
TCAPPDLL 2025-11-26 09:17:27.778122 - Epoch: 0 Iteration: 92  rank : 0  train.loss : 6.910811424255371  train.ips : 289.1489822376368 imgs/sTCAPPDLL 2025-11-26 09:17:27.778160 - Epoch: 0 Iteration: 92  rank : 2  train.loss : 6.910811424255371  train.ips : 288.78150408208654 imgs/s

TCAPPDLL 2025-11-26 09:17:27.778291 - Epoch: 0 Iteration: 92  rank : 1  train.loss : 6.910811424255371  train.ips : 288.79699162914926 imgs/s
Train: 0 [  92/20018 (  0%)]  Loss: 6.91 (6.92)  Time: 0.194s,  330.52/s  (0.221s,  289.15/s)  LR: 1.000e-05  Data: 0.015 (0.035)
TCAPPDLL 2025-11-26 09:17:27.968874 - Epoch: 0 Iteration: 93  rank : 3  train.loss : 6.923418998718262  train.ips : 289.56310446946594 imgs/sTCAPPDLL 2025-11-26 09:17:27.968920 - Epoch: 0 Iteration: 93  rank : 0  train.loss : 6.923418998718262  train.ips : 289.57363515754844 imgs/s

TCAPPDLL 2025-11-26 09:17:27.969038 - Epoch: 0 Iteration: 93  rank : 2  train.loss : 6.923418998718262  train.ips : 289.2076310352282 imgs/s
TCAPPDLL 2025-11-26 09:17:27.969158 - Epoch: 0 Iteration: 93  rank : 1  train.loss : 6.923418998718262  train.ips : 289.21957128474475 imgs/s
Train: 0 [  93/20018 (  0%)]  Loss: 6.92 (6.92)  Time: 0.191s,  335.38/s  (0.221s,  289.57/s)  LR: 1.000e-05  Data: 0.014 (0.035)
TCAPPDLL 2025-11-26 09:17:28.165798 - Epoch: 0 Iteration: 94  rank : 1  train.loss : 6.918989658355713  train.ips : 289.5606093345471 imgs/sTCAPPDLL 2025-11-26 09:17:28.165798 - Epoch: 0 Iteration: 94  rank : 2  train.loss : 6.918989658355713  train.ips : 289.54700145375455 imgs/s

TCAPPDLL 2025-11-26 09:17:28.165912 - Epoch: 0 Iteration: 94  rank : 3  train.loss : 6.918989658355713  train.ips : 289.8981642393697 imgs/s
TCAPPDLL 2025-11-26 09:17:28.166060 - Epoch: 0 Iteration: 94  rank : 0  train.loss : 6.918989658355713  train.ips : 289.903747002684 imgs/s
Train: 0 [  94/20018 (  0%)]  Loss: 6.92 (6.92)  Time: 0.197s,  324.70/s  (0.221s,  289.90/s)  LR: 1.000e-05  Data: 0.015 (0.034)
TCAPPDLL 2025-11-26 09:17:28.360199 - Epoch: 0 Iteration: 95  rank : 2  train.loss : 6.910970211029053  train.ips : 289.9474093727423 imgs/s
TCAPPDLL 2025-11-26 09:17:28.360358 - Epoch: 0 Iteration: 95  rank : 3  train.loss : 6.910970211029053  train.ips : 290.2529150028245 imgs/s
TCAPPDLL 2025-11-26 09:17:28.360506 - Epoch: 0 Iteration: 95  rank : 0  train.loss : 6.910970211029053  train.ips : 290.26443940572176 imgs/s
TCAPPDLL 2025-11-26 09:17:28.360616 - Epoch: 0 Iteration: 95  rank : 1  train.loss : 6.910970211029053  train.ips : 289.9200573499316 imgs/s
Train: 0 [  95/20018 (  0%)]  Loss: 6.91 (6.92)  Time: 0.194s,  329.17/s  (0.220s,  290.26/s)  LR: 1.000e-05  Data: 0.015 (0.034)
TCAPPDLL 2025-11-26 09:17:28.565437 - Epoch: 0 Iteration: 96  rank : 2  train.loss : 6.923640251159668  train.ips : 290.1601050147503 imgs/s
TCAPPDLL 2025-11-26 09:17:28.565465 - Epoch: 0 Iteration: 96  rank : 1  train.loss : 6.923640251159668  train.ips : 290.1338583848455 imgs/sTCAPPDLL 2025-11-26 09:17:28.565462 - Epoch: 0 Iteration: 96  rank : 3  train.loss : 6.923640251159668  train.ips : 290.46306057305054 imgs/s

TCAPPDLL 2025-11-26 09:17:28.565709 - Epoch: 0 Iteration: 96  rank : 0  train.loss : 6.923640251159668  train.ips : 290.4755585157904 imgs/s
Train: 0 [  96/20018 (  0%)]  Loss: 6.92 (6.92)  Time: 0.205s,  312.28/s  (0.220s,  290.48/s)  LR: 1.000e-05  Data: 0.014 (0.034)
TCAPPDLL 2025-11-26 09:17:28.787700 - Epoch: 0 Iteration: 97  rank : 3  train.loss : 6.920867443084717  train.ips : 290.44237876872745 imgs/sTCAPPDLL 2025-11-26 09:17:28.787703 - Epoch: 0 Iteration: 97  rank : 2  train.loss : 6.920867443084717  train.ips : 290.1045776470308 imgs/s

TCAPPDLL 2025-11-26 09:17:28.787953 - Epoch: 0 Iteration: 97  rank : 1  train.loss : 6.920867443084717  train.ips : 290.1065867669553 imgs/sTCAPPDLL 2025-11-26 09:17:28.787989 - Epoch: 0 Iteration: 97  rank : 0  train.loss : 6.920867443084717  train.ips : 290.45858617383027 imgs/s

Train: 0 [  97/20018 (  0%)]  Loss: 6.92 (6.92)  Time: 0.222s,  288.82/s  (0.220s,  290.46/s)  LR: 1.000e-05  Data: 0.016 (0.034)
TCAPPDLL 2025-11-26 09:17:28.973065 - Epoch: 0 Iteration: 98  rank : 0  train.loss : 6.925375938415527  train.ips : 290.9207310578329 imgs/sTCAPPDLL 2025-11-26 09:17:28.973070 - Epoch: 0 Iteration: 98  rank : 2  train.loss : 6.925375938415527  train.ips : 290.5687593267265 imgs/sTCAPPDLL 2025-11-26 09:17:28.973088 - Epoch: 0 Iteration: 98  rank : 3  train.loss : 6.925375938415527  train.ips : 290.9146642506746 imgs/s


TCAPPDLL 2025-11-26 09:17:28.973371 - Epoch: 0 Iteration: 98  rank : 1  train.loss : 6.925375938415527  train.ips : 290.5764066647138 imgs/s
Train: 0 [  98/20018 (  0%)]  Loss: 6.93 (6.92)  Time: 0.186s,  344.66/s  (0.220s,  290.92/s)  LR: 1.000e-05  Data: 0.014 (0.034)
TCAPPDLL 2025-11-26 09:17:29.168730 - Epoch: 0 Iteration: 99  rank : 1  train.loss : 6.917256832122803  train.ips : 290.91638000087914 imgs/sTCAPPDLL 2025-11-26 09:17:29.168734 - Epoch: 0 Iteration: 99  rank : 3  train.loss : 6.917256832122803  train.ips : 291.2481392933537 imgs/s
TCAPPDLL 2025-11-26 09:17:29.168763 - Epoch: 0 Iteration: 99  rank : 2  train.loss : 6.917256832122803  train.ips : 290.90495154856137 imgs/s

TCAPPDLL 2025-11-26 09:17:29.169103 - Epoch: 0 Iteration: 99  rank : 0  train.loss : 6.917256832122803  train.ips : 291.24075773135837 imgs/s
Train: 0 [  99/20018 (  0%)]  Loss: 6.92 (6.92)  Time: 0.196s,  326.83/s  (0.220s,  291.24/s)  LR: 1.000e-05  Data: 0.015 (0.033)
TCAPPDLL 2025-11-26 09:17:29.378032 - Epoch: 0 Iteration: 100  rank : 3  train.loss : 6.918371677398682  train.ips : 291.3680390896849 imgs/s
TCAPPDLL 2025-11-26 09:17:29.378135 - Epoch: 0 Iteration: 100  rank : 0  train.loss : 6.918371677398682  train.ips : 291.3769917080017 imgs/sTCAPPDLL 2025-11-26 09:17:29.378175 - Epoch: 0 Iteration: 100  rank : 2  train.loss : 6.918371677398682  train.ips : 291.02985875907046 imgs/s
TCAPPDLL 2025-11-26 09:17:29.378189 - Epoch: 0 Iteration: 100  rank : 1  train.loss : 6.918371677398682  train.ips : 291.0471074972808 imgs/s

Train: 0 [ 100/20018 (  1%)]  Loss: 6.92 (6.92)  Time: 0.209s,  305.68/s  (0.220s,  291.38/s)  LR: 1.000e-05  Data: 0.016 (0.033)
Distributing BatchNorm running means and vars
Test: [   0/781]  Time: 1.922 (1.922)  Loss:   6.877 ( 6.877)  Acc@1:   0.000 (  0.000)  Acc@5:   0.000 (  0.000)
Test: [   1/781]  Time: 0.204 (1.063)  Loss:   6.732 ( 6.805)  Acc@1:   0.000 (  0.000)  Acc@5:   0.000 (  0.000)
Test: [   2/781]  Time: 0.178 (0.768)  Loss:   6.833 ( 6.814)  Acc@1:   0.000 (  0.000)  Acc@5:   0.000 (  0.000)
Test: [   3/781]  Time: 0.182 (0.622)  Loss:   6.880 ( 6.831)  Acc@1:   0.000 (  0.000)  Acc@5:   0.000 (  0.000)
Test: [   4/781]  Time: 0.181 (0.534)  Loss:   6.968 ( 6.858)  Acc@1:   0.000 (  0.000)  Acc@5:   0.000 (  0.000)
Test: [   5/781]  Time: 0.167 (0.472)  Loss:   6.867 ( 6.860)  Acc@1:   0.000 (  0.000)  Acc@5:   0.000 (  0.000)
Test: [   6/781]  Time: 0.183 (0.431)  Loss:   6.777 ( 6.848)  Acc@1:   0.000 (  0.000)  Acc@5:   0.000 (  0.000)
Test: [   7/781]  Time: 0.207 (0.403)  Loss:   6.865 ( 6.850)  Acc@1:   0.000 (  0.000)  Acc@5:   0.000 (  0.000)
Test: [   8/781]  Time: 0.203 (0.381)  Loss:   6.925 ( 6.858)  Acc@1:   0.000 (  0.000)  Acc@5:   0.000 (  0.000)
Test: [   9/781]  Time: 0.202 (0.363)  Loss:   6.922 ( 6.865)  Acc@1:   0.000 (  0.000)  Acc@5:   0.000 (  0.000)
Test: [  10/781]  Time: 0.208 (0.349)  Loss:   6.869 ( 6.865)  Acc@1:   0.000 (  0.000)  Acc@5:   0.000 (  0.000)
Test: [  11/781]  Time: 0.227 (0.339)  Loss:   6.913 ( 6.869)  Acc@1:   0.000 (  0.000)  Acc@5:   0.000 (  0.000)
Test: [  12/781]  Time: 0.185 (0.327)  Loss:   6.866 ( 6.869)  Acc@1:   0.000 (  0.000)  Acc@5:   0.000 (  0.000)
Test: [  13/781]  Time: 0.199 (0.318)  Loss:   6.869 ( 6.869)  Acc@1:   0.000 (  0.000)  Acc@5:   0.000 (  0.000)
Test: [  14/781]  Time: 0.198 (0.310)  Loss:   6.827 ( 6.866)  Acc@1:   0.000 (  0.000)  Acc@5:   0.000 (  0.000)
Test: [  15/781]  Time: 0.180 (0.302)  Loss:   6.872 ( 6.866)  Acc@1:   0.000 (  0.000)  Acc@5:   0.000 (  0.000)
Test: [  16/781]  Time: 0.188 (0.295)  Loss:   6.878 ( 6.867)  Acc@1:   0.000 (  0.000)  Acc@5:   1.562 (  0.092)
Test: [  17/781]  Time: 0.191 (0.289)  Loss:   7.029 ( 6.876)  Acc@1:   0.000 (  0.000)  Acc@5:   0.000 (  0.087)
Test: [  18/781]  Time: 0.191 (0.284)  Loss:   6.965 ( 6.881)  Acc@1:   0.000 (  0.000)  Acc@5:   0.000 (  0.082)
Test: [  19/781]  Time: 0.200 (0.280)  Loss:   6.991 ( 6.886)  Acc@1:   0.000 (  0.000)  Acc@5:   0.000 (  0.078)
Test: [  20/781]  Time: 0.196 (0.276)  Loss:   6.834 ( 6.884)  Acc@1:   0.000 (  0.000)  Acc@5:   0.000 (  0.074)
Test: [  21/781]  Time: 0.194 (0.272)  Loss:   6.908 ( 6.885)  Acc@1:   0.000 (  0.000)  Acc@5:   0.000 (  0.071)
Test: [  22/781]  Time: 0.192 (0.269)  Loss:   6.988 ( 6.889)  Acc@1:   0.000 (  0.000)  Acc@5:   0.000 (  0.068)
Test: [  23/781]  Time: 0.194 (0.266)  Loss:   6.873 ( 6.889)  Acc@1:   0.000 (  0.000)  Acc@5:   0.000 (  0.065)
Test: [  24/781]  Time: 0.181 (0.262)  Loss:   6.906 ( 6.889)  Acc@1:   0.000 (  0.000)  Acc@5:   0.000 (  0.062)
Test: [  25/781]  Time: 0.195 (0.260)  Loss:   6.959 ( 6.892)  Acc@1:   0.000 (  0.000)  Acc@5:   0.000 (  0.060)
Test: [  26/781]  Time: 0.197 (0.257)  Loss:   6.917 ( 6.893)  Acc@1:   0.000 (  0.000)  Acc@5:   0.000 (  0.058)
Test: [  27/781]  Time: 0.188 (0.255)  Loss:   6.969 ( 6.896)  Acc@1:   0.000 (  0.000)  Acc@5:   0.000 (  0.056)
Test: [  28/781]  Time: 0.193 (0.253)  Loss:   6.897 ( 6.896)  Acc@1:   0.000 (  0.000)  Acc@5:   0.000 (  0.054)
Test: [  29/781]  Time: 0.204 (0.251)  Loss:   6.857 ( 6.894)  Acc@1:   0.000 (  0.000)  Acc@5:   0.000 (  0.052)
Test: [  30/781]  Time: 0.207 (0.250)  Loss:   6.920 ( 6.895)  Acc@1:   0.000 (  0.000)  Acc@5:   0.000 (  0.050)
Test: [  31/781]  Time: 0.204 (0.248)  Loss:   6.997 ( 6.898)  Acc@1:   0.000 (  0.000)  Acc@5:   0.000 (  0.049)
Test: [  32/781]  Time: 0.220 (0.247)  Loss:   6.923 ( 6.899)  Acc@1:   0.000 (  0.000)  Acc@5:   0.000 (  0.047)
Test: [  33/781]  Time: 0.218 (0.246)  Loss:   6.996 ( 6.902)  Acc@1:   0.000 (  0.000)  Acc@5:   0.000 (  0.046)
Test: [  34/781]  Time: 0.203 (0.245)  Loss:   6.907 ( 6.902)  Acc@1:   0.000 (  0.000)  Acc@5:   0.000 (  0.045)
Test: [  35/781]  Time: 0.192 (0.244)  Loss:   6.880 ( 6.902)  Acc@1:   0.000 (  0.000)  Acc@5:   0.000 (  0.043)
Test: [  36/781]  Time: 0.197 (0.242)  Loss:   6.975 ( 6.904)  Acc@1:   0.000 (  0.000)  Acc@5:   0.000 (  0.042)
Test: [  37/781]  Time: 0.198 (0.241)  Loss:   6.888 ( 6.903)  Acc@1:   0.000 (  0.000)  Acc@5:   0.000 (  0.041)
Test: [  38/781]  Time: 0.190 (0.240)  Loss:   6.813 ( 6.901)  Acc@1:   0.000 (  0.000)  Acc@5:   0.000 (  0.040)
Test: [  39/781]  Time: 0.197 (0.239)  Loss:   7.054 ( 6.905)  Acc@1:   0.000 (  0.000)  Acc@5:   0.000 (  0.039)
Test: [  40/781]  Time: 0.201 (0.238)  Loss:   7.028 ( 6.908)  Acc@1:   0.000 (  0.000)  Acc@5:   0.000 (  0.038)
Test: [  41/781]  Time: 0.199 (0.237)  Loss:   6.843 ( 6.906)  Acc@1:   0.000 (  0.000)  Acc@5:   0.000 (  0.037)
Test: [  42/781]  Time: 0.208 (0.236)  Loss:   6.854 ( 6.905)  Acc@1:   0.000 (  0.000)  Acc@5:   0.000 (  0.036)
Test: [  43/781]  Time: 0.212 (0.236)  Loss:   6.919 ( 6.905)  Acc@1:   0.000 (  0.000)  Acc@5:   0.000 (  0.036)
Test: [  44/781]  Time: 0.208 (0.235)  Loss:   7.015 ( 6.908)  Acc@1:   0.000 (  0.000)  Acc@5:   0.000 (  0.035)
Test: [  45/781]  Time: 0.204 (0.235)  Loss:   6.870 ( 6.907)  Acc@1:   0.000 (  0.000)  Acc@5:   0.000 (  0.034)
Test: [  46/781]  Time: 0.210 (0.234)  Loss:   6.918 ( 6.907)  Acc@1:   0.000 (  0.000)  Acc@5:   0.000 (  0.033)
Test: [  47/781]  Time: 0.217 (0.234)  Loss:   6.978 ( 6.909)  Acc@1:   0.000 (  0.000)  Acc@5:   0.000 (  0.033)
Test: [  48/781]  Time: 0.211 (0.233)  Loss:   6.892 ( 6.908)  Acc@1:   0.000 (  0.000)  Acc@5:   0.000 (  0.032)
Test: [  49/781]  Time: 0.204 (0.233)  Loss:   6.884 ( 6.908)  Acc@1:   0.000 (  0.000)  Acc@5:   0.000 (  0.031)
Test: [  50/781]  Time: 0.207 (0.232)  Loss:   6.938 ( 6.908)  Acc@1:   0.000 (  0.000)  Acc@5:   0.000 (  0.031)
Test: [  51/781]  Time: 0.209 (0.232)  Loss:   6.820 ( 6.907)  Acc@1:   0.000 (  0.000)  Acc@5:   0.000 (  0.030)
Test: [  52/781]  Time: 0.198 (0.231)  Loss:   6.888 ( 6.906)  Acc@1:   0.000 (  0.000)  Acc@5:   0.000 (  0.029)
Test: [  53/781]  Time: 0.214 (0.231)  Loss:   6.749 ( 6.903)  Acc@1:   0.000 (  0.000)  Acc@5:   1.562 (  0.058)
Test: [  54/781]  Time: 0.207 (0.230)  Loss:   6.882 ( 6.903)  Acc@1:   0.000 (  0.000)  Acc@5:   0.000 (  0.057)
Test: [  55/781]  Time: 0.219 (0.230)  Loss:   6.871 ( 6.902)  Acc@1:   0.000 (  0.000)  Acc@5:   0.000 (  0.056)
Test: [  56/781]  Time: 0.224 (0.230)  Loss:   6.783 ( 6.900)  Acc@1:   0.000 (  0.000)  Acc@5:   0.000 (  0.055)
Test: [  57/781]  Time: 0.226 (0.230)  Loss:   6.888 ( 6.900)  Acc@1:   0.000 (  0.000)  Acc@5:   0.000 (  0.054)
Test: [  58/781]  Time: 0.208 (0.230)  Loss:   6.922 ( 6.900)  Acc@1:   0.000 (  0.000)  Acc@5:   0.000 (  0.053)
Test: [  59/781]  Time: 0.234 (0.230)  Loss:   7.024 ( 6.903)  Acc@1:   0.000 (  0.000)  Acc@5:   0.000 (  0.052)
Test: [  60/781]  Time: 0.225 (0.230)  Loss:   6.804 ( 6.901)  Acc@1:   0.000 (  0.000)  Acc@5:   1.562 (  0.077)
Test: [  61/781]  Time: 0.218 (0.229)  Loss:   6.998 ( 6.902)  Acc@1:   0.000 (  0.000)  Acc@5:   0.000 (  0.076)
Test: [  62/781]  Time: 0.200 (0.229)  Loss:   6.849 ( 6.902)  Acc@1:   0.000 (  0.000)  Acc@5:   0.000 (  0.074)
Test: [  63/781]  Time: 0.219 (0.229)  Loss:   6.923 ( 6.902)  Acc@1:   0.000 (  0.000)  Acc@5:   0.000 (  0.073)
Test: [  64/781]  Time: 0.207 (0.228)  Loss:   6.838 ( 6.901)  Acc@1:   0.000 (  0.000)  Acc@5:   0.000 (  0.072)
Test: [  65/781]  Time: 0.203 (0.228)  Loss:   6.921 ( 6.901)  Acc@1:   0.000 (  0.000)  Acc@5:   0.000 (  0.071)
Test: [  66/781]  Time: 0.208 (0.228)  Loss:   7.022 ( 6.903)  Acc@1:   0.000 (  0.000)  Acc@5:   0.000 (  0.070)
Test: [  67/781]  Time: 0.218 (0.228)  Loss:   6.996 ( 6.904)  Acc@1:   0.000 (  0.000)  Acc@5:   0.000 (  0.069)
Test: [  68/781]  Time: 0.228 (0.228)  Loss:   7.001 ( 6.906)  Acc@1:   0.000 (  0.000)  Acc@5:   0.000 (  0.068)
Test: [  69/781]  Time: 0.226 (0.228)  Loss:   6.909 ( 6.906)  Acc@1:   0.000 (  0.000)  Acc@5:   0.000 (  0.067)
Test: [  70/781]  Time: 0.204 (0.227)  Loss:   7.021 ( 6.908)  Acc@1:   0.000 (  0.000)  Acc@5:   0.000 (  0.066)
Test: [  71/781]  Time: 0.198 (0.227)  Loss:   6.989 ( 6.909)  Acc@1:   0.000 (  0.000)  Acc@5:   0.000 (  0.065)
Test: [  72/781]  Time: 0.214 (0.227)  Loss:   6.849 ( 6.908)  Acc@1:   0.000 (  0.000)  Acc@5:   0.000 (  0.064)
Test: [  73/781]  Time: 0.220 (0.227)  Loss:   6.866 ( 6.907)  Acc@1:   0.000 (  0.000)  Acc@5:   0.000 (  0.063)
Test: [  74/781]  Time: 0.214 (0.226)  Loss:   6.935 ( 6.908)  Acc@1:   0.000 (  0.000)  Acc@5:   0.000 (  0.062)
Test: [  75/781]  Time: 0.219 (0.226)  Loss:   7.020 ( 6.909)  Acc@1:   0.000 (  0.000)  Acc@5:   0.000 (  0.062)
Test: [  76/781]  Time: 0.244 (0.227)  Loss:   7.000 ( 6.910)  Acc@1:   0.000 (  0.000)  Acc@5:   0.000 (  0.061)
Test: [  77/781]  Time: 0.242 (0.227)  Loss:   6.840 ( 6.909)  Acc@1:   0.000 (  0.000)  Acc@5:   0.000 (  0.060)
Test: [  78/781]  Time: 0.238 (0.227)  Loss:   6.735 ( 6.907)  Acc@1:   0.000 (  0.000)  Acc@5:   1.562 (  0.079)
Test: [  79/781]  Time: 0.243 (0.227)  Loss:   6.820 ( 6.906)  Acc@1:   0.000 (  0.000)  Acc@5:   0.000 (  0.078)
Test: [  80/781]  Time: 0.244 (0.227)  Loss:   6.811 ( 6.905)  Acc@1:   0.000 (  0.000)  Acc@5:   0.000 (  0.077)
Test: [  81/781]  Time: 0.247 (0.227)  Loss:   6.974 ( 6.906)  Acc@1:   0.000 (  0.000)  Acc@5:   0.000 (  0.076)
Test: [  82/781]  Time: 0.239 (0.228)  Loss:   6.910 ( 6.906)  Acc@1:   0.000 (  0.000)  Acc@5:   0.000 (  0.075)
Test: [  83/781]  Time: 0.243 (0.228)  Loss:   7.008 ( 6.907)  Acc@1:   0.000 (  0.000)  Acc@5:   0.000 (  0.074)
Test: [  84/781]  Time: 0.228 (0.228)  Loss:   6.898 ( 6.907)  Acc@1:   0.000 (  0.000)  Acc@5:   0.000 (  0.074)
Test: [  85/781]  Time: 0.240 (0.228)  Loss:   6.899 ( 6.907)  Acc@1:   0.000 (  0.000)  Acc@5:   0.000 (  0.073)
Test: [  86/781]  Time: 0.224 (0.228)  Loss:   6.954 ( 6.907)  Acc@1:   0.000 (  0.000)  Acc@5:   0.000 (  0.072)
Test: [  87/781]  Time: 0.231 (0.228)  Loss:   6.894 ( 6.907)  Acc@1:   0.000 (  0.000)  Acc@5:   0.000 (  0.071)
Test: [  88/781]  Time: 0.230 (0.228)  Loss:   6.815 ( 6.906)  Acc@1:   0.000 (  0.000)  Acc@5:   0.000 (  0.070)
Test: [  89/781]  Time: 0.247 (0.228)  Loss:   6.925 ( 6.906)  Acc@1:   0.000 (  0.000)  Acc@5:   0.000 (  0.069)
Test: [  90/781]  Time: 0.251 (0.228)  Loss:   6.848 ( 6.906)  Acc@1:   0.000 (  0.000)  Acc@5:   0.000 (  0.069)
Test: [  91/781]  Time: 0.241 (0.229)  Loss:   6.875 ( 6.905)  Acc@1:   0.000 (  0.000)  Acc@5:   0.000 (  0.068)
Test: [  92/781]  Time: 0.257 (0.229)  Loss:   7.075 ( 6.907)  Acc@1:   0.000 (  0.000)  Acc@5:   0.000 (  0.067)
Test: [  93/781]  Time: 0.251 (0.229)  Loss:   7.081 ( 6.909)  Acc@1:   0.000 (  0.000)  Acc@5:   0.000 (  0.066)
Test: [  94/781]  Time: 0.253 (0.229)  Loss:   6.904 ( 6.909)  Acc@1:   0.000 (  0.000)  Acc@5:   0.000 (  0.066)
Test: [  95/781]  Time: 0.257 (0.230)  Loss:   7.077 ( 6.911)  Acc@1:   0.000 (  0.000)  Acc@5:   0.000 (  0.065)
Test: [  96/781]  Time: 0.259 (0.230)  Loss:   6.784 ( 6.910)  Acc@1:   1.562 (  0.016)  Acc@5:   3.125 (  0.097)
Test: [  97/781]  Time: 0.251 (0.230)  Loss:   6.851 ( 6.909)  Acc@1:   0.000 (  0.016)  Acc@5:   0.000 (  0.096)
Test: [  98/781]  Time: 0.243 (0.230)  Loss:   6.865 ( 6.908)  Acc@1:   0.000 (  0.016)  Acc@5:   0.000 (  0.095)
Test: [  99/781]  Time: 0.254 (0.231)  Loss:   6.973 ( 6.909)  Acc@1:   0.000 (  0.016)  Acc@5:   0.000 (  0.094)
Test: [ 100/781]  Time: 0.255 (0.231)  Loss:   6.877 ( 6.909)  Acc@1:   0.000 (  0.015)  Acc@5:   0.000 (  0.093)
Test: [ 101/781]  Time: 0.276 (0.231)  Loss:   6.810 ( 6.908)  Acc@1:   0.000 (  0.015)  Acc@5:   0.000 (  0.092)
Test: [ 102/781]  Time: 0.293 (0.232)  Loss:   6.782 ( 6.907)  Acc@1:   0.000 (  0.015)  Acc@5:   0.000 (  0.091)
Test: [ 103/781]  Time: 0.286 (0.232)  Loss:   6.915 ( 6.907)  Acc@1:   0.000 (  0.015)  Acc@5:   0.000 (  0.090)
Test: [ 104/781]  Time: 0.281 (0.233)  Loss:   6.894 ( 6.907)  Acc@1:   0.000 (  0.015)  Acc@5:   0.000 (  0.089)
Test: [ 105/781]  Time: 0.296 (0.233)  Loss:   6.938 ( 6.907)  Acc@1:   0.000 (  0.015)  Acc@5:   0.000 (  0.088)
Test: [ 106/781]  Time: 0.320 (0.234)  Loss:   6.933 ( 6.907)  Acc@1:   0.000 (  0.015)  Acc@5:   0.000 (  0.088)
Test: [ 107/781]  Time: 0.313 (0.235)  Loss:   6.879 ( 6.907)  Acc@1:   0.000 (  0.014)  Acc@5:   0.000 (  0.087)
Test: [ 108/781]  Time: 0.292 (0.235)  Loss:   6.987 ( 6.908)  Acc@1:   0.000 (  0.014)  Acc@5:   0.000 (  0.086)
Test: [ 109/781]  Time: 0.297 (0.236)  Loss:   7.003 ( 6.908)  Acc@1:   0.000 (  0.014)  Acc@5:   0.000 (  0.085)
Test: [ 110/781]  Time: 0.305 (0.237)  Loss:   6.896 ( 6.908)  Acc@1:   0.000 (  0.014)  Acc@5:   0.000 (  0.084)
Test: [ 111/781]  Time: 0.309 (0.237)  Loss:   6.909 ( 6.908)  Acc@1:   0.000 (  0.014)  Acc@5:   0.000 (  0.084)
Test: [ 112/781]  Time: 0.310 (0.238)  Loss:   6.824 ( 6.908)  Acc@1:   0.000 (  0.014)  Acc@5:   0.000 (  0.083)
Test: [ 113/781]  Time: 0.298 (0.238)  Loss:   6.923 ( 6.908)  Acc@1:   0.000 (  0.014)  Acc@5:   0.000 (  0.082)
Test: [ 114/781]  Time: 0.319 (0.239)  Loss:   6.956 ( 6.908)  Acc@1:   0.000 (  0.014)  Acc@5:   0.000 (  0.082)
Test: [ 115/781]  Time: 0.307 (0.240)  Loss:   6.940 ( 6.908)  Acc@1:   0.000 (  0.013)  Acc@5:   0.000 (  0.081)
Test: [ 116/781]  Time: 0.315 (0.240)  Loss:   6.821 ( 6.908)  Acc@1:   0.000 (  0.013)  Acc@5:   0.000 (  0.080)
Test: [ 117/781]  Time: 0.295 (0.241)  Loss:   6.845 ( 6.907)  Acc@1:   0.000 (  0.013)  Acc@5:   0.000 (  0.079)
Test: [ 118/781]  Time: 0.306 (0.241)  Loss:   6.983 ( 6.908)  Acc@1:   0.000 (  0.013)  Acc@5:   0.000 (  0.079)
Test: [ 119/781]  Time: 0.310 (0.242)  Loss:   6.895 ( 6.908)  Acc@1:   0.000 (  0.013)  Acc@5:   0.000 (  0.078)
Test: [ 120/781]  Time: 0.304 (0.242)  Loss:   6.918 ( 6.908)  Acc@1:   0.000 (  0.013)  Acc@5:   0.000 (  0.077)
Test: [ 121/781]  Time: 0.295 (0.243)  Loss:   6.966 ( 6.908)  Acc@1:   0.000 (  0.013)  Acc@5:   0.000 (  0.077)
Test: [ 122/781]  Time: 0.308 (0.243)  Loss:   6.889 ( 6.908)  Acc@1:   0.000 (  0.013)  Acc@5:   0.000 (  0.076)
Test: [ 123/781]  Time: 0.303 (0.244)  Loss:   6.789 ( 6.907)  Acc@1:   0.000 (  0.013)  Acc@5:   0.000 (  0.076)
Test: [ 124/781]  Time: 0.306 (0.244)  Loss:   6.956 ( 6.908)  Acc@1:   0.000 (  0.013)  Acc@5:   4.688 (  0.113)
Test: [ 125/781]  Time: 0.305 (0.245)  Loss:   6.886 ( 6.907)  Acc@1:   0.000 (  0.012)  Acc@5:   0.000 (  0.112)
Test: [ 126/781]  Time: 0.316 (0.245)  Loss:   6.945 ( 6.908)  Acc@1:   0.000 (  0.012)  Acc@5:   0.000 (  0.111)
Test: [ 127/781]  Time: 0.321 (0.246)  Loss:   6.910 ( 6.908)  Acc@1:   0.000 (  0.012)  Acc@5:   0.000 (  0.110)
Test: [ 128/781]  Time: 0.317 (0.247)  Loss:   6.867 ( 6.907)  Acc@1:   0.000 (  0.012)  Acc@5:   0.000 (  0.109)
Test: [ 129/781]  Time: 0.328 (0.247)  Loss:   6.837 ( 6.907)  Acc@1:   0.000 (  0.012)  Acc@5:   0.000 (  0.108)
Test: [ 130/781]  Time: 0.335 (0.248)  Loss:   6.882 ( 6.907)  Acc@1:   0.000 (  0.012)  Acc@5:   0.000 (  0.107)
Test: [ 131/781]  Time: 0.332 (0.249)  Loss:   6.870 ( 6.906)  Acc@1:   0.000 (  0.012)  Acc@5:   0.000 (  0.107)
Test: [ 132/781]  Time: 0.322 (0.249)  Loss:   6.875 ( 6.906)  Acc@1:   0.000 (  0.012)  Acc@5:   0.000 (  0.106)
Test: [ 133/781]  Time: 0.322 (0.250)  Loss:   6.789 ( 6.905)  Acc@1:  12.500 (  0.105)  Acc@5:  29.688 (  0.326)
Test: [ 134/781]  Time: 0.335 (0.250)  Loss:   6.834 ( 6.905)  Acc@1:   4.688 (  0.139)  Acc@5:  23.438 (  0.498)
Test: [ 135/781]  Time: 0.328 (0.251)  Loss:   6.902 ( 6.905)  Acc@1:   0.000 (  0.138)  Acc@5:   0.000 (  0.494)
Test: [ 136/781]  Time: 0.323 (0.251)  Loss:   6.889 ( 6.905)  Acc@1:   0.000 (  0.137)  Acc@5:   0.000 (  0.490)
Test: [ 137/781]  Time: 0.326 (0.252)  Loss:   6.951 ( 6.905)  Acc@1:   0.000 (  0.136)  Acc@5:   0.000 (  0.487)
Test: [ 138/781]  Time: 0.329 (0.252)  Loss:   6.840 ( 6.904)  Acc@1:   0.000 (  0.135)  Acc@5:   0.000 (  0.483)
Test: [ 139/781]  Time: 0.326 (0.253)  Loss:   6.901 ( 6.904)  Acc@1:   0.000 (  0.134)  Acc@5:   0.000 (  0.480)
Test: [ 140/781]  Time: 0.326 (0.253)  Loss:   6.858 ( 6.904)  Acc@1:   0.000 (  0.133)  Acc@5:   0.000 (  0.477)
Test: [ 141/781]  Time: 0.339 (0.254)  Loss:   6.848 ( 6.904)  Acc@1:   0.000 (  0.132)  Acc@5:   0.000 (  0.473)
Test: [ 142/781]  Time: 0.328 (0.255)  Loss:   6.781 ( 6.903)  Acc@1:   0.000 (  0.131)  Acc@5:   0.000 (  0.470)
Test: [ 143/781]  Time: 0.331 (0.255)  Loss:   6.856 ( 6.902)  Acc@1:   0.000 (  0.130)  Acc@5:   0.000 (  0.467)
Test: [ 144/781]  Time: 0.326 (0.256)  Loss:   6.960 ( 6.903)  Acc@1:   0.000 (  0.129)  Acc@5:   0.000 (  0.463)
Test: [ 145/781]  Time: 0.325 (0.256)  Loss:   6.974 ( 6.903)  Acc@1:   0.000 (  0.128)  Acc@5:   0.000 (  0.460)
Test: [ 146/781]  Time: 0.331 (0.257)  Loss:   7.017 ( 6.904)  Acc@1:   0.000 (  0.128)  Acc@5:   0.000 (  0.457)
Test: [ 147/781]  Time: 0.327 (0.257)  Loss:   6.882 ( 6.904)  Acc@1:   0.000 (  0.127)  Acc@5:   0.000 (  0.454)
Test: [ 148/781]  Time: 0.326 (0.258)  Loss:   6.939 ( 6.904)  Acc@1:   0.000 (  0.126)  Acc@5:   0.000 (  0.451)
Test: [ 149/781]  Time: 0.328 (0.258)  Loss:   6.911 ( 6.904)  Acc@1:   0.000 (  0.125)  Acc@5:   0.000 (  0.448)
Test: [ 150/781]  Time: 0.331 (0.258)  Loss:   6.823 ( 6.904)  Acc@1:   0.000 (  0.124)  Acc@5:   0.000 (  0.445)
Test: [ 151/781]  Time: 0.334 (0.259)  Loss:   6.942 ( 6.904)  Acc@1:   0.000 (  0.123)  Acc@5:   0.000 (  0.442)
Test: [ 152/781]  Time: 0.339 (0.260)  Loss:   6.979 ( 6.904)  Acc@1:   0.000 (  0.123)  Acc@5:   0.000 (  0.439)
Test: [ 153/781]  Time: 0.326 (0.260)  Loss:   6.818 ( 6.904)  Acc@1:   0.000 (  0.122)  Acc@5:   0.000 (  0.436)
Test: [ 154/781]  Time: 0.335 (0.260)  Loss:   6.943 ( 6.904)  Acc@1:   0.000 (  0.121)  Acc@5:   0.000 (  0.433)
Test: [ 155/781]  Time: 0.338 (0.261)  Loss:   6.951 ( 6.904)  Acc@1:   0.000 (  0.120)  Acc@5:   0.000 (  0.431)
Test: [ 156/781]  Time: 0.329 (0.261)  Loss:   7.017 ( 6.905)  Acc@1:   0.000 (  0.119)  Acc@5:   0.000 (  0.428)
Test: [ 157/781]  Time: 0.331 (0.262)  Loss:   6.879 ( 6.905)  Acc@1:   0.000 (  0.119)  Acc@5:   0.000 (  0.425)
Test: [ 158/781]  Time: 0.326 (0.262)  Loss:   6.862 ( 6.905)  Acc@1:   0.000 (  0.118)  Acc@5:   0.000 (  0.423)
Test: [ 159/781]  Time: 0.343 (0.263)  Loss:   6.869 ( 6.905)  Acc@1:   0.000 (  0.117)  Acc@5:   0.000 (  0.420)
Test: [ 160/781]  Time: 0.321 (0.263)  Loss:   6.959 ( 6.905)  Acc@1:   0.000 (  0.116)  Acc@5:   0.000 (  0.417)
Test: [ 161/781]  Time: 0.342 (0.264)  Loss:   7.034 ( 6.906)  Acc@1:   0.000 (  0.116)  Acc@5:   0.000 (  0.415)
Test: [ 162/781]  Time: 0.333 (0.264)  Loss:   6.909 ( 6.906)  Acc@1:   0.000 (  0.115)  Acc@5:   0.000 (  0.412)
Test: [ 163/781]  Time: 0.345 (0.264)  Loss:   6.827 ( 6.905)  Acc@1:   0.000 (  0.114)  Acc@5:   0.000 (  0.410)
Test: [ 164/781]  Time: 0.326 (0.265)  Loss:   6.849 ( 6.905)  Acc@1:   0.000 (  0.114)  Acc@5:   0.000 (  0.407)
Test: [ 165/781]  Time: 0.329 (0.265)  Loss:   6.984 ( 6.905)  Acc@1:   0.000 (  0.113)  Acc@5:   0.000 (  0.405)
Test: [ 166/781]  Time: 0.336 (0.266)  Loss:   6.917 ( 6.905)  Acc@1:   0.000 (  0.112)  Acc@5:   0.000 (  0.402)
Test: [ 167/781]  Time: 0.341 (0.266)  Loss:   6.955 ( 6.906)  Acc@1:   0.000 (  0.112)  Acc@5:   0.000 (  0.400)
Test: [ 168/781]  Time: 0.335 (0.267)  Loss:   6.979 ( 6.906)  Acc@1:   0.000 (  0.111)  Acc@5:   0.000 (  0.398)
Test: [ 169/781]  Time: 0.337 (0.267)  Loss:   6.927 ( 6.906)  Acc@1:   0.000 (  0.110)  Acc@5:   0.000 (  0.395)
Test: [ 170/781]  Time: 0.321 (0.267)  Loss:   7.067 ( 6.907)  Acc@1:   0.000 (  0.110)  Acc@5:   0.000 (  0.393)
Test: [ 171/781]  Time: 0.347 (0.268)  Loss:   6.861 ( 6.907)  Acc@1:   0.000 (  0.109)  Acc@5:   0.000 (  0.391)
Test: [ 172/781]  Time: 0.327 (0.268)  Loss:   6.851 ( 6.907)  Acc@1:   0.000 (  0.108)  Acc@5:   0.000 (  0.388)
Test: [ 173/781]  Time: 0.341 (0.268)  Loss:   6.877 ( 6.906)  Acc@1:   0.000 (  0.108)  Acc@5:   0.000 (  0.386)
Test: [ 174/781]  Time: 0.343 (0.269)  Loss:   6.964 ( 6.907)  Acc@1:   0.000 (  0.107)  Acc@5:   0.000 (  0.384)
Test: [ 175/781]  Time: 0.356 (0.269)  Loss:   6.930 ( 6.907)  Acc@1:   0.000 (  0.107)  Acc@5:   0.000 (  0.382)
Test: [ 176/781]  Time: 0.341 (0.270)  Loss:   6.892 ( 6.907)  Acc@1:   0.000 (  0.106)  Acc@5:   0.000 (  0.380)
Test: [ 177/781]  Time: 0.352 (0.270)  Loss:   6.918 ( 6.907)  Acc@1:   0.000 (  0.105)  Acc@5:   0.000 (  0.377)
Test: [ 178/781]  Time: 0.335 (0.271)  Loss:   6.891 ( 6.907)  Acc@1:   0.000 (  0.105)  Acc@5:   0.000 (  0.375)
Test: [ 179/781]  Time: 0.349 (0.271)  Loss:   6.968 ( 6.907)  Acc@1:   0.000 (  0.104)  Acc@5:   0.000 (  0.373)
Test: [ 180/781]  Time: 0.338 (0.271)  Loss:   6.995 ( 6.908)  Acc@1:   0.000 (  0.104)  Acc@5:   0.000 (  0.371)
Test: [ 181/781]  Time: 0.349 (0.272)  Loss:   6.921 ( 6.908)  Acc@1:   0.000 (  0.103)  Acc@5:   0.000 (  0.369)
Test: [ 182/781]  Time: 0.331 (0.272)  Loss:   7.027 ( 6.908)  Acc@1:   0.000 (  0.102)  Acc@5:   0.000 (  0.367)
Test: [ 183/781]  Time: 0.341 (0.273)  Loss:   6.941 ( 6.909)  Acc@1:   0.000 (  0.102)  Acc@5:   0.000 (  0.365)
Test: [ 184/781]  Time: 0.335 (0.273)  Loss:   6.805 ( 6.908)  Acc@1:   0.000 (  0.101)  Acc@5:   0.000 (  0.363)
Test: [ 185/781]  Time: 0.339 (0.273)  Loss:   6.787 ( 6.907)  Acc@1:   0.000 (  0.101)  Acc@5:   0.000 (  0.361)
Test: [ 186/781]  Time: 0.344 (0.274)  Loss:   6.907 ( 6.907)  Acc@1:   0.000 (  0.100)  Acc@5:   0.000 (  0.359)
Test: [ 187/781]  Time: 0.335 (0.274)  Loss:   6.938 ( 6.907)  Acc@1:   0.000 (  0.100)  Acc@5:   0.000 (  0.357)
Test: [ 188/781]  Time: 0.338 (0.274)  Loss:   6.823 ( 6.907)  Acc@1:   0.000 (  0.099)  Acc@5:   0.000 (  0.355)
Test: [ 189/781]  Time: 0.338 (0.275)  Loss:   6.799 ( 6.906)  Acc@1:   0.000 (  0.099)  Acc@5:   0.000 (  0.354)
Test: [ 190/781]  Time: 0.332 (0.275)  Loss:   6.841 ( 6.906)  Acc@1:   0.000 (  0.098)  Acc@5:   0.000 (  0.352)
Test: [ 191/781]  Time: 0.341 (0.275)  Loss:   6.910 ( 6.906)  Acc@1:   0.000 (  0.098)  Acc@5:   0.000 (  0.350)
Test: [ 192/781]  Time: 0.339 (0.276)  Loss:   6.865 ( 6.906)  Acc@1:   0.000 (  0.097)  Acc@5:   0.000 (  0.348)
Test: [ 193/781]  Time: 0.344 (0.276)  Loss:   6.937 ( 6.906)  Acc@1:   0.000 (  0.097)  Acc@5:   0.000 (  0.346)
Test: [ 194/781]  Time: 0.333 (0.276)  Loss:   6.984 ( 6.906)  Acc@1:   0.000 (  0.096)  Acc@5:   0.000 (  0.345)
Test: [ 195/781]  Time: 0.348 (0.277)  Loss:   6.932 ( 6.907)  Acc@1:   0.000 (  0.096)  Acc@5:   0.000 (  0.343)
Test: [ 196/781]  Time: 0.348 (0.277)  Loss:   6.912 ( 6.907)  Acc@1:   0.000 (  0.095)  Acc@5:   0.000 (  0.341)
Test: [ 197/781]  Time: 0.352 (0.277)  Loss:   6.967 ( 6.907)  Acc@1:   0.000 (  0.095)  Acc@5:   0.000 (  0.339)
Test: [ 198/781]  Time: 0.341 (0.278)  Loss:   6.907 ( 6.907)  Acc@1:   0.000 (  0.094)  Acc@5:   0.000 (  0.338)
Test: [ 199/781]  Time: 0.344 (0.278)  Loss:   6.761 ( 6.906)  Acc@1:   0.000 (  0.094)  Acc@5:   0.000 (  0.336)
Test: [ 200/781]  Time: 0.337 (0.278)  Loss:   6.854 ( 6.906)  Acc@1:   0.000 (  0.093)  Acc@5:   0.000 (  0.334)
Test: [ 201/781]  Time: 0.341 (0.279)  Loss:   6.902 ( 6.906)  Acc@1:   0.000 (  0.093)  Acc@5:   0.000 (  0.333)
Test: [ 202/781]  Time: 0.342 (0.279)  Loss:   6.912 ( 6.906)  Acc@1:   0.000 (  0.092)  Acc@5:   0.000 (  0.331)
Test: [ 203/781]  Time: 0.342 (0.279)  Loss:   6.979 ( 6.906)  Acc@1:   0.000 (  0.092)  Acc@5:   0.000 (  0.329)
Test: [ 204/781]  Time: 0.355 (0.280)  Loss:   6.944 ( 6.907)  Acc@1:   0.000 (  0.091)  Acc@5:   0.000 (  0.328)
Test: [ 205/781]  Time: 0.336 (0.280)  Loss:   6.914 ( 6.907)  Acc@1:   0.000 (  0.091)  Acc@5:   0.000 (  0.326)
Test: [ 206/781]  Time: 0.343 (0.280)  Loss:   6.812 ( 6.906)  Acc@1:   0.000 (  0.091)  Acc@5:   0.000 (  0.325)
Test: [ 207/781]  Time: 0.356 (0.281)  Loss:   6.787 ( 6.906)  Acc@1:   0.000 (  0.090)  Acc@5:   0.000 (  0.323)
Test: [ 208/781]  Time: 0.321 (0.281)  Loss:   6.835 ( 6.905)  Acc@1:   0.000 (  0.090)  Acc@5:   0.000 (  0.321)
Test: [ 209/781]  Time: 0.324 (0.281)  Loss:   6.881 ( 6.905)  Acc@1:   0.000 (  0.089)  Acc@5:   0.000 (  0.320)
Test: [ 210/781]  Time: 0.336 (0.281)  Loss:   7.008 ( 6.906)  Acc@1:   0.000 (  0.089)  Acc@5:   0.000 (  0.318)
Test: [ 211/781]  Time: 0.328 (0.281)  Loss:   6.890 ( 6.905)  Acc@1:   0.000 (  0.088)  Acc@5:   0.000 (  0.317)
Test: [ 212/781]  Time: 0.340 (0.282)  Loss:   6.886 ( 6.905)  Acc@1:   0.000 (  0.088)  Acc@5:   0.000 (  0.315)
Test: [ 213/781]  Time: 0.347 (0.282)  Loss:   6.850 ( 6.905)  Acc@1:   0.000 (  0.088)  Acc@5:   0.000 (  0.314)
Test: [ 214/781]  Time: 0.339 (0.282)  Loss:   6.967 ( 6.905)  Acc@1:   0.000 (  0.087)  Acc@5:   0.000 (  0.312)
Test: [ 215/781]  Time: 0.345 (0.283)  Loss:   6.967 ( 6.906)  Acc@1:   0.000 (  0.087)  Acc@5:   0.000 (  0.311)
Test: [ 216/781]  Time: 0.332 (0.283)  Loss:   6.941 ( 6.906)  Acc@1:   0.000 (  0.086)  Acc@5:   0.000 (  0.310)
Test: [ 217/781]  Time: 0.320 (0.283)  Loss:   6.935 ( 6.906)  Acc@1:   0.000 (  0.086)  Acc@5:   0.000 (  0.308)
Test: [ 218/781]  Time: 0.314 (0.283)  Loss:   6.831 ( 6.906)  Acc@1:   0.000 (  0.086)  Acc@5:   0.000 (  0.307)
Test: [ 219/781]  Time: 0.325 (0.283)  Loss:   6.963 ( 6.906)  Acc@1:   0.000 (  0.085)  Acc@5:   0.000 (  0.305)
Test: [ 220/781]  Time: 0.301 (0.283)  Loss:   7.033 ( 6.906)  Acc@1:   0.000 (  0.085)  Acc@5:   0.000 (  0.304)
Test: [ 221/781]  Time: 0.319 (0.284)  Loss:   6.882 ( 6.906)  Acc@1:   0.000 (  0.084)  Acc@5:   0.000 (  0.303)
Test: [ 222/781]  Time: 0.303 (0.284)  Loss:   6.839 ( 6.906)  Acc@1:   0.000 (  0.084)  Acc@5:   0.000 (  0.301)
Test: [ 223/781]  Time: 0.306 (0.284)  Loss:   6.917 ( 6.906)  Acc@1:   0.000 (  0.084)  Acc@5:   0.000 (  0.300)
Test: [ 224/781]  Time: 0.317 (0.284)  Loss:   6.842 ( 6.906)  Acc@1:   0.000 (  0.083)  Acc@5:   0.000 (  0.299)
Test: [ 225/781]  Time: 0.312 (0.284)  Loss:   6.797 ( 6.905)  Acc@1:   0.000 (  0.083)  Acc@5:   0.000 (  0.297)
Test: [ 226/781]  Time: 0.305 (0.284)  Loss:   6.677 ( 6.904)  Acc@1:  15.625 (  0.151)  Acc@5:  40.625 (  0.475)
Test: [ 227/781]  Time: 0.317 (0.284)  Loss:   6.725 ( 6.904)  Acc@1:  10.938 (  0.199)  Acc@5:  26.562 (  0.589)
Test: [ 228/781]  Time: 0.309 (0.284)  Loss:   6.906 ( 6.904)  Acc@1:   0.000 (  0.198)  Acc@5:   0.000 (  0.587)
Test: [ 229/781]  Time: 0.307 (0.284)  Loss:   6.816 ( 6.903)  Acc@1:   0.000 (  0.197)  Acc@5:   0.000 (  0.584)
Test: [ 230/781]  Time: 0.325 (0.285)  Loss:   6.888 ( 6.903)  Acc@1:   0.000 (  0.196)  Acc@5:   0.000 (  0.582)
Test: [ 231/781]  Time: 0.317 (0.285)  Loss:   6.791 ( 6.903)  Acc@1:   0.000 (  0.195)  Acc@5:   1.562 (  0.586)
Test: [ 232/781]  Time: 0.313 (0.285)  Loss:   6.836 ( 6.902)  Acc@1:   0.000 (  0.194)  Acc@5:   0.000 (  0.583)
Test: [ 233/781]  Time: 0.303 (0.285)  Loss:   6.786 ( 6.902)  Acc@1:   0.000 (  0.194)  Acc@5:   0.000 (  0.581)
Test: [ 234/781]  Time: 0.311 (0.285)  Loss:   6.853 ( 6.902)  Acc@1:   0.000 (  0.193)  Acc@5:   0.000 (  0.578)
Test: [ 235/781]  Time: 0.295 (0.285)  Loss:   6.964 ( 6.902)  Acc@1:   0.000 (  0.192)  Acc@5:   0.000 (  0.576)
Test: [ 236/781]  Time: 0.295 (0.285)  Loss:   6.815 ( 6.902)  Acc@1:   0.000 (  0.191)  Acc@5:   0.000 (  0.574)
Test: [ 237/781]  Time: 0.312 (0.285)  Loss:   6.855 ( 6.901)  Acc@1:   0.000 (  0.190)  Acc@5:   0.000 (  0.571)
Test: [ 238/781]  Time: 0.309 (0.285)  Loss:   6.773 ( 6.901)  Acc@1:   0.000 (  0.190)  Acc@5:   0.000 (  0.569)
Test: [ 239/781]  Time: 0.313 (0.285)  Loss:   6.860 ( 6.901)  Acc@1:   0.000 (  0.189)  Acc@5:   0.000 (  0.566)
Test: [ 240/781]  Time: 0.290 (0.285)  Loss:   7.005 ( 6.901)  Acc@1:   0.000 (  0.188)  Acc@5:   0.000 (  0.564)
Test: [ 241/781]  Time: 0.292 (0.286)  Loss:   6.921 ( 6.901)  Acc@1:   0.000 (  0.187)  Acc@5:   0.000 (  0.562)
Test: [ 242/781]  Time: 0.302 (0.286)  Loss:   6.954 ( 6.901)  Acc@1:   0.000 (  0.186)  Acc@5:   0.000 (  0.559)
Test: [ 243/781]  Time: 0.299 (0.286)  Loss:   6.892 ( 6.901)  Acc@1:   0.000 (  0.186)  Acc@5:   0.000 (  0.557)
Test: [ 244/781]  Time: 0.295 (0.286)  Loss:   6.897 ( 6.901)  Acc@1:   0.000 (  0.185)  Acc@5:   0.000 (  0.555)
Test: [ 245/781]  Time: 0.287 (0.286)  Loss:   6.913 ( 6.901)  Acc@1:   0.000 (  0.184)  Acc@5:   0.000 (  0.553)
Test: [ 246/781]  Time: 0.302 (0.286)  Loss:   6.956 ( 6.902)  Acc@1:   0.000 (  0.183)  Acc@5:   0.000 (  0.550)
Test: [ 247/781]  Time: 0.304 (0.286)  Loss:   6.853 ( 6.901)  Acc@1:   0.000 (  0.183)  Acc@5:   0.000 (  0.548)
Test: [ 248/781]  Time: 0.297 (0.286)  Loss:   6.956 ( 6.902)  Acc@1:   0.000 (  0.182)  Acc@5:   0.000 (  0.546)
Test: [ 249/781]  Time: 0.285 (0.286)  Loss:   7.046 ( 6.902)  Acc@1:   0.000 (  0.181)  Acc@5:   0.000 (  0.544)
Test: [ 250/781]  Time: 0.273 (0.286)  Loss:   6.907 ( 6.902)  Acc@1:   0.000 (  0.181)  Acc@5:   0.000 (  0.542)
Test: [ 251/781]  Time: 0.288 (0.286)  Loss:   6.917 ( 6.902)  Acc@1:   0.000 (  0.180)  Acc@5:   0.000 (  0.539)
Test: [ 252/781]  Time: 0.282 (0.286)  Loss:   6.777 ( 6.902)  Acc@1:   0.000 (  0.179)  Acc@5:   0.000 (  0.537)
Test: [ 253/781]  Time: 0.315 (0.286)  Loss:   6.803 ( 6.901)  Acc@1:   0.000 (  0.178)  Acc@5:   0.000 (  0.535)
Test: [ 254/781]  Time: 0.296 (0.286)  Loss:   7.055 ( 6.902)  Acc@1:   0.000 (  0.178)  Acc@5:   0.000 (  0.533)
Test: [ 255/781]  Time: 0.306 (0.286)  Loss:   6.998 ( 6.902)  Acc@1:   0.000 (  0.177)  Acc@5:   0.000 (  0.531)
Test: [ 256/781]  Time: 0.296 (0.286)  Loss:   6.801 ( 6.902)  Acc@1:   0.000 (  0.176)  Acc@5:   0.000 (  0.529)
Test: [ 257/781]  Time: 0.294 (0.286)  Loss:   6.944 ( 6.902)  Acc@1:   0.000 (  0.176)  Acc@5:   0.000 (  0.527)
Test: [ 258/781]  Time: 0.298 (0.286)  Loss:   6.920 ( 6.902)  Acc@1:   0.000 (  0.175)  Acc@5:   0.000 (  0.525)
Test: [ 259/781]  Time: 0.292 (0.286)  Loss:   6.989 ( 6.903)  Acc@1:   0.000 (  0.174)  Acc@5:   0.000 (  0.523)
Test: [ 260/781]  Time: 0.294 (0.286)  Loss:   6.869 ( 6.902)  Acc@1:   0.000 (  0.174)  Acc@5:   0.000 (  0.521)
Test: [ 261/781]  Time: 0.299 (0.286)  Loss:   7.073 ( 6.903)  Acc@1:   0.000 (  0.173)  Acc@5:   0.000 (  0.519)
Test: [ 262/781]  Time: 0.308 (0.286)  Loss:   7.076 ( 6.904)  Acc@1:   0.000 (  0.172)  Acc@5:   0.000 (  0.517)
Test: [ 263/781]  Time: 0.289 (0.286)  Loss:   6.926 ( 6.904)  Acc@1:   0.000 (  0.172)  Acc@5:   0.000 (  0.515)
Test: [ 264/781]  Time: 0.293 (0.286)  Loss:   6.986 ( 6.904)  Acc@1:   0.000 (  0.171)  Acc@5:   0.000 (  0.513)
Test: [ 265/781]  Time: 0.304 (0.286)  Loss:   6.999 ( 6.904)  Acc@1:   0.000 (  0.170)  Acc@5:   0.000 (  0.511)
Test: [ 266/781]  Time: 0.311 (0.287)  Loss:   6.807 ( 6.904)  Acc@1:  10.938 (  0.211)  Acc@5:  43.750 (  0.673)
Test: [ 267/781]  Time: 0.295 (0.287)  Loss:   7.016 ( 6.905)  Acc@1:   3.125 (  0.222)  Acc@5:  17.188 (  0.735)
Test: [ 268/781]  Time: 0.300 (0.287)  Loss:   6.968 ( 6.905)  Acc@1:   0.000 (  0.221)  Acc@5:   0.000 (  0.732)
Test: [ 269/781]  Time: 0.298 (0.287)  Loss:   7.081 ( 6.905)  Acc@1:   0.000 (  0.220)  Acc@5:   0.000 (  0.729)
Test: [ 270/781]  Time: 0.306 (0.287)  Loss:   6.986 ( 6.906)  Acc@1:   0.000 (  0.219)  Acc@5:   0.000 (  0.726)
Test: [ 271/781]  Time: 0.291 (0.287)  Loss:   7.106 ( 6.906)  Acc@1:   0.000 (  0.218)  Acc@5:   0.000 (  0.724)
Test: [ 272/781]  Time: 0.281 (0.287)  Loss:   6.928 ( 6.907)  Acc@1:   0.000 (  0.217)  Acc@5:   0.000 (  0.721)
Test: [ 273/781]  Time: 0.301 (0.287)  Loss:   6.854 ( 6.906)  Acc@1:   0.000 (  0.217)  Acc@5:   0.000 (  0.719)
Test: [ 274/781]  Time: 0.303 (0.287)  Loss:   6.904 ( 6.906)  Acc@1:   0.000 (  0.216)  Acc@5:   0.000 (  0.716)
Test: [ 275/781]  Time: 0.305 (0.287)  Loss:   6.843 ( 6.906)  Acc@1:   0.000 (  0.215)  Acc@5:   0.000 (  0.713)
Test: [ 276/781]  Time: 0.305 (0.287)  Loss:   6.920 ( 6.906)  Acc@1:   0.000 (  0.214)  Acc@5:   0.000 (  0.711)
Test: [ 277/781]  Time: 0.302 (0.287)  Loss:   7.052 ( 6.907)  Acc@1:   0.000 (  0.214)  Acc@5:   0.000 (  0.708)
Test: [ 278/781]  Time: 0.305 (0.287)  Loss:   6.910 ( 6.907)  Acc@1:   0.000 (  0.213)  Acc@5:   0.000 (  0.706)
Test: [ 279/781]  Time: 0.309 (0.287)  Loss:   6.995 ( 6.907)  Acc@1:   0.000 (  0.212)  Acc@5:   0.000 (  0.703)
Test: [ 280/781]  Time: 0.273 (0.287)  Loss:   6.927 ( 6.907)  Acc@1:   0.000 (  0.211)  Acc@5:   0.000 (  0.701)
Test: [ 281/781]  Time: 0.277 (0.287)  Loss:   6.837 ( 6.907)  Acc@1:   0.000 (  0.211)  Acc@5:   0.000 (  0.698)
Test: [ 282/781]  Time: 0.287 (0.287)  Loss:   6.862 ( 6.907)  Acc@1:   0.000 (  0.210)  Acc@5:   0.000 (  0.696)
Test: [ 283/781]  Time: 0.286 (0.287)  Loss:   6.891 ( 6.907)  Acc@1:   0.000 (  0.209)  Acc@5:   0.000 (  0.693)
Test: [ 284/781]  Time: 0.290 (0.287)  Loss:   6.987 ( 6.907)  Acc@1:   0.000 (  0.208)  Acc@5:   0.000 (  0.691)
Test: [ 285/781]  Time: 0.304 (0.287)  Loss:   6.941 ( 6.907)  Acc@1:   0.000 (  0.208)  Acc@5:   0.000 (  0.688)
Test: [ 286/781]  Time: 0.280 (0.287)  Loss:   6.942 ( 6.907)  Acc@1:   0.000 (  0.207)  Acc@5:   0.000 (  0.686)
Test: [ 287/781]  Time: 0.304 (0.287)  Loss:   6.937 ( 6.907)  Acc@1:   0.000 (  0.206)  Acc@5:   0.000 (  0.684)
Test: [ 288/781]  Time: 0.324 (0.287)  Loss:   7.065 ( 6.908)  Acc@1:   0.000 (  0.205)  Acc@5:   0.000 (  0.681)
Test: [ 289/781]  Time: 0.304 (0.287)  Loss:   7.046 ( 6.908)  Acc@1:   0.000 (  0.205)  Acc@5:   0.000 (  0.679)
Test: [ 290/781]  Time: 0.311 (0.287)  Loss:   6.933 ( 6.908)  Acc@1:   0.000 (  0.204)  Acc@5:   0.000 (  0.677)
Test: [ 291/781]  Time: 0.314 (0.288)  Loss:   6.904 ( 6.908)  Acc@1:   0.000 (  0.203)  Acc@5:   0.000 (  0.674)
Test: [ 292/781]  Time: 0.310 (0.288)  Loss:   6.936 ( 6.908)  Acc@1:   0.000 (  0.203)  Acc@5:   0.000 (  0.672)
Test: [ 293/781]  Time: 0.339 (0.288)  Loss:   6.954 ( 6.909)  Acc@1:   0.000 (  0.202)  Acc@5:   0.000 (  0.670)
Test: [ 294/781]  Time: 0.340 (0.288)  Loss:   6.886 ( 6.908)  Acc@1:   0.000 (  0.201)  Acc@5:   0.000 (  0.667)
Test: [ 295/781]  Time: 0.365 (0.288)  Loss:   6.904 ( 6.908)  Acc@1:   0.000 (  0.201)  Acc@5:   0.000 (  0.665)
Test: [ 296/781]  Time: 0.336 (0.288)  Loss:   7.000 ( 6.909)  Acc@1:   0.000 (  0.200)  Acc@5:   0.000 (  0.663)
Test: [ 297/781]  Time: 0.343 (0.289)  Loss:   6.988 ( 6.909)  Acc@1:   0.000 (  0.199)  Acc@5:   0.000 (  0.661)
Test: [ 298/781]  Time: 0.335 (0.289)  Loss:   6.984 ( 6.909)  Acc@1:   0.000 (  0.199)  Acc@5:   0.000 (  0.658)
Test: [ 299/781]  Time: 0.333 (0.289)  Loss:   6.807 ( 6.909)  Acc@1:   0.000 (  0.198)  Acc@5:   0.000 (  0.656)
Test: [ 300/781]  Time: 0.344 (0.289)  Loss:   6.989 ( 6.909)  Acc@1:   0.000 (  0.197)  Acc@5:   0.000 (  0.654)
Test: [ 301/781]  Time: 0.361 (0.289)  Loss:   6.952 ( 6.909)  Acc@1:   0.000 (  0.197)  Acc@5:   0.000 (  0.652)
Test: [ 302/781]  Time: 0.329 (0.289)  Loss:   7.050 ( 6.910)  Acc@1:   0.000 (  0.196)  Acc@5:   0.000 (  0.650)
Test: [ 303/781]  Time: 0.351 (0.290)  Loss:   6.867 ( 6.910)  Acc@1:   0.000 (  0.195)  Acc@5:   0.000 (  0.648)
Test: [ 304/781]  Time: 0.345 (0.290)  Loss:   6.868 ( 6.910)  Acc@1:   0.000 (  0.195)  Acc@5:   0.000 (  0.645)
Test: [ 305/781]  Time: 0.356 (0.290)  Loss:   6.980 ( 6.910)  Acc@1:   0.000 (  0.194)  Acc@5:   0.000 (  0.643)
Test: [ 306/781]  Time: 0.337 (0.290)  Loss:   6.785 ( 6.909)  Acc@1:   0.000 (  0.193)  Acc@5:   0.000 (  0.641)
Test: [ 307/781]  Time: 0.359 (0.290)  Loss:   6.943 ( 6.909)  Acc@1:   0.000 (  0.193)  Acc@5:   0.000 (  0.639)
Test: [ 308/781]  Time: 0.347 (0.291)  Loss:   6.877 ( 6.909)  Acc@1:   0.000 (  0.192)  Acc@5:   0.000 (  0.637)
Test: [ 309/781]  Time: 0.341 (0.291)  Loss:   6.922 ( 6.909)  Acc@1:   0.000 (  0.192)  Acc@5:   0.000 (  0.635)
Test: [ 310/781]  Time: 0.343 (0.291)  Loss:   6.904 ( 6.909)  Acc@1:   0.000 (  0.191)  Acc@5:   0.000 (  0.633)
Test: [ 311/781]  Time: 0.329 (0.291)  Loss:   6.947 ( 6.910)  Acc@1:   0.000 (  0.190)  Acc@5:   0.000 (  0.631)
Test: [ 312/781]  Time: 0.334 (0.291)  Loss:   6.840 ( 6.909)  Acc@1:   0.000 (  0.190)  Acc@5:   0.000 (  0.629)
Test: [ 313/781]  Time: 0.336 (0.291)  Loss:   7.018 ( 6.910)  Acc@1:   0.000 (  0.189)  Acc@5:   0.000 (  0.627)
Test: [ 314/781]  Time: 0.342 (0.291)  Loss:   6.864 ( 6.909)  Acc@1:   0.000 (  0.188)  Acc@5:   0.000 (  0.625)
Test: [ 315/781]  Time: 0.346 (0.292)  Loss:   7.071 ( 6.910)  Acc@1:   0.000 (  0.188)  Acc@5:   0.000 (  0.623)
Test: [ 316/781]  Time: 0.342 (0.292)  Loss:   6.887 ( 6.910)  Acc@1:   0.000 (  0.187)  Acc@5:   0.000 (  0.621)
Test: [ 317/781]  Time: 0.324 (0.292)  Loss:   6.839 ( 6.910)  Acc@1:   0.000 (  0.187)  Acc@5:   0.000 (  0.619)
Test: [ 318/781]  Time: 0.325 (0.292)  Loss:   7.065 ( 6.910)  Acc@1:   0.000 (  0.186)  Acc@5:   0.000 (  0.617)
Test: [ 319/781]  Time: 0.341 (0.292)  Loss:   6.933 ( 6.910)  Acc@1:   0.000 (  0.186)  Acc@5:   0.000 (  0.615)
Test: [ 320/781]  Time: 0.318 (0.292)  Loss:   6.899 ( 6.910)  Acc@1:   0.000 (  0.185)  Acc@5:   0.000 (  0.613)
Test: [ 321/781]  Time: 0.341 (0.292)  Loss:   6.929 ( 6.910)  Acc@1:   0.000 (  0.184)  Acc@5:   0.000 (  0.611)
Test: [ 322/781]  Time: 0.336 (0.293)  Loss:   7.062 ( 6.911)  Acc@1:   0.000 (  0.184)  Acc@5:   0.000 (  0.610)
Test: [ 323/781]  Time: 0.339 (0.293)  Loss:   6.935 ( 6.911)  Acc@1:   0.000 (  0.183)  Acc@5:   0.000 (  0.608)
Test: [ 324/781]  Time: 0.339 (0.293)  Loss:   6.803 ( 6.910)  Acc@1:   0.000 (  0.183)  Acc@5:   0.000 (  0.606)
Test: [ 325/781]  Time: 0.329 (0.293)  Loss:   6.886 ( 6.910)  Acc@1:   0.000 (  0.182)  Acc@5:   0.000 (  0.604)
Test: [ 326/781]  Time: 0.346 (0.293)  Loss:   6.839 ( 6.910)  Acc@1:   0.000 (  0.182)  Acc@5:   0.000 (  0.602)
Test: [ 327/781]  Time: 0.338 (0.293)  Loss:   6.847 ( 6.910)  Acc@1:   0.000 (  0.181)  Acc@5:   0.000 (  0.600)
Test: [ 328/781]  Time: 0.330 (0.293)  Loss:   6.848 ( 6.910)  Acc@1:   0.000 (  0.180)  Acc@5:   0.000 (  0.598)
Test: [ 329/781]  Time: 0.332 (0.293)  Loss:   6.936 ( 6.910)  Acc@1:   0.000 (  0.180)  Acc@5:   0.000 (  0.597)
Test: [ 330/781]  Time: 0.328 (0.294)  Loss:   7.043 ( 6.910)  Acc@1:   0.000 (  0.179)  Acc@5:   0.000 (  0.595)
Test: [ 331/781]  Time: 0.330 (0.294)  Loss:   6.894 ( 6.910)  Acc@1:   0.000 (  0.179)  Acc@5:   0.000 (  0.593)
Test: [ 332/781]  Time: 0.328 (0.294)  Loss:   6.884 ( 6.910)  Acc@1:   0.000 (  0.178)  Acc@5:   0.000 (  0.591)
Test: [ 333/781]  Time: 0.328 (0.294)  Loss:   6.834 ( 6.910)  Acc@1:   0.000 (  0.178)  Acc@5:   0.000 (  0.589)
Test: [ 334/781]  Time: 0.328 (0.294)  Loss:   6.902 ( 6.910)  Acc@1:   0.000 (  0.177)  Acc@5:   0.000 (  0.588)
Test: [ 335/781]  Time: 0.320 (0.294)  Loss:   6.856 ( 6.910)  Acc@1:   0.000 (  0.177)  Acc@5:   0.000 (  0.586)
Test: [ 336/781]  Time: 0.340 (0.294)  Loss:   6.848 ( 6.910)  Acc@1:   0.000 (  0.176)  Acc@5:   0.000 (  0.584)
Test: [ 337/781]  Time: 0.335 (0.294)  Loss:   6.982 ( 6.910)  Acc@1:   0.000 (  0.176)  Acc@5:   0.000 (  0.582)
Test: [ 338/781]  Time: 0.324 (0.294)  Loss:   6.851 ( 6.910)  Acc@1:   0.000 (  0.175)  Acc@5:   0.000 (  0.581)
Test: [ 339/781]  Time: 0.324 (0.294)  Loss:   6.850 ( 6.909)  Acc@1:   0.000 (  0.175)  Acc@5:   0.000 (  0.579)
Test: [ 340/781]  Time: 0.339 (0.295)  Loss:   6.968 ( 6.910)  Acc@1:   0.000 (  0.174)  Acc@5:   0.000 (  0.577)
Test: [ 341/781]  Time: 0.318 (0.295)  Loss:   6.866 ( 6.909)  Acc@1:   0.000 (  0.174)  Acc@5:   0.000 (  0.576)
Test: [ 342/781]  Time: 0.324 (0.295)  Loss:   6.988 ( 6.910)  Acc@1:   0.000 (  0.173)  Acc@5:   0.000 (  0.574)
Test: [ 343/781]  Time: 0.323 (0.295)  Loss:   6.918 ( 6.910)  Acc@1:   0.000 (  0.173)  Acc@5:   0.000 (  0.572)
Test: [ 344/781]  Time: 0.363 (0.295)  Loss:   6.914 ( 6.910)  Acc@1:   0.000 (  0.172)  Acc@5:   0.000 (  0.571)
Test: [ 345/781]  Time: 0.331 (0.295)  Loss:   6.913 ( 6.910)  Acc@1:   0.000 (  0.172)  Acc@5:   0.000 (  0.569)
Test: [ 346/781]  Time: 0.347 (0.295)  Loss:   7.017 ( 6.910)  Acc@1:   0.000 (  0.171)  Acc@5:   0.000 (  0.567)
Test: [ 347/781]  Time: 0.317 (0.295)  Loss:   6.912 ( 6.910)  Acc@1:   0.000 (  0.171)  Acc@5:   0.000 (  0.566)
Test: [ 348/781]  Time: 0.325 (0.295)  Loss:   7.012 ( 6.910)  Acc@1:   0.000 (  0.170)  Acc@5:   0.000 (  0.564)
Test: [ 349/781]  Time: 0.318 (0.296)  Loss:   6.958 ( 6.911)  Acc@1:   0.000 (  0.170)  Acc@5:   0.000 (  0.562)
Test: [ 350/781]  Time: 0.316 (0.296)  Loss:   6.982 ( 6.911)  Acc@1:   0.000 (  0.169)  Acc@5:   0.000 (  0.561)
Test: [ 351/781]  Time: 0.306 (0.296)  Loss:   6.973 ( 6.911)  Acc@1:   0.000 (  0.169)  Acc@5:   0.000 (  0.559)
Test: [ 352/781]  Time: 0.314 (0.296)  Loss:   6.895 ( 6.911)  Acc@1:   0.000 (  0.168)  Acc@5:   0.000 (  0.558)
Test: [ 353/781]  Time: 0.329 (0.296)  Loss:   7.083 ( 6.911)  Acc@1:   0.000 (  0.168)  Acc@5:   0.000 (  0.556)
Test: [ 354/781]  Time: 0.351 (0.296)  Loss:   7.049 ( 6.912)  Acc@1:   0.000 (  0.167)  Acc@5:   0.000 (  0.555)
Test: [ 355/781]  Time: 0.332 (0.296)  Loss:   6.856 ( 6.912)  Acc@1:   0.000 (  0.167)  Acc@5:   0.000 (  0.553)
Test: [ 356/781]  Time: 0.342 (0.296)  Loss:   6.873 ( 6.911)  Acc@1:   0.000 (  0.166)  Acc@5:   0.000 (  0.551)
Test: [ 357/781]  Time: 0.369 (0.296)  Loss:   7.247 ( 6.912)  Acc@1:   0.000 (  0.166)  Acc@5:   0.000 (  0.550)
Test: [ 358/781]  Time: 0.360 (0.297)  Loss:   7.059 ( 6.913)  Acc@1:   0.000 (  0.165)  Acc@5:   0.000 (  0.548)
Test: [ 359/781]  Time: 0.345 (0.297)  Loss:   6.821 ( 6.913)  Acc@1:   0.000 (  0.165)  Acc@5:   0.000 (  0.547)
Test: [ 360/781]  Time: 0.362 (0.297)  Loss:   6.876 ( 6.912)  Acc@1:   0.000 (  0.164)  Acc@5:   0.000 (  0.545)
Test: [ 361/781]  Time: 0.354 (0.297)  Loss:   6.874 ( 6.912)  Acc@1:   0.000 (  0.164)  Acc@5:   0.000 (  0.544)
Test: [ 362/781]  Time: 0.350 (0.297)  Loss:   6.885 ( 6.912)  Acc@1:   0.000 (  0.164)  Acc@5:   0.000 (  0.542)
Test: [ 363/781]  Time: 0.338 (0.297)  Loss:   6.898 ( 6.912)  Acc@1:   0.000 (  0.163)  Acc@5:   0.000 (  0.541)
Test: [ 364/781]  Time: 0.314 (0.297)  Loss:   6.903 ( 6.912)  Acc@1:   0.000 (  0.163)  Acc@5:   0.000 (  0.539)
Test: [ 365/781]  Time: 0.345 (0.297)  Loss:   6.837 ( 6.912)  Acc@1:   0.000 (  0.162)  Acc@5:   0.000 (  0.538)
Test: [ 366/781]  Time: 0.333 (0.298)  Loss:   6.845 ( 6.912)  Acc@1:   0.000 (  0.162)  Acc@5:   0.000 (  0.536)
Test: [ 367/781]  Time: 0.325 (0.298)  Loss:   7.037 ( 6.912)  Acc@1:   0.000 (  0.161)  Acc@5:   0.000 (  0.535)
Test: [ 368/781]  Time: 0.322 (0.298)  Loss:   7.004 ( 6.912)  Acc@1:   0.000 (  0.161)  Acc@5:   0.000 (  0.534)
Test: [ 369/781]  Time: 0.317 (0.298)  Loss:   6.923 ( 6.912)  Acc@1:   0.000 (  0.160)  Acc@5:   0.000 (  0.532)
Test: [ 370/781]  Time: 0.336 (0.298)  Loss:   6.910 ( 6.912)  Acc@1:   0.000 (  0.160)  Acc@5:   0.000 (  0.531)
Test: [ 371/781]  Time: 0.310 (0.298)  Loss:   6.998 ( 6.913)  Acc@1:   0.000 (  0.160)  Acc@5:   0.000 (  0.529)
Test: [ 372/781]  Time: 0.317 (0.298)  Loss:   6.752 ( 6.912)  Acc@1:   0.000 (  0.159)  Acc@5:   7.812 (  0.549)
Test: [ 373/781]  Time: 0.315 (0.298)  Loss:   6.710 ( 6.912)  Acc@1:   3.125 (  0.167)  Acc@5:  10.938 (  0.577)
Test: [ 374/781]  Time: 0.311 (0.298)  Loss:   6.982 ( 6.912)  Acc@1:   0.000 (  0.167)  Acc@5:   0.000 (  0.575)
Test: [ 375/781]  Time: 0.305 (0.298)  Loss:   6.880 ( 6.912)  Acc@1:   0.000 (  0.166)  Acc@5:   0.000 (  0.573)
Test: [ 376/781]  Time: 0.303 (0.298)  Loss:   7.002 ( 6.912)  Acc@1:   0.000 (  0.166)  Acc@5:   0.000 (  0.572)
Test: [ 377/781]  Time: 0.305 (0.298)  Loss:   7.065 ( 6.912)  Acc@1:   0.000 (  0.165)  Acc@5:   0.000 (  0.570)
Test: [ 378/781]  Time: 0.314 (0.298)  Loss:   6.897 ( 6.912)  Acc@1:   0.000 (  0.165)  Acc@5:   0.000 (  0.569)
Test: [ 379/781]  Time: 0.308 (0.298)  Loss:   6.988 ( 6.913)  Acc@1:   0.000 (  0.164)  Acc@5:   0.000 (  0.567)
Test: [ 380/781]  Time: 0.292 (0.298)  Loss:   7.032 ( 6.913)  Acc@1:   0.000 (  0.164)  Acc@5:   0.000 (  0.566)
Test: [ 381/781]  Time: 0.211 (0.298)  Loss:   6.862 ( 6.913)  Acc@1:   0.000 (  0.164)  Acc@5:   0.000 (  0.564)
Test: [ 382/781]  Time: 0.197 (0.298)  Loss:   7.041 ( 6.913)  Acc@1:   0.000 (  0.163)  Acc@5:   0.000 (  0.563)
Test: [ 383/781]  Time: 0.196 (0.297)  Loss:   6.867 ( 6.913)  Acc@1:   0.000 (  0.163)  Acc@5:   0.000 (  0.562)
Test: [ 384/781]  Time: 0.196 (0.297)  Loss:   6.856 ( 6.913)  Acc@1:   0.000 (  0.162)  Acc@5:   0.000 (  0.560)
Test: [ 385/781]  Time: 0.186 (0.297)  Loss:   6.867 ( 6.913)  Acc@1:   0.000 (  0.162)  Acc@5:   0.000 (  0.559)
Test: [ 386/781]  Time: 0.194 (0.297)  Loss:   7.052 ( 6.913)  Acc@1:   0.000 (  0.161)  Acc@5:   0.000 (  0.557)
Test: [ 387/781]  Time: 0.184 (0.296)  Loss:   6.895 ( 6.913)  Acc@1:   0.000 (  0.161)  Acc@5:   0.000 (  0.556)
Test: [ 388/781]  Time: 0.194 (0.296)  Loss:   6.875 ( 6.913)  Acc@1:   0.000 (  0.161)  Acc@5:   0.000 (  0.554)
Test: [ 389/781]  Time: 0.196 (0.296)  Loss:   6.948 ( 6.913)  Acc@1:   0.000 (  0.160)  Acc@5:   0.000 (  0.553)
Test: [ 390/781]  Time: 0.198 (0.295)  Loss:   7.094 ( 6.913)  Acc@1:   0.000 (  0.160)  Acc@5:   0.000 (  0.551)
Test: [ 391/781]  Time: 0.189 (0.295)  Loss:   6.924 ( 6.914)  Acc@1:   0.000 (  0.159)  Acc@5:   0.000 (  0.550)
Test: [ 392/781]  Time: 0.210 (0.295)  Loss:   6.919 ( 6.914)  Acc@1:   0.000 (  0.159)  Acc@5:   0.000 (  0.549)
Test: [ 393/781]  Time: 0.183 (0.295)  Loss:   6.812 ( 6.913)  Acc@1:   0.000 (  0.159)  Acc@5:   0.000 (  0.547)
Test: [ 394/781]  Time: 0.188 (0.294)  Loss:   6.963 ( 6.913)  Acc@1:   0.000 (  0.158)  Acc@5:   0.000 (  0.546)
Test: [ 395/781]  Time: 0.187 (0.294)  Loss:   7.018 ( 6.914)  Acc@1:   0.000 (  0.158)  Acc@5:   0.000 (  0.545)
Test: [ 396/781]  Time: 0.197 (0.294)  Loss:   6.984 ( 6.914)  Acc@1:   0.000 (  0.157)  Acc@5:   0.000 (  0.543)
Test: [ 397/781]  Time: 0.197 (0.294)  Loss:   6.933 ( 6.914)  Acc@1:   0.000 (  0.157)  Acc@5:   0.000 (  0.542)
Test: [ 398/781]  Time: 0.193 (0.293)  Loss:   6.991 ( 6.914)  Acc@1:   0.000 (  0.157)  Acc@5:   0.000 (  0.540)
Test: [ 399/781]  Time: 0.190 (0.293)  Loss:   6.889 ( 6.914)  Acc@1:   0.000 (  0.156)  Acc@5:   0.000 (  0.539)
Test: [ 400/781]  Time: 0.192 (0.293)  Loss:   6.967 ( 6.914)  Acc@1:   0.000 (  0.156)  Acc@5:   0.000 (  0.538)
Test: [ 401/781]  Time: 0.200 (0.293)  Loss:   6.948 ( 6.914)  Acc@1:   0.000 (  0.155)  Acc@5:   0.000 (  0.536)
Test: [ 402/781]  Time: 0.199 (0.292)  Loss:   6.950 ( 6.914)  Acc@1:   0.000 (  0.155)  Acc@5:   0.000 (  0.535)
Test: [ 403/781]  Time: 0.192 (0.292)  Loss:   6.753 ( 6.914)  Acc@1:   0.000 (  0.155)  Acc@5:   1.562 (  0.538)
Test: [ 404/781]  Time: 0.197 (0.292)  Loss:   6.840 ( 6.914)  Acc@1:   0.000 (  0.154)  Acc@5:   0.000 (  0.536)
Test: [ 405/781]  Time: 0.192 (0.292)  Loss:   6.868 ( 6.914)  Acc@1:   0.000 (  0.154)  Acc@5:   0.000 (  0.535)
Test: [ 406/781]  Time: 0.191 (0.291)  Loss:   6.821 ( 6.913)  Acc@1:   0.000 (  0.154)  Acc@5:   0.000 (  0.534)
Test: [ 407/781]  Time: 0.190 (0.291)  Loss:   7.012 ( 6.914)  Acc@1:   0.000 (  0.153)  Acc@5:   0.000 (  0.532)
Test: [ 408/781]  Time: 0.196 (0.291)  Loss:   6.997 ( 6.914)  Acc@1:   0.000 (  0.153)  Acc@5:   0.000 (  0.531)
Test: [ 409/781]  Time: 0.184 (0.291)  Loss:   6.927 ( 6.914)  Acc@1:   0.000 (  0.152)  Acc@5:   0.000 (  0.530)
Test: [ 410/781]  Time: 0.199 (0.290)  Loss:   6.939 ( 6.914)  Acc@1:   0.000 (  0.152)  Acc@5:   0.000 (  0.528)
Test: [ 411/781]  Time: 0.200 (0.290)  Loss:   6.866 ( 6.914)  Acc@1:   0.000 (  0.152)  Acc@5:   0.000 (  0.527)
Test: [ 412/781]  Time: 0.207 (0.290)  Loss:   6.881 ( 6.914)  Acc@1:   0.000 (  0.151)  Acc@5:   0.000 (  0.526)
Test: [ 413/781]  Time: 0.196 (0.290)  Loss:   6.829 ( 6.914)  Acc@1:   0.000 (  0.151)  Acc@5:   0.000 (  0.525)
Test: [ 414/781]  Time: 0.216 (0.290)  Loss:   6.877 ( 6.913)  Acc@1:   0.000 (  0.151)  Acc@5:   0.000 (  0.523)
Test: [ 415/781]  Time: 0.213 (0.289)  Loss:   6.901 ( 6.913)  Acc@1:   0.000 (  0.150)  Acc@5:   0.000 (  0.522)
Test: [ 416/781]  Time: 0.215 (0.289)  Loss:   6.874 ( 6.913)  Acc@1:   0.000 (  0.150)  Acc@5:   0.000 (  0.521)
Test: [ 417/781]  Time: 0.224 (0.289)  Loss:   6.791 ( 6.913)  Acc@1:   0.000 (  0.150)  Acc@5:   0.000 (  0.520)
Test: [ 418/781]  Time: 0.223 (0.289)  Loss:   6.881 ( 6.913)  Acc@1:   0.000 (  0.149)  Acc@5:   0.000 (  0.518)
Test: [ 419/781]  Time: 0.227 (0.289)  Loss:   6.891 ( 6.913)  Acc@1:   0.000 (  0.149)  Acc@5:   0.000 (  0.517)
Test: [ 420/781]  Time: 0.236 (0.289)  Loss:   6.680 ( 6.912)  Acc@1:   4.688 (  0.160)  Acc@5:  12.500 (  0.546)
Test: [ 421/781]  Time: 0.241 (0.289)  Loss:   6.830 ( 6.912)  Acc@1:   0.000 (  0.159)  Acc@5:   0.000 (  0.544)
Test: [ 422/781]  Time: 0.236 (0.288)  Loss:   6.978 ( 6.912)  Acc@1:   0.000 (  0.159)  Acc@5:   0.000 (  0.543)
Test: [ 423/781]  Time: 0.245 (0.288)  Loss:   6.913 ( 6.912)  Acc@1:   0.000 (  0.158)  Acc@5:   0.000 (  0.542)
Test: [ 424/781]  Time: 0.254 (0.288)  Loss:   6.890 ( 6.912)  Acc@1:   0.000 (  0.158)  Acc@5:   0.000 (  0.540)
Test: [ 425/781]  Time: 0.279 (0.288)  Loss:   6.999 ( 6.912)  Acc@1:   0.000 (  0.158)  Acc@5:   0.000 (  0.539)
Test: [ 426/781]  Time: 0.275 (0.288)  Loss:   6.819 ( 6.912)  Acc@1:   0.000 (  0.157)  Acc@5:   0.000 (  0.538)
Test: [ 427/781]  Time: 0.254 (0.288)  Loss:   6.766 ( 6.912)  Acc@1:   0.000 (  0.157)  Acc@5:   0.000 (  0.537)
Test: [ 428/781]  Time: 0.324 (0.288)  Loss:   7.035 ( 6.912)  Acc@1:   0.000 (  0.157)  Acc@5:   0.000 (  0.535)
Test: [ 429/781]  Time: 0.321 (0.288)  Loss:   6.944 ( 6.912)  Acc@1:   0.000 (  0.156)  Acc@5:   0.000 (  0.534)
Test: [ 430/781]  Time: 0.304 (0.288)  Loss:   6.803 ( 6.912)  Acc@1:   0.000 (  0.156)  Acc@5:   0.000 (  0.533)
Test: [ 431/781]  Time: 0.322 (0.288)  Loss:   6.807 ( 6.912)  Acc@1:   0.000 (  0.156)  Acc@5:   0.000 (  0.532)
Test: [ 432/781]  Time: 0.334 (0.289)  Loss:   6.897 ( 6.912)  Acc@1:   0.000 (  0.155)  Acc@5:   0.000 (  0.530)
Test: [ 433/781]  Time: 0.326 (0.289)  Loss:   7.030 ( 6.912)  Acc@1:   0.000 (  0.155)  Acc@5:   0.000 (  0.529)
Test: [ 434/781]  Time: 0.334 (0.289)  Loss:   7.006 ( 6.912)  Acc@1:   0.000 (  0.154)  Acc@5:   0.000 (  0.528)
Test: [ 435/781]  Time: 0.317 (0.289)  Loss:   7.002 ( 6.912)  Acc@1:   0.000 (  0.154)  Acc@5:   0.000 (  0.527)
Test: [ 436/781]  Time: 0.342 (0.289)  Loss:   6.890 ( 6.912)  Acc@1:   0.000 (  0.154)  Acc@5:   0.000 (  0.526)
Test: [ 437/781]  Time: 0.327 (0.289)  Loss:   6.865 ( 6.912)  Acc@1:   0.000 (  0.153)  Acc@5:   0.000 (  0.524)
Test: [ 438/781]  Time: 0.321 (0.289)  Loss:   6.796 ( 6.912)  Acc@1:   0.000 (  0.153)  Acc@5:   0.000 (  0.523)
Test: [ 439/781]  Time: 0.320 (0.289)  Loss:   6.660 ( 6.911)  Acc@1:  10.938 (  0.178)  Acc@5:  40.625 (  0.614)
Test: [ 440/781]  Time: 0.309 (0.289)  Loss:   6.760 ( 6.911)  Acc@1:   0.000 (  0.177)  Acc@5:   0.000 (  0.613)
Test: [ 441/781]  Time: 0.311 (0.289)  Loss:   6.883 ( 6.911)  Acc@1:   0.000 (  0.177)  Acc@5:   0.000 (  0.612)
Test: [ 442/781]  Time: 0.313 (0.289)  Loss:   7.085 ( 6.911)  Acc@1:   0.000 (  0.176)  Acc@5:   0.000 (  0.610)
Test: [ 443/781]  Time: 0.316 (0.289)  Loss:   6.974 ( 6.912)  Acc@1:   0.000 (  0.176)  Acc@5:   0.000 (  0.609)
Test: [ 444/781]  Time: 0.324 (0.289)  Loss:   6.924 ( 6.912)  Acc@1:   0.000 (  0.176)  Acc@5:   0.000 (  0.607)
Test: [ 445/781]  Time: 0.336 (0.290)  Loss:   6.979 ( 6.912)  Acc@1:   0.000 (  0.175)  Acc@5:   0.000 (  0.606)
Test: [ 446/781]  Time: 0.323 (0.290)  Loss:   6.884 ( 6.912)  Acc@1:   0.000 (  0.175)  Acc@5:   0.000 (  0.605)
Test: [ 447/781]  Time: 0.319 (0.290)  Loss:   6.902 ( 6.912)  Acc@1:   0.000 (  0.174)  Acc@5:   0.000 (  0.603)
Test: [ 448/781]  Time: 0.329 (0.290)  Loss:   6.926 ( 6.912)  Acc@1:   0.000 (  0.174)  Acc@5:   0.000 (  0.602)
Test: [ 449/781]  Time: 0.341 (0.290)  Loss:   6.969 ( 6.912)  Acc@1:   0.000 (  0.174)  Acc@5:   0.000 (  0.601)
Test: [ 450/781]  Time: 0.361 (0.290)  Loss:   7.007 ( 6.912)  Acc@1:   0.000 (  0.173)  Acc@5:   0.000 (  0.599)
Test: [ 451/781]  Time: 0.335 (0.290)  Loss:   6.997 ( 6.912)  Acc@1:   0.000 (  0.173)  Acc@5:   0.000 (  0.598)
Test: [ 452/781]  Time: 0.314 (0.290)  Loss:   6.920 ( 6.912)  Acc@1:   0.000 (  0.172)  Acc@5:   0.000 (  0.597)
Test: [ 453/781]  Time: 0.353 (0.290)  Loss:   6.699 ( 6.912)  Acc@1:   0.000 (  0.172)  Acc@5:   3.125 (  0.602)
Test: [ 454/781]  Time: 0.322 (0.290)  Loss:   6.964 ( 6.912)  Acc@1:   0.000 (  0.172)  Acc@5:   0.000 (  0.601)
Test: [ 455/781]  Time: 0.348 (0.291)  Loss:   6.857 ( 6.912)  Acc@1:   0.000 (  0.171)  Acc@5:   0.000 (  0.600)
Test: [ 456/781]  Time: 0.313 (0.291)  Loss:   6.979 ( 6.912)  Acc@1:   0.000 (  0.171)  Acc@5:   0.000 (  0.598)
Test: [ 457/781]  Time: 0.340 (0.291)  Loss:   6.842 ( 6.912)  Acc@1:   0.000 (  0.171)  Acc@5:   0.000 (  0.597)
Test: [ 458/781]  Time: 0.361 (0.291)  Loss:   6.966 ( 6.912)  Acc@1:   0.000 (  0.170)  Acc@5:   0.000 (  0.596)
Test: [ 459/781]  Time: 0.351 (0.291)  Loss:   6.886 ( 6.912)  Acc@1:   0.000 (  0.170)  Acc@5:   0.000 (  0.594)
Test: [ 460/781]  Time: 0.358 (0.291)  Loss:   6.970 ( 6.912)  Acc@1:   0.000 (  0.169)  Acc@5:   0.000 (  0.593)
Test: [ 461/781]  Time: 0.333 (0.291)  Loss:   6.937 ( 6.912)  Acc@1:   0.000 (  0.169)  Acc@5:   0.000 (  0.592)
Test: [ 462/781]  Time: 0.256 (0.291)  Loss:   6.750 ( 6.912)  Acc@1:   0.000 (  0.169)  Acc@5:   0.000 (  0.591)
Test: [ 463/781]  Time: 0.219 (0.291)  Loss:   6.846 ( 6.911)  Acc@1:   0.000 (  0.168)  Acc@5:   0.000 (  0.589)
Test: [ 464/781]  Time: 0.209 (0.291)  Loss:   6.984 ( 6.912)  Acc@1:   0.000 (  0.168)  Acc@5:   0.000 (  0.588)
Test: [ 465/781]  Time: 0.205 (0.291)  Loss:   7.045 ( 6.912)  Acc@1:   0.000 (  0.168)  Acc@5:   0.000 (  0.587)
Test: [ 466/781]  Time: 0.209 (0.290)  Loss:   6.804 ( 6.912)  Acc@1:   0.000 (  0.167)  Acc@5:   0.000 (  0.586)
Test: [ 467/781]  Time: 0.222 (0.290)  Loss:   6.898 ( 6.912)  Acc@1:   0.000 (  0.167)  Acc@5:   0.000 (  0.584)
Test: [ 468/781]  Time: 0.224 (0.290)  Loss:   7.066 ( 6.912)  Acc@1:   0.000 (  0.167)  Acc@5:   0.000 (  0.583)
Test: [ 469/781]  Time: 0.222 (0.290)  Loss:   6.783 ( 6.912)  Acc@1:   0.000 (  0.166)  Acc@5:   0.000 (  0.582)
Test: [ 470/781]  Time: 0.233 (0.290)  Loss:   6.928 ( 6.912)  Acc@1:   0.000 (  0.166)  Acc@5:   0.000 (  0.581)
Test: [ 471/781]  Time: 0.229 (0.290)  Loss:   7.098 ( 6.912)  Acc@1:   0.000 (  0.166)  Acc@5:   0.000 (  0.579)
Test: [ 472/781]  Time: 0.212 (0.290)  Loss:   7.001 ( 6.912)  Acc@1:   0.000 (  0.165)  Acc@5:   0.000 (  0.578)
Test: [ 473/781]  Time: 0.222 (0.289)  Loss:   6.965 ( 6.912)  Acc@1:   0.000 (  0.165)  Acc@5:   0.000 (  0.577)
Test: [ 474/781]  Time: 0.218 (0.289)  Loss:   6.775 ( 6.912)  Acc@1:   0.000 (  0.164)  Acc@5:   3.125 (  0.582)
Test: [ 475/781]  Time: 0.224 (0.289)  Loss:   6.872 ( 6.912)  Acc@1:   0.000 (  0.164)  Acc@5:   0.000 (  0.581)
Test: [ 476/781]  Time: 0.224 (0.289)  Loss:   6.890 ( 6.912)  Acc@1:   0.000 (  0.164)  Acc@5:   0.000 (  0.580)
Test: [ 477/781]  Time: 0.207 (0.289)  Loss:   6.950 ( 6.912)  Acc@1:   0.000 (  0.163)  Acc@5:   0.000 (  0.579)
Test: [ 478/781]  Time: 0.207 (0.289)  Loss:   6.975 ( 6.912)  Acc@1:   0.000 (  0.163)  Acc@5:   0.000 (  0.577)
Test: [ 479/781]  Time: 0.216 (0.289)  Loss:   6.853 ( 6.912)  Acc@1:   0.000 (  0.163)  Acc@5:   0.000 (  0.576)
Test: [ 480/781]  Time: 0.220 (0.288)  Loss:   7.071 ( 6.912)  Acc@1:   0.000 (  0.162)  Acc@5:   0.000 (  0.575)
Test: [ 481/781]  Time: 0.220 (0.288)  Loss:   7.156 ( 6.913)  Acc@1:   0.000 (  0.162)  Acc@5:   0.000 (  0.574)
Test: [ 482/781]  Time: 0.222 (0.288)  Loss:   6.791 ( 6.913)  Acc@1:   0.000 (  0.162)  Acc@5:   0.000 (  0.573)
Test: [ 483/781]  Time: 0.224 (0.288)  Loss:   6.882 ( 6.913)  Acc@1:   0.000 (  0.161)  Acc@5:   0.000 (  0.571)
Test: [ 484/781]  Time: 0.228 (0.288)  Loss:   6.686 ( 6.912)  Acc@1:   1.562 (  0.164)  Acc@5:  18.750 (  0.609)
Test: [ 485/781]  Time: 0.210 (0.288)  Loss:   6.899 ( 6.912)  Acc@1:   0.000 (  0.164)  Acc@5:   3.125 (  0.614)
Test: [ 486/781]  Time: 0.216 (0.288)  Loss:   6.770 ( 6.912)  Acc@1:   0.000 (  0.164)  Acc@5:   0.000 (  0.613)
Test: [ 487/781]  Time: 0.218 (0.287)  Loss:   6.960 ( 6.912)  Acc@1:   0.000 (  0.163)  Acc@5:   0.000 (  0.612)
Test: [ 488/781]  Time: 0.225 (0.287)  Loss:   7.006 ( 6.912)  Acc@1:   0.000 (  0.163)  Acc@5:   0.000 (  0.610)
Test: [ 489/781]  Time: 0.217 (0.287)  Loss:   6.903 ( 6.912)  Acc@1:   0.000 (  0.163)  Acc@5:   0.000 (  0.609)
Test: [ 490/781]  Time: 0.219 (0.287)  Loss:   6.975 ( 6.912)  Acc@1:   0.000 (  0.162)  Acc@5:   0.000 (  0.608)
Test: [ 491/781]  Time: 0.220 (0.287)  Loss:   6.947 ( 6.912)  Acc@1:   0.000 (  0.162)  Acc@5:   0.000 (  0.607)
Test: [ 492/781]  Time: 0.219 (0.287)  Loss:   6.895 ( 6.912)  Acc@1:   0.000 (  0.162)  Acc@5:   0.000 (  0.605)
Test: [ 493/781]  Time: 0.222 (0.287)  Loss:   6.816 ( 6.912)  Acc@1:   0.000 (  0.161)  Acc@5:   0.000 (  0.604)
Test: [ 494/781]  Time: 0.215 (0.286)  Loss:   6.794 ( 6.912)  Acc@1:   0.000 (  0.161)  Acc@5:   0.000 (  0.603)
Test: [ 495/781]  Time: 0.224 (0.286)  Loss:   6.947 ( 6.912)  Acc@1:   0.000 (  0.161)  Acc@5:   0.000 (  0.602)
Test: [ 496/781]  Time: 0.229 (0.286)  Loss:   6.935 ( 6.912)  Acc@1:   0.000 (  0.160)  Acc@5:   0.000 (  0.600)
Test: [ 497/781]  Time: 0.242 (0.286)  Loss:   7.002 ( 6.912)  Acc@1:   0.000 (  0.160)  Acc@5:   0.000 (  0.599)
Test: [ 498/781]  Time: 0.243 (0.286)  Loss:   6.968 ( 6.912)  Acc@1:   0.000 (  0.160)  Acc@5:   0.000 (  0.598)
Test: [ 499/781]  Time: 0.251 (0.286)  Loss:   6.997 ( 6.912)  Acc@1:   0.000 (  0.159)  Acc@5:   0.000 (  0.597)
Test: [ 500/781]  Time: 0.257 (0.286)  Loss:   6.898 ( 6.912)  Acc@1:   0.000 (  0.159)  Acc@5:   0.000 (  0.596)
Test: [ 501/781]  Time: 0.265 (0.286)  Loss:   6.814 ( 6.912)  Acc@1:   0.000 (  0.159)  Acc@5:   0.000 (  0.594)
Test: [ 502/781]  Time: 0.286 (0.286)  Loss:   6.777 ( 6.912)  Acc@1:   0.000 (  0.158)  Acc@5:   0.000 (  0.593)
Test: [ 503/781]  Time: 0.280 (0.286)  Loss:   6.878 ( 6.912)  Acc@1:   0.000 (  0.158)  Acc@5:   0.000 (  0.592)
Test: [ 504/781]  Time: 0.288 (0.286)  Loss:   6.958 ( 6.912)  Acc@1:   0.000 (  0.158)  Acc@5:   0.000 (  0.591)
Test: [ 505/781]  Time: 0.314 (0.286)  Loss:   6.917 ( 6.912)  Acc@1:   0.000 (  0.157)  Acc@5:   0.000 (  0.590)
Test: [ 506/781]  Time: 0.348 (0.286)  Loss:   6.862 ( 6.912)  Acc@1:   0.000 (  0.157)  Acc@5:   0.000 (  0.589)
Test: [ 507/781]  Time: 0.353 (0.286)  Loss:   6.904 ( 6.912)  Acc@1:   0.000 (  0.157)  Acc@5:   0.000 (  0.587)
Test: [ 508/781]  Time: 0.356 (0.286)  Loss:   6.981 ( 6.912)  Acc@1:   0.000 (  0.157)  Acc@5:   0.000 (  0.586)
Test: [ 509/781]  Time: 0.375 (0.286)  Loss:   6.776 ( 6.912)  Acc@1:   0.000 (  0.156)  Acc@5:   1.562 (  0.588)
Test: [ 510/781]  Time: 0.359 (0.287)  Loss:   6.885 ( 6.912)  Acc@1:   0.000 (  0.156)  Acc@5:   3.125 (  0.593)
Test: [ 511/781]  Time: 0.363 (0.287)  Loss:   6.956 ( 6.912)  Acc@1:   0.000 (  0.156)  Acc@5:   0.000 (  0.592)
Test: [ 512/781]  Time: 0.365 (0.287)  Loss:   6.824 ( 6.912)  Acc@1:   0.000 (  0.155)  Acc@5:   0.000 (  0.591)
Test: [ 513/781]  Time: 0.313 (0.287)  Loss:   6.751 ( 6.911)  Acc@1:   0.000 (  0.155)  Acc@5:   0.000 (  0.590)
Test: [ 514/781]  Time: 0.215 (0.287)  Loss:   6.818 ( 6.911)  Acc@1:   0.000 (  0.155)  Acc@5:   0.000 (  0.589)
Test: [ 515/781]  Time: 0.220 (0.287)  Loss:   6.867 ( 6.911)  Acc@1:   0.000 (  0.154)  Acc@5:   0.000 (  0.587)
Test: [ 516/781]  Time: 0.213 (0.287)  Loss:   6.961 ( 6.911)  Acc@1:   0.000 (  0.154)  Acc@5:   0.000 (  0.586)
Test: [ 517/781]  Time: 0.213 (0.286)  Loss:   6.826 ( 6.911)  Acc@1:   0.000 (  0.154)  Acc@5:   0.000 (  0.585)
Test: [ 518/781]  Time: 0.215 (0.286)  Loss:   7.043 ( 6.911)  Acc@1:   0.000 (  0.154)  Acc@5:   0.000 (  0.584)
Test: [ 519/781]  Time: 0.228 (0.286)  Loss:   6.893 ( 6.911)  Acc@1:   0.000 (  0.153)  Acc@5:   0.000 (  0.583)
Test: [ 520/781]  Time: 0.228 (0.286)  Loss:   7.032 ( 6.911)  Acc@1:   0.000 (  0.153)  Acc@5:   0.000 (  0.582)
Test: [ 521/781]  Time: 0.245 (0.286)  Loss:   6.776 ( 6.911)  Acc@1:   0.000 (  0.153)  Acc@5:   0.000 (  0.581)
Test: [ 522/781]  Time: 0.263 (0.286)  Loss:   6.965 ( 6.911)  Acc@1:   0.000 (  0.152)  Acc@5:   0.000 (  0.580)
Test: [ 523/781]  Time: 0.265 (0.286)  Loss:   6.829 ( 6.911)  Acc@1:   0.000 (  0.152)  Acc@5:   0.000 (  0.578)
Test: [ 524/781]  Time: 0.261 (0.286)  Loss:   6.918 ( 6.911)  Acc@1:   0.000 (  0.152)  Acc@5:   0.000 (  0.577)
Test: [ 525/781]  Time: 0.271 (0.286)  Loss:   7.020 ( 6.911)  Acc@1:   0.000 (  0.151)  Acc@5:   0.000 (  0.576)
Test: [ 526/781]  Time: 0.287 (0.286)  Loss:   6.971 ( 6.911)  Acc@1:   0.000 (  0.151)  Acc@5:   0.000 (  0.575)
Test: [ 527/781]  Time: 0.299 (0.286)  Loss:   6.988 ( 6.912)  Acc@1:   0.000 (  0.151)  Acc@5:   0.000 (  0.574)
Test: [ 528/781]  Time: 0.300 (0.286)  Loss:   6.889 ( 6.912)  Acc@1:   0.000 (  0.151)  Acc@5:   0.000 (  0.573)
Test: [ 529/781]  Time: 0.285 (0.286)  Loss:   6.983 ( 6.912)  Acc@1:   0.000 (  0.150)  Acc@5:   0.000 (  0.572)
Test: [ 530/781]  Time: 0.332 (0.286)  Loss:   6.851 ( 6.912)  Acc@1:   0.000 (  0.150)  Acc@5:   0.000 (  0.571)
Test: [ 531/781]  Time: 0.337 (0.286)  Loss:   6.784 ( 6.911)  Acc@1:   0.000 (  0.150)  Acc@5:   0.000 (  0.570)
Test: [ 532/781]  Time: 0.362 (0.286)  Loss:   6.972 ( 6.911)  Acc@1:   0.000 (  0.150)  Acc@5:   0.000 (  0.569)
Test: [ 533/781]  Time: 0.373 (0.286)  Loss:   6.972 ( 6.912)  Acc@1:   0.000 (  0.149)  Acc@5:   0.000 (  0.568)
Test: [ 534/781]  Time: 0.381 (0.287)  Loss:   7.041 ( 6.912)  Acc@1:   0.000 (  0.149)  Acc@5:   0.000 (  0.567)
Test: [ 535/781]  Time: 0.369 (0.287)  Loss:   6.898 ( 6.912)  Acc@1:   0.000 (  0.149)  Acc@5:   0.000 (  0.566)
Test: [ 536/781]  Time: 0.382 (0.287)  Loss:   6.959 ( 6.912)  Acc@1:   0.000 (  0.148)  Acc@5:   0.000 (  0.564)
Test: [ 537/781]  Time: 0.364 (0.287)  Loss:   6.892 ( 6.912)  Acc@1:   0.000 (  0.148)  Acc@5:   0.000 (  0.563)
Test: [ 538/781]  Time: 0.348 (0.287)  Loss:   6.815 ( 6.912)  Acc@1:   0.000 (  0.148)  Acc@5:   0.000 (  0.562)
Test: [ 539/781]  Time: 0.398 (0.287)  Loss:   6.886 ( 6.912)  Acc@1:   0.000 (  0.148)  Acc@5:   0.000 (  0.561)
Test: [ 540/781]  Time: 0.385 (0.287)  Loss:   7.016 ( 6.912)  Acc@1:   0.000 (  0.147)  Acc@5:   0.000 (  0.560)
Test: [ 541/781]  Time: 0.382 (0.288)  Loss:   6.884 ( 6.912)  Acc@1:   0.000 (  0.147)  Acc@5:   0.000 (  0.559)
Test: [ 542/781]  Time: 0.386 (0.288)  Loss:   6.850 ( 6.912)  Acc@1:   0.000 (  0.147)  Acc@5:   0.000 (  0.558)
Test: [ 543/781]  Time: 0.398 (0.288)  Loss:   6.848 ( 6.911)  Acc@1:   0.000 (  0.146)  Acc@5:   1.562 (  0.560)
Test: [ 544/781]  Time: 0.400 (0.288)  Loss:   6.821 ( 6.911)  Acc@1:   0.000 (  0.146)  Acc@5:   1.562 (  0.562)
Test: [ 545/781]  Time: 0.392 (0.288)  Loss:   6.915 ( 6.911)  Acc@1:   0.000 (  0.146)  Acc@5:   0.000 (  0.561)
Test: [ 546/781]  Time: 0.386 (0.289)  Loss:   6.826 ( 6.911)  Acc@1:   0.000 (  0.146)  Acc@5:   0.000 (  0.560)
Test: [ 547/781]  Time: 0.394 (0.289)  Loss:   6.945 ( 6.911)  Acc@1:   0.000 (  0.145)  Acc@5:   0.000 (  0.559)
Test: [ 548/781]  Time: 0.388 (0.289)  Loss:   6.986 ( 6.911)  Acc@1:   0.000 (  0.145)  Acc@5:   0.000 (  0.558)
Test: [ 549/781]  Time: 0.349 (0.289)  Loss:   7.022 ( 6.912)  Acc@1:   0.000 (  0.145)  Acc@5:   0.000 (  0.557)
Test: [ 550/781]  Time: 0.390 (0.289)  Loss:   6.900 ( 6.912)  Acc@1:   0.000 (  0.145)  Acc@5:   0.000 (  0.556)
Test: [ 551/781]  Time: 0.385 (0.289)  Loss:   6.865 ( 6.911)  Acc@1:   0.000 (  0.144)  Acc@5:   0.000 (  0.555)
Test: [ 552/781]  Time: 0.388 (0.290)  Loss:   6.958 ( 6.912)  Acc@1:   0.000 (  0.144)  Acc@5:   0.000 (  0.554)
Test: [ 553/781]  Time: 0.378 (0.290)  Loss:   6.710 ( 6.911)  Acc@1:   0.000 (  0.144)  Acc@5:  17.188 (  0.584)
Test: [ 554/781]  Time: 0.391 (0.290)  Loss:   6.908 ( 6.911)  Acc@1:   0.000 (  0.144)  Acc@5:   0.000 (  0.583)
Test: [ 555/781]  Time: 0.374 (0.290)  Loss:   7.115 ( 6.912)  Acc@1:   0.000 (  0.143)  Acc@5:   0.000 (  0.582)
Test: [ 556/781]  Time: 0.376 (0.290)  Loss:   6.963 ( 6.912)  Acc@1:   0.000 (  0.143)  Acc@5:   0.000 (  0.581)
Test: [ 557/781]  Time: 0.380 (0.290)  Loss:   7.000 ( 6.912)  Acc@1:   0.000 (  0.143)  Acc@5:   0.000 (  0.580)
Test: [ 558/781]  Time: 0.371 (0.291)  Loss:   7.057 ( 6.912)  Acc@1:   0.000 (  0.143)  Acc@5:   0.000 (  0.579)
Test: [ 559/781]  Time: 0.317 (0.291)  Loss:   6.913 ( 6.912)  Acc@1:   0.000 (  0.142)  Acc@5:   0.000 (  0.578)
Test: [ 560/781]  Time: 0.335 (0.291)  Loss:   6.971 ( 6.912)  Acc@1:   0.000 (  0.142)  Acc@5:   0.000 (  0.577)
Test: [ 561/781]  Time: 0.345 (0.291)  Loss:   6.982 ( 6.912)  Acc@1:   0.000 (  0.142)  Acc@5:   0.000 (  0.576)
Test: [ 562/781]  Time: 0.358 (0.291)  Loss:   6.833 ( 6.912)  Acc@1:   0.000 (  0.142)  Acc@5:   0.000 (  0.574)
Test: [ 563/781]  Time: 0.342 (0.291)  Loss:   6.783 ( 6.912)  Acc@1:   0.000 (  0.141)  Acc@5:   0.000 (  0.573)
Test: [ 564/781]  Time: 0.234 (0.291)  Loss:   6.987 ( 6.912)  Acc@1:   0.000 (  0.141)  Acc@5:   0.000 (  0.572)
Test: [ 565/781]  Time: 0.233 (0.291)  Loss:   6.895 ( 6.912)  Acc@1:   0.000 (  0.141)  Acc@5:   0.000 (  0.571)
Test: [ 566/781]  Time: 0.233 (0.291)  Loss:   6.978 ( 6.912)  Acc@1:   0.000 (  0.141)  Acc@5:   0.000 (  0.570)
Test: [ 567/781]  Time: 0.238 (0.291)  Loss:   6.920 ( 6.912)  Acc@1:   0.000 (  0.140)  Acc@5:   0.000 (  0.569)
Test: [ 568/781]  Time: 0.237 (0.291)  Loss:   6.884 ( 6.912)  Acc@1:   0.000 (  0.140)  Acc@5:   0.000 (  0.568)
Test: [ 569/781]  Time: 0.240 (0.290)  Loss:   6.875 ( 6.912)  Acc@1:   0.000 (  0.140)  Acc@5:   0.000 (  0.567)
Test: [ 570/781]  Time: 0.240 (0.290)  Loss:   6.910 ( 6.912)  Acc@1:   0.000 (  0.140)  Acc@5:   0.000 (  0.566)
Test: [ 571/781]  Time: 0.248 (0.290)  Loss:   6.910 ( 6.912)  Acc@1:   0.000 (  0.139)  Acc@5:   0.000 (  0.565)
Test: [ 572/781]  Time: 0.247 (0.290)  Loss:   6.874 ( 6.912)  Acc@1:   0.000 (  0.139)  Acc@5:   0.000 (  0.564)
Test: [ 573/781]  Time: 0.258 (0.290)  Loss:   6.720 ( 6.912)  Acc@1:   0.000 (  0.139)  Acc@5:   0.000 (  0.563)
Test: [ 574/781]  Time: 0.264 (0.290)  Loss:   6.997 ( 6.912)  Acc@1:   0.000 (  0.139)  Acc@5:   0.000 (  0.562)
Test: [ 575/781]  Time: 0.263 (0.290)  Loss:   7.058 ( 6.912)  Acc@1:   0.000 (  0.138)  Acc@5:   0.000 (  0.562)
Test: [ 576/781]  Time: 0.268 (0.290)  Loss:   6.969 ( 6.912)  Acc@1:   0.000 (  0.138)  Acc@5:   0.000 (  0.561)
Test: [ 577/781]  Time: 0.268 (0.290)  Loss:   6.917 ( 6.912)  Acc@1:   0.000 (  0.138)  Acc@5:   0.000 (  0.560)
Test: [ 578/781]  Time: 0.263 (0.290)  Loss:   6.950 ( 6.912)  Acc@1:   0.000 (  0.138)  Acc@5:   0.000 (  0.559)
Test: [ 579/781]  Time: 0.267 (0.290)  Loss:   7.034 ( 6.912)  Acc@1:   0.000 (  0.137)  Acc@5:   0.000 (  0.558)
Test: [ 580/781]  Time: 0.267 (0.290)  Loss:   6.794 ( 6.912)  Acc@1:   0.000 (  0.137)  Acc@5:  17.188 (  0.586)
Test: [ 581/781]  Time: 0.251 (0.290)  Loss:   7.035 ( 6.912)  Acc@1:   0.000 (  0.137)  Acc@5:   3.125 (  0.591)
Test: [ 582/781]  Time: 0.272 (0.290)  Loss:   6.819 ( 6.912)  Acc@1:   0.000 (  0.137)  Acc@5:   0.000 (  0.590)
Test: [ 583/781]  Time: 0.273 (0.290)  Loss:   6.778 ( 6.912)  Acc@1:   0.000 (  0.136)  Acc@5:   0.000 (  0.589)
Test: [ 584/781]  Time: 0.270 (0.290)  Loss:   6.891 ( 6.912)  Acc@1:   0.000 (  0.136)  Acc@5:   0.000 (  0.588)
Test: [ 585/781]  Time: 0.270 (0.290)  Loss:   7.015 ( 6.912)  Acc@1:   0.000 (  0.136)  Acc@5:   0.000 (  0.587)
Test: [ 586/781]  Time: 0.272 (0.290)  Loss:   6.985 ( 6.912)  Acc@1:   0.000 (  0.136)  Acc@5:   0.000 (  0.586)
Test: [ 587/781]  Time: 0.266 (0.290)  Loss:   6.923 ( 6.912)  Acc@1:   0.000 (  0.136)  Acc@5:   0.000 (  0.585)
Test: [ 588/781]  Time: 0.266 (0.290)  Loss:   6.853 ( 6.912)  Acc@1:   0.000 (  0.135)  Acc@5:   0.000 (  0.584)
Test: [ 589/781]  Time: 0.268 (0.290)  Loss:   6.910 ( 6.912)  Acc@1:   0.000 (  0.135)  Acc@5:   0.000 (  0.583)
Test: [ 590/781]  Time: 0.270 (0.289)  Loss:   6.899 ( 6.912)  Acc@1:   0.000 (  0.135)  Acc@5:   0.000 (  0.582)
Test: [ 591/781]  Time: 0.269 (0.289)  Loss:   6.812 ( 6.912)  Acc@1:   0.000 (  0.135)  Acc@5:   0.000 (  0.581)
Test: [ 592/781]  Time: 0.268 (0.289)  Loss:   6.890 ( 6.912)  Acc@1:   0.000 (  0.134)  Acc@5:   0.000 (  0.580)
Test: [ 593/781]  Time: 0.268 (0.289)  Loss:   6.940 ( 6.912)  Acc@1:   0.000 (  0.134)  Acc@5:   0.000 (  0.579)
Test: [ 594/781]  Time: 0.264 (0.289)  Loss:   6.832 ( 6.912)  Acc@1:   0.000 (  0.134)  Acc@5:   0.000 (  0.578)
Test: [ 595/781]  Time: 0.269 (0.289)  Loss:   6.829 ( 6.912)  Acc@1:   0.000 (  0.134)  Acc@5:   0.000 (  0.577)
Test: [ 596/781]  Time: 0.262 (0.289)  Loss:   6.733 ( 6.911)  Acc@1:   0.000 (  0.133)  Acc@5:   1.562 (  0.578)
Test: [ 597/781]  Time: 0.264 (0.289)  Loss:   6.891 ( 6.911)  Acc@1:   0.000 (  0.133)  Acc@5:   0.000 (  0.577)
Test: [ 598/781]  Time: 0.260 (0.289)  Loss:   6.885 ( 6.911)  Acc@1:   0.000 (  0.133)  Acc@5:   0.000 (  0.576)
Test: [ 599/781]  Time: 0.265 (0.289)  Loss:   6.863 ( 6.911)  Acc@1:   0.000 (  0.133)  Acc@5:   0.000 (  0.576)
Test: [ 600/781]  Time: 0.271 (0.289)  Loss:   6.971 ( 6.911)  Acc@1:   0.000 (  0.133)  Acc@5:   0.000 (  0.575)
Test: [ 601/781]  Time: 0.232 (0.289)  Loss:   6.853 ( 6.911)  Acc@1:   0.000 (  0.132)  Acc@5:   0.000 (  0.574)
Test: [ 602/781]  Time: 0.288 (0.289)  Loss:   6.947 ( 6.911)  Acc@1:   0.000 (  0.132)  Acc@5:   0.000 (  0.573)
Test: [ 603/781]  Time: 0.285 (0.289)  Loss:   6.948 ( 6.911)  Acc@1:   0.000 (  0.132)  Acc@5:   0.000 (  0.572)
Test: [ 604/781]  Time: 0.281 (0.289)  Loss:   6.908 ( 6.911)  Acc@1:   0.000 (  0.132)  Acc@5:   0.000 (  0.571)
Test: [ 605/781]  Time: 0.289 (0.289)  Loss:   7.013 ( 6.912)  Acc@1:   0.000 (  0.131)  Acc@5:   0.000 (  0.570)
Test: [ 606/781]  Time: 0.302 (0.289)  Loss:   6.869 ( 6.912)  Acc@1:   0.000 (  0.131)  Acc@5:   0.000 (  0.569)
Test: [ 607/781]  Time: 0.323 (0.289)  Loss:   7.035 ( 6.912)  Acc@1:   0.000 (  0.131)  Acc@5:   0.000 (  0.568)
Test: [ 608/781]  Time: 0.341 (0.289)  Loss:   6.994 ( 6.912)  Acc@1:   0.000 (  0.131)  Acc@5:   0.000 (  0.567)
Test: [ 609/781]  Time: 0.378 (0.289)  Loss:   6.987 ( 6.912)  Acc@1:   0.000 (  0.131)  Acc@5:   0.000 (  0.566)
Test: [ 610/781]  Time: 0.422 (0.290)  Loss:   6.972 ( 6.912)  Acc@1:   0.000 (  0.130)  Acc@5:   0.000 (  0.565)
Test: [ 611/781]  Time: 0.412 (0.290)  Loss:   7.019 ( 6.912)  Acc@1:   0.000 (  0.130)  Acc@5:   0.000 (  0.564)
Test: [ 612/781]  Time: 0.405 (0.290)  Loss:   7.025 ( 6.912)  Acc@1:   0.000 (  0.130)  Acc@5:   0.000 (  0.563)
Test: [ 613/781]  Time: 0.413 (0.290)  Loss:   7.025 ( 6.913)  Acc@1:   0.000 (  0.130)  Acc@5:   0.000 (  0.562)
Test: [ 614/781]  Time: 0.409 (0.290)  Loss:   6.947 ( 6.913)  Acc@1:   0.000 (  0.130)  Acc@5:   0.000 (  0.561)
Test: [ 615/781]  Time: 0.406 (0.290)  Loss:   6.906 ( 6.913)  Acc@1:   0.000 (  0.129)  Acc@5:   0.000 (  0.561)
Test: [ 616/781]  Time: 0.403 (0.291)  Loss:   6.932 ( 6.913)  Acc@1:   0.000 (  0.129)  Acc@5:   0.000 (  0.560)
Test: [ 617/781]  Time: 0.402 (0.291)  Loss:   6.974 ( 6.913)  Acc@1:   0.000 (  0.129)  Acc@5:   0.000 (  0.559)
Test: [ 618/781]  Time: 0.402 (0.291)  Loss:   7.008 ( 6.913)  Acc@1:   0.000 (  0.129)  Acc@5:   0.000 (  0.558)
Test: [ 619/781]  Time: 0.400 (0.291)  Loss:   6.880 ( 6.913)  Acc@1:   0.000 (  0.129)  Acc@5:   0.000 (  0.557)
Test: [ 620/781]  Time: 0.414 (0.291)  Loss:   6.897 ( 6.913)  Acc@1:   0.000 (  0.128)  Acc@5:   0.000 (  0.556)
Test: [ 621/781]  Time: 0.389 (0.292)  Loss:   6.943 ( 6.913)  Acc@1:   0.000 (  0.128)  Acc@5:   0.000 (  0.555)
Test: [ 622/781]  Time: 0.275 (0.292)  Loss:   6.947 ( 6.913)  Acc@1:   0.000 (  0.128)  Acc@5:   0.000 (  0.554)
Test: [ 623/781]  Time: 0.227 (0.291)  Loss:   7.002 ( 6.913)  Acc@1:   0.000 (  0.128)  Acc@5:   0.000 (  0.553)
Test: [ 624/781]  Time: 0.217 (0.291)  Loss:   7.031 ( 6.913)  Acc@1:   0.000 (  0.128)  Acc@5:   0.000 (  0.552)
Test: [ 625/781]  Time: 0.227 (0.291)  Loss:   6.794 ( 6.913)  Acc@1:   0.000 (  0.127)  Acc@5:   0.000 (  0.552)
Test: [ 626/781]  Time: 0.224 (0.291)  Loss:   7.016 ( 6.913)  Acc@1:   0.000 (  0.127)  Acc@5:   0.000 (  0.551)
Test: [ 627/781]  Time: 0.220 (0.291)  Loss:   6.896 ( 6.913)  Acc@1:   0.000 (  0.127)  Acc@5:   0.000 (  0.550)
Test: [ 628/781]  Time: 0.220 (0.291)  Loss:   6.923 ( 6.913)  Acc@1:   0.000 (  0.127)  Acc@5:   0.000 (  0.549)
Test: [ 629/781]  Time: 0.220 (0.291)  Loss:   6.867 ( 6.913)  Acc@1:   0.000 (  0.126)  Acc@5:   0.000 (  0.548)
Test: [ 630/781]  Time: 0.219 (0.291)  Loss:   6.970 ( 6.913)  Acc@1:   0.000 (  0.126)  Acc@5:   0.000 (  0.547)
Test: [ 631/781]  Time: 0.218 (0.291)  Loss:   7.144 ( 6.914)  Acc@1:   0.000 (  0.126)  Acc@5:   0.000 (  0.546)
Test: [ 632/781]  Time: 0.220 (0.290)  Loss:   6.919 ( 6.914)  Acc@1:   0.000 (  0.126)  Acc@5:   0.000 (  0.546)
Test: [ 633/781]  Time: 0.218 (0.290)  Loss:   6.926 ( 6.914)  Acc@1:   0.000 (  0.126)  Acc@5:   0.000 (  0.545)
Test: [ 634/781]  Time: 0.213 (0.290)  Loss:   6.803 ( 6.913)  Acc@1:   0.000 (  0.125)  Acc@5:   0.000 (  0.544)
Test: [ 635/781]  Time: 0.217 (0.290)  Loss:   6.907 ( 6.913)  Acc@1:   0.000 (  0.125)  Acc@5:   0.000 (  0.543)
Test: [ 636/781]  Time: 0.217 (0.290)  Loss:   7.106 ( 6.914)  Acc@1:   0.000 (  0.125)  Acc@5:   0.000 (  0.542)
Test: [ 637/781]  Time: 0.212 (0.290)  Loss:   6.982 ( 6.914)  Acc@1:   0.000 (  0.125)  Acc@5:   0.000 (  0.541)
Test: [ 638/781]  Time: 0.209 (0.290)  Loss:   6.857 ( 6.914)  Acc@1:   0.000 (  0.125)  Acc@5:   0.000 (  0.540)
Test: [ 639/781]  Time: 0.212 (0.290)  Loss:   6.912 ( 6.914)  Acc@1:   0.000 (  0.125)  Acc@5:   0.000 (  0.540)
Test: [ 640/781]  Time: 0.209 (0.289)  Loss:   6.815 ( 6.914)  Acc@1:   0.000 (  0.124)  Acc@5:   0.000 (  0.539)
Test: [ 641/781]  Time: 0.213 (0.289)  Loss:   6.808 ( 6.913)  Acc@1:   0.000 (  0.124)  Acc@5:   0.000 (  0.538)
Test: [ 642/781]  Time: 0.219 (0.289)  Loss:   6.905 ( 6.913)  Acc@1:   0.000 (  0.124)  Acc@5:   0.000 (  0.537)
Test: [ 643/781]  Time: 0.216 (0.289)  Loss:   7.032 ( 6.914)  Acc@1:   0.000 (  0.124)  Acc@5:   0.000 (  0.536)
Test: [ 644/781]  Time: 0.209 (0.289)  Loss:   6.984 ( 6.914)  Acc@1:   0.000 (  0.124)  Acc@5:   0.000 (  0.535)
Test: [ 645/781]  Time: 0.207 (0.289)  Loss:   6.848 ( 6.914)  Acc@1:   0.000 (  0.123)  Acc@5:   0.000 (  0.535)
Test: [ 646/781]  Time: 0.212 (0.289)  Loss:   6.841 ( 6.914)  Acc@1:   0.000 (  0.123)  Acc@5:   0.000 (  0.534)
Test: [ 647/781]  Time: 0.205 (0.289)  Loss:   6.962 ( 6.914)  Acc@1:   0.000 (  0.123)  Acc@5:   0.000 (  0.533)
Test: [ 648/781]  Time: 0.203 (0.288)  Loss:   6.905 ( 6.914)  Acc@1:   0.000 (  0.123)  Acc@5:   0.000 (  0.532)
Test: [ 649/781]  Time: 0.205 (0.288)  Loss:   6.854 ( 6.914)  Acc@1:   0.000 (  0.123)  Acc@5:   0.000 (  0.531)
Test: [ 650/781]  Time: 0.208 (0.288)  Loss:   7.100 ( 6.914)  Acc@1:   0.000 (  0.122)  Acc@5:   0.000 (  0.530)
Test: [ 651/781]  Time: 0.212 (0.288)  Loss:   6.994 ( 6.914)  Acc@1:   0.000 (  0.122)  Acc@5:   0.000 (  0.530)
Test: [ 652/781]  Time: 0.214 (0.288)  Loss:   6.856 ( 6.914)  Acc@1:   0.000 (  0.122)  Acc@5:   0.000 (  0.529)
Test: [ 653/781]  Time: 0.217 (0.288)  Loss:   6.855 ( 6.914)  Acc@1:   0.000 (  0.122)  Acc@5:   0.000 (  0.528)
Test: [ 654/781]  Time: 0.222 (0.288)  Loss:   6.945 ( 6.914)  Acc@1:   0.000 (  0.122)  Acc@5:   0.000 (  0.527)
Test: [ 655/781]  Time: 0.225 (0.288)  Loss:   7.035 ( 6.914)  Acc@1:   0.000 (  0.121)  Acc@5:   0.000 (  0.526)
Test: [ 656/781]  Time: 0.221 (0.288)  Loss:   6.995 ( 6.914)  Acc@1:   0.000 (  0.121)  Acc@5:   0.000 (  0.526)
Test: [ 657/781]  Time: 0.225 (0.287)  Loss:   7.004 ( 6.914)  Acc@1:   0.000 (  0.121)  Acc@5:   0.000 (  0.525)
Test: [ 658/781]  Time: 0.209 (0.287)  Loss:   6.816 ( 6.914)  Acc@1:   0.000 (  0.121)  Acc@5:   0.000 (  0.524)
Test: [ 659/781]  Time: 0.217 (0.287)  Loss:   6.861 ( 6.914)  Acc@1:   0.000 (  0.121)  Acc@5:   1.562 (  0.526)
Test: [ 660/781]  Time: 0.213 (0.287)  Loss:   6.985 ( 6.914)  Acc@1:   0.000 (  0.121)  Acc@5:   0.000 (  0.525)
Test: [ 661/781]  Time: 0.212 (0.287)  Loss:   6.898 ( 6.914)  Acc@1:   0.000 (  0.120)  Acc@5:   0.000 (  0.524)
Test: [ 662/781]  Time: 0.214 (0.287)  Loss:   7.019 ( 6.914)  Acc@1:   0.000 (  0.120)  Acc@5:   0.000 (  0.523)
Test: [ 663/781]  Time: 0.211 (0.287)  Loss:   6.796 ( 6.914)  Acc@1:   6.250 (  0.129)  Acc@5:  17.188 (  0.548)
Test: [ 664/781]  Time: 0.207 (0.287)  Loss:   6.829 ( 6.914)  Acc@1:   1.562 (  0.132)  Acc@5:   3.125 (  0.552)
Test: [ 665/781]  Time: 0.211 (0.287)  Loss:   6.920 ( 6.914)  Acc@1:   0.000 (  0.131)  Acc@5:   0.000 (  0.551)
Test: [ 666/781]  Time: 0.209 (0.286)  Loss:   7.016 ( 6.914)  Acc@1:   0.000 (  0.131)  Acc@5:   0.000 (  0.551)
Test: [ 667/781]  Time: 0.208 (0.286)  Loss:   7.020 ( 6.914)  Acc@1:   0.000 (  0.131)  Acc@5:   0.000 (  0.550)
Test: [ 668/781]  Time: 0.206 (0.286)  Loss:   7.016 ( 6.914)  Acc@1:   0.000 (  0.131)  Acc@5:   0.000 (  0.549)
Test: [ 669/781]  Time: 0.212 (0.286)  Loss:   6.951 ( 6.914)  Acc@1:   0.000 (  0.131)  Acc@5:   0.000 (  0.548)
Test: [ 670/781]  Time: 0.207 (0.286)  Loss:   6.819 ( 6.914)  Acc@1:   0.000 (  0.130)  Acc@5:   0.000 (  0.547)
Test: [ 671/781]  Time: 0.211 (0.286)  Loss:   6.987 ( 6.914)  Acc@1:   0.000 (  0.130)  Acc@5:   0.000 (  0.546)
Test: [ 672/781]  Time: 0.205 (0.286)  Loss:   6.935 ( 6.914)  Acc@1:   0.000 (  0.130)  Acc@5:   0.000 (  0.546)
Test: [ 673/781]  Time: 0.207 (0.286)  Loss:   6.891 ( 6.914)  Acc@1:   0.000 (  0.130)  Acc@5:   0.000 (  0.545)
Test: [ 674/781]  Time: 0.206 (0.286)  Loss:   6.899 ( 6.914)  Acc@1:   0.000 (  0.130)  Acc@5:   0.000 (  0.544)
Test: [ 675/781]  Time: 0.217 (0.285)  Loss:   6.941 ( 6.914)  Acc@1:   0.000 (  0.129)  Acc@5:   0.000 (  0.543)
Test: [ 676/781]  Time: 0.218 (0.285)  Loss:   6.924 ( 6.914)  Acc@1:   0.000 (  0.129)  Acc@5:   0.000 (  0.542)
Test: [ 677/781]  Time: 0.231 (0.285)  Loss:   6.946 ( 6.915)  Acc@1:   0.000 (  0.129)  Acc@5:   0.000 (  0.542)
Test: [ 678/781]  Time: 0.227 (0.285)  Loss:   6.726 ( 6.914)  Acc@1:   0.000 (  0.129)  Acc@5:  12.500 (  0.559)
Test: [ 679/781]  Time: 0.235 (0.285)  Loss:   6.939 ( 6.914)  Acc@1:   0.000 (  0.129)  Acc@5:   0.000 (  0.558)
Test: [ 680/781]  Time: 0.230 (0.285)  Loss:   6.815 ( 6.914)  Acc@1:   0.000 (  0.128)  Acc@5:   0.000 (  0.558)
Test: [ 681/781]  Time: 0.234 (0.285)  Loss:   6.861 ( 6.914)  Acc@1:   0.000 (  0.128)  Acc@5:   0.000 (  0.557)
Test: [ 682/781]  Time: 0.236 (0.285)  Loss:   7.037 ( 6.914)  Acc@1:   0.000 (  0.128)  Acc@5:   0.000 (  0.556)
Test: [ 683/781]  Time: 0.233 (0.285)  Loss:   7.043 ( 6.914)  Acc@1:   0.000 (  0.128)  Acc@5:   0.000 (  0.555)
Test: [ 684/781]  Time: 0.228 (0.285)  Loss:   6.969 ( 6.914)  Acc@1:   0.000 (  0.128)  Acc@5:   0.000 (  0.554)
Test: [ 685/781]  Time: 0.231 (0.285)  Loss:   6.867 ( 6.914)  Acc@1:   0.000 (  0.128)  Acc@5:   0.000 (  0.553)
Test: [ 686/781]  Time: 0.236 (0.285)  Loss:   6.818 ( 6.914)  Acc@1:   0.000 (  0.127)  Acc@5:   0.000 (  0.553)
Test: [ 687/781]  Time: 0.232 (0.284)  Loss:   7.029 ( 6.914)  Acc@1:   0.000 (  0.127)  Acc@5:   0.000 (  0.552)
Test: [ 688/781]  Time: 0.235 (0.284)  Loss:   7.027 ( 6.915)  Acc@1:   0.000 (  0.127)  Acc@5:   0.000 (  0.551)
Test: [ 689/781]  Time: 0.234 (0.284)  Loss:   6.870 ( 6.915)  Acc@1:   0.000 (  0.127)  Acc@5:   0.000 (  0.550)
Test: [ 690/781]  Time: 0.211 (0.284)  Loss:   6.991 ( 6.915)  Acc@1:   0.000 (  0.127)  Acc@5:   0.000 (  0.549)
Test: [ 691/781]  Time: 0.212 (0.284)  Loss:   6.837 ( 6.915)  Acc@1:   0.000 (  0.126)  Acc@5:   0.000 (  0.549)
Test: [ 692/781]  Time: 0.216 (0.284)  Loss:   6.871 ( 6.914)  Acc@1:   0.000 (  0.126)  Acc@5:   0.000 (  0.548)
Test: [ 693/781]  Time: 0.219 (0.284)  Loss:   6.840 ( 6.914)  Acc@1:   0.000 (  0.126)  Acc@5:   0.000 (  0.547)
Test: [ 694/781]  Time: 0.220 (0.284)  Loss:   7.020 ( 6.915)  Acc@1:   0.000 (  0.126)  Acc@5:   0.000 (  0.546)
Test: [ 695/781]  Time: 0.216 (0.284)  Loss:   6.999 ( 6.915)  Acc@1:   0.000 (  0.126)  Acc@5:   0.000 (  0.546)
Test: [ 696/781]  Time: 0.224 (0.284)  Loss:   6.889 ( 6.915)  Acc@1:   0.000 (  0.126)  Acc@5:   0.000 (  0.545)
Test: [ 697/781]  Time: 0.224 (0.284)  Loss:   6.914 ( 6.915)  Acc@1:   0.000 (  0.125)  Acc@5:   0.000 (  0.544)
Test: [ 698/781]  Time: 0.225 (0.283)  Loss:   6.857 ( 6.915)  Acc@1:   0.000 (  0.125)  Acc@5:   0.000 (  0.543)
Test: [ 699/781]  Time: 0.226 (0.283)  Loss:   6.904 ( 6.915)  Acc@1:   0.000 (  0.125)  Acc@5:   0.000 (  0.542)
Test: [ 700/781]  Time: 0.232 (0.283)  Loss:   6.943 ( 6.915)  Acc@1:   0.000 (  0.125)  Acc@5:   0.000 (  0.542)
Test: [ 701/781]  Time: 0.218 (0.283)  Loss:   6.869 ( 6.914)  Acc@1:   0.000 (  0.125)  Acc@5:   0.000 (  0.541)
Test: [ 702/781]  Time: 0.218 (0.283)  Loss:   7.049 ( 6.915)  Acc@1:   0.000 (  0.124)  Acc@5:   0.000 (  0.540)
Test: [ 703/781]  Time: 0.221 (0.283)  Loss:   7.005 ( 6.915)  Acc@1:   0.000 (  0.124)  Acc@5:   0.000 (  0.539)
Test: [ 704/781]  Time: 0.228 (0.283)  Loss:   6.973 ( 6.915)  Acc@1:   0.000 (  0.124)  Acc@5:   0.000 (  0.539)
Test: [ 705/781]  Time: 0.229 (0.283)  Loss:   7.009 ( 6.915)  Acc@1:   0.000 (  0.124)  Acc@5:   0.000 (  0.538)
Test: [ 706/781]  Time: 0.233 (0.283)  Loss:   6.863 ( 6.915)  Acc@1:   0.000 (  0.124)  Acc@5:   0.000 (  0.537)
Test: [ 707/781]  Time: 0.233 (0.283)  Loss:   6.975 ( 6.915)  Acc@1:   0.000 (  0.124)  Acc@5:   0.000 (  0.536)
Test: [ 708/781]  Time: 0.231 (0.283)  Loss:   7.002 ( 6.915)  Acc@1:   0.000 (  0.123)  Acc@5:   0.000 (  0.536)
Test: [ 709/781]  Time: 0.232 (0.283)  Loss:   6.991 ( 6.915)  Acc@1:   0.000 (  0.123)  Acc@5:   0.000 (  0.535)
Test: [ 710/781]  Time: 0.222 (0.283)  Loss:   6.930 ( 6.915)  Acc@1:   0.000 (  0.123)  Acc@5:   0.000 (  0.534)
Test: [ 711/781]  Time: 0.216 (0.282)  Loss:   6.924 ( 6.915)  Acc@1:   0.000 (  0.123)  Acc@5:   0.000 (  0.533)
Test: [ 712/781]  Time: 0.213 (0.282)  Loss:   6.936 ( 6.915)  Acc@1:   0.000 (  0.123)  Acc@5:   0.000 (  0.533)
Test: [ 713/781]  Time: 0.213 (0.282)  Loss:   7.044 ( 6.916)  Acc@1:   0.000 (  0.123)  Acc@5:   0.000 (  0.532)
Test: [ 714/781]  Time: 0.214 (0.282)  Loss:   6.902 ( 6.915)  Acc@1:   0.000 (  0.122)  Acc@5:   0.000 (  0.531)
Test: [ 715/781]  Time: 0.218 (0.282)  Loss:   6.996 ( 6.916)  Acc@1:   0.000 (  0.122)  Acc@5:   0.000 (  0.530)
Test: [ 716/781]  Time: 0.228 (0.282)  Loss:   6.876 ( 6.916)  Acc@1:   0.000 (  0.122)  Acc@5:   0.000 (  0.530)
Test: [ 717/781]  Time: 0.219 (0.282)  Loss:   6.958 ( 6.916)  Acc@1:   0.000 (  0.122)  Acc@5:   0.000 (  0.529)
Test: [ 718/781]  Time: 0.221 (0.282)  Loss:   6.786 ( 6.915)  Acc@1:   0.000 (  0.122)  Acc@5:   0.000 (  0.528)
Test: [ 719/781]  Time: 0.210 (0.282)  Loss:   6.864 ( 6.915)  Acc@1:   0.000 (  0.122)  Acc@5:   0.000 (  0.527)
Test: [ 720/781]  Time: 0.212 (0.282)  Loss:   6.972 ( 6.915)  Acc@1:   0.000 (  0.121)  Acc@5:   0.000 (  0.527)
Test: [ 721/781]  Time: 0.220 (0.282)  Loss:   7.040 ( 6.916)  Acc@1:   0.000 (  0.121)  Acc@5:   0.000 (  0.526)
Test: [ 722/781]  Time: 0.198 (0.281)  Loss:   6.908 ( 6.916)  Acc@1:   0.000 (  0.121)  Acc@5:   0.000 (  0.525)
Test: [ 723/781]  Time: 0.207 (0.281)  Loss:   6.872 ( 6.916)  Acc@1:   0.000 (  0.121)  Acc@5:   0.000 (  0.524)
Test: [ 724/781]  Time: 0.193 (0.281)  Loss:   7.029 ( 6.916)  Acc@1:   0.000 (  0.121)  Acc@5:   0.000 (  0.524)
Test: [ 725/781]  Time: 0.212 (0.281)  Loss:   6.888 ( 6.916)  Acc@1:   0.000 (  0.121)  Acc@5:   0.000 (  0.523)
Test: [ 726/781]  Time: 0.206 (0.281)  Loss:   6.885 ( 6.916)  Acc@1:   0.000 (  0.120)  Acc@5:   0.000 (  0.522)
Test: [ 727/781]  Time: 0.202 (0.281)  Loss:   6.944 ( 6.916)  Acc@1:   0.000 (  0.120)  Acc@5:   0.000 (  0.522)
Test: [ 728/781]  Time: 0.211 (0.281)  Loss:   6.966 ( 6.916)  Acc@1:   0.000 (  0.120)  Acc@5:   0.000 (  0.521)
Test: [ 729/781]  Time: 0.200 (0.281)  Loss:   6.816 ( 6.916)  Acc@1:   0.000 (  0.120)  Acc@5:   0.000 (  0.520)
Test: [ 730/781]  Time: 0.201 (0.281)  Loss:   6.928 ( 6.916)  Acc@1:   0.000 (  0.120)  Acc@5:   0.000 (  0.519)
Test: [ 731/781]  Time: 0.194 (0.280)  Loss:   6.957 ( 6.916)  Acc@1:   0.000 (  0.120)  Acc@5:   0.000 (  0.519)
Test: [ 732/781]  Time: 0.190 (0.280)  Loss:   6.996 ( 6.916)  Acc@1:   0.000 (  0.119)  Acc@5:   0.000 (  0.518)
Test: [ 733/781]  Time: 0.199 (0.280)  Loss:   6.820 ( 6.916)  Acc@1:   0.000 (  0.119)  Acc@5:   0.000 (  0.517)
Test: [ 734/781]  Time: 0.199 (0.280)  Loss:   6.894 ( 6.916)  Acc@1:   0.000 (  0.119)  Acc@5:   0.000 (  0.517)
Test: [ 735/781]  Time: 0.191 (0.280)  Loss:   6.872 ( 6.916)  Acc@1:   0.000 (  0.119)  Acc@5:   0.000 (  0.516)
Test: [ 736/781]  Time: 0.196 (0.280)  Loss:   7.023 ( 6.916)  Acc@1:   0.000 (  0.119)  Acc@5:   0.000 (  0.515)
Test: [ 737/781]  Time: 0.211 (0.280)  Loss:   6.886 ( 6.916)  Acc@1:   0.000 (  0.119)  Acc@5:   0.000 (  0.514)
Test: [ 738/781]  Time: 0.209 (0.280)  Loss:   6.938 ( 6.916)  Acc@1:   0.000 (  0.118)  Acc@5:   0.000 (  0.514)
Test: [ 739/781]  Time: 0.202 (0.280)  Loss:   6.812 ( 6.916)  Acc@1:   0.000 (  0.118)  Acc@5:   0.000 (  0.513)
Test: [ 740/781]  Time: 0.206 (0.279)  Loss:   6.945 ( 6.916)  Acc@1:   0.000 (  0.118)  Acc@5:   0.000 (  0.512)
Test: [ 741/781]  Time: 0.213 (0.279)  Loss:   7.016 ( 6.916)  Acc@1:   0.000 (  0.118)  Acc@5:   0.000 (  0.512)
Test: [ 742/781]  Time: 0.216 (0.279)  Loss:   6.769 ( 6.916)  Acc@1:   0.000 (  0.118)  Acc@5:   0.000 (  0.511)
Test: [ 743/781]  Time: 0.224 (0.279)  Loss:   6.780 ( 6.915)  Acc@1:   0.000 (  0.118)  Acc@5:   0.000 (  0.510)
Test: [ 744/781]  Time: 0.226 (0.279)  Loss:   6.762 ( 6.915)  Acc@1:   0.000 (  0.117)  Acc@5:   0.000 (  0.510)
Test: [ 745/781]  Time: 0.225 (0.279)  Loss:   6.883 ( 6.915)  Acc@1:   0.000 (  0.117)  Acc@5:   0.000 (  0.509)
Test: [ 746/781]  Time: 0.232 (0.279)  Loss:   6.955 ( 6.915)  Acc@1:   0.000 (  0.117)  Acc@5:   0.000 (  0.508)
Test: [ 747/781]  Time: 0.232 (0.279)  Loss:   6.920 ( 6.915)  Acc@1:   0.000 (  0.117)  Acc@5:   0.000 (  0.508)
Test: [ 748/781]  Time: 0.230 (0.279)  Loss:   6.892 ( 6.915)  Acc@1:   0.000 (  0.117)  Acc@5:   0.000 (  0.507)
Test: [ 749/781]  Time: 0.228 (0.279)  Loss:   6.915 ( 6.915)  Acc@1:   0.000 (  0.117)  Acc@5:   0.000 (  0.506)
Test: [ 750/781]  Time: 0.230 (0.279)  Loss:   6.994 ( 6.915)  Acc@1:   0.000 (  0.117)  Acc@5:   0.000 (  0.506)
Test: [ 751/781]  Time: 0.226 (0.279)  Loss:   6.989 ( 6.915)  Acc@1:   0.000 (  0.116)  Acc@5:   0.000 (  0.505)
Test: [ 752/781]  Time: 0.233 (0.279)  Loss:   6.767 ( 6.915)  Acc@1:   3.125 (  0.120)  Acc@5:  20.312 (  0.531)
Test: [ 753/781]  Time: 0.225 (0.279)  Loss:   6.840 ( 6.915)  Acc@1:   0.000 (  0.120)  Acc@5:   1.562 (  0.533)
Test: [ 754/781]  Time: 0.216 (0.278)  Loss:   6.960 ( 6.915)  Acc@1:   0.000 (  0.120)  Acc@5:   0.000 (  0.532)
Test: [ 755/781]  Time: 0.221 (0.278)  Loss:   6.824 ( 6.915)  Acc@1:   0.000 (  0.120)  Acc@5:   0.000 (  0.531)
Test: [ 756/781]  Time: 0.213 (0.278)  Loss:   6.818 ( 6.915)  Acc@1:   0.000 (  0.120)  Acc@5:   0.000 (  0.530)
Test: [ 757/781]  Time: 0.224 (0.278)  Loss:   6.941 ( 6.915)  Acc@1:   0.000 (  0.120)  Acc@5:   0.000 (  0.530)
Test: [ 758/781]  Time: 0.228 (0.278)  Loss:   6.925 ( 6.915)  Acc@1:   0.000 (  0.119)  Acc@5:   0.000 (  0.529)
Test: [ 759/781]  Time: 0.225 (0.278)  Loss:   6.815 ( 6.915)  Acc@1:   0.000 (  0.119)  Acc@5:   0.000 (  0.528)
Test: [ 760/781]  Time: 0.219 (0.278)  Loss:   6.898 ( 6.915)  Acc@1:   0.000 (  0.119)  Acc@5:   0.000 (  0.528)
Test: [ 761/781]  Time: 0.217 (0.278)  Loss:   6.743 ( 6.915)  Acc@1:   0.000 (  0.119)  Acc@5:   3.125 (  0.531)
Test: [ 762/781]  Time: 0.215 (0.278)  Loss:   6.834 ( 6.914)  Acc@1:   0.000 (  0.119)  Acc@5:   0.000 (  0.530)
Test: [ 763/781]  Time: 0.204 (0.278)  Loss:   6.936 ( 6.914)  Acc@1:   0.000 (  0.119)  Acc@5:   0.000 (  0.530)
Test: [ 764/781]  Time: 0.205 (0.278)  Loss:   6.839 ( 6.914)  Acc@1:   0.000 (  0.118)  Acc@5:   0.000 (  0.529)
Test: [ 765/781]  Time: 0.206 (0.278)  Loss:   6.997 ( 6.914)  Acc@1:   0.000 (  0.118)  Acc@5:   0.000 (  0.528)
Test: [ 766/781]  Time: 0.204 (0.277)  Loss:   6.984 ( 6.915)  Acc@1:   0.000 (  0.118)  Acc@5:   0.000 (  0.528)
Test: [ 767/781]  Time: 0.197 (0.277)  Loss:   6.934 ( 6.915)  Acc@1:   0.000 (  0.118)  Acc@5:   0.000 (  0.527)
Test: [ 768/781]  Time: 0.198 (0.277)  Loss:   6.797 ( 6.914)  Acc@1:   0.000 (  0.118)  Acc@5:   0.000 (  0.526)
Test: [ 769/781]  Time: 0.195 (0.277)  Loss:   6.881 ( 6.914)  Acc@1:   0.000 (  0.118)  Acc@5:   0.000 (  0.526)
Test: [ 770/781]  Time: 0.194 (0.277)  Loss:   6.841 ( 6.914)  Acc@1:   0.000 (  0.118)  Acc@5:   0.000 (  0.525)
Test: [ 771/781]  Time: 0.201 (0.277)  Loss:   7.036 ( 6.914)  Acc@1:   0.000 (  0.117)  Acc@5:   0.000 (  0.524)
Test: [ 772/781]  Time: 0.203 (0.277)  Loss:   6.943 ( 6.914)  Acc@1:   0.000 (  0.117)  Acc@5:   0.000 (  0.524)
Test: [ 773/781]  Time: 0.209 (0.277)  Loss:   6.831 ( 6.914)  Acc@1:   0.000 (  0.117)  Acc@5:   0.000 (  0.523)
Test: [ 774/781]  Time: 0.212 (0.277)  Loss:   6.827 ( 6.914)  Acc@1:   0.000 (  0.117)  Acc@5:   0.000 (  0.522)
Test: [ 775/781]  Time: 0.221 (0.277)  Loss:   6.862 ( 6.914)  Acc@1:   0.000 (  0.117)  Acc@5:   0.000 (  0.522)
Test: [ 776/781]  Time: 0.216 (0.277)  Loss:   7.011 ( 6.914)  Acc@1:   0.000 (  0.117)  Acc@5:   0.000 (  0.521)
Test: [ 777/781]  Time: 0.229 (0.276)  Loss:   6.949 ( 6.914)  Acc@1:   0.000 (  0.116)  Acc@5:   0.000 (  0.520)
Test: [ 778/781]  Time: 0.238 (0.276)  Loss:   6.930 ( 6.914)  Acc@1:   0.000 (  0.116)  Acc@5:   0.000 (  0.519)
Test: [ 779/781]  Time: 0.246 (0.276)  Loss:   6.898 ( 6.914)  Acc@1:   0.000 (  0.116)  Acc@5:   0.000 (  0.519)
Test: [ 780/781]  Time: 0.247 (0.276)  Loss:   6.836 ( 6.914)  Acc@1:   0.000 (  0.116)  Acc@5:   0.000 (  0.518)
Test: [ 781/781]  Time: 0.053 (0.276)  Loss:   6.802 ( 6.914)  Acc@1:   0.000 (  0.116)  Acc@5:   0.000 (  0.518)
Current checkpoints:
 ('./output/train/20251126-091707-cspresnet50-256/checkpoint-0.pth.tar', 0.116)

*** Best metric: 0.116 (epoch 0)
--result
[
    {
        "epoch": 0,
        "train": {
            "loss": 6.917994022369385
        },
        "validation": {
            "loss": 6.914205546875,
            "top1": 0.116,
            "top5": 0.518
        }
    }
]
