Training with a single process on 1 device (cuda).
Model levit_128 created, param count:9213936
Data processing configuration for current model + dataset:
	input_size: (3, 224, 224)
	interpolation: bicubic
	mean: (0.485, 0.456, 0.406)
	std: (0.229, 0.224, 0.225)
	crop_pct: 0.9
	crop_mode: center
Created SGD (sgd) optimizer: lr: 0.4, momentum: 0.9, dampening: 0, weight_decay: 2e-05, nesterov: True, maximize: False, foreach: None, differentiable: False, fused: None
Using native Torch AMP. Training in mixed precision.
Scheduled epochs: 1 (epochs + cooldown_epochs). Warmup within epochs when warmup_prefix=False. LR stepped per epoch.
TCAPPDLL 2025-12-12 17:31:29.485509 - Epoch: 0 Iteration: 0  rank : 0  train.loss : 6.9314069747924805  train.ips : 172074.01025641026 imgs/s train.total_time : 9.298324584960938e-05
TCAPPDLL 2025-12-12 17:31:29.545960 - Epoch: 0 Iteration: 1  rank : 0  train.loss : 6.9414143562316895  train.ips : 177068.24274406332 imgs/s train.total_time : 9.036064147949219e-05
TCAPPDLL 2025-12-12 17:31:29.604334 - Epoch: 0 Iteration: 2  rank : 0  train.loss : 6.939327239990234  train.ips : 199136.09495548962 imgs/s train.total_time : 8.034706115722656e-05
TCAPPDLL 2025-12-12 17:31:30.226886 - Epoch: 0 Iteration: 3  rank : 0  train.loss : 6.939131736755371  train.ips : 81344.07757575758 imgs/s train.total_time : 0.00019669532775878906
TCAPPDLL 2025-12-12 17:31:30.347553 - Epoch: 0 Iteration: 4  rank : 0  train.loss : 6.942856311798096  train.ips : 156067.12558139535 imgs/s train.total_time : 0.00010251998901367188
TCAPPDLL 2025-12-12 17:31:31.754168 - Epoch: 0 Iteration: 5  rank : 0  train.loss : 6.930413722991943  train.ips : 95869.80571428571 imgs/s train.total_time : 0.00016689300537109375
TCAPPDLL 2025-12-12 17:31:31.844399 - Epoch: 0 Iteration: 6  rank : 0  train.loss : 6.960446834564209  train.ips : 164886.64373464373 imgs/s train.total_time : 9.703636169433594e-05
TCAPPDLL 2025-12-12 17:31:32.966994 - Epoch: 0 Iteration: 7  rank : 0  train.loss : 6.951868057250977  train.ips : 132364.62327416174 imgs/s train.total_time : 0.00012087821960449219
TCAPPDLL 2025-12-12 17:31:33.025279 - Epoch: 0 Iteration: 8  rank : 0  train.loss : 6.962910175323486  train.ips : 142784.8170212766 imgs/s train.total_time : 0.00011205673217773438
TCAPPDLL 2025-12-12 17:31:33.369351 - Epoch: 0 Iteration: 9  rank : 0  train.loss : 7.003927230834961  train.ips : 147816.88105726874 imgs/s train.total_time : 0.00010824203491210938
TCAPPDLL 2025-12-12 17:31:33.423503 - Epoch: 0 Iteration: 10  rank : 0  train.loss : 7.021833896636963  train.ips : 119198.69271758437 imgs/s train.total_time : 0.0001342296600341797
TCAPPDLL 2025-12-12 17:31:35.870998 - Epoch: 0 Iteration: 11  rank : 0  train.loss : 6.911491870880127  train.ips : 87838.8272251309 imgs/s train.total_time : 0.00018215179443359375
TCAPPDLL 2025-12-12 17:31:35.951932 - Epoch: 0 Iteration: 12  rank : 0  train.loss : 6.935726642608643  train.ips : 107718.88282504013 imgs/s train.total_time : 0.00014853477478027344
TCAPPDLL 2025-12-12 17:31:36.015392 - Epoch: 0 Iteration: 13  rank : 0  train.loss : 6.897722244262695  train.ips : 126859.85633270322 imgs/s train.total_time : 0.00012612342834472656
TCAPPDLL 2025-12-12 17:31:36.081804 - Epoch: 0 Iteration: 14  rank : 0  train.loss : 7.019075393676758  train.ips : 141879.20507399578 imgs/s train.total_time : 0.00011277198791503906
TCAPPDLL 2025-12-12 17:31:38.499322 - Epoch: 0 Iteration: 15  rank : 0  train.loss : 6.911951541900635  train.ips : 129804.37911025145 imgs/s train.total_time : 0.0001232624053955078
TCAPPDLL 2025-12-12 17:31:38.552873 - Epoch: 0 Iteration: 16  rank : 0  train.loss : 6.922257423400879  train.ips : 128807.80038387715 imgs/s train.total_time : 0.00012421607971191406
TCAPPDLL 2025-12-12 17:31:38.608294 - Epoch: 0 Iteration: 17  rank : 0  train.loss : 6.8859052658081055  train.ips : 151487.2776523702 imgs/s train.total_time : 0.00010561943054199219
TCAPPDLL 2025-12-12 17:31:38.658195 - Epoch: 0 Iteration: 18  rank : 0  train.loss : 6.889287948608398  train.ips : 148800.1419068736 imgs/s train.total_time : 0.00010752677917480469
TCAPPDLL 2025-12-12 17:31:41.504587 - Epoch: 0 Iteration: 19  rank : 0  train.loss : 6.939654350280762  train.ips : 107031.68102073365 imgs/s train.total_time : 0.0001494884490966797
TCAPPDLL 2025-12-12 17:31:41.570399 - Epoch: 0 Iteration: 20  rank : 0  train.loss : 6.90516471862793  train.ips : 128070.35114503816 imgs/s train.total_time : 0.00012493133544921875
TCAPPDLL 2025-12-12 17:31:41.630550 - Epoch: 0 Iteration: 21  rank : 0  train.loss : 6.90594482421875  train.ips : 132104.06299212598 imgs/s train.total_time : 0.00012111663818359375
TCAPPDLL 2025-12-12 17:31:41.688653 - Epoch: 0 Iteration: 22  rank : 0  train.loss : 6.984690189361572  train.ips : 139230.0082987552 imgs/s train.total_time : 0.00011491775512695312
TCAPPDLL 2025-12-12 17:31:44.599109 - Epoch: 0 Iteration: 23  rank : 0  train.loss : 6.915665149688721  train.ips : 111291.64842454395 imgs/s train.total_time : 0.0001437664031982422
TCAPPDLL 2025-12-12 17:31:44.667779 - Epoch: 0 Iteration: 24  rank : 0  train.loss : 6.978663444519043  train.ips : 129804.37911025145 imgs/s train.total_time : 0.0001232624053955078
TCAPPDLL 2025-12-12 17:31:44.725095 - Epoch: 0 Iteration: 25  rank : 0  train.loss : 6.962673187255859  train.ips : 136956.86530612246 imgs/s train.total_time : 0.00011682510375976562
TCAPPDLL 2025-12-12 17:31:44.782083 - Epoch: 0 Iteration: 26  rank : 0  train.loss : 6.876811504364014  train.ips : 150468.30493273542 imgs/s train.total_time : 0.00010633468627929688
TCAPPDLL 2025-12-12 17:31:47.588735 - Epoch: 0 Iteration: 27  rank : 0  train.loss : 6.980591773986816  train.ips : 98980.62536873156 imgs/s train.total_time : 0.00016164779663085938
TCAPPDLL 2025-12-12 17:31:47.653607 - Epoch: 0 Iteration: 28  rank : 0  train.loss : 6.949553966522217  train.ips : 137236.94069529654 imgs/s train.total_time : 0.00011658668518066406
TCAPPDLL 2025-12-12 17:31:47.713282 - Epoch: 0 Iteration: 29  rank : 0  train.loss : 6.8866682052612305  train.ips : 129304.16955684008 imgs/s train.total_time : 0.00012373924255371094
TCAPPDLL 2025-12-12 17:31:47.774721 - Epoch: 0 Iteration: 30  rank : 0  train.loss : 6.997644901275635  train.ips : 128807.80038387715 imgs/s train.total_time : 0.00012421607971191406
TCAPPDLL 2025-12-12 17:31:50.022607 - Epoch: 0 Iteration: 31  rank : 0  train.loss : 6.9507737159729  train.ips : 94786.53107344633 imgs/s train.total_time : 0.00016880035400390625
TCAPPDLL 2025-12-12 17:31:50.090070 - Epoch: 0 Iteration: 32  rank : 0  train.loss : 6.979442596435547  train.ips : 143395.00854700856 imgs/s train.total_time : 0.00011157989501953125
TCAPPDLL 2025-12-12 17:31:50.145331 - Epoch: 0 Iteration: 33  rank : 0  train.loss : 6.875725746154785  train.ips : 153567.19450800915 imgs/s train.total_time : 0.00010418891906738281
TCAPPDLL 2025-12-12 17:31:50.197537 - Epoch: 0 Iteration: 34  rank : 0  train.loss : 7.0127434730529785  train.ips : 164080.3520782396 imgs/s train.total_time : 9.751319885253906e-05
TCAPPDLL 2025-12-12 17:31:51.474463 - Epoch: 0 Iteration: 35  rank : 0  train.loss : 6.887947082519531  train.ips : 113168.40472175379 imgs/s train.total_time : 0.00014138221740722656
TCAPPDLL 2025-12-12 17:31:51.543502 - Epoch: 0 Iteration: 36  rank : 0  train.loss : 6.989346981048584  train.ips : 93596.7419804742 imgs/s train.total_time : 0.0001709461212158203
TCAPPDLL 2025-12-12 17:31:51.602692 - Epoch: 0 Iteration: 37  rank : 0  train.loss : 6.942044258117676  train.ips : 141281.81894736842 imgs/s train.total_time : 0.00011324882507324219
TCAPPDLL 2025-12-12 17:31:51.659460 - Epoch: 0 Iteration: 38  rank : 0  train.loss : 6.982346534729004  train.ips : 150468.30493273542 imgs/s train.total_time : 0.00010633468627929688
TCAPPDLL 2025-12-12 17:31:54.233002 - Epoch: 0 Iteration: 39  rank : 0  train.loss : 6.898617744445801  train.ips : 107374.1824 imgs/s train.total_time : 0.00014901161193847656
TCAPPDLL 2025-12-12 17:31:54.300264 - Epoch: 0 Iteration: 40  rank : 0  train.loss : 6.9880170822143555  train.ips : 102770.08269525268 imgs/s train.total_time : 0.0001556873321533203
TCAPPDLL 2025-12-12 17:31:54.363282 - Epoch: 0 Iteration: 41  rank : 0  train.loss : 6.927337169647217  train.ips : 137518.16393442624 imgs/s train.total_time : 0.0001163482666015625
TCAPPDLL 2025-12-12 17:31:54.420736 - Epoch: 0 Iteration: 42  rank : 0  train.loss : 6.888051986694336  train.ips : 158275.62264150943 imgs/s train.total_time : 0.0001010894775390625
TCAPPDLL 2025-12-12 17:31:57.072106 - Epoch: 0 Iteration: 43  rank : 0  train.loss : 6.971562385559082  train.ips : 125203.10447761194 imgs/s train.total_time : 0.0001277923583984375
TCAPPDLL 2025-12-12 17:31:57.126030 - Epoch: 0 Iteration: 44  rank : 0  train.loss : 6.9887471199035645  train.ips : 145572.37310195228 imgs/s train.total_time : 0.00010991096496582031
TCAPPDLL 2025-12-12 17:31:57.181869 - Epoch: 0 Iteration: 45  rank : 0  train.loss : 6.911539077758789  train.ips : 132626.21343873517 imgs/s train.total_time : 0.00012063980102539062
TCAPPDLL 2025-12-12 17:31:57.234519 - Epoch: 0 Iteration: 46  rank : 0  train.loss : 6.922484397888184  train.ips : 127583.39163498099 imgs/s train.total_time : 0.00012540817260742188
TCAPPDLL 2025-12-12 17:32:00.162773 - Epoch: 0 Iteration: 47  rank : 0  train.loss : 6.937150001525879  train.ips : 102612.94189602447 imgs/s train.total_time : 0.00015592575073242188
TCAPPDLL 2025-12-12 17:32:00.226573 - Epoch: 0 Iteration: 48  rank : 0  train.loss : 6.991926193237305  train.ips : 122238.3679417122 imgs/s train.total_time : 0.0001308917999267578
TCAPPDLL 2025-12-12 17:32:00.285480 - Epoch: 0 Iteration: 49  rank : 0  train.loss : 6.999807357788086  train.ips : 137800.54209445586 imgs/s train.total_time : 0.00011610984802246094
TCAPPDLL 2025-12-12 17:32:00.344571 - Epoch: 0 Iteration: 50  rank : 0  train.loss : 7.007169723510742  train.ips : 147168.56140350876 imgs/s train.total_time : 0.0001087188720703125
TCAPPDLL 2025-12-12 17:32:02.572661 - Epoch: 0 Iteration: 51  rank : 0  train.loss : 7.12151575088501  train.ips : 106861.24840764332 imgs/s train.total_time : 0.00014972686767578125
TCAPPDLL 2025-12-12 17:32:02.636762 - Epoch: 0 Iteration: 52  rank : 0  train.loss : 6.957086563110352  train.ips : 126620.49811320755 imgs/s train.total_time : 0.00012636184692382812
TCAPPDLL 2025-12-12 17:32:02.697666 - Epoch: 0 Iteration: 53  rank : 0  train.loss : 7.083470821380615  train.ips : 132888.8396039604 imgs/s train.total_time : 0.00012040138244628906
TCAPPDLL 2025-12-12 17:32:02.754057 - Epoch: 0 Iteration: 54  rank : 0  train.loss : 6.9999494552612305  train.ips : 205855.4110429448 imgs/s train.total_time : 7.772445678710938e-05
TCAPPDLL 2025-12-12 17:32:05.286540 - Epoch: 0 Iteration: 55  rank : 0  train.loss : 6.895838737487793  train.ips : 105849.94321766561 imgs/s train.total_time : 0.00015115737915039062
TCAPPDLL 2025-12-12 17:32:05.374018 - Epoch: 0 Iteration: 56  rank : 0  train.loss : 6.964299201965332  train.ips : 108240.10322580645 imgs/s train.total_time : 0.00014781951904296875
TCAPPDLL 2025-12-12 17:32:05.455520 - Epoch: 0 Iteration: 57  rank : 0  train.loss : 7.0908708572387695  train.ips : 103244.40615384615 imgs/s train.total_time : 0.00015497207641601562
TCAPPDLL 2025-12-12 17:32:05.544884 - Epoch: 0 Iteration: 58  rank : 0  train.loss : 6.92096471786499  train.ips : 133417.22465208746 imgs/s train.total_time : 0.00011992454528808594
TCAPPDLL 2025-12-12 17:32:07.991134 - Epoch: 0 Iteration: 59  rank : 0  train.loss : 6.971339702606201  train.ips : 101220.00603318251 imgs/s train.total_time : 0.00015807151794433594
TCAPPDLL 2025-12-12 17:32:08.047128 - Epoch: 0 Iteration: 60  rank : 0  train.loss : 7.060235023498535  train.ips : 93206.75555555556 imgs/s train.total_time : 0.000171661376953125
TCAPPDLL 2025-12-12 17:32:08.103220 - Epoch: 0 Iteration: 61  rank : 0  train.loss : 6.974650859832764  train.ips : 104530.94080996884 imgs/s train.total_time : 0.00015306472778320312
TCAPPDLL 2025-12-12 17:32:08.158692 - Epoch: 0 Iteration: 62  rank : 0  train.loss : 7.071514129638672  train.ips : 106353.19175911252 imgs/s train.total_time : 0.00015044212341308594
TCAPPDLL 2025-12-12 17:32:09.618587 - Epoch: 0 Iteration: 63  rank : 0  train.loss : 6.997766971588135  train.ips : 117118.43630017452 imgs/s train.total_time : 0.0001366138458251953
TCAPPDLL 2025-12-12 17:32:09.678113 - Epoch: 0 Iteration: 64  rank : 0  train.loss : 6.955402374267578  train.ips : 122461.4306569343 imgs/s train.total_time : 0.00013065338134765625
TCAPPDLL 2025-12-12 17:32:09.731204 - Epoch: 0 Iteration: 65  rank : 0  train.loss : 6.97438907623291  train.ips : 133682.99601593625 imgs/s train.total_time : 0.00011968612670898438
TCAPPDLL 2025-12-12 17:32:09.782790 - Epoch: 0 Iteration: 66  rank : 0  train.loss : 6.935156345367432  train.ips : 151830.00904977377 imgs/s train.total_time : 0.00010538101196289062
TCAPPDLL 2025-12-12 17:32:12.223544 - Epoch: 0 Iteration: 67  rank : 0  train.loss : 6.825005054473877  train.ips : 107892.06430868167 imgs/s train.total_time : 0.00014829635620117188
TCAPPDLL 2025-12-12 17:32:12.280184 - Epoch: 0 Iteration: 68  rank : 0  train.loss : 6.878296852111816  train.ips : 128807.80038387715 imgs/s train.total_time : 0.00012421607971191406
TCAPPDLL 2025-12-12 17:32:12.334790 - Epoch: 0 Iteration: 69  rank : 0  train.loss : 6.894658088684082  train.ips : 148143.1876379691 imgs/s train.total_time : 0.00010800361633300781
TCAPPDLL 2025-12-12 17:32:12.401029 - Epoch: 0 Iteration: 70  rank : 0  train.loss : 6.912915229797363  train.ips : 83886.08 imgs/s train.total_time : 0.00019073486328125
TCAPPDLL 2025-12-12 17:32:14.820277 - Epoch: 0 Iteration: 71  rank : 0  train.loss : 6.934948921203613  train.ips : 91056.80325644504 imgs/s train.total_time : 0.00017571449279785156
TCAPPDLL 2025-12-12 17:32:14.870102 - Epoch: 0 Iteration: 72  rank : 0  train.loss : 6.982143402099609  train.ips : 169895.8582278481 imgs/s train.total_time : 9.417533874511719e-05
TCAPPDLL 2025-12-12 17:32:14.915668 - Epoch: 0 Iteration: 73  rank : 0  train.loss : 6.918268203735352  train.ips : 172960.98969072165 imgs/s train.total_time : 9.250640869140625e-05
TCAPPDLL 2025-12-12 17:32:14.959045 - Epoch: 0 Iteration: 74  rank : 0  train.loss : 6.992523670196533  train.ips : 186413.51111111112 imgs/s train.total_time : 8.58306884765625e-05
TCAPPDLL 2025-12-12 17:32:17.527623 - Epoch: 0 Iteration: 75  rank : 0  train.loss : 6.85051155090332  train.ips : 94386.58790436006 imgs/s train.total_time : 0.00016951560974121094
TCAPPDLL 2025-12-12 17:32:17.594290 - Epoch: 0 Iteration: 76  rank : 0  train.loss : 6.988160133361816  train.ips : 124275.67407407408 imgs/s train.total_time : 0.00012874603271484375
TCAPPDLL 2025-12-12 17:32:17.651148 - Epoch: 0 Iteration: 77  rank : 0  train.loss : 6.90113639831543  train.ips : 145257.28138528139 imgs/s train.total_time : 0.00011014938354492188
TCAPPDLL 2025-12-12 17:32:17.703476 - Epoch: 0 Iteration: 78  rank : 0  train.loss : 6.91957950592041  train.ips : 156067.12558139535 imgs/s train.total_time : 0.00010251998901367188
TCAPPDLL 2025-12-12 17:32:20.230748 - Epoch: 0 Iteration: 79  rank : 0  train.loss : 6.974617958068848  train.ips : 124737.66542750929 imgs/s train.total_time : 0.00012826919555664062
TCAPPDLL 2025-12-12 17:32:20.271839 - Epoch: 0 Iteration: 80  rank : 0  train.loss : 6.915685653686523  train.ips : 122910.00732600733 imgs/s train.total_time : 0.00013017654418945312
TCAPPDLL 2025-12-12 17:32:20.318086 - Epoch: 0 Iteration: 81  rank : 0  train.loss : 7.030889511108398  train.ips : 183357.5519125683 imgs/s train.total_time : 8.726119995117188e-05
TCAPPDLL 2025-12-12 17:32:20.361799 - Epoch: 0 Iteration: 82  rank : 0  train.loss : 6.820159435272217  train.ips : 162098.70531400965 imgs/s train.total_time : 9.870529174804688e-05
TCAPPDLL 2025-12-12 17:32:22.927727 - Epoch: 0 Iteration: 83  rank : 0  train.loss : 6.917444229125977  train.ips : 89958.26273458445 imgs/s train.total_time : 0.00017786026000976562
TCAPPDLL 2025-12-12 17:32:22.994551 - Epoch: 0 Iteration: 84  rank : 0  train.loss : 7.046535968780518  train.ips : 123817.0922509225 imgs/s train.total_time : 0.00012922286987304688
TCAPPDLL 2025-12-12 17:32:23.054420 - Epoch: 0 Iteration: 85  rank : 0  train.loss : 6.908103942871094  train.ips : 137518.16393442624 imgs/s train.total_time : 0.0001163482666015625
TCAPPDLL 2025-12-12 17:32:23.111531 - Epoch: 0 Iteration: 86  rank : 0  train.loss : 7.018793106079102  train.ips : 123135.53027522936 imgs/s train.total_time : 0.00012993812561035156
TCAPPDLL 2025-12-12 17:32:24.390351 - Epoch: 0 Iteration: 87  rank : 0  train.loss : 6.870320796966553  train.ips : 122685.30895795247 imgs/s train.total_time : 0.0001304149627685547
TCAPPDLL 2025-12-12 17:32:24.450936 - Epoch: 0 Iteration: 88  rank : 0  train.loss : 6.950575351715088  train.ips : 153216.58447488584 imgs/s train.total_time : 0.00010442733764648438
TCAPPDLL 2025-12-12 17:32:24.507462 - Epoch: 0 Iteration: 89  rank : 0  train.loss : 7.083669662475586  train.ips : 150131.68680089485 imgs/s train.total_time : 0.00010657310485839844
TCAPPDLL 2025-12-12 17:32:24.560973 - Epoch: 0 Iteration: 90  rank : 0  train.loss : 6.905830383300781  train.ips : 159025.7440758294 imgs/s train.total_time : 0.00010061264038085938
TCAPPDLL 2025-12-12 17:32:27.105752 - Epoch: 0 Iteration: 91  rank : 0  train.loss : 6.957870006561279  train.ips : 99864.38095238095 imgs/s train.total_time : 0.00016021728515625
TCAPPDLL 2025-12-12 17:32:27.171435 - Epoch: 0 Iteration: 92  rank : 0  train.loss : 6.989943504333496  train.ips : 134486.7014028056 imgs/s train.total_time : 0.00011897087097167969
TCAPPDLL 2025-12-12 17:32:27.239294 - Epoch: 0 Iteration: 93  rank : 0  train.loss : 6.976451873779297  train.ips : 168192.64160401002 imgs/s train.total_time : 9.512901306152344e-05
TCAPPDLL 2025-12-12 17:32:27.277787 - Epoch: 0 Iteration: 94  rank : 0  train.loss : 6.931612968444824  train.ips : 184872.90358126722 imgs/s train.total_time : 8.654594421386719e-05
TCAPPDLL 2025-12-12 17:32:29.522576 - Epoch: 0 Iteration: 95  rank : 0  train.loss : 6.900119781494141  train.ips : 111662.00332778702 imgs/s train.total_time : 0.00014328956604003906
TCAPPDLL 2025-12-12 17:32:29.574708 - Epoch: 0 Iteration: 96  rank : 0  train.loss : 6.887630462646484  train.ips : 137800.54209445586 imgs/s train.total_time : 0.00011610984802246094
TCAPPDLL 2025-12-12 17:32:29.623898 - Epoch: 0 Iteration: 97  rank : 0  train.loss : 6.992715835571289  train.ips : 135027.8953722334 imgs/s train.total_time : 0.00011849403381347656
TCAPPDLL 2025-12-12 17:32:29.668891 - Epoch: 0 Iteration: 98  rank : 0  train.loss : 6.910406112670898  train.ips : 158649.79669030732 imgs/s train.total_time : 0.00010085105895996094
TCAPPDLL 2025-12-12 17:32:32.012391 - Epoch: 0 Iteration: 99  rank : 0  train.loss : 7.001767158508301  train.ips : 178956.97066666666 imgs/s train.total_time : 8.940696716308594e-05
TCAPPDLL 2025-12-12 17:32:32.053992 - Epoch: 0 Iteration: 100  rank : 0  train.loss : 6.906816482543945  train.ips : 170327.0659898477 imgs/s train.total_time : 9.393692016601562e-05
TCAPPDLL 2025-12-12 17:32:32.093839 - Epoch: 0 Iteration: 101  rank : 0  train.loss : 6.9080119132995605  train.ips : 169466.8282828283 imgs/s train.total_time : 9.441375732421875e-05
TCAPPDLL 2025-12-12 17:32:32.133712 - Epoch: 0 Iteration: 102  rank : 0  train.loss : 6.939861297607422  train.ips : 180400.17204301077 imgs/s train.total_time : 8.869171142578125e-05
TCAPPDLL 2025-12-12 17:32:33.429073 - Epoch: 0 Iteration: 103  rank : 0  train.loss : 6.922802448272705  train.ips : 102770.08269525268 imgs/s train.total_time : 0.0001556873321533203
TCAPPDLL 2025-12-12 17:32:33.493651 - Epoch: 0 Iteration: 104  rank : 0  train.loss : 7.04301643371582  train.ips : 128561.04214559386 imgs/s train.total_time : 0.00012445449829101562
TCAPPDLL 2025-12-12 17:32:33.550794 - Epoch: 0 Iteration: 105  rank : 0  train.loss : 6.9167585372924805  train.ips : 145572.37310195228 imgs/s train.total_time : 0.00010991096496582031
TCAPPDLL 2025-12-12 17:32:33.603383 - Epoch: 0 Iteration: 106  rank : 0  train.loss : 6.871615409851074  train.ips : 148143.1876379691 imgs/s train.total_time : 0.00010800361633300781
TCAPPDLL 2025-12-12 17:32:36.200932 - Epoch: 0 Iteration: 107  rank : 0  train.loss : 6.96346378326416  train.ips : 100162.48358208955 imgs/s train.total_time : 0.00015974044799804688
TCAPPDLL 2025-12-12 17:32:36.270446 - Epoch: 0 Iteration: 108  rank : 0  train.loss : 6.926896095275879  train.ips : 128070.35114503816 imgs/s train.total_time : 0.00012493133544921875
TCAPPDLL 2025-12-12 17:32:36.335754 - Epoch: 0 Iteration: 109  rank : 0  train.loss : 6.950388431549072  train.ips : 133949.82834331336 imgs/s train.total_time : 0.00011944770812988281
TCAPPDLL 2025-12-12 17:32:36.399148 - Epoch: 0 Iteration: 110  rank : 0  train.loss : 6.935372829437256  train.ips : 80756.75571600482 imgs/s train.total_time : 0.00019812583923339844
TCAPPDLL 2025-12-12 17:32:38.708848 - Epoch: 0 Iteration: 111  rank : 0  train.loss : 7.0288567543029785  train.ips : 122238.3679417122 imgs/s train.total_time : 0.0001308917999267578
TCAPPDLL 2025-12-12 17:32:38.756052 - Epoch: 0 Iteration: 112  rank : 0  train.loss : 7.033177375793457  train.ips : 144943.55075593953 imgs/s train.total_time : 0.00011038780212402344
TCAPPDLL 2025-12-12 17:32:38.807232 - Epoch: 0 Iteration: 113  rank : 0  train.loss : 6.915560722351074  train.ips : 159403.47743467934 imgs/s train.total_time : 0.00010037422180175781
TCAPPDLL 2025-12-12 17:32:38.857980 - Epoch: 0 Iteration: 114  rank : 0  train.loss : 6.891455173492432  train.ips : 193956.2543352601 imgs/s train.total_time : 8.249282836914062e-05
TCAPPDLL 2025-12-12 17:32:41.302070 - Epoch: 0 Iteration: 115  rank : 0  train.loss : 6.887722969055176  train.ips : 128561.04214559386 imgs/s train.total_time : 0.00012445449829101562
TCAPPDLL 2025-12-12 17:32:41.361034 - Epoch: 0 Iteration: 116  rank : 0  train.loss : 6.912411689758301  train.ips : 132626.21343873517 imgs/s train.total_time : 0.00012063980102539062
TCAPPDLL 2025-12-12 17:32:41.415278 - Epoch: 0 Iteration: 117  rank : 0  train.loss : 6.908048629760742  train.ips : 130308.47378640776 imgs/s train.total_time : 0.0001227855682373047
TCAPPDLL 2025-12-12 17:32:41.465274 - Epoch: 0 Iteration: 118  rank : 0  train.loss : 6.91509485244751  train.ips : 144320.1376344086 imgs/s train.total_time : 0.00011086463928222656
TCAPPDLL 2025-12-12 17:32:42.789124 - Epoch: 0 Iteration: 119  rank : 0  train.loss : 7.025171279907227  train.ips : 153216.58447488584 imgs/s train.total_time : 0.00010442733764648438
TCAPPDLL 2025-12-12 17:32:42.834517 - Epoch: 0 Iteration: 120  rank : 0  train.loss : 7.069843292236328  train.ips : 156067.12558139535 imgs/s train.total_time : 0.00010251998901367188
TCAPPDLL 2025-12-12 17:32:42.880264 - Epoch: 0 Iteration: 121  rank : 0  train.loss : 7.00112247467041  train.ips : 154273.25057471264 imgs/s train.total_time : 0.00010371208190917969
TCAPPDLL 2025-12-12 17:32:42.925079 - Epoch: 0 Iteration: 122  rank : 0  train.loss : 6.809850215911865  train.ips : 152867.57175398633 imgs/s train.total_time : 0.00010466575622558594
TCAPPDLL 2025-12-12 17:32:45.461394 - Epoch: 0 Iteration: 123  rank : 0  train.loss : 6.932729721069336  train.ips : 131072.0 imgs/s train.total_time : 0.0001220703125
TCAPPDLL 2025-12-12 17:32:45.518141 - Epoch: 0 Iteration: 124  rank : 0  train.loss : 6.935063362121582  train.ips : 139810.13333333333 imgs/s train.total_time : 0.00011444091796875
TCAPPDLL 2025-12-12 17:32:45.566010 - Epoch: 0 Iteration: 125  rank : 0  train.loss : 6.9859771728515625  train.ips : 150468.30493273542 imgs/s train.total_time : 0.00010633468627929688
TCAPPDLL 2025-12-12 17:32:45.617462 - Epoch: 0 Iteration: 126  rank : 0  train.loss : 6.947265148162842  train.ips : 133682.99601593625 imgs/s train.total_time : 0.00011968612670898438
TCAPPDLL 2025-12-12 17:32:48.349787 - Epoch: 0 Iteration: 127  rank : 0  train.loss : 6.907508373260498  train.ips : 116306.52339688041 imgs/s train.total_time : 0.00013756752014160156
TCAPPDLL 2025-12-12 17:32:48.415632 - Epoch: 0 Iteration: 128  rank : 0  train.loss : 6.991899490356445  train.ips : 112410.15745393635 imgs/s train.total_time : 0.0001423358917236328
TCAPPDLL 2025-12-12 17:32:48.473769 - Epoch: 0 Iteration: 129  rank : 0  train.loss : 6.896849632263184  train.ips : 160547.52153110047 imgs/s train.total_time : 9.965896606445312e-05
TCAPPDLL 2025-12-12 17:32:48.524323 - Epoch: 0 Iteration: 130  rank : 0  train.loss : 6.959256649017334  train.ips : 118357.78483245149 imgs/s train.total_time : 0.00013518333435058594
TCAPPDLL 2025-12-12 17:32:50.878107 - Epoch: 0 Iteration: 131  rank : 0  train.loss : 6.964138984680176  train.ips : 175677.6544502618 imgs/s train.total_time : 9.107589721679688e-05
TCAPPDLL 2025-12-12 17:32:50.918043 - Epoch: 0 Iteration: 132  rank : 0  train.loss : 6.974303245544434  train.ips : 178007.59681697612 imgs/s train.total_time : 8.988380432128906e-05
TCAPPDLL 2025-12-12 17:32:50.957798 - Epoch: 0 Iteration: 133  rank : 0  train.loss : 7.036338806152344  train.ips : 171633.9232736573 imgs/s train.total_time : 9.322166442871094e-05
TCAPPDLL 2025-12-12 17:32:51.002162 - Epoch: 0 Iteration: 134  rank : 0  train.loss : 7.016629695892334  train.ips : 163680.15609756098 imgs/s train.total_time : 9.775161743164062e-05
TCAPPDLL 2025-12-12 17:32:53.468085 - Epoch: 0 Iteration: 135  rank : 0  train.loss : 6.920051574707031  train.ips : 162491.196125908 imgs/s train.total_time : 9.846687316894531e-05
TCAPPDLL 2025-12-12 17:32:53.513466 - Epoch: 0 Iteration: 136  rank : 0  train.loss : 7.104414939880371  train.ips : 134217.728 imgs/s train.total_time : 0.00011920928955078125
TCAPPDLL 2025-12-12 17:32:53.561095 - Epoch: 0 Iteration: 137  rank : 0  train.loss : 6.932071685791016  train.ips : 139810.13333333333 imgs/s train.total_time : 0.00011444091796875
TCAPPDLL 2025-12-12 17:32:53.615660 - Epoch: 0 Iteration: 138  rank : 0  train.loss : 7.033735275268555  train.ips : 160547.52153110047 imgs/s train.total_time : 9.965896606445312e-05
TCAPPDLL 2025-12-12 17:32:56.159865 - Epoch: 0 Iteration: 139  rank : 0  train.loss : 6.989863395690918  train.ips : 104044.7503875969 imgs/s train.total_time : 0.0001537799835205078
TCAPPDLL 2025-12-12 17:32:56.222778 - Epoch: 0 Iteration: 140  rank : 0  train.loss : 7.006089210510254  train.ips : 134217.728 imgs/s train.total_time : 0.00011920928955078125
TCAPPDLL 2025-12-12 17:32:56.276220 - Epoch: 0 Iteration: 141  rank : 0  train.loss : 6.983720779418945  train.ips : 140689.4423480084 imgs/s train.total_time : 0.00011372566223144531
TCAPPDLL 2025-12-12 17:32:56.323490 - Epoch: 0 Iteration: 142  rank : 0  train.loss : 6.8948469161987305  train.ips : 127583.39163498099 imgs/s train.total_time : 0.00012540817260742188
TCAPPDLL 2025-12-12 17:32:57.670203 - Epoch: 0 Iteration: 143  rank : 0  train.loss : 6.920091152191162  train.ips : 130561.99221789883 imgs/s train.total_time : 0.00012254714965820312
TCAPPDLL 2025-12-12 17:32:57.727678 - Epoch: 0 Iteration: 144  rank : 0  train.loss : 7.033544540405273  train.ips : 137800.54209445586 imgs/s train.total_time : 0.00011610984802246094
TCAPPDLL 2025-12-12 17:32:57.784870 - Epoch: 0 Iteration: 145  rank : 0  train.loss : 6.906552314758301  train.ips : 151830.00904977377 imgs/s train.total_time : 0.00010538101196289062
TCAPPDLL 2025-12-12 17:32:57.843013 - Epoch: 0 Iteration: 146  rank : 0  train.loss : 6.9206953048706055  train.ips : 142481.6645435244 imgs/s train.total_time : 0.00011229515075683594
TCAPPDLL 2025-12-12 17:33:00.289314 - Epoch: 0 Iteration: 147  rank : 0  train.loss : 6.951641082763672  train.ips : 181375.30810810812 imgs/s train.total_time : 8.821487426757812e-05
TCAPPDLL 2025-12-12 17:33:00.335762 - Epoch: 0 Iteration: 148  rank : 0  train.loss : 6.88001823425293  train.ips : 172074.01025641026 imgs/s train.total_time : 9.298324584960938e-05
TCAPPDLL 2025-12-12 17:33:00.380955 - Epoch: 0 Iteration: 149  rank : 0  train.loss : 6.9480133056640625  train.ips : 163680.15609756098 imgs/s train.total_time : 9.775161743164062e-05
TCAPPDLL 2025-12-12 17:33:00.429308 - Epoch: 0 Iteration: 150  rank : 0  train.loss : 6.946725845336914  train.ips : 162885.5922330097 imgs/s train.total_time : 9.822845458984375e-05
TCAPPDLL 2025-12-12 17:33:02.832555 - Epoch: 0 Iteration: 151  rank : 0  train.loss : 7.046605587005615  train.ips : 101220.00603318251 imgs/s train.total_time : 0.00015807151794433594
TCAPPDLL 2025-12-12 17:33:02.895731 - Epoch: 0 Iteration: 152  rank : 0  train.loss : 6.944524765014648  train.ips : 114912.43835616438 imgs/s train.total_time : 0.0001392364501953125
TCAPPDLL 2025-12-12 17:33:02.950442 - Epoch: 0 Iteration: 153  rank : 0  train.loss : 6.880982398986816  train.ips : 141879.20507399578 imgs/s train.total_time : 0.00011277198791503906
TCAPPDLL 2025-12-12 17:33:03.003527 - Epoch: 0 Iteration: 154  rank : 0  train.loss : 6.896862983703613  train.ips : 130055.93798449612 imgs/s train.total_time : 0.00012302398681640625
TCAPPDLL 2025-12-12 17:33:05.751466 - Epoch: 0 Iteration: 155  rank : 0  train.loss : 7.086070537567139  train.ips : 93336.38942976356 imgs/s train.total_time : 0.00017142295837402344
TCAPPDLL 2025-12-12 17:33:05.826778 - Epoch: 0 Iteration: 156  rank : 0  train.loss : 7.02738094329834  train.ips : 104206.3105590062 imgs/s train.total_time : 0.00015354156494140625
TCAPPDLL 2025-12-12 17:33:05.895263 - Epoch: 0 Iteration: 157  rank : 0  train.loss : 6.7824907302856445  train.ips : 129055.5076923077 imgs/s train.total_time : 0.0001239776611328125
TCAPPDLL 2025-12-12 17:33:05.954931 - Epoch: 0 Iteration: 158  rank : 0  train.loss : 7.053566932678223  train.ips : 98112.37426900584 imgs/s train.total_time : 0.00016307830810546875
TCAPPDLL 2025-12-12 17:33:08.116981 - Epoch: 0 Iteration: 159  rank : 0  train.loss : 6.870053291320801  train.ips : 164482.50980392157 imgs/s train.total_time : 9.72747802734375e-05
TCAPPDLL 2025-12-12 17:33:08.169472 - Epoch: 0 Iteration: 160  rank : 0  train.loss : 6.938991546630859  train.ips : 146846.5295404814 imgs/s train.total_time : 0.00010895729064941406
TCAPPDLL 2025-12-12 17:33:08.218892 - Epoch: 0 Iteration: 161  rank : 0  train.loss : 6.869834899902344  train.ips : 157532.54460093897 imgs/s train.total_time : 0.00010156631469726562
TCAPPDLL 2025-12-12 17:33:08.267541 - Epoch: 0 Iteration: 162  rank : 0  train.loss : 6.851794719696045  train.ips : 146846.5295404814 imgs/s train.total_time : 0.00010895729064941406
TCAPPDLL 2025-12-12 17:33:09.843952 - Epoch: 0 Iteration: 163  rank : 0  train.loss : 6.976347923278809  train.ips : 99126.83013293945 imgs/s train.total_time : 0.0001614093780517578
TCAPPDLL 2025-12-12 17:33:09.912298 - Epoch: 0 Iteration: 164  rank : 0  train.loss : 7.032995223999023  train.ips : 128807.80038387715 imgs/s train.total_time : 0.00012421607971191406
TCAPPDLL 2025-12-12 17:33:09.969017 - Epoch: 0 Iteration: 165  rank : 0  train.loss : 6.942198753356934  train.ips : 129804.37911025145 imgs/s train.total_time : 0.0001232624053955078
TCAPPDLL 2025-12-12 17:33:10.025876 - Epoch: 0 Iteration: 166  rank : 0  train.loss : 7.066832542419434  train.ips : 108240.10322580645 imgs/s train.total_time : 0.00014781951904296875
TCAPPDLL 2025-12-12 17:33:12.656941 - Epoch: 0 Iteration: 167  rank : 0  train.loss : 6.874150276184082  train.ips : 158275.62264150943 imgs/s train.total_time : 0.0001010894775390625
TCAPPDLL 2025-12-12 17:33:12.709104 - Epoch: 0 Iteration: 168  rank : 0  train.loss : 6.903169631958008  train.ips : 165700.8987654321 imgs/s train.total_time : 9.655952453613281e-05
TCAPPDLL 2025-12-12 17:33:12.759555 - Epoch: 0 Iteration: 169  rank : 0  train.loss : 7.007397174835205  train.ips : 155705.02088167053 imgs/s train.total_time : 0.00010275840759277344
TCAPPDLL 2025-12-12 17:33:12.820192 - Epoch: 0 Iteration: 170  rank : 0  train.loss : 6.757240295410156  train.ips : 155344.59259259258 imgs/s train.total_time : 0.000102996826171875
TCAPPDLL 2025-12-12 17:33:15.525252 - Epoch: 0 Iteration: 171  rank : 0  train.loss : 6.943725109100342  train.ips : 136677.93075356414 imgs/s train.total_time : 0.00011706352233886719
TCAPPDLL 2025-12-12 17:33:15.572549 - Epoch: 0 Iteration: 172  rank : 0  train.loss : 6.913698196411133  train.ips : 142481.6645435244 imgs/s train.total_time : 0.00011229515075683594
TCAPPDLL 2025-12-12 17:33:15.627446 - Epoch: 0 Iteration: 173  rank : 0  train.loss : 7.057369232177734  train.ips : 141281.81894736842 imgs/s train.total_time : 0.00011324882507324219
TCAPPDLL 2025-12-12 17:33:15.676674 - Epoch: 0 Iteration: 174  rank : 0  train.loss : 6.828317165374756  train.ips : 157532.54460093897 imgs/s train.total_time : 0.00010156631469726562
TCAPPDLL 2025-12-12 17:33:17.991396 - Epoch: 0 Iteration: 175  rank : 0  train.loss : 6.976424217224121  train.ips : 181375.30810810812 imgs/s train.total_time : 8.821487426757812e-05
TCAPPDLL 2025-12-12 17:33:18.037198 - Epoch: 0 Iteration: 176  rank : 0  train.loss : 6.971282482147217  train.ips : 187454.92737430168 imgs/s train.total_time : 8.535385131835938e-05
TCAPPDLL 2025-12-12 17:33:18.083832 - Epoch: 0 Iteration: 177  rank : 0  train.loss : 6.934602737426758  train.ips : 151146.0900900901 imgs/s train.total_time : 0.00010585784912109375
TCAPPDLL 2025-12-12 17:33:18.132069 - Epoch: 0 Iteration: 178  rank : 0  train.loss : 6.872150421142578  train.ips : 168192.64160401002 imgs/s train.total_time : 9.512901306152344e-05
TCAPPDLL 2025-12-12 17:33:20.418710 - Epoch: 0 Iteration: 179  rank : 0  train.loss : 6.8318190574646  train.ips : 106691.35771065184 imgs/s train.total_time : 0.0001499652862548828
TCAPPDLL 2025-12-12 17:33:20.482590 - Epoch: 0 Iteration: 180  rank : 0  train.loss : 6.894477367401123  train.ips : 129804.37911025145 imgs/s train.total_time : 0.0001232624053955078
TCAPPDLL 2025-12-12 17:33:20.543527 - Epoch: 0 Iteration: 181  rank : 0  train.loss : 6.930368900299072  train.ips : 125203.10447761194 imgs/s train.total_time : 0.0001277923583984375
TCAPPDLL 2025-12-12 17:33:20.602929 - Epoch: 0 Iteration: 182  rank : 0  train.loss : 7.022724628448486  train.ips : 150468.30493273542 imgs/s train.total_time : 0.00010633468627929688
TCAPPDLL 2025-12-12 17:33:21.896307 - Epoch: 0 Iteration: 183  rank : 0  train.loss : 6.749762535095215  train.ips : 110014.53114754098 imgs/s train.total_time : 0.00014543533325195312
TCAPPDLL 2025-12-12 17:33:21.956510 - Epoch: 0 Iteration: 184  rank : 0  train.loss : 6.900059700012207  train.ips : 138084.08230452676 imgs/s train.total_time : 0.00011587142944335938
TCAPPDLL 2025-12-12 17:33:22.012394 - Epoch: 0 Iteration: 185  rank : 0  train.loss : 6.897731304168701  train.ips : 140689.4423480084 imgs/s train.total_time : 0.00011372566223144531
TCAPPDLL 2025-12-12 17:33:22.066453 - Epoch: 0 Iteration: 186  rank : 0  train.loss : 6.887629985809326  train.ips : 138368.79175257732 imgs/s train.total_time : 0.00011563301086425781
TCAPPDLL 2025-12-12 17:33:24.269473 - Epoch: 0 Iteration: 187  rank : 0  train.loss : 6.963479518890381  train.ips : 81640.95377128954 imgs/s train.total_time : 0.00019598007202148438
TCAPPDLL 2025-12-12 17:33:24.341650 - Epoch: 0 Iteration: 188  rank : 0  train.loss : 6.896811008453369  train.ips : 132888.8396039604 imgs/s train.total_time : 0.00012040138244628906
TCAPPDLL 2025-12-12 17:33:24.395563 - Epoch: 0 Iteration: 189  rank : 0  train.loss : 6.951513290405273  train.ips : 120482.70017953322 imgs/s train.total_time : 0.0001327991485595703
TCAPPDLL 2025-12-12 17:33:24.445301 - Epoch: 0 Iteration: 190  rank : 0  train.loss : 6.909002304077148  train.ips : 162885.5922330097 imgs/s train.total_time : 9.822845458984375e-05
TCAPPDLL 2025-12-12 17:33:26.687071 - Epoch: 0 Iteration: 191  rank : 0  train.loss : 7.0374298095703125  train.ips : 92563.95034482758 imgs/s train.total_time : 0.0001728534698486328
TCAPPDLL 2025-12-12 17:33:26.766473 - Epoch: 0 Iteration: 192  rank : 0  train.loss : 6.989846229553223  train.ips : 101526.26928895613 imgs/s train.total_time : 0.0001575946807861328
TCAPPDLL 2025-12-12 17:33:26.834169 - Epoch: 0 Iteration: 193  rank : 0  train.loss : 6.996671676635742  train.ips : 111476.51827242525 imgs/s train.total_time : 0.00014352798461914062
TCAPPDLL 2025-12-12 17:33:26.895976 - Epoch: 0 Iteration: 194  rank : 0  train.loss : 6.937623500823975  train.ips : 134486.7014028056 imgs/s train.total_time : 0.00011897087097167969
TCAPPDLL 2025-12-12 17:33:29.268031 - Epoch: 0 Iteration: 195  rank : 0  train.loss : 7.076743125915527  train.ips : 102300.09756097561 imgs/s train.total_time : 0.000156402587890625
TCAPPDLL 2025-12-12 17:33:29.340266 - Epoch: 0 Iteration: 196  rank : 0  train.loss : 7.001982688903809  train.ips : 80854.0530120482 imgs/s train.total_time : 0.00019788742065429688
TCAPPDLL 2025-12-12 17:33:29.387807 - Epoch: 0 Iteration: 197  rank : 0  train.loss : 6.827805519104004  train.ips : 165292.7684729064 imgs/s train.total_time : 9.679794311523438e-05
TCAPPDLL 2025-12-12 17:33:29.436203 - Epoch: 0 Iteration: 198  rank : 0  train.loss : 7.019933700561523  train.ips : 164886.64373464373 imgs/s train.total_time : 9.703636169433594e-05
TCAPPDLL 2025-12-12 17:33:30.953782 - Epoch: 0 Iteration: 199  rank : 0  train.loss : 6.898314476013184  train.ips : 113743.83728813559 imgs/s train.total_time : 0.00014066696166992188
TCAPPDLL 2025-12-12 17:33:31.023084 - Epoch: 0 Iteration: 200  rank : 0  train.loss : 7.062572479248047  train.ips : 101526.26928895613 imgs/s train.total_time : 0.0001575946807861328
TCAPPDLL 2025-12-12 17:33:31.080887 - Epoch: 0 Iteration: 201  rank : 0  train.loss : 7.016265869140625  train.ips : 145888.8347826087 imgs/s train.total_time : 0.00010967254638671875
TCAPPDLL 2025-12-12 17:33:31.132510 - Epoch: 0 Iteration: 202  rank : 0  train.loss : 7.008420944213867  train.ips : 149462.94877505567 imgs/s train.total_time : 0.00010704994201660156
TCAPPDLL 2025-12-12 17:33:33.628053 - Epoch: 0 Iteration: 203  rank : 0  train.loss : 6.9129462242126465  train.ips : 104857.6 imgs/s train.total_time : 0.000152587890625
TCAPPDLL 2025-12-12 17:33:33.693540 - Epoch: 0 Iteration: 204  rank : 0  train.loss : 6.984718322753906  train.ips : 136123.45638945233 imgs/s train.total_time : 0.00011754035949707031
TCAPPDLL 2025-12-12 17:33:33.748970 - Epoch: 0 Iteration: 205  rank : 0  train.loss : 6.886157989501953  train.ips : 141879.20507399578 imgs/s train.total_time : 0.00011277198791503906
TCAPPDLL 2025-12-12 17:33:33.801873 - Epoch: 0 Iteration: 206  rank : 0  train.loss : 6.923431396484375  train.ips : 150806.4359550562 imgs/s train.total_time : 0.00010609626770019531
TCAPPDLL 2025-12-12 17:33:36.131696 - Epoch: 0 Iteration: 207  rank : 0  train.loss : 6.866093635559082  train.ips : 161319.38461538462 imgs/s train.total_time : 9.918212890625e-05
TCAPPDLL 2025-12-12 17:33:36.181653 - Epoch: 0 Iteration: 208  rank : 0  train.loss : 6.947418689727783  train.ips : 172074.01025641026 imgs/s train.total_time : 9.298324584960938e-05
TCAPPDLL 2025-12-12 17:33:36.232272 - Epoch: 0 Iteration: 209  rank : 0  train.loss : 6.937230110168457  train.ips : 180400.17204301077 imgs/s train.total_time : 8.869171142578125e-05
TCAPPDLL 2025-12-12 17:33:36.277455 - Epoch: 0 Iteration: 210  rank : 0  train.loss : 7.083353519439697  train.ips : 169039.959697733 imgs/s train.total_time : 9.465217590332031e-05
TCAPPDLL 2025-12-12 17:33:38.707354 - Epoch: 0 Iteration: 211  rank : 0  train.loss : 6.870795249938965  train.ips : 133152.50793650793 imgs/s train.total_time : 0.0001201629638671875
TCAPPDLL 2025-12-12 17:33:38.753248 - Epoch: 0 Iteration: 212  rank : 0  train.loss : 7.025052547454834  train.ips : 128561.04214559386 imgs/s train.total_time : 0.00012445449829101562
TCAPPDLL 2025-12-12 17:33:38.802682 - Epoch: 0 Iteration: 213  rank : 0  train.loss : 6.987312316894531  train.ips : 167772.16 imgs/s train.total_time : 9.5367431640625e-05
TCAPPDLL 2025-12-12 17:33:38.840879 - Epoch: 0 Iteration: 214  rank : 0  train.loss : 6.919133186340332  train.ips : 180400.17204301077 imgs/s train.total_time : 8.869171142578125e-05
TCAPPDLL 2025-12-12 17:33:41.339180 - Epoch: 0 Iteration: 215  rank : 0  train.loss : 7.0168046951293945  train.ips : 101220.00603318251 imgs/s train.total_time : 0.00015807151794433594
TCAPPDLL 2025-12-12 17:33:41.401743 - Epoch: 0 Iteration: 216  rank : 0  train.loss : 6.937183380126953  train.ips : 131328.50097847357 imgs/s train.total_time : 0.00012183189392089844
TCAPPDLL 2025-12-12 17:33:41.461301 - Epoch: 0 Iteration: 217  rank : 0  train.loss : 6.8567070960998535  train.ips : 147816.88105726874 imgs/s train.total_time : 0.00010824203491210938
TCAPPDLL 2025-12-12 17:33:41.513539 - Epoch: 0 Iteration: 218  rank : 0  train.loss : 6.979712009429932  train.ips : 143089.26226012793 imgs/s train.total_time : 0.00011181831359863281
TCAPPDLL 2025-12-12 17:33:42.873681 - Epoch: 0 Iteration: 219  rank : 0  train.loss : 6.899112701416016  train.ips : 162098.70531400965 imgs/s train.total_time : 9.870529174804688e-05
TCAPPDLL 2025-12-12 17:33:42.921524 - Epoch: 0 Iteration: 220  rank : 0  train.loss : 6.910580635070801  train.ips : 185897.13019390582 imgs/s train.total_time : 8.606910705566406e-05
TCAPPDLL 2025-12-12 17:33:42.967614 - Epoch: 0 Iteration: 221  rank : 0  train.loss : 6.919893741607666  train.ips : 178007.59681697612 imgs/s train.total_time : 8.988380432128906e-05
TCAPPDLL 2025-12-12 17:33:43.012446 - Epoch: 0 Iteration: 222  rank : 0  train.loss : 6.914769172668457  train.ips : 190110.09631728046 imgs/s train.total_time : 8.416175842285156e-05
TCAPPDLL 2025-12-12 17:33:45.599971 - Epoch: 0 Iteration: 223  rank : 0  train.loss : 6.9689788818359375  train.ips : 100162.48358208955 imgs/s train.total_time : 0.00015974044799804688
TCAPPDLL 2025-12-12 17:33:45.663799 - Epoch: 0 Iteration: 224  rank : 0  train.loss : 7.005824089050293  train.ips : 127826.40761904762 imgs/s train.total_time : 0.0001251697540283203
TCAPPDLL 2025-12-12 17:33:45.719970 - Epoch: 0 Iteration: 225  rank : 0  train.loss : 6.833894729614258  train.ips : 140102.01252609602 imgs/s train.total_time : 0.00011420249938964844
TCAPPDLL 2025-12-12 17:33:45.779381 - Epoch: 0 Iteration: 226  rank : 0  train.loss : 6.962568283081055  train.ips : 128070.35114503816 imgs/s train.total_time : 0.00012493133544921875
TCAPPDLL 2025-12-12 17:33:48.210996 - Epoch: 0 Iteration: 227  rank : 0  train.loss : 6.963316917419434  train.ips : 97259.2231884058 imgs/s train.total_time : 0.00016450881958007812
TCAPPDLL 2025-12-12 17:33:48.279196 - Epoch: 0 Iteration: 228  rank : 0  train.loss : 6.828603744506836  train.ips : 123361.88235294117 imgs/s train.total_time : 0.00012969970703125
TCAPPDLL 2025-12-12 17:33:48.337192 - Epoch: 0 Iteration: 229  rank : 0  train.loss : 6.903284072875977  train.ips : 136677.93075356414 imgs/s train.total_time : 0.00011706352233886719
TCAPPDLL 2025-12-12 17:33:48.392154 - Epoch: 0 Iteration: 230  rank : 0  train.loss : 6.932202339172363  train.ips : 135027.8953722334 imgs/s train.total_time : 0.00011849403381347656
TCAPPDLL 2025-12-12 17:33:50.551044 - Epoch: 0 Iteration: 231  rank : 0  train.loss : 6.925011157989502  train.ips : 150806.4359550562 imgs/s train.total_time : 0.00010609626770019531
TCAPPDLL 2025-12-12 17:33:50.606874 - Epoch: 0 Iteration: 232  rank : 0  train.loss : 6.9614996910095215  train.ips : 142481.6645435244 imgs/s train.total_time : 0.00011229515075683594
TCAPPDLL 2025-12-12 17:33:50.664430 - Epoch: 0 Iteration: 233  rank : 0  train.loss : 7.012617111206055  train.ips : 146846.5295404814 imgs/s train.total_time : 0.00010895729064941406
TCAPPDLL 2025-12-12 17:33:50.717664 - Epoch: 0 Iteration: 234  rank : 0  train.loss : 6.970537185668945  train.ips : 148143.1876379691 imgs/s train.total_time : 0.00010800361633300781
TCAPPDLL 2025-12-12 17:33:52.130124 - Epoch: 0 Iteration: 235  rank : 0  train.loss : 6.971216201782227  train.ips : 100013.21013412817 imgs/s train.total_time : 0.00015997886657714844
TCAPPDLL 2025-12-12 17:33:52.193707 - Epoch: 0 Iteration: 236  rank : 0  train.loss : 6.994309425354004  train.ips : 119410.79003558718 imgs/s train.total_time : 0.00013399124145507812
TCAPPDLL 2025-12-12 17:33:52.252986 - Epoch: 0 Iteration: 237  rank : 0  train.loss : 7.065532684326172  train.ips : 126620.49811320755 imgs/s train.total_time : 0.00012636184692382812
TCAPPDLL 2025-12-12 17:33:52.309660 - Epoch: 0 Iteration: 238  rank : 0  train.loss : 6.953454971313477  train.ips : 150131.68680089485 imgs/s train.total_time : 0.00010657310485839844
TCAPPDLL 2025-12-12 17:33:54.814891 - Epoch: 0 Iteration: 239  rank : 0  train.loss : 6.905557155609131  train.ips : 104368.3732503888 imgs/s train.total_time : 0.0001533031463623047
TCAPPDLL 2025-12-12 17:33:54.882517 - Epoch: 0 Iteration: 240  rank : 0  train.loss : 7.030547142028809  train.ips : 124969.95158286778 imgs/s train.total_time : 0.00012803077697753906
TCAPPDLL 2025-12-12 17:33:54.946612 - Epoch: 0 Iteration: 241  rank : 0  train.loss : 6.980886936187744  train.ips : 140395.11297071129 imgs/s train.total_time : 0.00011396408081054688
TCAPPDLL 2025-12-12 17:33:55.003141 - Epoch: 0 Iteration: 242  rank : 0  train.loss : 6.731209754943848  train.ips : 133949.82834331336 imgs/s train.total_time : 0.00011944770812988281
TCAPPDLL 2025-12-12 17:33:57.334265 - Epoch: 0 Iteration: 243  rank : 0  train.loss : 6.851881980895996  train.ips : 100915.58496240602 imgs/s train.total_time : 0.00015854835510253906
TCAPPDLL 2025-12-12 17:33:57.407520 - Epoch: 0 Iteration: 244  rank : 0  train.loss : 7.037310600280762  train.ips : 88534.12137203166 imgs/s train.total_time : 0.00018072128295898438
TCAPPDLL 2025-12-12 17:33:57.478634 - Epoch: 0 Iteration: 245  rank : 0  train.loss : 6.937084674835205  train.ips : 112788.00672268908 imgs/s train.total_time : 0.0001418590545654297
TCAPPDLL 2025-12-12 17:33:57.524856 - Epoch: 0 Iteration: 246  rank : 0  train.loss : 7.016636848449707  train.ips : 151146.0900900901 imgs/s train.total_time : 0.00010585784912109375
TCAPPDLL 2025-12-12 17:33:59.817513 - Epoch: 0 Iteration: 247  rank : 0  train.loss : 6.857954978942871  train.ips : 173857.16062176166 imgs/s train.total_time : 9.202957153320312e-05
TCAPPDLL 2025-12-12 17:33:59.861981 - Epoch: 0 Iteration: 248  rank : 0  train.loss : 7.0097575187683105  train.ips : 177068.24274406332 imgs/s train.total_time : 9.036064147949219e-05
TCAPPDLL 2025-12-12 17:33:59.905808 - Epoch: 0 Iteration: 249  rank : 0  train.loss : 6.97286319732666  train.ips : 183859.90136986302 imgs/s train.total_time : 8.702278137207031e-05
TCAPPDLL 2025-12-12 17:33:59.952638 - Epoch: 0 Iteration: 250  rank : 0  train.loss : 6.917616367340088  train.ips : 172516.35989717222 imgs/s train.total_time : 9.274482727050781e-05
TCAPPDLL 2025-12-12 17:34:02.860648 - Epoch: 0 Iteration: 251  rank : 0  train.loss : 6.942838191986084  train.ips : 112788.00672268908 imgs/s train.total_time : 0.0001418590545654297
TCAPPDLL 2025-12-12 17:34:02.922433 - Epoch: 0 Iteration: 252  rank : 0  train.loss : 6.780677795410156  train.ips : 156796.41121495326 imgs/s train.total_time : 0.00010204315185546875
TCAPPDLL 2025-12-12 17:34:02.978391 - Epoch: 0 Iteration: 253  rank : 0  train.loss : 6.963739395141602  train.ips : 135847.9028340081 imgs/s train.total_time : 0.00011777877807617188
TCAPPDLL 2025-12-12 17:34:03.034520 - Epoch: 0 Iteration: 254  rank : 0  train.loss : 6.993729591369629  train.ips : 132888.8396039604 imgs/s train.total_time : 0.00012040138244628906
TCAPPDLL 2025-12-12 17:34:05.818458 - Epoch: 0 Iteration: 255  rank : 0  train.loss : 6.883937835693359  train.ips : 149796.57142857142 imgs/s train.total_time : 0.0001068115234375
TCAPPDLL 2025-12-12 17:34:05.874978 - Epoch: 0 Iteration: 256  rank : 0  train.loss : 6.93496561050415  train.ips : 131072.0 imgs/s train.total_time : 0.0001220703125
TCAPPDLL 2025-12-12 17:34:05.938881 - Epoch: 0 Iteration: 257  rank : 0  train.loss : 7.026952743530273  train.ips : 138084.08230452676 imgs/s train.total_time : 0.00011587142944335938
TCAPPDLL 2025-12-12 17:34:05.993827 - Epoch: 0 Iteration: 258  rank : 0  train.loss : 6.965665817260742  train.ips : 152520.14545454545 imgs/s train.total_time : 0.0001049041748046875
TCAPPDLL 2025-12-12 17:34:08.545460 - Epoch: 0 Iteration: 259  rank : 0  train.loss : 6.866570472717285  train.ips : 101834.39150227618 imgs/s train.total_time : 0.0001571178436279297
TCAPPDLL 2025-12-12 17:34:08.615585 - Epoch: 0 Iteration: 260  rank : 0  train.loss : 6.854369163513184  train.ips : 88651.07529722589 imgs/s train.total_time : 0.0001804828643798828
TCAPPDLL 2025-12-12 17:34:08.673726 - Epoch: 0 Iteration: 261  rank : 0  train.loss : 6.977062225341797  train.ips : 147816.88105726874 imgs/s train.total_time : 0.00010824203491210938
TCAPPDLL 2025-12-12 17:34:08.713931 - Epoch: 0 Iteration: 262  rank : 0  train.loss : 6.947559356689453  train.ips : 184365.010989011 imgs/s train.total_time : 8.678436279296875e-05
TCAPPDLL 2025-12-12 17:34:09.796933 - Epoch: 0 Iteration: 263  rank : 0  train.loss : 6.821747779846191  train.ips : 163281.90754257908 imgs/s train.total_time : 9.799003601074219e-05
TCAPPDLL 2025-12-12 17:34:09.839464 - Epoch: 0 Iteration: 264  rank : 0  train.loss : 7.06772518157959  train.ips : 118149.40845070423 imgs/s train.total_time : 0.0001354217529296875
TCAPPDLL 2025-12-12 17:34:09.883317 - Epoch: 0 Iteration: 265  rank : 0  train.loss : 6.890470504760742  train.ips : 153216.58447488584 imgs/s train.total_time : 0.00010442733764648438
TCAPPDLL 2025-12-12 17:34:09.944143 - Epoch: 0 Iteration: 266  rank : 0  train.loss : 6.948364734649658  train.ips : 69255.79360165118 imgs/s train.total_time : 0.00023102760314941406
TCAPPDLL 2025-12-12 17:34:12.346195 - Epoch: 0 Iteration: 267  rank : 0  train.loss : 6.89454460144043  train.ips : 140395.11297071129 imgs/s train.total_time : 0.00011396408081054688
TCAPPDLL 2025-12-12 17:34:12.394051 - Epoch: 0 Iteration: 268  rank : 0  train.loss : 6.860124588012695  train.ips : 134217.728 imgs/s train.total_time : 0.00011920928955078125
TCAPPDLL 2025-12-12 17:34:12.441778 - Epoch: 0 Iteration: 269  rank : 0  train.loss : 6.90814208984375  train.ips : 143395.00854700856 imgs/s train.total_time : 0.00011157989501953125
TCAPPDLL 2025-12-12 17:34:12.488998 - Epoch: 0 Iteration: 270  rank : 0  train.loss : 6.901001930236816  train.ips : 144943.55075593953 imgs/s train.total_time : 0.00011038780212402344
TCAPPDLL 2025-12-12 17:34:14.828899 - Epoch: 0 Iteration: 271  rank : 0  train.loss : 6.969670295715332  train.ips : 118149.40845070423 imgs/s train.total_time : 0.0001354217529296875
TCAPPDLL 2025-12-12 17:34:14.875705 - Epoch: 0 Iteration: 272  rank : 0  train.loss : 6.926652431488037  train.ips : 155705.02088167053 imgs/s train.total_time : 0.00010275840759277344
TCAPPDLL 2025-12-12 17:34:14.923046 - Epoch: 0 Iteration: 273  rank : 0  train.loss : 6.966095924377441  train.ips : 156430.91841491841 imgs/s train.total_time : 0.00010228157043457031
TCAPPDLL 2025-12-12 17:34:14.968784 - Epoch: 0 Iteration: 274  rank : 0  train.loss : 6.926948070526123  train.ips : 178956.97066666666 imgs/s train.total_time : 8.940696716308594e-05
TCAPPDLL 2025-12-12 17:34:16.062985 - Epoch: 0 Iteration: 275  rank : 0  train.loss : 6.898725509643555  train.ips : 66708.61232604373 imgs/s train.total_time : 0.00023984909057617188
TCAPPDLL 2025-12-12 17:34:16.123277 - Epoch: 0 Iteration: 276  rank : 0  train.loss : 6.990866661071777  train.ips : 122238.3679417122 imgs/s train.total_time : 0.0001308917999267578
TCAPPDLL 2025-12-12 17:34:16.178028 - Epoch: 0 Iteration: 277  rank : 0  train.loss : 6.986863136291504  train.ips : 148143.1876379691 imgs/s train.total_time : 0.00010800361633300781
TCAPPDLL 2025-12-12 17:34:16.230061 - Epoch: 0 Iteration: 278  rank : 0  train.loss : 6.943337917327881  train.ips : 151146.0900900901 imgs/s train.total_time : 0.00010585784912109375
TCAPPDLL 2025-12-12 17:34:18.564593 - Epoch: 0 Iteration: 279  rank : 0  train.loss : 6.886427402496338  train.ips : 107374.1824 imgs/s train.total_time : 0.00014901161193847656
TCAPPDLL 2025-12-12 17:34:18.629702 - Epoch: 0 Iteration: 280  rank : 0  train.loss : 6.797149658203125  train.ips : 128070.35114503816 imgs/s train.total_time : 0.00012493133544921875
TCAPPDLL 2025-12-12 17:34:18.686939 - Epoch: 0 Iteration: 281  rank : 0  train.loss : 6.933984756469727  train.ips : 137518.16393442624 imgs/s train.total_time : 0.0001163482666015625
TCAPPDLL 2025-12-12 17:34:18.746208 - Epoch: 0 Iteration: 282  rank : 0  train.loss : 6.911046504974365  train.ips : 143089.26226012793 imgs/s train.total_time : 0.00011181831359863281
TCAPPDLL 2025-12-12 17:34:21.137836 - Epoch: 0 Iteration: 283  rank : 0  train.loss : 7.021275520324707  train.ips : 150806.4359550562 imgs/s train.total_time : 0.00010609626770019531
TCAPPDLL 2025-12-12 17:34:21.187205 - Epoch: 0 Iteration: 284  rank : 0  train.loss : 6.899819850921631  train.ips : 146206.67538126363 imgs/s train.total_time : 0.00010943412780761719
TCAPPDLL 2025-12-12 17:34:21.237542 - Epoch: 0 Iteration: 285  rank : 0  train.loss : 6.90533971786499  train.ips : 163680.15609756098 imgs/s train.total_time : 9.775161743164062e-05
TCAPPDLL 2025-12-12 17:34:21.287696 - Epoch: 0 Iteration: 286  rank : 0  train.loss : 6.799732208251953  train.ips : 167772.16 imgs/s train.total_time : 9.5367431640625e-05
TCAPPDLL 2025-12-12 17:34:23.809408 - Epoch: 0 Iteration: 287  rank : 0  train.loss : 6.8768229484558105  train.ips : 151146.0900900901 imgs/s train.total_time : 0.00010585784912109375
TCAPPDLL 2025-12-12 17:34:23.859767 - Epoch: 0 Iteration: 288  rank : 0  train.loss : 7.081014633178711  train.ips : 150468.30493273542 imgs/s train.total_time : 0.00010633468627929688
TCAPPDLL 2025-12-12 17:34:23.921105 - Epoch: 0 Iteration: 289  rank : 0  train.loss : 6.982270240783691  train.ips : 137518.16393442624 imgs/s train.total_time : 0.0001163482666015625
TCAPPDLL 2025-12-12 17:34:23.972738 - Epoch: 0 Iteration: 290  rank : 0  train.loss : 6.960400581359863  train.ips : 152520.14545454545 imgs/s train.total_time : 0.0001049041748046875
TCAPPDLL 2025-12-12 17:34:25.209066 - Epoch: 0 Iteration: 291  rank : 0  train.loss : 6.8377766609191895  train.ips : 104857.6 imgs/s train.total_time : 0.000152587890625
TCAPPDLL 2025-12-12 17:34:25.264134 - Epoch: 0 Iteration: 292  rank : 0  train.loss : 7.007112503051758  train.ips : 130816.49902534112 imgs/s train.total_time : 0.00012230873107910156
TCAPPDLL 2025-12-12 17:34:25.315401 - Epoch: 0 Iteration: 293  rank : 0  train.loss : 6.838236331939697  train.ips : 137800.54209445586 imgs/s train.total_time : 0.00011610984802246094
TCAPPDLL 2025-12-12 17:34:25.369594 - Epoch: 0 Iteration: 294  rank : 0  train.loss : 6.845220565795898  train.ips : 155705.02088167053 imgs/s train.total_time : 0.00010275840759277344
TCAPPDLL 2025-12-12 17:34:27.851559 - Epoch: 0 Iteration: 295  rank : 0  train.loss : 7.040130615234375  train.ips : 138654.67768595042 imgs/s train.total_time : 0.00011539459228515625
TCAPPDLL 2025-12-12 17:34:27.892735 - Epoch: 0 Iteration: 296  rank : 0  train.loss : 6.980018138885498  train.ips : 180886.4258760108 imgs/s train.total_time : 8.845329284667969e-05
TCAPPDLL 2025-12-12 17:34:28.040449 - Epoch: 0 Iteration: 297  rank : 0  train.loss : 6.839314937591553  train.ips : 169466.8282828283 imgs/s train.total_time : 9.441375732421875e-05
TCAPPDLL 2025-12-12 17:34:28.086881 - Epoch: 0 Iteration: 298  rank : 0  train.loss : 7.053515911102295  train.ips : 178481.02127659574 imgs/s train.total_time : 8.96453857421875e-05
TCAPPDLL 2025-12-12 17:34:30.689067 - Epoch: 0 Iteration: 299  rank : 0  train.loss : 6.903676509857178  train.ips : 112788.00672268908 imgs/s train.total_time : 0.0001418590545654297
TCAPPDLL 2025-12-12 17:34:30.745406 - Epoch: 0 Iteration: 300  rank : 0  train.loss : 6.999007225036621  train.ips : 139810.13333333333 imgs/s train.total_time : 0.00011444091796875
TCAPPDLL 2025-12-12 17:34:30.792400 - Epoch: 0 Iteration: 301  rank : 0  train.loss : 6.938729286193848  train.ips : 160932.52757793764 imgs/s train.total_time : 9.942054748535156e-05
TCAPPDLL 2025-12-12 17:34:30.835333 - Epoch: 0 Iteration: 302  rank : 0  train.loss : 6.887052536010742  train.ips : 164886.64373464373 imgs/s train.total_time : 9.703636169433594e-05
TCAPPDLL 2025-12-12 17:34:33.449649 - Epoch: 0 Iteration: 303  rank : 0  train.loss : 6.990231513977051  train.ips : 98256.0234260615 imgs/s train.total_time : 0.0001628398895263672
TCAPPDLL 2025-12-12 17:34:33.515288 - Epoch: 0 Iteration: 304  rank : 0  train.loss : 6.968935966491699  train.ips : 126144.48120300751 imgs/s train.total_time : 0.00012683868408203125
TCAPPDLL 2025-12-12 17:34:33.585788 - Epoch: 0 Iteration: 305  rank : 0  train.loss : 6.916851997375488  train.ips : 86369.19433719433 imgs/s train.total_time : 0.00018525123596191406
TCAPPDLL 2025-12-12 17:34:33.656855 - Epoch: 0 Iteration: 306  rank : 0  train.loss : 7.051018238067627  train.ips : 133949.82834331336 imgs/s train.total_time : 0.00011944770812988281
TCAPPDLL 2025-12-12 17:34:36.137414 - Epoch: 0 Iteration: 307  rank : 0  train.loss : 7.01038932800293  train.ips : 106861.24840764332 imgs/s train.total_time : 0.00014972686767578125
TCAPPDLL 2025-12-12 17:34:36.194299 - Epoch: 0 Iteration: 308  rank : 0  train.loss : 6.939902305603027  train.ips : 141281.81894736842 imgs/s train.total_time : 0.00011324882507324219
TCAPPDLL 2025-12-12 17:34:36.249441 - Epoch: 0 Iteration: 309  rank : 0  train.loss : 6.97620964050293  train.ips : 144631.1724137931 imgs/s train.total_time : 0.000110626220703125
TCAPPDLL 2025-12-12 17:34:36.302980 - Epoch: 0 Iteration: 310  rank : 0  train.loss : 6.958534240722656  train.ips : 160164.35322195705 imgs/s train.total_time : 9.989738464355469e-05
TCAPPDLL 2025-12-12 17:34:38.641425 - Epoch: 0 Iteration: 311  rank : 0  train.loss : 6.894187927246094  train.ips : 100013.21013412817 imgs/s train.total_time : 0.00015997886657714844
TCAPPDLL 2025-12-12 17:34:38.710538 - Epoch: 0 Iteration: 312  rank : 0  train.loss : 6.933627128601074  train.ips : 125203.10447761194 imgs/s train.total_time : 0.0001277923583984375
TCAPPDLL 2025-12-12 17:34:38.775855 - Epoch: 0 Iteration: 313  rank : 0  train.loss : 6.911364555358887  train.ips : 164482.50980392157 imgs/s train.total_time : 9.72747802734375e-05
TCAPPDLL 2025-12-12 17:34:38.826828 - Epoch: 0 Iteration: 314  rank : 0  train.loss : 6.997938632965088  train.ips : 106522.00634920635 imgs/s train.total_time : 0.00015020370483398438
TCAPPDLL 2025-12-12 17:34:40.178954 - Epoch: 0 Iteration: 315  rank : 0  train.loss : 7.021750450134277  train.ips : 117528.6584938704 imgs/s train.total_time : 0.0001361370086669922
TCAPPDLL 2025-12-12 17:34:40.237175 - Epoch: 0 Iteration: 316  rank : 0  train.loss : 6.9610748291015625  train.ips : 130055.93798449612 imgs/s train.total_time : 0.00012302398681640625
TCAPPDLL 2025-12-12 17:34:40.295900 - Epoch: 0 Iteration: 317  rank : 0  train.loss : 6.933701992034912  train.ips : 144631.1724137931 imgs/s train.total_time : 0.000110626220703125
TCAPPDLL 2025-12-12 17:34:40.350855 - Epoch: 0 Iteration: 318  rank : 0  train.loss : 6.934141159057617  train.ips : 148470.93805309734 imgs/s train.total_time : 0.00010776519775390625
TCAPPDLL 2025-12-12 17:34:42.620208 - Epoch: 0 Iteration: 319  rank : 0  train.loss : 6.907244682312012  train.ips : 124045.95933456562 imgs/s train.total_time : 0.0001289844512939453
TCAPPDLL 2025-12-12 17:34:42.677100 - Epoch: 0 Iteration: 320  rank : 0  train.loss : 6.984671592712402  train.ips : 131586.00784313725 imgs/s train.total_time : 0.00012159347534179688
TCAPPDLL 2025-12-12 17:34:42.730527 - Epoch: 0 Iteration: 321  rank : 0  train.loss : 6.895916938781738  train.ips : 144943.55075593953 imgs/s train.total_time : 0.00011038780212402344
TCAPPDLL 2025-12-12 17:34:42.778762 - Epoch: 0 Iteration: 322  rank : 0  train.loss : 6.970423698425293  train.ips : 154273.25057471264 imgs/s train.total_time : 0.00010371208190917969
TCAPPDLL 2025-12-12 17:34:45.026260 - Epoch: 0 Iteration: 323  rank : 0  train.loss : 6.888550281524658  train.ips : 143702.0642398287 imgs/s train.total_time : 0.00011134147644042969
TCAPPDLL 2025-12-12 17:34:45.081230 - Epoch: 0 Iteration: 324  rank : 0  train.loss : 6.873065948486328  train.ips : 141579.88185654007 imgs/s train.total_time : 0.00011301040649414062
TCAPPDLL 2025-12-12 17:34:45.135224 - Epoch: 0 Iteration: 325  rank : 0  train.loss : 6.974527835845947  train.ips : 177068.24274406332 imgs/s train.total_time : 9.036064147949219e-05
TCAPPDLL 2025-12-12 17:34:45.189098 - Epoch: 0 Iteration: 326  rank : 0  train.loss : 6.800564765930176  train.ips : 157163.61592505855 imgs/s train.total_time : 0.00010180473327636719
TCAPPDLL 2025-12-12 17:34:47.665901 - Epoch: 0 Iteration: 327  rank : 0  train.loss : 6.846185207366943  train.ips : 107031.68102073365 imgs/s train.total_time : 0.0001494884490966797
TCAPPDLL 2025-12-12 17:34:47.732635 - Epoch: 0 Iteration: 328  rank : 0  train.loss : 6.9172282218933105  train.ips : 140985.00840336134 imgs/s train.total_time : 0.00011348724365234375
TCAPPDLL 2025-12-12 17:34:47.784429 - Epoch: 0 Iteration: 329  rank : 0  train.loss : 6.798267364501953  train.ips : 146206.67538126363 imgs/s train.total_time : 0.00010943412780761719
TCAPPDLL 2025-12-12 17:34:47.833497 - Epoch: 0 Iteration: 330  rank : 0  train.loss : 6.96673583984375  train.ips : 144631.1724137931 imgs/s train.total_time : 0.000110626220703125
TCAPPDLL 2025-12-12 17:34:49.083143 - Epoch: 0 Iteration: 331  rank : 0  train.loss : 6.886977672576904  train.ips : 174762.66666666666 imgs/s train.total_time : 9.1552734375e-05
TCAPPDLL 2025-12-12 17:34:49.130475 - Epoch: 0 Iteration: 332  rank : 0  train.loss : 6.998699188232422  train.ips : 190650.18181818182 imgs/s train.total_time : 8.392333984375e-05
TCAPPDLL 2025-12-12 17:34:49.181323 - Epoch: 0 Iteration: 333  rank : 0  train.loss : 6.940984725952148  train.ips : 164886.64373464373 imgs/s train.total_time : 9.703636169433594e-05
TCAPPDLL 2025-12-12 17:34:49.239668 - Epoch: 0 Iteration: 334  rank : 0  train.loss : 6.85996150970459  train.ips : 83572.68244084682 imgs/s train.total_time : 0.0001914501190185547
TCAPPDLL 2025-12-12 17:34:51.668747 - Epoch: 0 Iteration: 335  rank : 0  train.loss : 7.0277180671691895  train.ips : 101834.39150227618 imgs/s train.total_time : 0.0001571178436279297
TCAPPDLL 2025-12-12 17:34:51.714688 - Epoch: 0 Iteration: 336  rank : 0  train.loss : 6.9449334144592285  train.ips : 152174.2947845805 imgs/s train.total_time : 0.00010514259338378906
TCAPPDLL 2025-12-12 17:34:51.762627 - Epoch: 0 Iteration: 337  rank : 0  train.loss : 6.934579849243164  train.ips : 141579.88185654007 imgs/s train.total_time : 0.00011301040649414062
TCAPPDLL 2025-12-12 17:34:51.811912 - Epoch: 0 Iteration: 338  rank : 0  train.loss : 6.9221906661987305  train.ips : 144943.55075593953 imgs/s train.total_time : 0.00011038780212402344
TCAPPDLL 2025-12-12 17:34:54.219543 - Epoch: 0 Iteration: 339  rank : 0  train.loss : 6.884008407592773  train.ips : 88651.07529722589 imgs/s train.total_time : 0.0001804828643798828
TCAPPDLL 2025-12-12 17:34:54.287588 - Epoch: 0 Iteration: 340  rank : 0  train.loss : 6.8184814453125  train.ips : 122016.11636363636 imgs/s train.total_time : 0.00013113021850585938
TCAPPDLL 2025-12-12 17:34:54.348071 - Epoch: 0 Iteration: 341  rank : 0  train.loss : 7.003925323486328  train.ips : 140102.01252609602 imgs/s train.total_time : 0.00011420249938964844
TCAPPDLL 2025-12-12 17:34:54.405552 - Epoch: 0 Iteration: 342  rank : 0  train.loss : 6.927486896514893  train.ips : 145257.28138528139 imgs/s train.total_time : 0.00011014938354492188
TCAPPDLL 2025-12-12 17:34:56.885567 - Epoch: 0 Iteration: 343  rank : 0  train.loss : 6.998137474060059  train.ips : 147492.0087912088 imgs/s train.total_time : 0.00010848045349121094
TCAPPDLL 2025-12-12 17:34:56.937401 - Epoch: 0 Iteration: 344  rank : 0  train.loss : 6.876506805419922  train.ips : 125437.12897196262 imgs/s train.total_time : 0.00012755393981933594
TCAPPDLL 2025-12-12 17:34:57.072009 - Epoch: 0 Iteration: 345  rank : 0  train.loss : 6.93091344833374  train.ips : 121354.18444846293 imgs/s train.total_time : 0.00013184547424316406
TCAPPDLL 2025-12-12 17:34:57.131480 - Epoch: 0 Iteration: 346  rank : 0  train.loss : 6.936709880828857  train.ips : 128807.80038387715 imgs/s train.total_time : 0.00012421607971191406
TCAPPDLL 2025-12-12 17:34:58.361831 - Epoch: 0 Iteration: 347  rank : 0  train.loss : 6.912813186645508  train.ips : 178481.02127659574 imgs/s train.total_time : 8.96453857421875e-05
TCAPPDLL 2025-12-12 17:34:58.414696 - Epoch: 0 Iteration: 348  rank : 0  train.loss : 7.031283378601074  train.ips : 166937.47263681592 imgs/s train.total_time : 9.584426879882812e-05
TCAPPDLL 2025-12-12 17:34:59.766185 - Epoch: 0 Iteration: 349  rank : 0  train.loss : 6.9323248863220215  train.ips : 80951.58504221954 imgs/s train.total_time : 0.0001976490020751953
TCAPPDLL 2025-12-12 17:34:59.831119 - Epoch: 0 Iteration: 350  rank : 0  train.loss : 6.954054832458496  train.ips : 136400.13008130083 imgs/s train.total_time : 0.00011730194091796875
TCAPPDLL 2025-12-12 17:35:01.342538 - Epoch: 0 Iteration: 351  rank : 0  train.loss : 6.963208198547363  train.ips : 104857.6 imgs/s train.total_time : 0.000152587890625
TCAPPDLL 2025-12-12 17:35:01.415076 - Epoch: 0 Iteration: 352  rank : 0  train.loss : 6.953320503234863  train.ips : 105186.30721003134 imgs/s train.total_time : 0.00015211105346679688
TCAPPDLL 2025-12-12 17:35:01.486258 - Epoch: 0 Iteration: 353  rank : 0  train.loss : 6.952751159667969  train.ips : 111107.39072847682 imgs/s train.total_time : 0.00014400482177734375
TCAPPDLL 2025-12-12 17:35:01.554240 - Epoch: 0 Iteration: 354  rank : 0  train.loss : 6.928390979766846  train.ips : 81344.07757575758 imgs/s train.total_time : 0.00019669532775878906
TCAPPDLL 2025-12-12 17:35:03.907863 - Epoch: 0 Iteration: 355  rank : 0  train.loss : 6.980893135070801  train.ips : 109297.82410423453 imgs/s train.total_time : 0.00014638900756835938
TCAPPDLL 2025-12-12 17:35:03.989339 - Epoch: 0 Iteration: 356  rank : 0  train.loss : 6.980234146118164  train.ips : 169466.8282828283 imgs/s train.total_time : 9.441375732421875e-05
TCAPPDLL 2025-12-12 17:35:04.048024 - Epoch: 0 Iteration: 357  rank : 0  train.loss : 6.928332328796387  train.ips : 165292.7684729064 imgs/s train.total_time : 9.679794311523438e-05
TCAPPDLL 2025-12-12 17:35:04.087353 - Epoch: 0 Iteration: 358  rank : 0  train.loss : 6.9998602867126465  train.ips : 178007.59681697612 imgs/s train.total_time : 8.988380432128906e-05
TCAPPDLL 2025-12-12 17:35:06.766946 - Epoch: 0 Iteration: 359  rank : 0  train.loss : 6.907768726348877  train.ips : 102927.7055214724 imgs/s train.total_time : 0.00015544891357421875
TCAPPDLL 2025-12-12 17:35:06.834109 - Epoch: 0 Iteration: 360  rank : 0  train.loss : 7.004161357879639  train.ips : 129055.5076923077 imgs/s train.total_time : 0.0001239776611328125
TCAPPDLL 2025-12-12 17:35:06.895333 - Epoch: 0 Iteration: 361  rank : 0  train.loss : 6.970648765563965  train.ips : 138654.67768595042 imgs/s train.total_time : 0.00011539459228515625
TCAPPDLL 2025-12-12 17:35:06.948202 - Epoch: 0 Iteration: 362  rank : 0  train.loss : 6.884578704833984  train.ips : 151487.2776523702 imgs/s train.total_time : 0.00010561943054199219
TCAPPDLL 2025-12-12 17:35:09.381373 - Epoch: 0 Iteration: 363  rank : 0  train.loss : 6.927934646606445  train.ips : 105683.25039370079 imgs/s train.total_time : 0.0001513957977294922
TCAPPDLL 2025-12-12 17:35:09.447210 - Epoch: 0 Iteration: 364  rank : 0  train.loss : 6.908670425415039  train.ips : 124506.24118738405 imgs/s train.total_time : 0.0001285076141357422
TCAPPDLL 2025-12-12 17:35:09.515475 - Epoch: 0 Iteration: 365  rank : 0  train.loss : 6.877072811126709  train.ips : 122685.30895795247 imgs/s train.total_time : 0.0001304149627685547
TCAPPDLL 2025-12-12 17:35:09.575079 - Epoch: 0 Iteration: 366  rank : 0  train.loss : 7.031713962554932  train.ips : 109297.82410423453 imgs/s train.total_time : 0.00014638900756835938
TCAPPDLL 2025-12-12 17:35:12.187274 - Epoch: 0 Iteration: 367  rank : 0  train.loss : 6.849114418029785  train.ips : 98834.85125184094 imgs/s train.total_time : 0.00016188621520996094
TCAPPDLL 2025-12-12 17:35:12.255268 - Epoch: 0 Iteration: 368  rank : 0  train.loss : 7.004271507263184  train.ips : 135027.8953722334 imgs/s train.total_time : 0.00011849403381347656
TCAPPDLL 2025-12-12 17:35:12.319526 - Epoch: 0 Iteration: 369  rank : 0  train.loss : 6.937909126281738  train.ips : 120699.39568345324 imgs/s train.total_time : 0.00013256072998046875
TCAPPDLL 2025-12-12 17:35:12.375186 - Epoch: 0 Iteration: 370  rank : 0  train.loss : 6.931870460510254  train.ips : 144010.43776824034 imgs/s train.total_time : 0.00011110305786132812
TCAPPDLL 2025-12-12 17:35:14.800791 - Epoch: 0 Iteration: 371  rank : 0  train.loss : 6.978573799133301  train.ips : 93858.55104895105 imgs/s train.total_time : 0.0001704692840576172
TCAPPDLL 2025-12-12 17:35:14.866267 - Epoch: 0 Iteration: 372  rank : 0  train.loss : 6.981086730957031  train.ips : 135300.12903225806 imgs/s train.total_time : 0.000118255615234375
TCAPPDLL 2025-12-12 17:35:15.052865 - Epoch: 0 Iteration: 373  rank : 0  train.loss : 7.00441837310791  train.ips : 106353.19175911252 imgs/s train.total_time : 0.00015044212341308594
TCAPPDLL 2025-12-12 17:35:15.123053 - Epoch: 0 Iteration: 374  rank : 0  train.loss : 6.9527692794799805  train.ips : 114325.15161839864 imgs/s train.total_time : 0.0001399517059326172
TCAPPDLL 2025-12-12 17:35:16.399969 - Epoch: 0 Iteration: 375  rank : 0  train.loss : 6.915201187133789  train.ips : 102144.38964992389 imgs/s train.total_time : 0.00015664100646972656
TCAPPDLL 2025-12-12 17:35:16.470071 - Epoch: 0 Iteration: 376  rank : 0  train.loss : 7.008790493011475  train.ips : 128561.04214559386 imgs/s train.total_time : 0.00012445449829101562
TCAPPDLL 2025-12-12 17:35:17.870558 - Epoch: 0 Iteration: 377  rank : 0  train.loss : 6.920628547668457  train.ips : 159025.7440758294 imgs/s train.total_time : 0.00010061264038085938
TCAPPDLL 2025-12-12 17:35:17.913417 - Epoch: 0 Iteration: 378  rank : 0  train.loss : 6.9610795974731445  train.ips : 157532.54460093897 imgs/s train.total_time : 0.00010156631469726562
TCAPPDLL 2025-12-12 17:35:19.250915 - Epoch: 0 Iteration: 379  rank : 0  train.loss : 6.940336227416992  train.ips : 103244.40615384615 imgs/s train.total_time : 0.00015497207641601562
TCAPPDLL 2025-12-12 17:35:19.317640 - Epoch: 0 Iteration: 380  rank : 0  train.loss : 6.9795684814453125  train.ips : 155344.59259259258 imgs/s train.total_time : 0.000102996826171875
TCAPPDLL 2025-12-12 17:35:20.802035 - Epoch: 0 Iteration: 381  rank : 0  train.loss : 6.969202995300293  train.ips : 127341.29791271347 imgs/s train.total_time : 0.00012564659118652344
TCAPPDLL 2025-12-12 17:35:20.844369 - Epoch: 0 Iteration: 382  rank : 0  train.loss : 6.996078014373779  train.ips : 184872.90358126722 imgs/s train.total_time : 8.654594421386719e-05
TCAPPDLL 2025-12-12 17:35:21.577339 - Epoch: 0 Iteration: 383  rank : 0  train.loss : 6.99795389175415  train.ips : 107031.68102073365 imgs/s train.total_time : 0.0001494884490966797
TCAPPDLL 2025-12-12 17:35:21.644852 - Epoch: 0 Iteration: 384  rank : 0  train.loss : 7.052004814147949  train.ips : 136400.13008130083 imgs/s train.total_time : 0.00011730194091796875
TCAPPDLL 2025-12-12 17:35:22.248930 - Epoch: 0 Iteration: 385  rank : 0  train.loss : 6.997411727905273  train.ips : 95055.04815864023 imgs/s train.total_time : 0.00016832351684570312
TCAPPDLL 2025-12-12 17:35:22.316138 - Epoch: 0 Iteration: 386  rank : 0  train.loss : 6.895156383514404  train.ips : 133417.22465208746 imgs/s train.total_time : 0.00011992454528808594
TCAPPDLL 2025-12-12 17:35:24.192945 - Epoch: 0 Iteration: 387  rank : 0  train.loss : 6.914259910583496  train.ips : 86816.12419146184 imgs/s train.total_time : 0.0001842975616455078
TCAPPDLL 2025-12-12 17:35:24.259131 - Epoch: 0 Iteration: 388  rank : 0  train.loss : 6.842964172363281  train.ips : 133152.50793650793 imgs/s train.total_time : 0.0001201629638671875
TCAPPDLL 2025-12-12 17:35:24.761817 - Epoch: 0 Iteration: 389  rank : 0  train.loss : 6.946162223815918  train.ips : 162491.196125908 imgs/s train.total_time : 9.846687316894531e-05
TCAPPDLL 2025-12-12 17:35:24.813038 - Epoch: 0 Iteration: 390  rank : 0  train.loss : 6.9292097091674805  train.ips : 163281.90754257908 imgs/s train.total_time : 9.799003601074219e-05
TCAPPDLL 2025-12-12 17:35:26.850964 - Epoch: 0 Iteration: 391  rank : 0  train.loss : 7.083188533782959  train.ips : 153919.4128440367 imgs/s train.total_time : 0.00010395050048828125
TCAPPDLL 2025-12-12 17:35:26.892544 - Epoch: 0 Iteration: 392  rank : 0  train.loss : 6.949393272399902  train.ips : 179435.4652406417 imgs/s train.total_time : 8.916854858398438e-05
TCAPPDLL 2025-12-12 17:35:27.536177 - Epoch: 0 Iteration: 393  rank : 0  train.loss : 7.000868320465088  train.ips : 89240.51063829787 imgs/s train.total_time : 0.000179290771484375
TCAPPDLL 2025-12-12 17:35:27.613944 - Epoch: 0 Iteration: 394  rank : 0  train.loss : 6.90573787689209  train.ips : 117528.6584938704 imgs/s train.total_time : 0.0001361370086669922
TCAPPDLL 2025-12-12 17:35:28.554510 - Epoch: 0 Iteration: 395  rank : 0  train.loss : 7.065872669219971  train.ips : 113168.40472175379 imgs/s train.total_time : 0.00014138221740722656
TCAPPDLL 2025-12-12 17:35:28.621438 - Epoch: 0 Iteration: 396  rank : 0  train.loss : 6.868662357330322  train.ips : 96559.51654676259 imgs/s train.total_time : 0.00016570091247558594
TCAPPDLL 2025-12-12 17:35:30.156927 - Epoch: 0 Iteration: 397  rank : 0  train.loss : 7.000837802886963  train.ips : 107892.06430868167 imgs/s train.total_time : 0.00014829635620117188
TCAPPDLL 2025-12-12 17:35:30.215836 - Epoch: 0 Iteration: 398  rank : 0  train.loss : 6.9842915534973145  train.ips : 147168.56140350876 imgs/s train.total_time : 0.0001087188720703125
TCAPPDLL 2025-12-12 17:35:31.157607 - Epoch: 0 Iteration: 399  rank : 0  train.loss : 6.917632102966309  train.ips : 155344.59259259258 imgs/s train.total_time : 0.000102996826171875
TCAPPDLL 2025-12-12 17:35:31.214378 - Epoch: 0 Iteration: 400  rank : 0  train.loss : 7.120654582977295  train.ips : 139519.46777546778 imgs/s train.total_time : 0.00011467933654785156
TCAPPDLL 2025-12-12 17:35:32.785737 - Epoch: 0 Iteration: 401  rank : 0  train.loss : 6.957458972930908  train.ips : 115109.54373927959 imgs/s train.total_time : 0.00013899803161621094
TCAPPDLL 2025-12-12 17:35:32.846608 - Epoch: 0 Iteration: 402  rank : 0  train.loss : 6.991827011108398  train.ips : 150131.68680089485 imgs/s train.total_time : 0.00010657310485839844
TCAPPDLL 2025-12-12 17:35:34.163167 - Epoch: 0 Iteration: 403  rank : 0  train.loss : 6.867506980895996  train.ips : 97969.14452554744 imgs/s train.total_time : 0.0001633167266845703
TCAPPDLL 2025-12-12 17:35:34.228001 - Epoch: 0 Iteration: 404  rank : 0  train.loss : 6.957664966583252  train.ips : 128561.04214559386 imgs/s train.total_time : 0.00012445449829101562
TCAPPDLL 2025-12-12 17:35:34.327972 - Epoch: 0 Iteration: 405  rank : 0  train.loss : 6.910616874694824  train.ips : 130561.99221789883 imgs/s train.total_time : 0.00012254714965820312
TCAPPDLL 2025-12-12 17:35:34.391846 - Epoch: 0 Iteration: 406  rank : 0  train.loss : 6.927755355834961  train.ips : 117941.76449912126 imgs/s train.total_time : 0.00013566017150878906
TCAPPDLL 2025-12-12 17:35:36.828147 - Epoch: 0 Iteration: 407  rank : 0  train.loss : 6.834992408752441  train.ips : 145257.28138528139 imgs/s train.total_time : 0.00011014938354492188
TCAPPDLL 2025-12-12 17:35:36.871258 - Epoch: 0 Iteration: 408  rank : 0  train.loss : 6.919345855712891  train.ips : 157903.2094117647 imgs/s train.total_time : 0.00010132789611816406
TCAPPDLL 2025-12-12 17:35:37.128243 - Epoch: 0 Iteration: 409  rank : 0  train.loss : 6.973659038543701  train.ips : 97541.95348837209 imgs/s train.total_time : 0.000164031982421875
TCAPPDLL 2025-12-12 17:35:37.189955 - Epoch: 0 Iteration: 410  rank : 0  train.loss : 7.068958282470703  train.ips : 137236.94069529654 imgs/s train.total_time : 0.00011658668518066406
TCAPPDLL 2025-12-12 17:35:39.551194 - Epoch: 0 Iteration: 411  rank : 0  train.loss : 7.017151355743408  train.ips : 111476.51827242525 imgs/s train.total_time : 0.00014352798461914062
TCAPPDLL 2025-12-12 17:35:39.621549 - Epoch: 0 Iteration: 412  rank : 0  train.loss : 6.863237380981445  train.ips : 141281.81894736842 imgs/s train.total_time : 0.00011324882507324219
TCAPPDLL 2025-12-12 17:35:40.238549 - Epoch: 0 Iteration: 413  rank : 0  train.loss : 6.919944763183594  train.ips : 176602.27368421052 imgs/s train.total_time : 9.059906005859375e-05
TCAPPDLL 2025-12-12 17:35:40.276686 - Epoch: 0 Iteration: 414  rank : 0  train.loss : 6.851278305053711  train.ips : 175677.6544502618 imgs/s train.total_time : 9.107589721679688e-05
TCAPPDLL 2025-12-12 17:35:42.508022 - Epoch: 0 Iteration: 415  rank : 0  train.loss : 6.863088607788086  train.ips : 115704.93793103448 imgs/s train.total_time : 0.00013828277587890625
TCAPPDLL 2025-12-12 17:35:42.571785 - Epoch: 0 Iteration: 416  rank : 0  train.loss : 6.899270057678223  train.ips : 103563.06172839506 imgs/s train.total_time : 0.0001544952392578125
TCAPPDLL 2025-12-12 17:35:42.874530 - Epoch: 0 Iteration: 417  rank : 0  train.loss : 6.932539463043213  train.ips : 108766.39222042139 imgs/s train.total_time : 0.00014710426330566406
TCAPPDLL 2025-12-12 17:35:42.930200 - Epoch: 0 Iteration: 418  rank : 0  train.loss : 6.918735504150391  train.ips : 134756.7550200803 imgs/s train.total_time : 0.00011873245239257812
TCAPPDLL 2025-12-12 17:35:45.047308 - Epoch: 0 Iteration: 419  rank : 0  train.loss : 6.937375545501709  train.ips : 95325.09090909091 imgs/s train.total_time : 0.0001678466796875
TCAPPDLL 2025-12-12 17:35:45.104730 - Epoch: 0 Iteration: 420  rank : 0  train.loss : 6.872227668762207  train.ips : 83572.68244084682 imgs/s train.total_time : 0.0001914501190185547
TCAPPDLL 2025-12-12 17:35:45.503500 - Epoch: 0 Iteration: 421  rank : 0  train.loss : 6.955423355102539  train.ips : 99126.83013293945 imgs/s train.total_time : 0.0001614093780517578
TCAPPDLL 2025-12-12 17:35:45.574800 - Epoch: 0 Iteration: 422  rank : 0  train.loss : 7.007786750793457  train.ips : 98544.58737151248 imgs/s train.total_time : 0.00016236305236816406
TCAPPDLL 2025-12-12 17:35:46.500688 - Epoch: 0 Iteration: 423  rank : 0  train.loss : 6.826031684875488  train.ips : 101526.26928895613 imgs/s train.total_time : 0.0001575946807861328
TCAPPDLL 2025-12-12 17:35:46.572364 - Epoch: 0 Iteration: 424  rank : 0  train.loss : 6.931949615478516  train.ips : 128807.80038387715 imgs/s train.total_time : 0.00012421607971191406
TCAPPDLL 2025-12-12 17:35:48.087115 - Epoch: 0 Iteration: 425  rank : 0  train.loss : 6.9878339767456055  train.ips : 155705.02088167053 imgs/s train.total_time : 0.00010275840759277344
TCAPPDLL 2025-12-12 17:35:48.133362 - Epoch: 0 Iteration: 426  rank : 0  train.loss : 6.8092041015625  train.ips : 154985.82909930716 imgs/s train.total_time : 0.00010323524475097656
TCAPPDLL 2025-12-12 17:35:49.332487 - Epoch: 0 Iteration: 427  rank : 0  train.loss : 7.000980377197266  train.ips : 73746.0043956044 imgs/s train.total_time : 0.00021696090698242188
TCAPPDLL 2025-12-12 17:35:49.406117 - Epoch: 0 Iteration: 428  rank : 0  train.loss : 6.991060733795166  train.ips : 136400.13008130083 imgs/s train.total_time : 0.00011730194091796875
TCAPPDLL 2025-12-12 17:35:50.787920 - Epoch: 0 Iteration: 429  rank : 0  train.loss : 6.94698429107666  train.ips : 132104.06299212598 imgs/s train.total_time : 0.00012111663818359375
TCAPPDLL 2025-12-12 17:35:50.848164 - Epoch: 0 Iteration: 430  rank : 0  train.loss : 7.014068603515625  train.ips : 144631.1724137931 imgs/s train.total_time : 0.000110626220703125
TCAPPDLL 2025-12-12 17:35:52.042294 - Epoch: 0 Iteration: 431  rank : 0  train.loss : 6.979444980621338  train.ips : 69113.14521112255 imgs/s train.total_time : 0.0002315044403076172
TCAPPDLL 2025-12-12 17:35:52.105901 - Epoch: 0 Iteration: 432  rank : 0  train.loss : 6.924516677856445  train.ips : 141879.20507399578 imgs/s train.total_time : 0.00011277198791503906
TCAPPDLL 2025-12-12 17:35:52.415949 - Epoch: 0 Iteration: 433  rank : 0  train.loss : 6.855525016784668  train.ips : 101220.00603318251 imgs/s train.total_time : 0.00015807151794433594
TCAPPDLL 2025-12-12 17:35:52.487327 - Epoch: 0 Iteration: 434  rank : 0  train.loss : 6.940057754516602  train.ips : 102144.38964992389 imgs/s train.total_time : 0.00015664100646972656
TCAPPDLL 2025-12-12 17:35:54.719083 - Epoch: 0 Iteration: 435  rank : 0  train.loss : 7.007543087005615  train.ips : 110740.699669967 imgs/s train.total_time : 0.00014448165893554688
TCAPPDLL 2025-12-12 17:35:54.789702 - Epoch: 0 Iteration: 436  rank : 0  train.loss : 6.924272537231445  train.ips : 141281.81894736842 imgs/s train.total_time : 0.00011324882507324219
TCAPPDLL 2025-12-12 17:35:55.182859 - Epoch: 0 Iteration: 437  rank : 0  train.loss : 6.972919940948486  train.ips : 177536.67724867724 imgs/s train.total_time : 9.012222290039062e-05
TCAPPDLL 2025-12-12 17:35:55.223339 - Epoch: 0 Iteration: 438  rank : 0  train.loss : 6.929324626922607  train.ips : 186932.7688022284 imgs/s train.total_time : 8.559226989746094e-05
TCAPPDLL 2025-12-12 17:35:57.349537 - Epoch: 0 Iteration: 439  rank : 0  train.loss : 7.02397346496582  train.ips : 139230.0082987552 imgs/s train.total_time : 0.00011491775512695312
TCAPPDLL 2025-12-12 17:35:57.405310 - Epoch: 0 Iteration: 440  rank : 0  train.loss : 6.968852519989014  train.ips : 136400.13008130083 imgs/s train.total_time : 0.00011730194091796875
TCAPPDLL 2025-12-12 17:35:57.672338 - Epoch: 0 Iteration: 441  rank : 0  train.loss : 6.960026264190674  train.ips : 127100.12121212122 imgs/s train.total_time : 0.000125885009765625
TCAPPDLL 2025-12-12 17:35:57.730270 - Epoch: 0 Iteration: 442  rank : 0  train.loss : 6.8669939041137695  train.ips : 125907.81238273921 imgs/s train.total_time : 0.0001270771026611328
TCAPPDLL 2025-12-12 17:36:00.421523 - Epoch: 0 Iteration: 443  rank : 0  train.loss : 7.012758731842041  train.ips : 112598.76510067114 imgs/s train.total_time : 0.00014209747314453125
TCAPPDLL 2025-12-12 17:36:00.490832 - Epoch: 0 Iteration: 444  rank : 0  train.loss : 6.947091102600098  train.ips : 123135.53027522936 imgs/s train.total_time : 0.00012993812561035156
TCAPPDLL 2025-12-12 17:36:00.570709 - Epoch: 0 Iteration: 445  rank : 0  train.loss : 6.9073896408081055  train.ips : 81344.07757575758 imgs/s train.total_time : 0.00019669532775878906
TCAPPDLL 2025-12-12 17:36:00.626565 - Epoch: 0 Iteration: 446  rank : 0  train.loss : 7.044193744659424  train.ips : 123135.53027522936 imgs/s train.total_time : 0.00012993812561035156
TCAPPDLL 2025-12-12 17:36:03.105288 - Epoch: 0 Iteration: 447  rank : 0  train.loss : 6.994365692138672  train.ips : 137518.16393442624 imgs/s train.total_time : 0.0001163482666015625
TCAPPDLL 2025-12-12 17:36:03.152800 - Epoch: 0 Iteration: 448  rank : 0  train.loss : 6.94027042388916  train.ips : 182361.04347826086 imgs/s train.total_time : 8.7738037109375e-05
TCAPPDLL 2025-12-12 17:36:03.197956 - Epoch: 0 Iteration: 449  rank : 0  train.loss : 6.979681968688965  train.ips : 184365.010989011 imgs/s train.total_time : 8.678436279296875e-05
TCAPPDLL 2025-12-12 17:36:03.246392 - Epoch: 0 Iteration: 450  rank : 0  train.loss : 7.000945568084717  train.ips : 171196.08163265305 imgs/s train.total_time : 9.34600830078125e-05
TCAPPDLL 2025-12-12 17:36:04.745585 - Epoch: 0 Iteration: 451  rank : 0  train.loss : 6.856287956237793  train.ips : 101680.09696969697 imgs/s train.total_time : 0.00015735626220703125
TCAPPDLL 2025-12-12 17:36:04.807120 - Epoch: 0 Iteration: 452  rank : 0  train.loss : 7.014366626739502  train.ips : 136677.93075356414 imgs/s train.total_time : 0.00011706352233886719
TCAPPDLL 2025-12-12 17:36:04.860666 - Epoch: 0 Iteration: 453  rank : 0  train.loss : 6.946481704711914  train.ips : 147168.56140350876 imgs/s train.total_time : 0.0001087188720703125
TCAPPDLL 2025-12-12 17:36:04.916328 - Epoch: 0 Iteration: 454  rank : 0  train.loss : 6.9327497482299805  train.ips : 111848.10666666667 imgs/s train.total_time : 0.0001430511474609375
TCAPPDLL 2025-12-12 17:36:07.395445 - Epoch: 0 Iteration: 455  rank : 0  train.loss : 6.848484039306641  train.ips : 164886.64373464373 imgs/s train.total_time : 9.703636169433594e-05
TCAPPDLL 2025-12-12 17:36:07.444584 - Epoch: 0 Iteration: 456  rank : 0  train.loss : 6.947092533111572  train.ips : 180400.17204301077 imgs/s train.total_time : 8.869171142578125e-05
TCAPPDLL 2025-12-12 17:36:07.487001 - Epoch: 0 Iteration: 457  rank : 0  train.loss : 6.976966381072998  train.ips : 181375.30810810812 imgs/s train.total_time : 8.821487426757812e-05
TCAPPDLL 2025-12-12 17:36:07.529576 - Epoch: 0 Iteration: 458  rank : 0  train.loss : 6.9318389892578125  train.ips : 170327.0659898477 imgs/s train.total_time : 9.393692016601562e-05
TCAPPDLL 2025-12-12 17:36:09.943550 - Epoch: 0 Iteration: 459  rank : 0  train.loss : 6.995473861694336  train.ips : 129055.5076923077 imgs/s train.total_time : 0.0001239776611328125
TCAPPDLL 2025-12-12 17:36:09.991982 - Epoch: 0 Iteration: 460  rank : 0  train.loss : 6.9160847663879395  train.ips : 166937.47263681592 imgs/s train.total_time : 9.584426879882812e-05
TCAPPDLL 2025-12-12 17:36:10.050103 - Epoch: 0 Iteration: 461  rank : 0  train.loss : 6.90443754196167  train.ips : 164080.3520782396 imgs/s train.total_time : 9.751319885253906e-05
TCAPPDLL 2025-12-12 17:36:10.097714 - Epoch: 0 Iteration: 462  rank : 0  train.loss : 6.911429405212402  train.ips : 167772.16 imgs/s train.total_time : 9.5367431640625e-05
TCAPPDLL 2025-12-12 17:36:12.394490 - Epoch: 0 Iteration: 463  rank : 0  train.loss : 6.89317512512207  train.ips : 111476.51827242525 imgs/s train.total_time : 0.00014352798461914062
TCAPPDLL 2025-12-12 17:36:12.460320 - Epoch: 0 Iteration: 464  rank : 0  train.loss : 7.033212661743164  train.ips : 122461.4306569343 imgs/s train.total_time : 0.00013065338134765625
TCAPPDLL 2025-12-12 17:36:12.526546 - Epoch: 0 Iteration: 465  rank : 0  train.loss : 6.972377777099609  train.ips : 145888.8347826087 imgs/s train.total_time : 0.00010967254638671875
TCAPPDLL 2025-12-12 17:36:12.579149 - Epoch: 0 Iteration: 466  rank : 0  train.loss : 6.998025417327881  train.ips : 149130.8088888889 imgs/s train.total_time : 0.00010728836059570312
TCAPPDLL 2025-12-12 17:36:15.066452 - Epoch: 0 Iteration: 467  rank : 0  train.loss : 6.882078170776367  train.ips : 103403.48844375963 imgs/s train.total_time : 0.00015473365783691406
TCAPPDLL 2025-12-12 17:36:15.128776 - Epoch: 0 Iteration: 468  rank : 0  train.loss : 7.037891387939453  train.ips : 103723.12828438949 imgs/s train.total_time : 0.00015425682067871094
TCAPPDLL 2025-12-12 17:36:15.223506 - Epoch: 0 Iteration: 469  rank : 0  train.loss : 6.960302829742432  train.ips : 1932.8033178767892 imgs/s train.total_time : 0.008278131484985352
TCAPPDLL 2025-12-12 17:36:15.352074 - Epoch: 0 Iteration: 470  rank : 0  train.loss : 6.917971611022949  train.ips : 97969.14452554744 imgs/s train.total_time : 0.0001633167266845703
TCAPPDLL 2025-12-12 17:36:16.526448 - Epoch: 0 Iteration: 471  rank : 0  train.loss : 6.985474586486816  train.ips : 99568.04747774481 imgs/s train.total_time : 0.00016069412231445312
TCAPPDLL 2025-12-12 17:36:16.579051 - Epoch: 0 Iteration: 472  rank : 0  train.loss : 7.0052995681762695  train.ips : 101220.00603318251 imgs/s train.total_time : 0.00015807151794433594
TCAPPDLL 2025-12-12 17:36:16.631256 - Epoch: 0 Iteration: 473  rank : 0  train.loss : 6.9224324226379395  train.ips : 108065.80354267311 imgs/s train.total_time : 0.0001480579376220703
TCAPPDLL 2025-12-12 17:36:16.682824 - Epoch: 0 Iteration: 474  rank : 0  train.loss : 7.080838203430176  train.ips : 102927.7055214724 imgs/s train.total_time : 0.00015544891357421875
TCAPPDLL 2025-12-12 17:36:19.004920 - Epoch: 0 Iteration: 475  rank : 0  train.loss : 6.950527191162109  train.ips : 136677.93075356414 imgs/s train.total_time : 0.00011706352233886719
TCAPPDLL 2025-12-12 17:36:19.054433 - Epoch: 0 Iteration: 476  rank : 0  train.loss : 7.000373363494873  train.ips : 133417.22465208746 imgs/s train.total_time : 0.00011992454528808594
TCAPPDLL 2025-12-12 17:36:19.105121 - Epoch: 0 Iteration: 477  rank : 0  train.loss : 6.920559883117676  train.ips : 144631.1724137931 imgs/s train.total_time : 0.000110626220703125
TCAPPDLL 2025-12-12 17:36:19.148747 - Epoch: 0 Iteration: 478  rank : 0  train.loss : 6.937966823577881  train.ips : 157532.54460093897 imgs/s train.total_time : 0.00010156631469726562
TCAPPDLL 2025-12-12 17:36:21.682008 - Epoch: 0 Iteration: 479  rank : 0  train.loss : 6.930438041687012  train.ips : 149796.57142857142 imgs/s train.total_time : 0.0001068115234375
TCAPPDLL 2025-12-12 17:36:21.732642 - Epoch: 0 Iteration: 480  rank : 0  train.loss : 6.910768508911133  train.ips : 147492.0087912088 imgs/s train.total_time : 0.00010848045349121094
TCAPPDLL 2025-12-12 17:36:21.780993 - Epoch: 0 Iteration: 481  rank : 0  train.loss : 6.895256519317627  train.ips : 169466.8282828283 imgs/s train.total_time : 9.441375732421875e-05
TCAPPDLL 2025-12-12 17:36:21.829013 - Epoch: 0 Iteration: 482  rank : 0  train.loss : 6.965200424194336  train.ips : 166523.23573200993 imgs/s train.total_time : 9.608268737792969e-05
TCAPPDLL 2025-12-12 17:36:24.425189 - Epoch: 0 Iteration: 483  rank : 0  train.loss : 7.055338382720947  train.ips : 177536.67724867724 imgs/s train.total_time : 9.012222290039062e-05
TCAPPDLL 2025-12-12 17:36:24.465143 - Epoch: 0 Iteration: 484  rank : 0  train.loss : 7.084988117218018  train.ips : 184365.010989011 imgs/s train.total_time : 8.678436279296875e-05
TCAPPDLL 2025-12-12 17:36:24.504309 - Epoch: 0 Iteration: 485  rank : 0  train.loss : 7.067112922668457  train.ips : 154273.25057471264 imgs/s train.total_time : 0.00010371208190917969
TCAPPDLL 2025-12-12 17:36:24.547431 - Epoch: 0 Iteration: 486  rank : 0  train.loss : 6.89321231842041  train.ips : 170760.46819338424 imgs/s train.total_time : 9.369850158691406e-05
TCAPPDLL 2025-12-12 17:36:27.197386 - Epoch: 0 Iteration: 487  rank : 0  train.loss : 6.939909934997559  train.ips : 101680.09696969697 imgs/s train.total_time : 0.00015735626220703125
TCAPPDLL 2025-12-12 17:36:27.261526 - Epoch: 0 Iteration: 488  rank : 0  train.loss : 6.90656852722168  train.ips : 139519.46777546778 imgs/s train.total_time : 0.00011467933654785156
TCAPPDLL 2025-12-12 17:36:27.319180 - Epoch: 0 Iteration: 489  rank : 0  train.loss : 7.059504508972168  train.ips : 125437.12897196262 imgs/s train.total_time : 0.00012755393981933594
TCAPPDLL 2025-12-12 17:36:27.373132 - Epoch: 0 Iteration: 490  rank : 0  train.loss : 6.990484237670898  train.ips : 133152.50793650793 imgs/s train.total_time : 0.0001201629638671875
TCAPPDLL 2025-12-12 17:36:28.538179 - Epoch: 0 Iteration: 491  rank : 0  train.loss : 7.134887218475342  train.ips : 109297.82410423453 imgs/s train.total_time : 0.00014638900756835938
TCAPPDLL 2025-12-12 17:36:28.593385 - Epoch: 0 Iteration: 492  rank : 0  train.loss : 6.973322868347168  train.ips : 141879.20507399578 imgs/s train.total_time : 0.00011277198791503906
TCAPPDLL 2025-12-12 17:36:28.642403 - Epoch: 0 Iteration: 493  rank : 0  train.loss : 7.061297416687012  train.ips : 149130.8088888889 imgs/s train.total_time : 0.00010728836059570312
TCAPPDLL 2025-12-12 17:36:28.689335 - Epoch: 0 Iteration: 494  rank : 0  train.loss : 6.9445600509643555  train.ips : 156796.41121495326 imgs/s train.total_time : 0.00010204315185546875
TCAPPDLL 2025-12-12 17:36:30.851526 - Epoch: 0 Iteration: 495  rank : 0  train.loss : 6.992093086242676  train.ips : 120051.63506261181 imgs/s train.total_time : 0.00013327598571777344
TCAPPDLL 2025-12-12 17:36:30.908301 - Epoch: 0 Iteration: 496  rank : 0  train.loss : 6.942145824432373  train.ips : 125672.02996254682 imgs/s train.total_time : 0.00012731552124023438
TCAPPDLL 2025-12-12 17:36:30.972859 - Epoch: 0 Iteration: 497  rank : 0  train.loss : 7.015319347381592  train.ips : 157903.2094117647 imgs/s train.total_time : 0.00010132789611816406
TCAPPDLL 2025-12-12 17:36:31.027682 - Epoch: 0 Iteration: 498  rank : 0  train.loss : 6.896784782409668  train.ips : 157163.61592505855 imgs/s train.total_time : 0.00010180473327636719
TCAPPDLL 2025-12-12 17:36:33.771710 - Epoch: 0 Iteration: 499  rank : 0  train.loss : 6.94997501373291  train.ips : 79891.50476190477 imgs/s train.total_time : 0.0002002716064453125
TCAPPDLL 2025-12-12 17:36:33.845675 - Epoch: 0 Iteration: 500  rank : 0  train.loss : 6.8322038650512695  train.ips : 122910.00732600733 imgs/s train.total_time : 0.00013017654418945312
TCAPPDLL 2025-12-12 17:36:33.905739 - Epoch: 0 Iteration: 501  rank : 0  train.loss : 7.039475440979004  train.ips : 152520.14545454545 imgs/s train.total_time : 0.0001049041748046875
TCAPPDLL 2025-12-12 17:36:33.962632 - Epoch: 0 Iteration: 502  rank : 0  train.loss : 7.001865386962891  train.ips : 144631.1724137931 imgs/s train.total_time : 0.000110626220703125
TCAPPDLL 2025-12-12 17:36:36.448611 - Epoch: 0 Iteration: 503  rank : 0  train.loss : 6.944643020629883  train.ips : 112034.83138564274 imgs/s train.total_time : 0.00014281272888183594
TCAPPDLL 2025-12-12 17:36:36.514824 - Epoch: 0 Iteration: 504  rank : 0  train.loss : 7.026346206665039  train.ips : 130308.47378640776 imgs/s train.total_time : 0.0001227855682373047
TCAPPDLL 2025-12-12 17:36:36.572463 - Epoch: 0 Iteration: 505  rank : 0  train.loss : 6.986667633056641  train.ips : 138654.67768595042 imgs/s train.total_time : 0.00011539459228515625
TCAPPDLL 2025-12-12 17:36:36.640744 - Epoch: 0 Iteration: 506  rank : 0  train.loss : 6.946292400360107  train.ips : 96838.18759018759 imgs/s train.total_time : 0.0001652240753173828
TCAPPDLL 2025-12-12 17:36:37.721679 - Epoch: 0 Iteration: 507  rank : 0  train.loss : 6.907718181610107  train.ips : 107546.2564102564 imgs/s train.total_time : 0.000148773193359375
TCAPPDLL 2025-12-12 17:36:37.783410 - Epoch: 0 Iteration: 508  rank : 0  train.loss : 6.958043098449707  train.ips : 133417.22465208746 imgs/s train.total_time : 0.00011992454528808594
TCAPPDLL 2025-12-12 17:36:37.853787 - Epoch: 0 Iteration: 509  rank : 0  train.loss : 6.843106269836426  train.ips : 155344.59259259258 imgs/s train.total_time : 0.000102996826171875
TCAPPDLL 2025-12-12 17:36:37.900555 - Epoch: 0 Iteration: 510  rank : 0  train.loss : 6.905630111694336  train.ips : 163281.90754257908 imgs/s train.total_time : 9.799003601074219e-05
TCAPPDLL 2025-12-12 17:36:40.277224 - Epoch: 0 Iteration: 511  rank : 0  train.loss : 6.95675802230835  train.ips : 112788.00672268908 imgs/s train.total_time : 0.0001418590545654297
TCAPPDLL 2025-12-12 17:36:40.345319 - Epoch: 0 Iteration: 512  rank : 0  train.loss : 7.028021812438965  train.ips : 139519.46777546778 imgs/s train.total_time : 0.00011467933654785156
TCAPPDLL 2025-12-12 17:36:40.408409 - Epoch: 0 Iteration: 513  rank : 0  train.loss : 6.881544589996338  train.ips : 139519.46777546778 imgs/s train.total_time : 0.00011467933654785156
TCAPPDLL 2025-12-12 17:36:40.460285 - Epoch: 0 Iteration: 514  rank : 0  train.loss : 6.932868003845215  train.ips : 153567.19450800915 imgs/s train.total_time : 0.00010418891906738281
TCAPPDLL 2025-12-12 17:36:42.937234 - Epoch: 0 Iteration: 515  rank : 0  train.loss : 6.99505615234375  train.ips : 94386.58790436006 imgs/s train.total_time : 0.00016951560974121094
TCAPPDLL 2025-12-12 17:36:43.010631 - Epoch: 0 Iteration: 516  rank : 0  train.loss : 6.977896690368652  train.ips : 107718.88282504013 imgs/s train.total_time : 0.00014853477478027344
TCAPPDLL 2025-12-12 17:36:43.074202 - Epoch: 0 Iteration: 517  rank : 0  train.loss : 6.986567497253418  train.ips : 143395.00854700856 imgs/s train.total_time : 0.00011157989501953125
TCAPPDLL 2025-12-12 17:36:43.129684 - Epoch: 0 Iteration: 518  rank : 0  train.loss : 6.953215599060059  train.ips : 151830.00904977377 imgs/s train.total_time : 0.00010538101196289062
TCAPPDLL 2025-12-12 17:36:45.577160 - Epoch: 0 Iteration: 519  rank : 0  train.loss : 6.909536361694336  train.ips : 112222.18060200669 imgs/s train.total_time : 0.00014257431030273438
TCAPPDLL 2025-12-12 17:36:45.647749 - Epoch: 0 Iteration: 520  rank : 0  train.loss : 6.904379367828369  train.ips : 126859.85633270322 imgs/s train.total_time : 0.00012612342834472656
TCAPPDLL 2025-12-12 17:36:45.716152 - Epoch: 0 Iteration: 521  rank : 0  train.loss : 6.982663154602051  train.ips : 132104.06299212598 imgs/s train.total_time : 0.00012111663818359375
TCAPPDLL 2025-12-12 17:36:45.785994 - Epoch: 0 Iteration: 522  rank : 0  train.loss : 6.876999855041504  train.ips : 117323.18881118881 imgs/s train.total_time : 0.00013637542724609375
TCAPPDLL 2025-12-12 17:36:48.357357 - Epoch: 0 Iteration: 523  rank : 0  train.loss : 7.022336483001709  train.ips : 126382.04143126176 imgs/s train.total_time : 0.0001266002655029297
TCAPPDLL 2025-12-12 17:36:48.408786 - Epoch: 0 Iteration: 524  rank : 0  train.loss : 6.918457984924316  train.ips : 125907.81238273921 imgs/s train.total_time : 0.0001270771026611328
TCAPPDLL 2025-12-12 17:36:48.464984 - Epoch: 0 Iteration: 525  rank : 0  train.loss : 6.953442573547363  train.ips : 143702.0642398287 imgs/s train.total_time : 0.00011134147644042969
TCAPPDLL 2025-12-12 17:36:48.608722 - Epoch: 0 Iteration: 526  rank : 0  train.loss : 7.020025730133057  train.ips : 105517.0817610063 imgs/s train.total_time : 0.00015163421630859375
TCAPPDLL 2025-12-12 17:36:49.921176 - Epoch: 0 Iteration: 527  rank : 0  train.loss : 6.794386863708496  train.ips : 82140.5924112607 imgs/s train.total_time : 0.00019478797912597656
TCAPPDLL 2025-12-12 17:36:50.000099 - Epoch: 0 Iteration: 528  rank : 0  train.loss : 6.909816265106201  train.ips : 80756.75571600482 imgs/s train.total_time : 0.00019812583923339844
TCAPPDLL 2025-12-12 17:36:50.066515 - Epoch: 0 Iteration: 529  rank : 0  train.loss : 6.912748336791992  train.ips : 101680.09696969697 imgs/s train.total_time : 0.00015735626220703125
TCAPPDLL 2025-12-12 17:36:51.288093 - Epoch: 0 Iteration: 530  rank : 0  train.loss : 6.926187515258789  train.ips : 163281.90754257908 imgs/s train.total_time : 9.799003601074219e-05
TCAPPDLL 2025-12-12 17:36:52.315499 - Epoch: 0 Iteration: 531  rank : 0  train.loss : 6.90374755859375  train.ips : 136956.86530612246 imgs/s train.total_time : 0.00011682510375976562
TCAPPDLL 2025-12-12 17:36:52.371145 - Epoch: 0 Iteration: 532  rank : 0  train.loss : 6.928229808807373  train.ips : 154628.71889400922 imgs/s train.total_time : 0.00010347366333007812
TCAPPDLL 2025-12-12 17:36:52.420716 - Epoch: 0 Iteration: 533  rank : 0  train.loss : 6.935652256011963  train.ips : 153919.4128440367 imgs/s train.total_time : 0.00010395050048828125
TCAPPDLL 2025-12-12 17:36:52.610821 - Epoch: 0 Iteration: 534  rank : 0  train.loss : 6.888587951660156  train.ips : 171196.08163265305 imgs/s train.total_time : 9.34600830078125e-05
TCAPPDLL 2025-12-12 17:36:55.013248 - Epoch: 0 Iteration: 535  rank : 0  train.loss : 6.934114456176758  train.ips : 153216.58447488584 imgs/s train.total_time : 0.00010442733764648438
TCAPPDLL 2025-12-12 17:36:55.068082 - Epoch: 0 Iteration: 536  rank : 0  train.loss : 6.99063777923584  train.ips : 141579.88185654007 imgs/s train.total_time : 0.00011301040649414062
TCAPPDLL 2025-12-12 17:36:55.113586 - Epoch: 0 Iteration: 537  rank : 0  train.loss : 6.877518653869629  train.ips : 176602.27368421052 imgs/s train.total_time : 9.059906005859375e-05
TCAPPDLL 2025-12-12 17:36:55.225726 - Epoch: 0 Iteration: 538  rank : 0  train.loss : 6.974123954772949  train.ips : 136956.86530612246 imgs/s train.total_time : 0.00011682510375976562
TCAPPDLL 2025-12-12 17:36:58.003431 - Epoch: 0 Iteration: 539  rank : 0  train.loss : 6.942605018615723  train.ips : 103403.48844375963 imgs/s train.total_time : 0.00015473365783691406
TCAPPDLL 2025-12-12 17:36:58.079518 - Epoch: 0 Iteration: 540  rank : 0  train.loss : 6.939174652099609  train.ips : 101834.39150227618 imgs/s train.total_time : 0.0001571178436279297
TCAPPDLL 2025-12-12 17:36:58.138337 - Epoch: 0 Iteration: 541  rank : 0  train.loss : 6.881797790527344  train.ips : 123589.06813996317 imgs/s train.total_time : 0.00012946128845214844
TCAPPDLL 2025-12-12 17:36:58.195912 - Epoch: 0 Iteration: 542  rank : 0  train.loss : 6.8984293937683105  train.ips : 139230.0082987552 imgs/s train.total_time : 0.00011491775512695312
TCAPPDLL 2025-12-12 17:37:00.614774 - Epoch: 0 Iteration: 543  rank : 0  train.loss : 6.879717826843262  train.ips : 123361.88235294117 imgs/s train.total_time : 0.00012969970703125
TCAPPDLL 2025-12-12 17:37:00.668940 - Epoch: 0 Iteration: 544  rank : 0  train.loss : 6.923763275146484  train.ips : 137800.54209445586 imgs/s train.total_time : 0.00011610984802246094
TCAPPDLL 2025-12-12 17:37:00.725900 - Epoch: 0 Iteration: 545  rank : 0  train.loss : 6.914085865020752  train.ips : 138368.79175257732 imgs/s train.total_time : 0.00011563301086425781
TCAPPDLL 2025-12-12 17:37:00.776548 - Epoch: 0 Iteration: 546  rank : 0  train.loss : 6.929798126220703  train.ips : 151146.0900900901 imgs/s train.total_time : 0.00010585784912109375
TCAPPDLL 2025-12-12 17:37:03.170269 - Epoch: 0 Iteration: 547  rank : 0  train.loss : 6.95505428314209  train.ips : 89837.83668005354 imgs/s train.total_time : 0.0001780986785888672
TCAPPDLL 2025-12-12 17:37:03.239311 - Epoch: 0 Iteration: 548  rank : 0  train.loss : 6.9731974601745605  train.ips : 129553.79150579151 imgs/s train.total_time : 0.00012350082397460938
TCAPPDLL 2025-12-12 17:37:03.296274 - Epoch: 0 Iteration: 549  rank : 0  train.loss : 6.964659690856934  train.ips : 138368.79175257732 imgs/s train.total_time : 0.00011563301086425781
TCAPPDLL 2025-12-12 17:37:03.354333 - Epoch: 0 Iteration: 550  rank : 0  train.loss : 6.892661094665527  train.ips : 121574.02898550725 imgs/s train.total_time : 0.0001316070556640625
TCAPPDLL 2025-12-12 17:37:04.863297 - Epoch: 0 Iteration: 551  rank : 0  train.loss : 6.8870930671691895  train.ips : 105849.94321766561 imgs/s train.total_time : 0.00015115737915039062
TCAPPDLL 2025-12-12 17:37:04.930067 - Epoch: 0 Iteration: 552  rank : 0  train.loss : 6.988184928894043  train.ips : 126859.85633270322 imgs/s train.total_time : 0.00012612342834472656
TCAPPDLL 2025-12-12 17:37:04.990572 - Epoch: 0 Iteration: 553  rank : 0  train.loss : 6.961497783660889  train.ips : 140689.4423480084 imgs/s train.total_time : 0.00011372566223144531
TCAPPDLL 2025-12-12 17:37:05.050462 - Epoch: 0 Iteration: 554  rank : 0  train.loss : 6.952293872833252  train.ips : 138084.08230452676 imgs/s train.total_time : 0.00011587142944335938
TCAPPDLL 2025-12-12 17:37:07.528888 - Epoch: 0 Iteration: 555  rank : 0  train.loss : 6.986979007720947  train.ips : 146206.67538126363 imgs/s train.total_time : 0.00010943412780761719
TCAPPDLL 2025-12-12 17:37:07.580765 - Epoch: 0 Iteration: 556  rank : 0  train.loss : 6.901120662689209  train.ips : 132888.8396039604 imgs/s train.total_time : 0.00012040138244628906
TCAPPDLL 2025-12-12 17:37:07.632273 - Epoch: 0 Iteration: 557  rank : 0  train.loss : 6.884579658508301  train.ips : 147492.0087912088 imgs/s train.total_time : 0.00010848045349121094
TCAPPDLL 2025-12-12 17:37:07.677832 - Epoch: 0 Iteration: 558  rank : 0  train.loss : 6.884871482849121  train.ips : 157163.61592505855 imgs/s train.total_time : 0.00010180473327636719
TCAPPDLL 2025-12-12 17:37:10.356626 - Epoch: 0 Iteration: 559  rank : 0  train.loss : 6.965084075927734  train.ips : 140395.11297071129 imgs/s train.total_time : 0.00011396408081054688
TCAPPDLL 2025-12-12 17:37:10.412321 - Epoch: 0 Iteration: 560  rank : 0  train.loss : 6.85905647277832  train.ips : 132626.21343873517 imgs/s train.total_time : 0.00012063980102539062
TCAPPDLL 2025-12-12 17:37:10.464531 - Epoch: 0 Iteration: 561  rank : 0  train.loss : 6.979556083679199  train.ips : 144010.43776824034 imgs/s train.total_time : 0.00011110305786132812
TCAPPDLL 2025-12-12 17:37:10.516068 - Epoch: 0 Iteration: 562  rank : 0  train.loss : 6.923724174499512  train.ips : 159403.47743467934 imgs/s train.total_time : 0.00010037422180175781